+ ctr-remote content fetch --plain-http 172.31.67.78:5000/model-ballast:A-14g
172.31.67.78:5000/model-ballast:A-14g:                                            resolved       |[32m++++++++++++++++++++++++++++++++++++++[0m| 
index-sha256:093fc1a5143440a3ba8cb6cdc582edbfe183ca86bdd4db3f165c170f18ddddf4:    done           |[32m++++++++++++++++++++++++++++++++++++++[0m| 
manifest-sha256:774ef59b0c94679c2695f0c05e2bc0b21d44f5d1339ab17b6e3323bf28d39f66: done           |[32m++++++++++++++++++++++++++++++++++++++[0m| 
manifest-sha256:d8cbd2948553ac2bc682b20626e09f9e897e31ea05ded4deff1ad81c79b3f2b4: done           |[32m++++++++++++++++++++++++++++++++++++++[0m| 
config-sha256:318f2319125641580710a110c1ae28c8a91e224c7c2e4e69627d68fa9c332ab0:   done           |[32m++++++++++++++++++++++++++++++++++++++[0m| 
layer-sha256:034d6572bf287fa79604fee9be062f0683809ae3a3685bc7b0e17bd1c48c50e8:    done           |[32m++++++++++++++++++++++++++++++++++++++[0m| 
layer-sha256:c8577ccb98d6af2b56cb43790454d142c1bfbee15c59b6b44c8278ca9b65baaa:    downloading    |[32m[0m--------------------------------------| 22.0 MiB/14.0 GiB 
layer-sha256:dab186ad61c8543a52a8cb5cef310d98159eb6fe36eb2868bac2ab6ea985972b:    done           |[32m++++++++++++++++++++++++++++++++++++++[0m| 
elapsed: 0.1 s                                                                    total:  24.1 M (235.1 MiB/s)                                     
172.31.67.78:5000/model-ballast:A-14g:                                            resolved       |[32m++++++++++++++++++++++++++++++++++++++[0m| 
index-sha256:093fc1a5143440a3ba8cb6cdc582edbfe183ca86bdd4db3f165c170f18ddddf4:    done           |[32m++++++++++++++++++++++++++++++++++++++[0m| 
manifest-sha256:774ef59b0c94679c2695f0c05e2bc0b21d44f5d1339ab17b6e3323bf28d39f66: done           |[32m++++++++++++++++++++++++++++++++++++++[0m| 
manifest-sha256:d8cbd2948553ac2bc682b20626e09f9e897e31ea05ded4deff1ad81c79b3f2b4: done           |[32m++++++++++++++++++++++++++++++++++++++[0m| 
config-sha256:318f2319125641580710a110c1ae28c8a91e224c7c2e4e69627d68fa9c332ab0:   done           |[32m++++++++++++++++++++++++++++++++++++++[0m| 
layer-sha256:034d6572bf287fa79604fee9be062f0683809ae3a3685bc7b0e17bd1c48c50e8:    done           |[32m++++++++++++++++++++++++++++++++++++++[0m| 
layer-sha256:c8577ccb98d6af2b56cb43790454d142c1bfbee15c59b6b44c8278ca9b65baaa:    downloading    |[32m[0m--------------------------------------| 60.0 MiB/14.0 GiB 
layer-sha256:dab186ad61c8543a52a8cb5cef310d98159eb6fe36eb2868bac2ab6ea985972b:    done           |[32m++++++++++++++++++++++++++++++++++++++[0m| 
elapsed: 0.2 s                                                                    total:  62.1 M (309.5 MiB/s)                                     
172.31.67.78:5000/model-ballast:A-14g:                                            resolved       |[32m++++++++++++++++++++++++++++++++++++++[0m| 
index-sha256:093fc1a5143440a3ba8cb6cdc582edbfe183ca86bdd4db3f165c170f18ddddf4:    done           |[32m++++++++++++++++++++++++++++++++++++++[0m| 
manifest-sha256:774ef59b0c94679c2695f0c05e2bc0b21d44f5d1339ab17b6e3323bf28d39f66: done           |[32m++++++++++++++++++++++++++++++++++++++[0m| 
manifest-sha256:d8cbd2948553ac2bc682b20626e09f9e897e31ea05ded4deff1ad81c79b3f2b4: done           |[32m++++++++++++++++++++++++++++++++++++++[0m| 
config-sha256:318f2319125641580710a110c1ae28c8a91e224c7c2e4e69627d68fa9c332ab0:   done           |[32m++++++++++++++++++++++++++++++++++++++[0m| 
layer-sha256:034d6572bf287fa79604fee9be062f0683809ae3a3685bc7b0e17bd1c48c50e8:    done           |[32m++++++++++++++++++++++++++++++++++++++[0m| 
layer-sha256:c8577ccb98d6af2b56cb43790454d142c1bfbee15c59b6b44c8278ca9b65baaa:    downloading    |[32m[0m--------------------------------------| 101.0 Mi/14.0 GiB 
layer-sha256:dab186ad61c8543a52a8cb5cef310d98159eb6fe36eb2868bac2ab6ea985972b:    done           |[32m++++++++++++++++++++++++++++++++++++++[0m| 
elapsed: 0.3 s                                                                    total:  103.1  (342.3 MiB/s)                                     
172.31.67.78:5000/model-ballast:A-14g:                                            resolved       |[32m++++++++++++++++++++++++++++++++++++++[0m| 
index-sha256:093fc1a5143440a3ba8cb6cdc582edbfe183ca86bdd4db3f165c170f18ddddf4:    done           |[32m++++++++++++++++++++++++++++++++++++++[0m| 
manifest-sha256:774ef59b0c94679c2695f0c05e2bc0b21d44f5d1339ab17b6e3323bf28d39f66: done           |[32m++++++++++++++++++++++++++++++++++++++[0m| 
manifest-sha256:d8cbd2948553ac2bc682b20626e09f9e897e31ea05ded4deff1ad81c79b3f2b4: done           |[32m++++++++++++++++++++++++++++++++++++++[0m| 
config-sha256:318f2319125641580710a110c1ae28c8a91e224c7c2e4e69627d68fa9c332ab0:   done           |[32m++++++++++++++++++++++++++++++++++++++[0m| 
layer-sha256:034d6572bf287fa79604fee9be062f0683809ae3a3685bc7b0e17bd1c48c50e8:    done           |[32m++++++++++++++++++++++++++++++++++++++[0m| 
layer-sha256:c8577ccb98d6af2b56cb43790454d142c1bfbee15c59b6b44c8278ca9b65baaa:    downloading    |[32m[0m--------------------------------------| 143.0 Mi/14.0 GiB 
layer-sha256:dab186ad61c8543a52a8cb5cef310d98159eb6fe36eb2868bac2ab6ea985972b:    done           |[32m++++++++++++++++++++++++++++++++++++++[0m| 
elapsed: 0.4 s                                                                    total:  145.1  (361.9 MiB/s)                                     
172.31.67.78:5000/model-ballast:A-14g:                                            resolved       |[32m++++++++++++++++++++++++++++++++++++++[0m| 
index-sha256:093fc1a5143440a3ba8cb6cdc582edbfe183ca86bdd4db3f165c170f18ddddf4:    done           |[32m++++++++++++++++++++++++++++++++++++++[0m| 
manifest-sha256:774ef59b0c94679c2695f0c05e2bc0b21d44f5d1339ab17b6e3323bf28d39f66: done           |[32m++++++++++++++++++++++++++++++++++++++[0m| 
manifest-sha256:d8cbd2948553ac2bc682b20626e09f9e897e31ea05ded4deff1ad81c79b3f2b4: done           |[32m++++++++++++++++++++++++++++++++++++++[0m| 
config-sha256:318f2319125641580710a110c1ae28c8a91e224c7c2e4e69627d68fa9c332ab0:   done           |[32m++++++++++++++++++++++++++++++++++++++[0m| 
layer-sha256:034d6572bf287fa79604fee9be062f0683809ae3a3685bc7b0e17bd1c48c50e8:    done           |[32m++++++++++++++++++++++++++++++++++++++[0m| 
layer-sha256:c8577ccb98d6af2b56cb43790454d142c1bfbee15c59b6b44c8278ca9b65baaa:    downloading    |[32m[0m--------------------------------------| 185.0 Mi/14.0 GiB 
layer-sha256:dab186ad61c8543a52a8cb5cef310d98159eb6fe36eb2868bac2ab6ea985972b:    done           |[32m++++++++++++++++++++++++++++++++++++++[0m| 
elapsed: 0.5 s                                                                    total:  187.1  (373.2 MiB/s)                                     
172.31.67.78:5000/model-ballast:A-14g:                                            resolved       |[32m++++++++++++++++++++++++++++++++++++++[0m| 
index-sha256:093fc1a5143440a3ba8cb6cdc582edbfe183ca86bdd4db3f165c170f18ddddf4:    done           |[32m++++++++++++++++++++++++++++++++++++++[0m| 
manifest-sha256:774ef59b0c94679c2695f0c05e2bc0b21d44f5d1339ab17b6e3323bf28d39f66: done           |[32m++++++++++++++++++++++++++++++++++++++[0m| 
manifest-sha256:d8cbd2948553ac2bc682b20626e09f9e897e31ea05ded4deff1ad81c79b3f2b4: done           |[32m++++++++++++++++++++++++++++++++++++++[0m| 
config-sha256:318f2319125641580710a110c1ae28c8a91e224c7c2e4e69627d68fa9c332ab0:   done           |[32m++++++++++++++++++++++++++++++++++++++[0m| 
layer-sha256:034d6572bf287fa79604fee9be062f0683809ae3a3685bc7b0e17bd1c48c50e8:    done           |[32m++++++++++++++++++++++++++++++++++++++[0m| 
layer-sha256:c8577ccb98d6af2b56cb43790454d142c1bfbee15c59b6b44c8278ca9b65baaa:    downloading    |[32m[0m--------------------------------------| 228.0 Mi/14.0 GiB 
layer-sha256:dab186ad61c8543a52a8cb5cef310d98159eb6fe36eb2868bac2ab6ea985972b:    done           |[32m++++++++++++++++++++++++++++++++++++++[0m| 
elapsed: 0.6 s                                                                    total:  230.1  (382.8 MiB/s)                                     
172.31.67.78:5000/model-ballast:A-14g:                                            resolved       |[32m++++++++++++++++++++++++++++++++++++++[0m| 
index-sha256:093fc1a5143440a3ba8cb6cdc582edbfe183ca86bdd4db3f165c170f18ddddf4:    done           |[32m++++++++++++++++++++++++++++++++++++++[0m| 
manifest-sha256:774ef59b0c94679c2695f0c05e2bc0b21d44f5d1339ab17b6e3323bf28d39f66: done           |[32m++++++++++++++++++++++++++++++++++++++[0m| 
manifest-sha256:d8cbd2948553ac2bc682b20626e09f9e897e31ea05ded4deff1ad81c79b3f2b4: done           |[32m++++++++++++++++++++++++++++++++++++++[0m| 
config-sha256:318f2319125641580710a110c1ae28c8a91e224c7c2e4e69627d68fa9c332ab0:   done           |[32m++++++++++++++++++++++++++++++++++++++[0m| 
layer-sha256:034d6572bf287fa79604fee9be062f0683809ae3a3685bc7b0e17bd1c48c50e8:    done           |[32m++++++++++++++++++++++++++++++++++++++[0m| 
layer-sha256:c8577ccb98d6af2b56cb43790454d142c1bfbee15c59b6b44c8278ca9b65baaa:    downloading    |[32m[0m--------------------------------------| 269.0 Mi/14.0 GiB 
layer-sha256:dab186ad61c8543a52a8cb5cef310d98159eb6fe36eb2868bac2ab6ea985972b:    done           |[32m++++++++++++++++++++++++++++++++++++++[0m| 
elapsed: 0.7 s                                                                    total:  271.1  (387.0 MiB/s)                                     
172.31.67.78:5000/model-ballast:A-14g:                                            resolved       |[32m++++++++++++++++++++++++++++++++++++++[0m| 
index-sha256:093fc1a5143440a3ba8cb6cdc582edbfe183ca86bdd4db3f165c170f18ddddf4:    done           |[32m++++++++++++++++++++++++++++++++++++++[0m| 
manifest-sha256:774ef59b0c94679c2695f0c05e2bc0b21d44f5d1339ab17b6e3323bf28d39f66: done           |[32m++++++++++++++++++++++++++++++++++++++[0m| 
manifest-sha256:d8cbd2948553ac2bc682b20626e09f9e897e31ea05ded4deff1ad81c79b3f2b4: done           |[32m++++++++++++++++++++++++++++++++++++++[0m| 
config-sha256:318f2319125641580710a110c1ae28c8a91e224c7c2e4e69627d68fa9c332ab0:   done           |[32m++++++++++++++++++++++++++++++++++++++[0m| 
layer-sha256:034d6572bf287fa79604fee9be062f0683809ae3a3685bc7b0e17bd1c48c50e8:    done           |[32m++++++++++++++++++++++++++++++++++++++[0m| 
layer-sha256:c8577ccb98d6af2b56cb43790454d142c1bfbee15c59b6b44c8278ca9b65baaa:    downloading    |[32m[0m--------------------------------------| 311.0 Mi/14.0 GiB 
layer-sha256:dab186ad61c8543a52a8cb5cef310d98159eb6fe36eb2868bac2ab6ea985972b:    done           |[32m++++++++++++++++++++++++++++++++++++++[0m| 
elapsed: 0.8 s                                                                    total:  313.1  (390.7 MiB/s)                                     
172.31.67.78:5000/model-ballast:A-14g:                                            resolved       |[32m++++++++++++++++++++++++++++++++++++++[0m| 
index-sha256:093fc1a5143440a3ba8cb6cdc582edbfe183ca86bdd4db3f165c170f18ddddf4:    done           |[32m++++++++++++++++++++++++++++++++++++++[0m| 
manifest-sha256:774ef59b0c94679c2695f0c05e2bc0b21d44f5d1339ab17b6e3323bf28d39f66: done           |[32m++++++++++++++++++++++++++++++++++++++[0m| 
manifest-sha256:d8cbd2948553ac2bc682b20626e09f9e897e31ea05ded4deff1ad81c79b3f2b4: done           |[32m++++++++++++++++++++++++++++++++++++++[0m| 
config-sha256:318f2319125641580710a110c1ae28c8a91e224c7c2e4e69627d68fa9c332ab0:   done           |[32m++++++++++++++++++++++++++++++++++++++[0m| 
layer-sha256:034d6572bf287fa79604fee9be062f0683809ae3a3685bc7b0e17bd1c48c50e8:    done           |[32m++++++++++++++++++++++++++++++++++++++[0m| 
layer-sha256:c8577ccb98d6af2b56cb43790454d142c1bfbee15c59b6b44c8278ca9b65baaa:    downloading    |[32m[0m--------------------------------------| 354.0 Mi/14.0 GiB 
layer-sha256:dab186ad61c8543a52a8cb5cef310d98159eb6fe36eb2868bac2ab6ea985972b:    done           |[32m++++++++++++++++++++++++++++++++++++++[0m| 
elapsed: 0.9 s                                                                    total:  356.1  (395.1 MiB/s)                                     
172.31.67.78:5000/model-ballast:A-14g:                                            resolved       |[32m++++++++++++++++++++++++++++++++++++++[0m| 
index-sha256:093fc1a5143440a3ba8cb6cdc582edbfe183ca86bdd4db3f165c170f18ddddf4:    done           |[32m++++++++++++++++++++++++++++++++++++++[0m| 
manifest-sha256:774ef59b0c94679c2695f0c05e2bc0b21d44f5d1339ab17b6e3323bf28d39f66: done           |[32m++++++++++++++++++++++++++++++++++++++[0m| 
manifest-sha256:d8cbd2948553ac2bc682b20626e09f9e897e31ea05ded4deff1ad81c79b3f2b4: done           |[32m++++++++++++++++++++++++++++++++++++++[0m| 
config-sha256:318f2319125641580710a110c1ae28c8a91e224c7c2e4e69627d68fa9c332ab0:   done           |[32m++++++++++++++++++++++++++++++++++++++[0m| 
layer-sha256:034d6572bf287fa79604fee9be062f0683809ae3a3685bc7b0e17bd1c48c50e8:    done           |[32m++++++++++++++++++++++++++++++++++++++[0m| 
layer-sha256:c8577ccb98d6af2b56cb43790454d142c1bfbee15c59b6b44c8278ca9b65baaa:    downloading    |[32m+[0m-------------------------------------| 396.0 Mi/14.0 GiB 
layer-sha256:dab186ad61c8543a52a8cb5cef310d98159eb6fe36eb2868bac2ab6ea985972b:    done           |[32m++++++++++++++++++++++++++++++++++++++[0m| 
elapsed: 1.0 s                                                                    total:  398.1  (397.8 MiB/s)                                     
172.31.67.78:5000/model-ballast:A-14g:                                            resolved       |[32m++++++++++++++++++++++++++++++++++++++[0m| 
index-sha256:093fc1a5143440a3ba8cb6cdc582edbfe183ca86bdd4db3f165c170f18ddddf4:    done           |[32m++++++++++++++++++++++++++++++++++++++[0m| 
manifest-sha256:774ef59b0c94679c2695f0c05e2bc0b21d44f5d1339ab17b6e3323bf28d39f66: done           |[32m++++++++++++++++++++++++++++++++++++++[0m| 
manifest-sha256:d8cbd2948553ac2bc682b20626e09f9e897e31ea05ded4deff1ad81c79b3f2b4: done           |[32m++++++++++++++++++++++++++++++++++++++[0m| 
config-sha256:318f2319125641580710a110c1ae28c8a91e224c7c2e4e69627d68fa9c332ab0:   done           |[32m++++++++++++++++++++++++++++++++++++++[0m| 
layer-sha256:034d6572bf287fa79604fee9be062f0683809ae3a3685bc7b0e17bd1c48c50e8:    done           |[32m++++++++++++++++++++++++++++++++++++++[0m| 
layer-sha256:c8577ccb98d6af2b56cb43790454d142c1bfbee15c59b6b44c8278ca9b65baaa:    downloading    |[32m+[0m-------------------------------------| 438.0 Mi/14.0 GiB 
layer-sha256:dab186ad61c8543a52a8cb5cef310d98159eb6fe36eb2868bac2ab6ea985972b:    done           |[32m++++++++++++++++++++++++++++++++++++++[0m| 
elapsed: 1.1 s                                                                    total:  440.1  (399.4 MiB/s)                                     
172.31.67.78:5000/model-ballast:A-14g:                                            resolved       |[32m++++++++++++++++++++++++++++++++++++++[0m| 
index-sha256:093fc1a5143440a3ba8cb6cdc582edbfe183ca86bdd4db3f165c170f18ddddf4:    done           |[32m++++++++++++++++++++++++++++++++++++++[0m| 
manifest-sha256:774ef59b0c94679c2695f0c05e2bc0b21d44f5d1339ab17b6e3323bf28d39f66: done           |[32m++++++++++++++++++++++++++++++++++++++[0m| 
manifest-sha256:d8cbd2948553ac2bc682b20626e09f9e897e31ea05ded4deff1ad81c79b3f2b4: done           |[32m++++++++++++++++++++++++++++++++++++++[0m| 
config-sha256:318f2319125641580710a110c1ae28c8a91e224c7c2e4e69627d68fa9c332ab0:   done           |[32m++++++++++++++++++++++++++++++++++++++[0m| 
layer-sha256:034d6572bf287fa79604fee9be062f0683809ae3a3685bc7b0e17bd1c48c50e8:    done           |[32m++++++++++++++++++++++++++++++++++++++[0m| 
layer-sha256:c8577ccb98d6af2b56cb43790454d142c1bfbee15c59b6b44c8278ca9b65baaa:    downloading    |[32m+[0m-------------------------------------| 479.0 Mi/14.0 GiB 
layer-sha256:dab186ad61c8543a52a8cb5cef310d98159eb6fe36eb2868bac2ab6ea985972b:    done           |[32m++++++++++++++++++++++++++++++++++++++[0m| 
elapsed: 1.2 s                                                                    total:  481.1  (400.7 MiB/s)                                     
172.31.67.78:5000/model-ballast:A-14g:                                            resolved       |[32m++++++++++++++++++++++++++++++++++++++[0m| 
index-sha256:093fc1a5143440a3ba8cb6cdc582edbfe183ca86bdd4db3f165c170f18ddddf4:    done           |[32m++++++++++++++++++++++++++++++++++++++[0m| 
manifest-sha256:774ef59b0c94679c2695f0c05e2bc0b21d44f5d1339ab17b6e3323bf28d39f66: done           |[32m++++++++++++++++++++++++++++++++++++++[0m| 
manifest-sha256:d8cbd2948553ac2bc682b20626e09f9e897e31ea05ded4deff1ad81c79b3f2b4: done           |[32m++++++++++++++++++++++++++++++++++++++[0m| 
config-sha256:318f2319125641580710a110c1ae28c8a91e224c7c2e4e69627d68fa9c332ab0:   done           |[32m++++++++++++++++++++++++++++++++++++++[0m| 
layer-sha256:034d6572bf287fa79604fee9be062f0683809ae3a3685bc7b0e17bd1c48c50e8:    done           |[32m++++++++++++++++++++++++++++++++++++++[0m| 
layer-sha256:c8577ccb98d6af2b56cb43790454d142c1bfbee15c59b6b44c8278ca9b65baaa:    downloading    |[32m+[0m-------------------------------------| 520.0 Mi/14.0 GiB 
layer-sha256:dab186ad61c8543a52a8cb5cef310d98159eb6fe36eb2868bac2ab6ea985972b:    done           |[32m++++++++++++++++++++++++++++++++++++++[0m| 
elapsed: 1.3 s                                                                    total:  522.1  (401.2 MiB/s)                                     
172.31.67.78:5000/model-ballast:A-14g:                                            resolved       |[32m++++++++++++++++++++++++++++++++++++++[0m| 
index-sha256:093fc1a5143440a3ba8cb6cdc582edbfe183ca86bdd4db3f165c170f18ddddf4:    done           |[32m++++++++++++++++++++++++++++++++++++++[0m| 
manifest-sha256:774ef59b0c94679c2695f0c05e2bc0b21d44f5d1339ab17b6e3323bf28d39f66: done           |[32m++++++++++++++++++++++++++++++++++++++[0m| 
manifest-sha256:d8cbd2948553ac2bc682b20626e09f9e897e31ea05ded4deff1ad81c79b3f2b4: done           |[32m++++++++++++++++++++++++++++++++++++++[0m| 
config-sha256:318f2319125641580710a110c1ae28c8a91e224c7c2e4e69627d68fa9c332ab0:   done           |[32m++++++++++++++++++++++++++++++++++++++[0m| 
layer-sha256:034d6572bf287fa79604fee9be062f0683809ae3a3685bc7b0e17bd1c48c50e8:    done           |[32m++++++++++++++++++++++++++++++++++++++[0m| 
layer-sha256:c8577ccb98d6af2b56cb43790454d142c1bfbee15c59b6b44c8278ca9b65baaa:    downloading    |[32m+[0m-------------------------------------| 561.0 Mi/14.0 GiB 
layer-sha256:dab186ad61c8543a52a8cb5cef310d98159eb6fe36eb2868bac2ab6ea985972b:    done           |[32m++++++++++++++++++++++++++++++++++++++[0m| 
elapsed: 1.4 s                                                                    total:  563.1  (401.8 MiB/s)                                     
172.31.67.78:5000/model-ballast:A-14g:                                            resolved       |[32m++++++++++++++++++++++++++++++++++++++[0m| 
index-sha256:093fc1a5143440a3ba8cb6cdc582edbfe183ca86bdd4db3f165c170f18ddddf4:    done           |[32m++++++++++++++++++++++++++++++++++++++[0m| 
manifest-sha256:774ef59b0c94679c2695f0c05e2bc0b21d44f5d1339ab17b6e3323bf28d39f66: done           |[32m++++++++++++++++++++++++++++++++++++++[0m| 
manifest-sha256:d8cbd2948553ac2bc682b20626e09f9e897e31ea05ded4deff1ad81c79b3f2b4: done           |[32m++++++++++++++++++++++++++++++++++++++[0m| 
config-sha256:318f2319125641580710a110c1ae28c8a91e224c7c2e4e69627d68fa9c332ab0:   done           |[32m++++++++++++++++++++++++++++++++++++++[0m| 
layer-sha256:034d6572bf287fa79604fee9be062f0683809ae3a3685bc7b0e17bd1c48c50e8:    done           |[32m++++++++++++++++++++++++++++++++++++++[0m| 
layer-sha256:c8577ccb98d6af2b56cb43790454d142c1bfbee15c59b6b44c8278ca9b65baaa:    downloading    |[32m+[0m-------------------------------------| 603.0 Mi/14.0 GiB 
layer-sha256:dab186ad61c8543a52a8cb5cef310d98159eb6fe36eb2868bac2ab6ea985972b:    done           |[32m++++++++++++++++++++++++++++++++++++++[0m| 
elapsed: 1.5 s                                                                    total:  605.1  (403.2 MiB/s)                                     
172.31.67.78:5000/model-ballast:A-14g:                                            resolved       |[32m++++++++++++++++++++++++++++++++++++++[0m| 
index-sha256:093fc1a5143440a3ba8cb6cdc582edbfe183ca86bdd4db3f165c170f18ddddf4:    done           |[32m++++++++++++++++++++++++++++++++++++++[0m| 
manifest-sha256:774ef59b0c94679c2695f0c05e2bc0b21d44f5d1339ab17b6e3323bf28d39f66: done           |[32m++++++++++++++++++++++++++++++++++++++[0m| 
manifest-sha256:d8cbd2948553ac2bc682b20626e09f9e897e31ea05ded4deff1ad81c79b3f2b4: done           |[32m++++++++++++++++++++++++++++++++++++++[0m| 
config-sha256:318f2319125641580710a110c1ae28c8a91e224c7c2e4e69627d68fa9c332ab0:   done           |[32m++++++++++++++++++++++++++++++++++++++[0m| 
layer-sha256:034d6572bf287fa79604fee9be062f0683809ae3a3685bc7b0e17bd1c48c50e8:    done           |[32m++++++++++++++++++++++++++++++++++++++[0m| 
layer-sha256:c8577ccb98d6af2b56cb43790454d142c1bfbee15c59b6b44c8278ca9b65baaa:    downloading    |[32m+[0m-------------------------------------| 645.0 Mi/14.0 GiB 
layer-sha256:dab186ad61c8543a52a8cb5cef310d98159eb6fe36eb2868bac2ab6ea985972b:    done           |[32m++++++++++++++++++++++++++++++++++++++[0m| 
elapsed: 1.6 s                                                                    total:  647.1  (404.3 MiB/s)                                     
172.31.67.78:5000/model-ballast:A-14g:                                            resolved       |[32m++++++++++++++++++++++++++++++++++++++[0m| 
index-sha256:093fc1a5143440a3ba8cb6cdc582edbfe183ca86bdd4db3f165c170f18ddddf4:    done           |[32m++++++++++++++++++++++++++++++++++++++[0m| 
manifest-sha256:774ef59b0c94679c2695f0c05e2bc0b21d44f5d1339ab17b6e3323bf28d39f66: done           |[32m++++++++++++++++++++++++++++++++++++++[0m| 
manifest-sha256:d8cbd2948553ac2bc682b20626e09f9e897e31ea05ded4deff1ad81c79b3f2b4: done           |[32m++++++++++++++++++++++++++++++++++++++[0m| 
config-sha256:318f2319125641580710a110c1ae28c8a91e224c7c2e4e69627d68fa9c332ab0:   done           |[32m++++++++++++++++++++++++++++++++++++++[0m| 
layer-sha256:034d6572bf287fa79604fee9be062f0683809ae3a3685bc7b0e17bd1c48c50e8:    done           |[32m++++++++++++++++++++++++++++++++++++++[0m| 
layer-sha256:c8577ccb98d6af2b56cb43790454d142c1bfbee15c59b6b44c8278ca9b65baaa:    downloading    |[32m+[0m-------------------------------------| 687.0 Mi/14.0 GiB 
layer-sha256:dab186ad61c8543a52a8cb5cef310d98159eb6fe36eb2868bac2ab6ea985972b:    done           |[32m++++++++++++++++++++++++++++++++++++++[0m| 
elapsed: 1.7 s                                                                    total:  689.1  (405.0 MiB/s)                                     
172.31.67.78:5000/model-ballast:A-14g:                                            resolved       |[32m++++++++++++++++++++++++++++++++++++++[0m| 
index-sha256:093fc1a5143440a3ba8cb6cdc582edbfe183ca86bdd4db3f165c170f18ddddf4:    done           |[32m++++++++++++++++++++++++++++++++++++++[0m| 
manifest-sha256:774ef59b0c94679c2695f0c05e2bc0b21d44f5d1339ab17b6e3323bf28d39f66: done           |[32m++++++++++++++++++++++++++++++++++++++[0m| 
manifest-sha256:d8cbd2948553ac2bc682b20626e09f9e897e31ea05ded4deff1ad81c79b3f2b4: done           |[32m++++++++++++++++++++++++++++++++++++++[0m| 
config-sha256:318f2319125641580710a110c1ae28c8a91e224c7c2e4e69627d68fa9c332ab0:   done           |[32m++++++++++++++++++++++++++++++++++++++[0m| 
layer-sha256:034d6572bf287fa79604fee9be062f0683809ae3a3685bc7b0e17bd1c48c50e8:    done           |[32m++++++++++++++++++++++++++++++++++++++[0m| 
layer-sha256:c8577ccb98d6af2b56cb43790454d142c1bfbee15c59b6b44c8278ca9b65baaa:    downloading    |[32m+[0m-------------------------------------| 727.0 Mi/14.0 GiB 
layer-sha256:dab186ad61c8543a52a8cb5cef310d98159eb6fe36eb2868bac2ab6ea985972b:    done           |[32m++++++++++++++++++++++++++++++++++++++[0m| 
elapsed: 1.8 s                                                                    total:  729.1  (405.0 MiB/s)                                     
172.31.67.78:5000/model-ballast:A-14g:                                            resolved       |[32m++++++++++++++++++++++++++++++++++++++[0m| 
index-sha256:093fc1a5143440a3ba8cb6cdc582edbfe183ca86bdd4db3f165c170f18ddddf4:    done           |[32m++++++++++++++++++++++++++++++++++++++[0m| 
manifest-sha256:774ef59b0c94679c2695f0c05e2bc0b21d44f5d1339ab17b6e3323bf28d39f66: done           |[32m++++++++++++++++++++++++++++++++++++++[0m| 
manifest-sha256:d8cbd2948553ac2bc682b20626e09f9e897e31ea05ded4deff1ad81c79b3f2b4: done           |[32m++++++++++++++++++++++++++++++++++++++[0m| 
config-sha256:318f2319125641580710a110c1ae28c8a91e224c7c2e4e69627d68fa9c332ab0:   done           |[32m++++++++++++++++++++++++++++++++++++++[0m| 
layer-sha256:034d6572bf287fa79604fee9be062f0683809ae3a3685bc7b0e17bd1c48c50e8:    done           |[32m++++++++++++++++++++++++++++++++++++++[0m| 
layer-sha256:c8577ccb98d6af2b56cb43790454d142c1bfbee15c59b6b44c8278ca9b65baaa:    downloading    |[32m++[0m------------------------------------| 769.0 Mi/14.0 GiB 
layer-sha256:dab186ad61c8543a52a8cb5cef310d98159eb6fe36eb2868bac2ab6ea985972b:    done           |[32m++++++++++++++++++++++++++++++++++++++[0m| 
elapsed: 1.9 s                                                                    total:  771.1  (405.7 MiB/s)                                     
172.31.67.78:5000/model-ballast:A-14g:                                            resolved       |[32m++++++++++++++++++++++++++++++++++++++[0m| 
index-sha256:093fc1a5143440a3ba8cb6cdc582edbfe183ca86bdd4db3f165c170f18ddddf4:    done           |[32m++++++++++++++++++++++++++++++++++++++[0m| 
manifest-sha256:774ef59b0c94679c2695f0c05e2bc0b21d44f5d1339ab17b6e3323bf28d39f66: done           |[32m++++++++++++++++++++++++++++++++++++++[0m| 
manifest-sha256:d8cbd2948553ac2bc682b20626e09f9e897e31ea05ded4deff1ad81c79b3f2b4: done           |[32m++++++++++++++++++++++++++++++++++++++[0m| 
config-sha256:318f2319125641580710a110c1ae28c8a91e224c7c2e4e69627d68fa9c332ab0:   done           |[32m++++++++++++++++++++++++++++++++++++++[0m| 
layer-sha256:034d6572bf287fa79604fee9be062f0683809ae3a3685bc7b0e17bd1c48c50e8:    done           |[32m++++++++++++++++++++++++++++++++++++++[0m| 
layer-sha256:c8577ccb98d6af2b56cb43790454d142c1bfbee15c59b6b44c8278ca9b65baaa:    downloading    |[32m++[0m------------------------------------| 811.0 Mi/14.0 GiB 
layer-sha256:dab186ad61c8543a52a8cb5cef310d98159eb6fe36eb2868bac2ab6ea985972b:    done           |[32m++++++++++++++++++++++++++++++++++++++[0m| 
elapsed: 2.0 s                                                                    total:  813.1  (406.4 MiB/s)                                     
172.31.67.78:5000/model-ballast:A-14g:                                            resolved       |[32m++++++++++++++++++++++++++++++++++++++[0m| 
index-sha256:093fc1a5143440a3ba8cb6cdc582edbfe183ca86bdd4db3f165c170f18ddddf4:    done           |[32m++++++++++++++++++++++++++++++++++++++[0m| 
manifest-sha256:774ef59b0c94679c2695f0c05e2bc0b21d44f5d1339ab17b6e3323bf28d39f66: done           |[32m++++++++++++++++++++++++++++++++++++++[0m| 
manifest-sha256:d8cbd2948553ac2bc682b20626e09f9e897e31ea05ded4deff1ad81c79b3f2b4: done           |[32m++++++++++++++++++++++++++++++++++++++[0m| 
config-sha256:318f2319125641580710a110c1ae28c8a91e224c7c2e4e69627d68fa9c332ab0:   done           |[32m++++++++++++++++++++++++++++++++++++++[0m| 
layer-sha256:034d6572bf287fa79604fee9be062f0683809ae3a3685bc7b0e17bd1c48c50e8:    done           |[32m++++++++++++++++++++++++++++++++++++++[0m| 
layer-sha256:c8577ccb98d6af2b56cb43790454d142c1bfbee15c59b6b44c8278ca9b65baaa:    downloading    |[32m++[0m------------------------------------| 853.0 Mi/14.0 GiB 
layer-sha256:dab186ad61c8543a52a8cb5cef310d98159eb6fe36eb2868bac2ab6ea985972b:    done           |[32m++++++++++++++++++++++++++++++++++++++[0m| 
elapsed: 2.1 s                                                                    total:  855.1  (407.1 MiB/s)                                     
172.31.67.78:5000/model-ballast:A-14g:                                            resolved       |[32m++++++++++++++++++++++++++++++++++++++[0m| 
index-sha256:093fc1a5143440a3ba8cb6cdc582edbfe183ca86bdd4db3f165c170f18ddddf4:    done           |[32m++++++++++++++++++++++++++++++++++++++[0m| 
manifest-sha256:774ef59b0c94679c2695f0c05e2bc0b21d44f5d1339ab17b6e3323bf28d39f66: done           |[32m++++++++++++++++++++++++++++++++++++++[0m| 
manifest-sha256:d8cbd2948553ac2bc682b20626e09f9e897e31ea05ded4deff1ad81c79b3f2b4: done           |[32m++++++++++++++++++++++++++++++++++++++[0m| 
config-sha256:318f2319125641580710a110c1ae28c8a91e224c7c2e4e69627d68fa9c332ab0:   done           |[32m++++++++++++++++++++++++++++++++++++++[0m| 
layer-sha256:034d6572bf287fa79604fee9be062f0683809ae3a3685bc7b0e17bd1c48c50e8:    done           |[32m++++++++++++++++++++++++++++++++++++++[0m| 
layer-sha256:c8577ccb98d6af2b56cb43790454d142c1bfbee15c59b6b44c8278ca9b65baaa:    downloading    |[32m++[0m------------------------------------| 895.0 Mi/14.0 GiB 
layer-sha256:dab186ad61c8543a52a8cb5cef310d98159eb6fe36eb2868bac2ab6ea985972b:    done           |[32m++++++++++++++++++++++++++++++++++++++[0m| 
elapsed: 2.2 s                                                                    total:  897.1  (407.7 MiB/s)                                     
172.31.67.78:5000/model-ballast:A-14g:                                            resolved       |[32m++++++++++++++++++++++++++++++++++++++[0m| 
index-sha256:093fc1a5143440a3ba8cb6cdc582edbfe183ca86bdd4db3f165c170f18ddddf4:    done           |[32m++++++++++++++++++++++++++++++++++++++[0m| 
manifest-sha256:774ef59b0c94679c2695f0c05e2bc0b21d44f5d1339ab17b6e3323bf28d39f66: done           |[32m++++++++++++++++++++++++++++++++++++++[0m| 
manifest-sha256:d8cbd2948553ac2bc682b20626e09f9e897e31ea05ded4deff1ad81c79b3f2b4: done           |[32m++++++++++++++++++++++++++++++++++++++[0m| 
config-sha256:318f2319125641580710a110c1ae28c8a91e224c7c2e4e69627d68fa9c332ab0:   done           |[32m++++++++++++++++++++++++++++++++++++++[0m| 
layer-sha256:034d6572bf287fa79604fee9be062f0683809ae3a3685bc7b0e17bd1c48c50e8:    done           |[32m++++++++++++++++++++++++++++++++++++++[0m| 
layer-sha256:c8577ccb98d6af2b56cb43790454d142c1bfbee15c59b6b44c8278ca9b65baaa:    downloading    |[32m++[0m------------------------------------| 937.0 Mi/14.0 GiB 
layer-sha256:dab186ad61c8543a52a8cb5cef310d98159eb6fe36eb2868bac2ab6ea985972b:    done           |[32m++++++++++++++++++++++++++++++++++++++[0m| 
elapsed: 2.3 s                                                                    total:  939.1  (408.1 MiB/s)                                     
172.31.67.78:5000/model-ballast:A-14g:                                            resolved       |[32m++++++++++++++++++++++++++++++++++++++[0m| 
index-sha256:093fc1a5143440a3ba8cb6cdc582edbfe183ca86bdd4db3f165c170f18ddddf4:    done           |[32m++++++++++++++++++++++++++++++++++++++[0m| 
manifest-sha256:774ef59b0c94679c2695f0c05e2bc0b21d44f5d1339ab17b6e3323bf28d39f66: done           |[32m++++++++++++++++++++++++++++++++++++++[0m| 
manifest-sha256:d8cbd2948553ac2bc682b20626e09f9e897e31ea05ded4deff1ad81c79b3f2b4: done           |[32m++++++++++++++++++++++++++++++++++++++[0m| 
config-sha256:318f2319125641580710a110c1ae28c8a91e224c7c2e4e69627d68fa9c332ab0:   done           |[32m++++++++++++++++++++++++++++++++++++++[0m| 
layer-sha256:034d6572bf287fa79604fee9be062f0683809ae3a3685bc7b0e17bd1c48c50e8:    done           |[32m++++++++++++++++++++++++++++++++++++++[0m| 
layer-sha256:c8577ccb98d6af2b56cb43790454d142c1bfbee15c59b6b44c8278ca9b65baaa:    downloading    |[32m++[0m------------------------------------| 980.0 Mi/14.0 GiB 
layer-sha256:dab186ad61c8543a52a8cb5cef310d98159eb6fe36eb2868bac2ab6ea985972b:    done           |[32m++++++++++++++++++++++++++++++++++++++[0m| 
elapsed: 2.4 s                                                                    total:  982.1  (409.0 MiB/s)                                     
172.31.67.78:5000/model-ballast:A-14g:                                            resolved       |[32m++++++++++++++++++++++++++++++++++++++[0m| 
index-sha256:093fc1a5143440a3ba8cb6cdc582edbfe183ca86bdd4db3f165c170f18ddddf4:    done           |[32m++++++++++++++++++++++++++++++++++++++[0m| 
manifest-sha256:774ef59b0c94679c2695f0c05e2bc0b21d44f5d1339ab17b6e3323bf28d39f66: done           |[32m++++++++++++++++++++++++++++++++++++++[0m| 
manifest-sha256:d8cbd2948553ac2bc682b20626e09f9e897e31ea05ded4deff1ad81c79b3f2b4: done           |[32m++++++++++++++++++++++++++++++++++++++[0m| 
config-sha256:318f2319125641580710a110c1ae28c8a91e224c7c2e4e69627d68fa9c332ab0:   done           |[32m++++++++++++++++++++++++++++++++++++++[0m| 
layer-sha256:034d6572bf287fa79604fee9be062f0683809ae3a3685bc7b0e17bd1c48c50e8:    done           |[32m++++++++++++++++++++++++++++++++++++++[0m| 
layer-sha256:c8577ccb98d6af2b56cb43790454d142c1bfbee15c59b6b44c8278ca9b65baaa:    downloading    |[32m++[0m------------------------------------| 1022.0 M/14.0 GiB 
layer-sha256:dab186ad61c8543a52a8cb5cef310d98159eb6fe36eb2868bac2ab6ea985972b:    done           |[32m++++++++++++++++++++++++++++++++++++++[0m| 
elapsed: 2.5 s                                                                    total:  1.0 Gi (409.5 MiB/s)                                     
172.31.67.78:5000/model-ballast:A-14g:                                            resolved       |[32m++++++++++++++++++++++++++++++++++++++[0m| 
index-sha256:093fc1a5143440a3ba8cb6cdc582edbfe183ca86bdd4db3f165c170f18ddddf4:    done           |[32m++++++++++++++++++++++++++++++++++++++[0m| 
manifest-sha256:774ef59b0c94679c2695f0c05e2bc0b21d44f5d1339ab17b6e3323bf28d39f66: done           |[32m++++++++++++++++++++++++++++++++++++++[0m| 
manifest-sha256:d8cbd2948553ac2bc682b20626e09f9e897e31ea05ded4deff1ad81c79b3f2b4: done           |[32m++++++++++++++++++++++++++++++++++++++[0m| 
config-sha256:318f2319125641580710a110c1ae28c8a91e224c7c2e4e69627d68fa9c332ab0:   done           |[32m++++++++++++++++++++++++++++++++++++++[0m| 
layer-sha256:034d6572bf287fa79604fee9be062f0683809ae3a3685bc7b0e17bd1c48c50e8:    done           |[32m++++++++++++++++++++++++++++++++++++++[0m| 
layer-sha256:c8577ccb98d6af2b56cb43790454d142c1bfbee15c59b6b44c8278ca9b65baaa:    downloading    |[32m++[0m------------------------------------|  1.0 GiB/14.0 GiB 
layer-sha256:dab186ad61c8543a52a8cb5cef310d98159eb6fe36eb2868bac2ab6ea985972b:    done           |[32m++++++++++++++++++++++++++++++++++++++[0m| 
elapsed: 2.6 s                                                                    total:  1.0 Gi (409.6 MiB/s)                                     
172.31.67.78:5000/model-ballast:A-14g:                                            resolved       |[32m++++++++++++++++++++++++++++++++++++++[0m| 
index-sha256:093fc1a5143440a3ba8cb6cdc582edbfe183ca86bdd4db3f165c170f18ddddf4:    done           |[32m++++++++++++++++++++++++++++++++++++++[0m| 
manifest-sha256:774ef59b0c94679c2695f0c05e2bc0b21d44f5d1339ab17b6e3323bf28d39f66: done           |[32m++++++++++++++++++++++++++++++++++++++[0m| 
manifest-sha256:d8cbd2948553ac2bc682b20626e09f9e897e31ea05ded4deff1ad81c79b3f2b4: done           |[32m++++++++++++++++++++++++++++++++++++++[0m| 
config-sha256:318f2319125641580710a110c1ae28c8a91e224c7c2e4e69627d68fa9c332ab0:   done           |[32m++++++++++++++++++++++++++++++++++++++[0m| 
layer-sha256:034d6572bf287fa79604fee9be062f0683809ae3a3685bc7b0e17bd1c48c50e8:    done           |[32m++++++++++++++++++++++++++++++++++++++[0m| 
layer-sha256:c8577ccb98d6af2b56cb43790454d142c1bfbee15c59b6b44c8278ca9b65baaa:    downloading    |[32m++[0m------------------------------------|  1.1 GiB/14.0 GiB 
layer-sha256:dab186ad61c8543a52a8cb5cef310d98159eb6fe36eb2868bac2ab6ea985972b:    done           |[32m++++++++++++++++++++++++++++++++++++++[0m| 
elapsed: 2.7 s                                                                    total:  1.1 Gi (410.0 MiB/s)                                     
172.31.67.78:5000/model-ballast:A-14g:                                            resolved       |[32m++++++++++++++++++++++++++++++++++++++[0m| 
index-sha256:093fc1a5143440a3ba8cb6cdc582edbfe183ca86bdd4db3f165c170f18ddddf4:    done           |[32m++++++++++++++++++++++++++++++++++++++[0m| 
manifest-sha256:774ef59b0c94679c2695f0c05e2bc0b21d44f5d1339ab17b6e3323bf28d39f66: done           |[32m++++++++++++++++++++++++++++++++++++++[0m| 
manifest-sha256:d8cbd2948553ac2bc682b20626e09f9e897e31ea05ded4deff1ad81c79b3f2b4: done           |[32m++++++++++++++++++++++++++++++++++++++[0m| 
config-sha256:318f2319125641580710a110c1ae28c8a91e224c7c2e4e69627d68fa9c332ab0:   done           |[32m++++++++++++++++++++++++++++++++++++++[0m| 
layer-sha256:034d6572bf287fa79604fee9be062f0683809ae3a3685bc7b0e17bd1c48c50e8:    done           |[32m++++++++++++++++++++++++++++++++++++++[0m| 
layer-sha256:c8577ccb98d6af2b56cb43790454d142c1bfbee15c59b6b44c8278ca9b65baaa:    downloading    |[32m+++[0m-----------------------------------|  1.1 GiB/14.0 GiB 
layer-sha256:dab186ad61c8543a52a8cb5cef310d98159eb6fe36eb2868bac2ab6ea985972b:    done           |[32m++++++++++++++++++++++++++++++++++++++[0m| 
elapsed: 2.8 s                                                                    total:  1.1 Gi (410.2 MiB/s)                                     
172.31.67.78:5000/model-ballast:A-14g:                                            resolved       |[32m++++++++++++++++++++++++++++++++++++++[0m| 
index-sha256:093fc1a5143440a3ba8cb6cdc582edbfe183ca86bdd4db3f165c170f18ddddf4:    done           |[32m++++++++++++++++++++++++++++++++++++++[0m| 
manifest-sha256:774ef59b0c94679c2695f0c05e2bc0b21d44f5d1339ab17b6e3323bf28d39f66: done           |[32m++++++++++++++++++++++++++++++++++++++[0m| 
manifest-sha256:d8cbd2948553ac2bc682b20626e09f9e897e31ea05ded4deff1ad81c79b3f2b4: done           |[32m++++++++++++++++++++++++++++++++++++++[0m| 
config-sha256:318f2319125641580710a110c1ae28c8a91e224c7c2e4e69627d68fa9c332ab0:   done           |[32m++++++++++++++++++++++++++++++++++++++[0m| 
layer-sha256:034d6572bf287fa79604fee9be062f0683809ae3a3685bc7b0e17bd1c48c50e8:    done           |[32m++++++++++++++++++++++++++++++++++++++[0m| 
layer-sha256:c8577ccb98d6af2b56cb43790454d142c1bfbee15c59b6b44c8278ca9b65baaa:    downloading    |[32m+++[0m-----------------------------------|  1.2 GiB/14.0 GiB 
layer-sha256:dab186ad61c8543a52a8cb5cef310d98159eb6fe36eb2868bac2ab6ea985972b:    done           |[32m++++++++++++++++++++++++++++++++++++++[0m| 
elapsed: 2.9 s                                                                    total:  1.2 Gi (410.3 MiB/s)                                     
172.31.67.78:5000/model-ballast:A-14g:                                            resolved       |[32m++++++++++++++++++++++++++++++++++++++[0m| 
index-sha256:093fc1a5143440a3ba8cb6cdc582edbfe183ca86bdd4db3f165c170f18ddddf4:    done           |[32m++++++++++++++++++++++++++++++++++++++[0m| 
manifest-sha256:774ef59b0c94679c2695f0c05e2bc0b21d44f5d1339ab17b6e3323bf28d39f66: done           |[32m++++++++++++++++++++++++++++++++++++++[0m| 
manifest-sha256:d8cbd2948553ac2bc682b20626e09f9e897e31ea05ded4deff1ad81c79b3f2b4: done           |[32m++++++++++++++++++++++++++++++++++++++[0m| 
config-sha256:318f2319125641580710a110c1ae28c8a91e224c7c2e4e69627d68fa9c332ab0:   done           |[32m++++++++++++++++++++++++++++++++++++++[0m| 
layer-sha256:034d6572bf287fa79604fee9be062f0683809ae3a3685bc7b0e17bd1c48c50e8:    done           |[32m++++++++++++++++++++++++++++++++++++++[0m| 
layer-sha256:c8577ccb98d6af2b56cb43790454d142c1bfbee15c59b6b44c8278ca9b65baaa:    downloading    |[32m+++[0m-----------------------------------|  1.2 GiB/14.0 GiB 
layer-sha256:dab186ad61c8543a52a8cb5cef310d98159eb6fe36eb2868bac2ab6ea985972b:    done           |[32m++++++++++++++++++++++++++++++++++++++[0m| 
elapsed: 3.0 s                                                                    total:  1.2 Gi (410.6 MiB/s)                                     
172.31.67.78:5000/model-ballast:A-14g:                                            resolved       |[32m++++++++++++++++++++++++++++++++++++++[0m| 
index-sha256:093fc1a5143440a3ba8cb6cdc582edbfe183ca86bdd4db3f165c170f18ddddf4:    done           |[32m++++++++++++++++++++++++++++++++++++++[0m| 
manifest-sha256:774ef59b0c94679c2695f0c05e2bc0b21d44f5d1339ab17b6e3323bf28d39f66: done           |[32m++++++++++++++++++++++++++++++++++++++[0m| 
manifest-sha256:d8cbd2948553ac2bc682b20626e09f9e897e31ea05ded4deff1ad81c79b3f2b4: done           |[32m++++++++++++++++++++++++++++++++++++++[0m| 
config-sha256:318f2319125641580710a110c1ae28c8a91e224c7c2e4e69627d68fa9c332ab0:   done           |[32m++++++++++++++++++++++++++++++++++++++[0m| 
layer-sha256:034d6572bf287fa79604fee9be062f0683809ae3a3685bc7b0e17bd1c48c50e8:    done           |[32m++++++++++++++++++++++++++++++++++++++[0m| 
layer-sha256:c8577ccb98d6af2b56cb43790454d142c1bfbee15c59b6b44c8278ca9b65baaa:    downloading    |[32m+++[0m-----------------------------------|  1.2 GiB/14.0 GiB 
layer-sha256:dab186ad61c8543a52a8cb5cef310d98159eb6fe36eb2868bac2ab6ea985972b:    done           |[32m++++++++++++++++++++++++++++++++++++++[0m| 
elapsed: 3.1 s                                                                    total:  1.2 Gi (410.9 MiB/s)                                     
172.31.67.78:5000/model-ballast:A-14g:                                            resolved       |[32m++++++++++++++++++++++++++++++++++++++[0m| 
index-sha256:093fc1a5143440a3ba8cb6cdc582edbfe183ca86bdd4db3f165c170f18ddddf4:    done           |[32m++++++++++++++++++++++++++++++++++++++[0m| 
manifest-sha256:774ef59b0c94679c2695f0c05e2bc0b21d44f5d1339ab17b6e3323bf28d39f66: done           |[32m++++++++++++++++++++++++++++++++++++++[0m| 
manifest-sha256:d8cbd2948553ac2bc682b20626e09f9e897e31ea05ded4deff1ad81c79b3f2b4: done           |[32m++++++++++++++++++++++++++++++++++++++[0m| 
config-sha256:318f2319125641580710a110c1ae28c8a91e224c7c2e4e69627d68fa9c332ab0:   done           |[32m++++++++++++++++++++++++++++++++++++++[0m| 
layer-sha256:034d6572bf287fa79604fee9be062f0683809ae3a3685bc7b0e17bd1c48c50e8:    done           |[32m++++++++++++++++++++++++++++++++++++++[0m| 
layer-sha256:c8577ccb98d6af2b56cb43790454d142c1bfbee15c59b6b44c8278ca9b65baaa:    downloading    |[32m+++[0m-----------------------------------|  1.3 GiB/14.0 GiB 
layer-sha256:dab186ad61c8543a52a8cb5cef310d98159eb6fe36eb2868bac2ab6ea985972b:    done           |[32m++++++++++++++++++++++++++++++++++++++[0m| 
elapsed: 3.2 s                                                                    total:  1.3 Gi (410.8 MiB/s)                                     
172.31.67.78:5000/model-ballast:A-14g:                                            resolved       |[32m++++++++++++++++++++++++++++++++++++++[0m| 
index-sha256:093fc1a5143440a3ba8cb6cdc582edbfe183ca86bdd4db3f165c170f18ddddf4:    done           |[32m++++++++++++++++++++++++++++++++++++++[0m| 
manifest-sha256:774ef59b0c94679c2695f0c05e2bc0b21d44f5d1339ab17b6e3323bf28d39f66: done           |[32m++++++++++++++++++++++++++++++++++++++[0m| 
manifest-sha256:d8cbd2948553ac2bc682b20626e09f9e897e31ea05ded4deff1ad81c79b3f2b4: done           |[32m++++++++++++++++++++++++++++++++++++++[0m| 
config-sha256:318f2319125641580710a110c1ae28c8a91e224c7c2e4e69627d68fa9c332ab0:   done           |[32m++++++++++++++++++++++++++++++++++++++[0m| 
layer-sha256:034d6572bf287fa79604fee9be062f0683809ae3a3685bc7b0e17bd1c48c50e8:    done           |[32m++++++++++++++++++++++++++++++++++++++[0m| 
layer-sha256:c8577ccb98d6af2b56cb43790454d142c1bfbee15c59b6b44c8278ca9b65baaa:    downloading    |[32m+++[0m-----------------------------------|  1.3 GiB/14.0 GiB 
layer-sha256:dab186ad61c8543a52a8cb5cef310d98159eb6fe36eb2868bac2ab6ea985972b:    done           |[32m++++++++++++++++++++++++++++++++++++++[0m| 
elapsed: 3.3 s                                                                    total:  1.3 Gi (410.5 MiB/s)                                     
172.31.67.78:5000/model-ballast:A-14g:                                            resolved       |[32m++++++++++++++++++++++++++++++++++++++[0m| 
index-sha256:093fc1a5143440a3ba8cb6cdc582edbfe183ca86bdd4db3f165c170f18ddddf4:    done           |[32m++++++++++++++++++++++++++++++++++++++[0m| 
manifest-sha256:774ef59b0c94679c2695f0c05e2bc0b21d44f5d1339ab17b6e3323bf28d39f66: done           |[32m++++++++++++++++++++++++++++++++++++++[0m| 
manifest-sha256:d8cbd2948553ac2bc682b20626e09f9e897e31ea05ded4deff1ad81c79b3f2b4: done           |[32m++++++++++++++++++++++++++++++++++++++[0m| 
config-sha256:318f2319125641580710a110c1ae28c8a91e224c7c2e4e69627d68fa9c332ab0:   done           |[32m++++++++++++++++++++++++++++++++++++++[0m| 
layer-sha256:034d6572bf287fa79604fee9be062f0683809ae3a3685bc7b0e17bd1c48c50e8:    done           |[32m++++++++++++++++++++++++++++++++++++++[0m| 
layer-sha256:c8577ccb98d6af2b56cb43790454d142c1bfbee15c59b6b44c8278ca9b65baaa:    downloading    |[32m+++[0m-----------------------------------|  1.4 GiB/14.0 GiB 
layer-sha256:dab186ad61c8543a52a8cb5cef310d98159eb6fe36eb2868bac2ab6ea985972b:    done           |[32m++++++++++++++++++++++++++++++++++++++[0m| 
elapsed: 3.4 s                                                                    total:  1.4 Gi (410.5 MiB/s)                                     
172.31.67.78:5000/model-ballast:A-14g:                                            resolved       |[32m++++++++++++++++++++++++++++++++++++++[0m| 
index-sha256:093fc1a5143440a3ba8cb6cdc582edbfe183ca86bdd4db3f165c170f18ddddf4:    done           |[32m++++++++++++++++++++++++++++++++++++++[0m| 
manifest-sha256:774ef59b0c94679c2695f0c05e2bc0b21d44f5d1339ab17b6e3323bf28d39f66: done           |[32m++++++++++++++++++++++++++++++++++++++[0m| 
manifest-sha256:d8cbd2948553ac2bc682b20626e09f9e897e31ea05ded4deff1ad81c79b3f2b4: done           |[32m++++++++++++++++++++++++++++++++++++++[0m| 
config-sha256:318f2319125641580710a110c1ae28c8a91e224c7c2e4e69627d68fa9c332ab0:   done           |[32m++++++++++++++++++++++++++++++++++++++[0m| 
layer-sha256:034d6572bf287fa79604fee9be062f0683809ae3a3685bc7b0e17bd1c48c50e8:    done           |[32m++++++++++++++++++++++++++++++++++++++[0m| 
layer-sha256:c8577ccb98d6af2b56cb43790454d142c1bfbee15c59b6b44c8278ca9b65baaa:    downloading    |[32m+++[0m-----------------------------------|  1.4 GiB/14.0 GiB 
layer-sha256:dab186ad61c8543a52a8cb5cef310d98159eb6fe36eb2868bac2ab6ea985972b:    done           |[32m++++++++++++++++++++++++++++++++++++++[0m| 
elapsed: 3.5 s                                                                    total:  1.4 Gi (411.0 MiB/s)                                     
172.31.67.78:5000/model-ballast:A-14g:                                            resolved       |[32m++++++++++++++++++++++++++++++++++++++[0m| 
index-sha256:093fc1a5143440a3ba8cb6cdc582edbfe183ca86bdd4db3f165c170f18ddddf4:    done           |[32m++++++++++++++++++++++++++++++++++++++[0m| 
manifest-sha256:774ef59b0c94679c2695f0c05e2bc0b21d44f5d1339ab17b6e3323bf28d39f66: done           |[32m++++++++++++++++++++++++++++++++++++++[0m| 
manifest-sha256:d8cbd2948553ac2bc682b20626e09f9e897e31ea05ded4deff1ad81c79b3f2b4: done           |[32m++++++++++++++++++++++++++++++++++++++[0m| 
config-sha256:318f2319125641580710a110c1ae28c8a91e224c7c2e4e69627d68fa9c332ab0:   done           |[32m++++++++++++++++++++++++++++++++++++++[0m| 
layer-sha256:034d6572bf287fa79604fee9be062f0683809ae3a3685bc7b0e17bd1c48c50e8:    done           |[32m++++++++++++++++++++++++++++++++++++++[0m| 
layer-sha256:c8577ccb98d6af2b56cb43790454d142c1bfbee15c59b6b44c8278ca9b65baaa:    downloading    |[32m+++[0m-----------------------------------|  1.4 GiB/14.0 GiB 
layer-sha256:dab186ad61c8543a52a8cb5cef310d98159eb6fe36eb2868bac2ab6ea985972b:    done           |[32m++++++++++++++++++++++++++++++++++++++[0m| 
elapsed: 3.6 s                                                                    total:  1.4 Gi (410.8 MiB/s)                                     
172.31.67.78:5000/model-ballast:A-14g:                                            resolved       |[32m++++++++++++++++++++++++++++++++++++++[0m| 
index-sha256:093fc1a5143440a3ba8cb6cdc582edbfe183ca86bdd4db3f165c170f18ddddf4:    done           |[32m++++++++++++++++++++++++++++++++++++++[0m| 
manifest-sha256:774ef59b0c94679c2695f0c05e2bc0b21d44f5d1339ab17b6e3323bf28d39f66: done           |[32m++++++++++++++++++++++++++++++++++++++[0m| 
manifest-sha256:d8cbd2948553ac2bc682b20626e09f9e897e31ea05ded4deff1ad81c79b3f2b4: done           |[32m++++++++++++++++++++++++++++++++++++++[0m| 
config-sha256:318f2319125641580710a110c1ae28c8a91e224c7c2e4e69627d68fa9c332ab0:   done           |[32m++++++++++++++++++++++++++++++++++++++[0m| 
layer-sha256:034d6572bf287fa79604fee9be062f0683809ae3a3685bc7b0e17bd1c48c50e8:    done           |[32m++++++++++++++++++++++++++++++++++++++[0m| 
layer-sha256:c8577ccb98d6af2b56cb43790454d142c1bfbee15c59b6b44c8278ca9b65baaa:    downloading    |[32m++++[0m----------------------------------|  1.5 GiB/14.0 GiB 
layer-sha256:dab186ad61c8543a52a8cb5cef310d98159eb6fe36eb2868bac2ab6ea985972b:    done           |[32m++++++++++++++++++++++++++++++++++++++[0m| 
elapsed: 3.7 s                                                                    total:  1.5 Gi (411.0 MiB/s)                                     
172.31.67.78:5000/model-ballast:A-14g:                                            resolved       |[32m++++++++++++++++++++++++++++++++++++++[0m| 
index-sha256:093fc1a5143440a3ba8cb6cdc582edbfe183ca86bdd4db3f165c170f18ddddf4:    done           |[32m++++++++++++++++++++++++++++++++++++++[0m| 
manifest-sha256:774ef59b0c94679c2695f0c05e2bc0b21d44f5d1339ab17b6e3323bf28d39f66: done           |[32m++++++++++++++++++++++++++++++++++++++[0m| 
manifest-sha256:d8cbd2948553ac2bc682b20626e09f9e897e31ea05ded4deff1ad81c79b3f2b4: done           |[32m++++++++++++++++++++++++++++++++++++++[0m| 
config-sha256:318f2319125641580710a110c1ae28c8a91e224c7c2e4e69627d68fa9c332ab0:   done           |[32m++++++++++++++++++++++++++++++++++++++[0m| 
layer-sha256:034d6572bf287fa79604fee9be062f0683809ae3a3685bc7b0e17bd1c48c50e8:    done           |[32m++++++++++++++++++++++++++++++++++++++[0m| 
layer-sha256:c8577ccb98d6af2b56cb43790454d142c1bfbee15c59b6b44c8278ca9b65baaa:    downloading    |[32m++++[0m----------------------------------|  1.5 GiB/14.0 GiB 
layer-sha256:dab186ad61c8543a52a8cb5cef310d98159eb6fe36eb2868bac2ab6ea985972b:    done           |[32m++++++++++++++++++++++++++++++++++++++[0m| 
elapsed: 3.8 s                                                                    total:  1.5 Gi (411.2 MiB/s)                                     
172.31.67.78:5000/model-ballast:A-14g:                                            resolved       |[32m++++++++++++++++++++++++++++++++++++++[0m| 
index-sha256:093fc1a5143440a3ba8cb6cdc582edbfe183ca86bdd4db3f165c170f18ddddf4:    done           |[32m++++++++++++++++++++++++++++++++++++++[0m| 
manifest-sha256:774ef59b0c94679c2695f0c05e2bc0b21d44f5d1339ab17b6e3323bf28d39f66: done           |[32m++++++++++++++++++++++++++++++++++++++[0m| 
manifest-sha256:d8cbd2948553ac2bc682b20626e09f9e897e31ea05ded4deff1ad81c79b3f2b4: done           |[32m++++++++++++++++++++++++++++++++++++++[0m| 
config-sha256:318f2319125641580710a110c1ae28c8a91e224c7c2e4e69627d68fa9c332ab0:   done           |[32m++++++++++++++++++++++++++++++++++++++[0m| 
layer-sha256:034d6572bf287fa79604fee9be062f0683809ae3a3685bc7b0e17bd1c48c50e8:    done           |[32m++++++++++++++++++++++++++++++++++++++[0m| 
layer-sha256:c8577ccb98d6af2b56cb43790454d142c1bfbee15c59b6b44c8278ca9b65baaa:    downloading    |[32m++++[0m----------------------------------|  1.6 GiB/14.0 GiB 
layer-sha256:dab186ad61c8543a52a8cb5cef310d98159eb6fe36eb2868bac2ab6ea985972b:    done           |[32m++++++++++++++++++++++++++++++++++++++[0m| 
elapsed: 3.9 s                                                                    total:  1.6 Gi (411.0 MiB/s)                                     
172.31.67.78:5000/model-ballast:A-14g:                                            resolved       |[32m++++++++++++++++++++++++++++++++++++++[0m| 
index-sha256:093fc1a5143440a3ba8cb6cdc582edbfe183ca86bdd4db3f165c170f18ddddf4:    done           |[32m++++++++++++++++++++++++++++++++++++++[0m| 
manifest-sha256:774ef59b0c94679c2695f0c05e2bc0b21d44f5d1339ab17b6e3323bf28d39f66: done           |[32m++++++++++++++++++++++++++++++++++++++[0m| 
manifest-sha256:d8cbd2948553ac2bc682b20626e09f9e897e31ea05ded4deff1ad81c79b3f2b4: done           |[32m++++++++++++++++++++++++++++++++++++++[0m| 
config-sha256:318f2319125641580710a110c1ae28c8a91e224c7c2e4e69627d68fa9c332ab0:   done           |[32m++++++++++++++++++++++++++++++++++++++[0m| 
layer-sha256:034d6572bf287fa79604fee9be062f0683809ae3a3685bc7b0e17bd1c48c50e8:    done           |[32m++++++++++++++++++++++++++++++++++++++[0m| 
layer-sha256:c8577ccb98d6af2b56cb43790454d142c1bfbee15c59b6b44c8278ca9b65baaa:    downloading    |[32m++++[0m----------------------------------|  1.6 GiB/14.0 GiB 
layer-sha256:dab186ad61c8543a52a8cb5cef310d98159eb6fe36eb2868bac2ab6ea985972b:    done           |[32m++++++++++++++++++++++++++++++++++++++[0m| 
elapsed: 4.0 s                                                                    total:  1.6 Gi (411.2 MiB/s)                                     
172.31.67.78:5000/model-ballast:A-14g:                                            resolved       |[32m++++++++++++++++++++++++++++++++++++++[0m| 
index-sha256:093fc1a5143440a3ba8cb6cdc582edbfe183ca86bdd4db3f165c170f18ddddf4:    done           |[32m++++++++++++++++++++++++++++++++++++++[0m| 
manifest-sha256:774ef59b0c94679c2695f0c05e2bc0b21d44f5d1339ab17b6e3323bf28d39f66: done           |[32m++++++++++++++++++++++++++++++++++++++[0m| 
manifest-sha256:d8cbd2948553ac2bc682b20626e09f9e897e31ea05ded4deff1ad81c79b3f2b4: done           |[32m++++++++++++++++++++++++++++++++++++++[0m| 
config-sha256:318f2319125641580710a110c1ae28c8a91e224c7c2e4e69627d68fa9c332ab0:   done           |[32m++++++++++++++++++++++++++++++++++++++[0m| 
layer-sha256:034d6572bf287fa79604fee9be062f0683809ae3a3685bc7b0e17bd1c48c50e8:    done           |[32m++++++++++++++++++++++++++++++++++++++[0m| 
layer-sha256:c8577ccb98d6af2b56cb43790454d142c1bfbee15c59b6b44c8278ca9b65baaa:    downloading    |[32m++++[0m----------------------------------|  1.6 GiB/14.0 GiB 
layer-sha256:dab186ad61c8543a52a8cb5cef310d98159eb6fe36eb2868bac2ab6ea985972b:    done           |[32m++++++++++++++++++++++++++++++++++++++[0m| 
elapsed: 4.1 s                                                                    total:  1.6 Gi (411.4 MiB/s)                                     
172.31.67.78:5000/model-ballast:A-14g:                                            resolved       |[32m++++++++++++++++++++++++++++++++++++++[0m| 
index-sha256:093fc1a5143440a3ba8cb6cdc582edbfe183ca86bdd4db3f165c170f18ddddf4:    done           |[32m++++++++++++++++++++++++++++++++++++++[0m| 
manifest-sha256:774ef59b0c94679c2695f0c05e2bc0b21d44f5d1339ab17b6e3323bf28d39f66: done           |[32m++++++++++++++++++++++++++++++++++++++[0m| 
manifest-sha256:d8cbd2948553ac2bc682b20626e09f9e897e31ea05ded4deff1ad81c79b3f2b4: done           |[32m++++++++++++++++++++++++++++++++++++++[0m| 
config-sha256:318f2319125641580710a110c1ae28c8a91e224c7c2e4e69627d68fa9c332ab0:   done           |[32m++++++++++++++++++++++++++++++++++++++[0m| 
layer-sha256:034d6572bf287fa79604fee9be062f0683809ae3a3685bc7b0e17bd1c48c50e8:    done           |[32m++++++++++++++++++++++++++++++++++++++[0m| 
layer-sha256:c8577ccb98d6af2b56cb43790454d142c1bfbee15c59b6b44c8278ca9b65baaa:    downloading    |[32m++++[0m----------------------------------|  1.7 GiB/14.0 GiB 
layer-sha256:dab186ad61c8543a52a8cb5cef310d98159eb6fe36eb2868bac2ab6ea985972b:    done           |[32m++++++++++++++++++++++++++++++++++++++[0m| 
elapsed: 4.2 s                                                                    total:  1.7 Gi (411.4 MiB/s)                                     
172.31.67.78:5000/model-ballast:A-14g:                                            resolved       |[32m++++++++++++++++++++++++++++++++++++++[0m| 
index-sha256:093fc1a5143440a3ba8cb6cdc582edbfe183ca86bdd4db3f165c170f18ddddf4:    done           |[32m++++++++++++++++++++++++++++++++++++++[0m| 
manifest-sha256:774ef59b0c94679c2695f0c05e2bc0b21d44f5d1339ab17b6e3323bf28d39f66: done           |[32m++++++++++++++++++++++++++++++++++++++[0m| 
manifest-sha256:d8cbd2948553ac2bc682b20626e09f9e897e31ea05ded4deff1ad81c79b3f2b4: done           |[32m++++++++++++++++++++++++++++++++++++++[0m| 
config-sha256:318f2319125641580710a110c1ae28c8a91e224c7c2e4e69627d68fa9c332ab0:   done           |[32m++++++++++++++++++++++++++++++++++++++[0m| 
layer-sha256:034d6572bf287fa79604fee9be062f0683809ae3a3685bc7b0e17bd1c48c50e8:    done           |[32m++++++++++++++++++++++++++++++++++++++[0m| 
layer-sha256:c8577ccb98d6af2b56cb43790454d142c1bfbee15c59b6b44c8278ca9b65baaa:    downloading    |[32m++++[0m----------------------------------|  1.7 GiB/14.0 GiB 
layer-sha256:dab186ad61c8543a52a8cb5cef310d98159eb6fe36eb2868bac2ab6ea985972b:    done           |[32m++++++++++++++++++++++++++++++++++++++[0m| 
elapsed: 4.3 s                                                                    total:  1.7 Gi (411.5 MiB/s)                                     
172.31.67.78:5000/model-ballast:A-14g:                                            resolved       |[32m++++++++++++++++++++++++++++++++++++++[0m| 
index-sha256:093fc1a5143440a3ba8cb6cdc582edbfe183ca86bdd4db3f165c170f18ddddf4:    done           |[32m++++++++++++++++++++++++++++++++++++++[0m| 
manifest-sha256:774ef59b0c94679c2695f0c05e2bc0b21d44f5d1339ab17b6e3323bf28d39f66: done           |[32m++++++++++++++++++++++++++++++++++++++[0m| 
manifest-sha256:d8cbd2948553ac2bc682b20626e09f9e897e31ea05ded4deff1ad81c79b3f2b4: done           |[32m++++++++++++++++++++++++++++++++++++++[0m| 
config-sha256:318f2319125641580710a110c1ae28c8a91e224c7c2e4e69627d68fa9c332ab0:   done           |[32m++++++++++++++++++++++++++++++++++++++[0m| 
layer-sha256:034d6572bf287fa79604fee9be062f0683809ae3a3685bc7b0e17bd1c48c50e8:    done           |[32m++++++++++++++++++++++++++++++++++++++[0m| 
layer-sha256:c8577ccb98d6af2b56cb43790454d142c1bfbee15c59b6b44c8278ca9b65baaa:    downloading    |[32m++++[0m----------------------------------|  1.8 GiB/14.0 GiB 
layer-sha256:dab186ad61c8543a52a8cb5cef310d98159eb6fe36eb2868bac2ab6ea985972b:    done           |[32m++++++++++++++++++++++++++++++++++++++[0m| 
elapsed: 4.4 s                                                                    total:  1.8 Gi (411.8 MiB/s)                                     
172.31.67.78:5000/model-ballast:A-14g:                                            resolved       |[32m++++++++++++++++++++++++++++++++++++++[0m| 
index-sha256:093fc1a5143440a3ba8cb6cdc582edbfe183ca86bdd4db3f165c170f18ddddf4:    done           |[32m++++++++++++++++++++++++++++++++++++++[0m| 
manifest-sha256:774ef59b0c94679c2695f0c05e2bc0b21d44f5d1339ab17b6e3323bf28d39f66: done           |[32m++++++++++++++++++++++++++++++++++++++[0m| 
manifest-sha256:d8cbd2948553ac2bc682b20626e09f9e897e31ea05ded4deff1ad81c79b3f2b4: done           |[32m++++++++++++++++++++++++++++++++++++++[0m| 
config-sha256:318f2319125641580710a110c1ae28c8a91e224c7c2e4e69627d68fa9c332ab0:   done           |[32m++++++++++++++++++++++++++++++++++++++[0m| 
layer-sha256:034d6572bf287fa79604fee9be062f0683809ae3a3685bc7b0e17bd1c48c50e8:    done           |[32m++++++++++++++++++++++++++++++++++++++[0m| 
layer-sha256:c8577ccb98d6af2b56cb43790454d142c1bfbee15c59b6b44c8278ca9b65baaa:    downloading    |[32m++++[0m----------------------------------|  1.8 GiB/14.0 GiB 
layer-sha256:dab186ad61c8543a52a8cb5cef310d98159eb6fe36eb2868bac2ab6ea985972b:    done           |[32m++++++++++++++++++++++++++++++++++++++[0m| 
elapsed: 4.5 s                                                                    total:  1.8 Gi (411.7 MiB/s)                                     
172.31.67.78:5000/model-ballast:A-14g:                                            resolved       |[32m++++++++++++++++++++++++++++++++++++++[0m| 
index-sha256:093fc1a5143440a3ba8cb6cdc582edbfe183ca86bdd4db3f165c170f18ddddf4:    done           |[32m++++++++++++++++++++++++++++++++++++++[0m| 
manifest-sha256:774ef59b0c94679c2695f0c05e2bc0b21d44f5d1339ab17b6e3323bf28d39f66: done           |[32m++++++++++++++++++++++++++++++++++++++[0m| 
manifest-sha256:d8cbd2948553ac2bc682b20626e09f9e897e31ea05ded4deff1ad81c79b3f2b4: done           |[32m++++++++++++++++++++++++++++++++++++++[0m| 
config-sha256:318f2319125641580710a110c1ae28c8a91e224c7c2e4e69627d68fa9c332ab0:   done           |[32m++++++++++++++++++++++++++++++++++++++[0m| 
layer-sha256:034d6572bf287fa79604fee9be062f0683809ae3a3685bc7b0e17bd1c48c50e8:    done           |[32m++++++++++++++++++++++++++++++++++++++[0m| 
layer-sha256:c8577ccb98d6af2b56cb43790454d142c1bfbee15c59b6b44c8278ca9b65baaa:    downloading    |[32m+++++[0m---------------------------------|  1.8 GiB/14.0 GiB 
layer-sha256:dab186ad61c8543a52a8cb5cef310d98159eb6fe36eb2868bac2ab6ea985972b:    done           |[32m++++++++++++++++++++++++++++++++++++++[0m| 
elapsed: 4.6 s                                                                    total:  1.8 Gi (411.7 MiB/s)                                     
172.31.67.78:5000/model-ballast:A-14g:                                            resolved       |[32m++++++++++++++++++++++++++++++++++++++[0m| 
index-sha256:093fc1a5143440a3ba8cb6cdc582edbfe183ca86bdd4db3f165c170f18ddddf4:    done           |[32m++++++++++++++++++++++++++++++++++++++[0m| 
manifest-sha256:774ef59b0c94679c2695f0c05e2bc0b21d44f5d1339ab17b6e3323bf28d39f66: done           |[32m++++++++++++++++++++++++++++++++++++++[0m| 
manifest-sha256:d8cbd2948553ac2bc682b20626e09f9e897e31ea05ded4deff1ad81c79b3f2b4: done           |[32m++++++++++++++++++++++++++++++++++++++[0m| 
config-sha256:318f2319125641580710a110c1ae28c8a91e224c7c2e4e69627d68fa9c332ab0:   done           |[32m++++++++++++++++++++++++++++++++++++++[0m| 
layer-sha256:034d6572bf287fa79604fee9be062f0683809ae3a3685bc7b0e17bd1c48c50e8:    done           |[32m++++++++++++++++++++++++++++++++++++++[0m| 
layer-sha256:c8577ccb98d6af2b56cb43790454d142c1bfbee15c59b6b44c8278ca9b65baaa:    downloading    |[32m+++++[0m---------------------------------|  1.9 GiB/14.0 GiB 
layer-sha256:dab186ad61c8543a52a8cb5cef310d98159eb6fe36eb2868bac2ab6ea985972b:    done           |[32m++++++++++++++++++++++++++++++++++++++[0m| 
elapsed: 4.7 s                                                                    total:  1.9 Gi (411.5 MiB/s)                                     
172.31.67.78:5000/model-ballast:A-14g:                                            resolved       |[32m++++++++++++++++++++++++++++++++++++++[0m| 
index-sha256:093fc1a5143440a3ba8cb6cdc582edbfe183ca86bdd4db3f165c170f18ddddf4:    done           |[32m++++++++++++++++++++++++++++++++++++++[0m| 
manifest-sha256:774ef59b0c94679c2695f0c05e2bc0b21d44f5d1339ab17b6e3323bf28d39f66: done           |[32m++++++++++++++++++++++++++++++++++++++[0m| 
manifest-sha256:d8cbd2948553ac2bc682b20626e09f9e897e31ea05ded4deff1ad81c79b3f2b4: done           |[32m++++++++++++++++++++++++++++++++++++++[0m| 
config-sha256:318f2319125641580710a110c1ae28c8a91e224c7c2e4e69627d68fa9c332ab0:   done           |[32m++++++++++++++++++++++++++++++++++++++[0m| 
layer-sha256:034d6572bf287fa79604fee9be062f0683809ae3a3685bc7b0e17bd1c48c50e8:    done           |[32m++++++++++++++++++++++++++++++++++++++[0m| 
layer-sha256:c8577ccb98d6af2b56cb43790454d142c1bfbee15c59b6b44c8278ca9b65baaa:    downloading    |[32m+++++[0m---------------------------------|  1.9 GiB/14.0 GiB 
layer-sha256:dab186ad61c8543a52a8cb5cef310d98159eb6fe36eb2868bac2ab6ea985972b:    done           |[32m++++++++++++++++++++++++++++++++++++++[0m| 
elapsed: 4.8 s                                                                    total:  1.9 Gi (411.2 MiB/s)                                     
172.31.67.78:5000/model-ballast:A-14g:                                            resolved       |[32m++++++++++++++++++++++++++++++++++++++[0m| 
index-sha256:093fc1a5143440a3ba8cb6cdc582edbfe183ca86bdd4db3f165c170f18ddddf4:    done           |[32m++++++++++++++++++++++++++++++++++++++[0m| 
manifest-sha256:774ef59b0c94679c2695f0c05e2bc0b21d44f5d1339ab17b6e3323bf28d39f66: done           |[32m++++++++++++++++++++++++++++++++++++++[0m| 
manifest-sha256:d8cbd2948553ac2bc682b20626e09f9e897e31ea05ded4deff1ad81c79b3f2b4: done           |[32m++++++++++++++++++++++++++++++++++++++[0m| 
config-sha256:318f2319125641580710a110c1ae28c8a91e224c7c2e4e69627d68fa9c332ab0:   done           |[32m++++++++++++++++++++++++++++++++++++++[0m| 
layer-sha256:034d6572bf287fa79604fee9be062f0683809ae3a3685bc7b0e17bd1c48c50e8:    done           |[32m++++++++++++++++++++++++++++++++++++++[0m| 
layer-sha256:c8577ccb98d6af2b56cb43790454d142c1bfbee15c59b6b44c8278ca9b65baaa:    downloading    |[32m+++++[0m---------------------------------|  2.0 GiB/14.0 GiB 
layer-sha256:dab186ad61c8543a52a8cb5cef310d98159eb6fe36eb2868bac2ab6ea985972b:    done           |[32m++++++++++++++++++++++++++++++++++++++[0m| 
elapsed: 4.9 s                                                                    total:  2.0 Gi (411.4 MiB/s)                                     
172.31.67.78:5000/model-ballast:A-14g:                                            resolved       |[32m++++++++++++++++++++++++++++++++++++++[0m| 
index-sha256:093fc1a5143440a3ba8cb6cdc582edbfe183ca86bdd4db3f165c170f18ddddf4:    done           |[32m++++++++++++++++++++++++++++++++++++++[0m| 
manifest-sha256:774ef59b0c94679c2695f0c05e2bc0b21d44f5d1339ab17b6e3323bf28d39f66: done           |[32m++++++++++++++++++++++++++++++++++++++[0m| 
manifest-sha256:d8cbd2948553ac2bc682b20626e09f9e897e31ea05ded4deff1ad81c79b3f2b4: done           |[32m++++++++++++++++++++++++++++++++++++++[0m| 
config-sha256:318f2319125641580710a110c1ae28c8a91e224c7c2e4e69627d68fa9c332ab0:   done           |[32m++++++++++++++++++++++++++++++++++++++[0m| 
layer-sha256:034d6572bf287fa79604fee9be062f0683809ae3a3685bc7b0e17bd1c48c50e8:    done           |[32m++++++++++++++++++++++++++++++++++++++[0m| 
layer-sha256:c8577ccb98d6af2b56cb43790454d142c1bfbee15c59b6b44c8278ca9b65baaa:    downloading    |[32m+++++[0m---------------------------------|  2.0 GiB/14.0 GiB 
layer-sha256:dab186ad61c8543a52a8cb5cef310d98159eb6fe36eb2868bac2ab6ea985972b:    done           |[32m++++++++++++++++++++++++++++++++++++++[0m| 
elapsed: 5.0 s                                                                    total:  2.0 Gi (411.6 MiB/s)                                     
172.31.67.78:5000/model-ballast:A-14g:                                            resolved       |[32m++++++++++++++++++++++++++++++++++++++[0m| 
index-sha256:093fc1a5143440a3ba8cb6cdc582edbfe183ca86bdd4db3f165c170f18ddddf4:    done           |[32m++++++++++++++++++++++++++++++++++++++[0m| 
manifest-sha256:774ef59b0c94679c2695f0c05e2bc0b21d44f5d1339ab17b6e3323bf28d39f66: done           |[32m++++++++++++++++++++++++++++++++++++++[0m| 
manifest-sha256:d8cbd2948553ac2bc682b20626e09f9e897e31ea05ded4deff1ad81c79b3f2b4: done           |[32m++++++++++++++++++++++++++++++++++++++[0m| 
config-sha256:318f2319125641580710a110c1ae28c8a91e224c7c2e4e69627d68fa9c332ab0:   done           |[32m++++++++++++++++++++++++++++++++++++++[0m| 
layer-sha256:034d6572bf287fa79604fee9be062f0683809ae3a3685bc7b0e17bd1c48c50e8:    done           |[32m++++++++++++++++++++++++++++++++++++++[0m| 
layer-sha256:c8577ccb98d6af2b56cb43790454d142c1bfbee15c59b6b44c8278ca9b65baaa:    downloading    |[32m+++++[0m---------------------------------|  2.0 GiB/14.0 GiB 
layer-sha256:dab186ad61c8543a52a8cb5cef310d98159eb6fe36eb2868bac2ab6ea985972b:    done           |[32m++++++++++++++++++++++++++++++++++++++[0m| 
elapsed: 5.1 s                                                                    total:  2.1 Gi (411.7 MiB/s)                                     
172.31.67.78:5000/model-ballast:A-14g:                                            resolved       |[32m++++++++++++++++++++++++++++++++++++++[0m| 
index-sha256:093fc1a5143440a3ba8cb6cdc582edbfe183ca86bdd4db3f165c170f18ddddf4:    done           |[32m++++++++++++++++++++++++++++++++++++++[0m| 
manifest-sha256:774ef59b0c94679c2695f0c05e2bc0b21d44f5d1339ab17b6e3323bf28d39f66: done           |[32m++++++++++++++++++++++++++++++++++++++[0m| 
manifest-sha256:d8cbd2948553ac2bc682b20626e09f9e897e31ea05ded4deff1ad81c79b3f2b4: done           |[32m++++++++++++++++++++++++++++++++++++++[0m| 
config-sha256:318f2319125641580710a110c1ae28c8a91e224c7c2e4e69627d68fa9c332ab0:   done           |[32m++++++++++++++++++++++++++++++++++++++[0m| 
layer-sha256:034d6572bf287fa79604fee9be062f0683809ae3a3685bc7b0e17bd1c48c50e8:    done           |[32m++++++++++++++++++++++++++++++++++++++[0m| 
layer-sha256:c8577ccb98d6af2b56cb43790454d142c1bfbee15c59b6b44c8278ca9b65baaa:    downloading    |[32m+++++[0m---------------------------------|  2.1 GiB/14.0 GiB 
layer-sha256:dab186ad61c8543a52a8cb5cef310d98159eb6fe36eb2868bac2ab6ea985972b:    done           |[32m++++++++++++++++++++++++++++++++++++++[0m| 
elapsed: 5.2 s                                                                    total:  2.1 Gi (411.9 MiB/s)                                     
172.31.67.78:5000/model-ballast:A-14g:                                            resolved       |[32m++++++++++++++++++++++++++++++++++++++[0m| 
index-sha256:093fc1a5143440a3ba8cb6cdc582edbfe183ca86bdd4db3f165c170f18ddddf4:    done           |[32m++++++++++++++++++++++++++++++++++++++[0m| 
manifest-sha256:774ef59b0c94679c2695f0c05e2bc0b21d44f5d1339ab17b6e3323bf28d39f66: done           |[32m++++++++++++++++++++++++++++++++++++++[0m| 
manifest-sha256:d8cbd2948553ac2bc682b20626e09f9e897e31ea05ded4deff1ad81c79b3f2b4: done           |[32m++++++++++++++++++++++++++++++++++++++[0m| 
config-sha256:318f2319125641580710a110c1ae28c8a91e224c7c2e4e69627d68fa9c332ab0:   done           |[32m++++++++++++++++++++++++++++++++++++++[0m| 
layer-sha256:034d6572bf287fa79604fee9be062f0683809ae3a3685bc7b0e17bd1c48c50e8:    done           |[32m++++++++++++++++++++++++++++++++++++++[0m| 
layer-sha256:c8577ccb98d6af2b56cb43790454d142c1bfbee15c59b6b44c8278ca9b65baaa:    downloading    |[32m+++++[0m---------------------------------|  2.1 GiB/14.0 GiB 
layer-sha256:dab186ad61c8543a52a8cb5cef310d98159eb6fe36eb2868bac2ab6ea985972b:    done           |[32m++++++++++++++++++++++++++++++++++++++[0m| 
elapsed: 5.3 s                                                                    total:  2.1 Gi (411.8 MiB/s)                                     
172.31.67.78:5000/model-ballast:A-14g:                                            resolved       |[32m++++++++++++++++++++++++++++++++++++++[0m| 
index-sha256:093fc1a5143440a3ba8cb6cdc582edbfe183ca86bdd4db3f165c170f18ddddf4:    done           |[32m++++++++++++++++++++++++++++++++++++++[0m| 
manifest-sha256:774ef59b0c94679c2695f0c05e2bc0b21d44f5d1339ab17b6e3323bf28d39f66: done           |[32m++++++++++++++++++++++++++++++++++++++[0m| 
manifest-sha256:d8cbd2948553ac2bc682b20626e09f9e897e31ea05ded4deff1ad81c79b3f2b4: done           |[32m++++++++++++++++++++++++++++++++++++++[0m| 
config-sha256:318f2319125641580710a110c1ae28c8a91e224c7c2e4e69627d68fa9c332ab0:   done           |[32m++++++++++++++++++++++++++++++++++++++[0m| 
layer-sha256:034d6572bf287fa79604fee9be062f0683809ae3a3685bc7b0e17bd1c48c50e8:    done           |[32m++++++++++++++++++++++++++++++++++++++[0m| 
layer-sha256:c8577ccb98d6af2b56cb43790454d142c1bfbee15c59b6b44c8278ca9b65baaa:    downloading    |[32m+++++[0m---------------------------------|  2.2 GiB/14.0 GiB 
layer-sha256:dab186ad61c8543a52a8cb5cef310d98159eb6fe36eb2868bac2ab6ea985972b:    done           |[32m++++++++++++++++++++++++++++++++++++++[0m| 
elapsed: 5.4 s                                                                    total:  2.2 Gi (412.0 MiB/s)                                     
172.31.67.78:5000/model-ballast:A-14g:                                            resolved       |[32m++++++++++++++++++++++++++++++++++++++[0m| 
index-sha256:093fc1a5143440a3ba8cb6cdc582edbfe183ca86bdd4db3f165c170f18ddddf4:    done           |[32m++++++++++++++++++++++++++++++++++++++[0m| 
manifest-sha256:774ef59b0c94679c2695f0c05e2bc0b21d44f5d1339ab17b6e3323bf28d39f66: done           |[32m++++++++++++++++++++++++++++++++++++++[0m| 
manifest-sha256:d8cbd2948553ac2bc682b20626e09f9e897e31ea05ded4deff1ad81c79b3f2b4: done           |[32m++++++++++++++++++++++++++++++++++++++[0m| 
config-sha256:318f2319125641580710a110c1ae28c8a91e224c7c2e4e69627d68fa9c332ab0:   done           |[32m++++++++++++++++++++++++++++++++++++++[0m| 
layer-sha256:034d6572bf287fa79604fee9be062f0683809ae3a3685bc7b0e17bd1c48c50e8:    done           |[32m++++++++++++++++++++++++++++++++++++++[0m| 
layer-sha256:c8577ccb98d6af2b56cb43790454d142c1bfbee15c59b6b44c8278ca9b65baaa:    downloading    |[32m++++++[0m--------------------------------|  2.2 GiB/14.0 GiB 
layer-sha256:dab186ad61c8543a52a8cb5cef310d98159eb6fe36eb2868bac2ab6ea985972b:    done           |[32m++++++++++++++++++++++++++++++++++++++[0m| 
elapsed: 5.5 s                                                                    total:  2.2 Gi (412.1 MiB/s)                                     
172.31.67.78:5000/model-ballast:A-14g:                                            resolved       |[32m++++++++++++++++++++++++++++++++++++++[0m| 
index-sha256:093fc1a5143440a3ba8cb6cdc582edbfe183ca86bdd4db3f165c170f18ddddf4:    done           |[32m++++++++++++++++++++++++++++++++++++++[0m| 
manifest-sha256:774ef59b0c94679c2695f0c05e2bc0b21d44f5d1339ab17b6e3323bf28d39f66: done           |[32m++++++++++++++++++++++++++++++++++++++[0m| 
manifest-sha256:d8cbd2948553ac2bc682b20626e09f9e897e31ea05ded4deff1ad81c79b3f2b4: done           |[32m++++++++++++++++++++++++++++++++++++++[0m| 
config-sha256:318f2319125641580710a110c1ae28c8a91e224c7c2e4e69627d68fa9c332ab0:   done           |[32m++++++++++++++++++++++++++++++++++++++[0m| 
layer-sha256:034d6572bf287fa79604fee9be062f0683809ae3a3685bc7b0e17bd1c48c50e8:    done           |[32m++++++++++++++++++++++++++++++++++++++[0m| 
layer-sha256:c8577ccb98d6af2b56cb43790454d142c1bfbee15c59b6b44c8278ca9b65baaa:    downloading    |[32m++++++[0m--------------------------------|  2.3 GiB/14.0 GiB 
layer-sha256:dab186ad61c8543a52a8cb5cef310d98159eb6fe36eb2868bac2ab6ea985972b:    done           |[32m++++++++++++++++++++++++++++++++++++++[0m| 
elapsed: 5.6 s                                                                    total:  2.3 Gi (412.1 MiB/s)                                     
172.31.67.78:5000/model-ballast:A-14g:                                            resolved       |[32m++++++++++++++++++++++++++++++++++++++[0m| 
index-sha256:093fc1a5143440a3ba8cb6cdc582edbfe183ca86bdd4db3f165c170f18ddddf4:    done           |[32m++++++++++++++++++++++++++++++++++++++[0m| 
manifest-sha256:774ef59b0c94679c2695f0c05e2bc0b21d44f5d1339ab17b6e3323bf28d39f66: done           |[32m++++++++++++++++++++++++++++++++++++++[0m| 
manifest-sha256:d8cbd2948553ac2bc682b20626e09f9e897e31ea05ded4deff1ad81c79b3f2b4: done           |[32m++++++++++++++++++++++++++++++++++++++[0m| 
config-sha256:318f2319125641580710a110c1ae28c8a91e224c7c2e4e69627d68fa9c332ab0:   done           |[32m++++++++++++++++++++++++++++++++++++++[0m| 
layer-sha256:034d6572bf287fa79604fee9be062f0683809ae3a3685bc7b0e17bd1c48c50e8:    done           |[32m++++++++++++++++++++++++++++++++++++++[0m| 
layer-sha256:c8577ccb98d6af2b56cb43790454d142c1bfbee15c59b6b44c8278ca9b65baaa:    downloading    |[32m++++++[0m--------------------------------|  2.3 GiB/14.0 GiB 
layer-sha256:dab186ad61c8543a52a8cb5cef310d98159eb6fe36eb2868bac2ab6ea985972b:    done           |[32m++++++++++++++++++++++++++++++++++++++[0m| 
elapsed: 5.7 s                                                                    total:  2.3 Gi (412.0 MiB/s)                                     
172.31.67.78:5000/model-ballast:A-14g:                                            resolved       |[32m++++++++++++++++++++++++++++++++++++++[0m| 
index-sha256:093fc1a5143440a3ba8cb6cdc582edbfe183ca86bdd4db3f165c170f18ddddf4:    done           |[32m++++++++++++++++++++++++++++++++++++++[0m| 
manifest-sha256:774ef59b0c94679c2695f0c05e2bc0b21d44f5d1339ab17b6e3323bf28d39f66: done           |[32m++++++++++++++++++++++++++++++++++++++[0m| 
manifest-sha256:d8cbd2948553ac2bc682b20626e09f9e897e31ea05ded4deff1ad81c79b3f2b4: done           |[32m++++++++++++++++++++++++++++++++++++++[0m| 
config-sha256:318f2319125641580710a110c1ae28c8a91e224c7c2e4e69627d68fa9c332ab0:   done           |[32m++++++++++++++++++++++++++++++++++++++[0m| 
layer-sha256:034d6572bf287fa79604fee9be062f0683809ae3a3685bc7b0e17bd1c48c50e8:    done           |[32m++++++++++++++++++++++++++++++++++++++[0m| 
layer-sha256:c8577ccb98d6af2b56cb43790454d142c1bfbee15c59b6b44c8278ca9b65baaa:    downloading    |[32m++++++[0m--------------------------------|  2.3 GiB/14.0 GiB 
layer-sha256:dab186ad61c8543a52a8cb5cef310d98159eb6fe36eb2868bac2ab6ea985972b:    done           |[32m++++++++++++++++++++++++++++++++++++++[0m| 
elapsed: 5.8 s                                                                    total:  2.3 Gi (411.9 MiB/s)                                     
172.31.67.78:5000/model-ballast:A-14g:                                            resolved       |[32m++++++++++++++++++++++++++++++++++++++[0m| 
index-sha256:093fc1a5143440a3ba8cb6cdc582edbfe183ca86bdd4db3f165c170f18ddddf4:    done           |[32m++++++++++++++++++++++++++++++++++++++[0m| 
manifest-sha256:774ef59b0c94679c2695f0c05e2bc0b21d44f5d1339ab17b6e3323bf28d39f66: done           |[32m++++++++++++++++++++++++++++++++++++++[0m| 
manifest-sha256:d8cbd2948553ac2bc682b20626e09f9e897e31ea05ded4deff1ad81c79b3f2b4: done           |[32m++++++++++++++++++++++++++++++++++++++[0m| 
config-sha256:318f2319125641580710a110c1ae28c8a91e224c7c2e4e69627d68fa9c332ab0:   done           |[32m++++++++++++++++++++++++++++++++++++++[0m| 
layer-sha256:034d6572bf287fa79604fee9be062f0683809ae3a3685bc7b0e17bd1c48c50e8:    done           |[32m++++++++++++++++++++++++++++++++++++++[0m| 
layer-sha256:c8577ccb98d6af2b56cb43790454d142c1bfbee15c59b6b44c8278ca9b65baaa:    downloading    |[32m++++++[0m--------------------------------|  2.4 GiB/14.0 GiB 
layer-sha256:dab186ad61c8543a52a8cb5cef310d98159eb6fe36eb2868bac2ab6ea985972b:    done           |[32m++++++++++++++++++++++++++++++++++++++[0m| 
elapsed: 5.9 s                                                                    total:  2.4 Gi (412.1 MiB/s)                                     
172.31.67.78:5000/model-ballast:A-14g:                                            resolved       |[32m++++++++++++++++++++++++++++++++++++++[0m| 
index-sha256:093fc1a5143440a3ba8cb6cdc582edbfe183ca86bdd4db3f165c170f18ddddf4:    done           |[32m++++++++++++++++++++++++++++++++++++++[0m| 
manifest-sha256:774ef59b0c94679c2695f0c05e2bc0b21d44f5d1339ab17b6e3323bf28d39f66: done           |[32m++++++++++++++++++++++++++++++++++++++[0m| 
manifest-sha256:d8cbd2948553ac2bc682b20626e09f9e897e31ea05ded4deff1ad81c79b3f2b4: done           |[32m++++++++++++++++++++++++++++++++++++++[0m| 
config-sha256:318f2319125641580710a110c1ae28c8a91e224c7c2e4e69627d68fa9c332ab0:   done           |[32m++++++++++++++++++++++++++++++++++++++[0m| 
layer-sha256:034d6572bf287fa79604fee9be062f0683809ae3a3685bc7b0e17bd1c48c50e8:    done           |[32m++++++++++++++++++++++++++++++++++++++[0m| 
layer-sha256:c8577ccb98d6af2b56cb43790454d142c1bfbee15c59b6b44c8278ca9b65baaa:    downloading    |[32m++++++[0m--------------------------------|  2.4 GiB/14.0 GiB 
layer-sha256:dab186ad61c8543a52a8cb5cef310d98159eb6fe36eb2868bac2ab6ea985972b:    done           |[32m++++++++++++++++++++++++++++++++++++++[0m| 
elapsed: 6.0 s                                                                    total:  2.4 Gi (412.1 MiB/s)                                     
172.31.67.78:5000/model-ballast:A-14g:                                            resolved       |[32m++++++++++++++++++++++++++++++++++++++[0m| 
index-sha256:093fc1a5143440a3ba8cb6cdc582edbfe183ca86bdd4db3f165c170f18ddddf4:    done           |[32m++++++++++++++++++++++++++++++++++++++[0m| 
manifest-sha256:774ef59b0c94679c2695f0c05e2bc0b21d44f5d1339ab17b6e3323bf28d39f66: done           |[32m++++++++++++++++++++++++++++++++++++++[0m| 
manifest-sha256:d8cbd2948553ac2bc682b20626e09f9e897e31ea05ded4deff1ad81c79b3f2b4: done           |[32m++++++++++++++++++++++++++++++++++++++[0m| 
config-sha256:318f2319125641580710a110c1ae28c8a91e224c7c2e4e69627d68fa9c332ab0:   done           |[32m++++++++++++++++++++++++++++++++++++++[0m| 
layer-sha256:034d6572bf287fa79604fee9be062f0683809ae3a3685bc7b0e17bd1c48c50e8:    done           |[32m++++++++++++++++++++++++++++++++++++++[0m| 
layer-sha256:c8577ccb98d6af2b56cb43790454d142c1bfbee15c59b6b44c8278ca9b65baaa:    downloading    |[32m++++++[0m--------------------------------|  2.5 GiB/14.0 GiB 
layer-sha256:dab186ad61c8543a52a8cb5cef310d98159eb6fe36eb2868bac2ab6ea985972b:    done           |[32m++++++++++++++++++++++++++++++++++++++[0m| 
elapsed: 6.1 s                                                                    total:  2.5 Gi (412.1 MiB/s)                                     
172.31.67.78:5000/model-ballast:A-14g:                                            resolved       |[32m++++++++++++++++++++++++++++++++++++++[0m| 
index-sha256:093fc1a5143440a3ba8cb6cdc582edbfe183ca86bdd4db3f165c170f18ddddf4:    done           |[32m++++++++++++++++++++++++++++++++++++++[0m| 
manifest-sha256:774ef59b0c94679c2695f0c05e2bc0b21d44f5d1339ab17b6e3323bf28d39f66: done           |[32m++++++++++++++++++++++++++++++++++++++[0m| 
manifest-sha256:d8cbd2948553ac2bc682b20626e09f9e897e31ea05ded4deff1ad81c79b3f2b4: done           |[32m++++++++++++++++++++++++++++++++++++++[0m| 
config-sha256:318f2319125641580710a110c1ae28c8a91e224c7c2e4e69627d68fa9c332ab0:   done           |[32m++++++++++++++++++++++++++++++++++++++[0m| 
layer-sha256:034d6572bf287fa79604fee9be062f0683809ae3a3685bc7b0e17bd1c48c50e8:    done           |[32m++++++++++++++++++++++++++++++++++++++[0m| 
layer-sha256:c8577ccb98d6af2b56cb43790454d142c1bfbee15c59b6b44c8278ca9b65baaa:    downloading    |[32m++++++[0m--------------------------------|  2.5 GiB/14.0 GiB 
layer-sha256:dab186ad61c8543a52a8cb5cef310d98159eb6fe36eb2868bac2ab6ea985972b:    done           |[32m++++++++++++++++++++++++++++++++++++++[0m| 
elapsed: 6.2 s                                                                    total:  2.5 Gi (412.5 MiB/s)                                     
172.31.67.78:5000/model-ballast:A-14g:                                            resolved       |[32m++++++++++++++++++++++++++++++++++++++[0m| 
index-sha256:093fc1a5143440a3ba8cb6cdc582edbfe183ca86bdd4db3f165c170f18ddddf4:    done           |[32m++++++++++++++++++++++++++++++++++++++[0m| 
manifest-sha256:774ef59b0c94679c2695f0c05e2bc0b21d44f5d1339ab17b6e3323bf28d39f66: done           |[32m++++++++++++++++++++++++++++++++++++++[0m| 
manifest-sha256:d8cbd2948553ac2bc682b20626e09f9e897e31ea05ded4deff1ad81c79b3f2b4: done           |[32m++++++++++++++++++++++++++++++++++++++[0m| 
config-sha256:318f2319125641580710a110c1ae28c8a91e224c7c2e4e69627d68fa9c332ab0:   done           |[32m++++++++++++++++++++++++++++++++++++++[0m| 
layer-sha256:034d6572bf287fa79604fee9be062f0683809ae3a3685bc7b0e17bd1c48c50e8:    done           |[32m++++++++++++++++++++++++++++++++++++++[0m| 
layer-sha256:c8577ccb98d6af2b56cb43790454d142c1bfbee15c59b6b44c8278ca9b65baaa:    downloading    |[32m++++++[0m--------------------------------|  2.5 GiB/14.0 GiB 
layer-sha256:dab186ad61c8543a52a8cb5cef310d98159eb6fe36eb2868bac2ab6ea985972b:    done           |[32m++++++++++++++++++++++++++++++++++++++[0m| 
elapsed: 6.3 s                                                                    total:  2.5 Gi (412.2 MiB/s)                                     
172.31.67.78:5000/model-ballast:A-14g:                                            resolved       |[32m++++++++++++++++++++++++++++++++++++++[0m| 
index-sha256:093fc1a5143440a3ba8cb6cdc582edbfe183ca86bdd4db3f165c170f18ddddf4:    done           |[32m++++++++++++++++++++++++++++++++++++++[0m| 
manifest-sha256:774ef59b0c94679c2695f0c05e2bc0b21d44f5d1339ab17b6e3323bf28d39f66: done           |[32m++++++++++++++++++++++++++++++++++++++[0m| 
manifest-sha256:d8cbd2948553ac2bc682b20626e09f9e897e31ea05ded4deff1ad81c79b3f2b4: done           |[32m++++++++++++++++++++++++++++++++++++++[0m| 
config-sha256:318f2319125641580710a110c1ae28c8a91e224c7c2e4e69627d68fa9c332ab0:   done           |[32m++++++++++++++++++++++++++++++++++++++[0m| 
layer-sha256:034d6572bf287fa79604fee9be062f0683809ae3a3685bc7b0e17bd1c48c50e8:    done           |[32m++++++++++++++++++++++++++++++++++++++[0m| 
layer-sha256:c8577ccb98d6af2b56cb43790454d142c1bfbee15c59b6b44c8278ca9b65baaa:    downloading    |[32m++++++[0m--------------------------------|  2.6 GiB/14.0 GiB 
layer-sha256:dab186ad61c8543a52a8cb5cef310d98159eb6fe36eb2868bac2ab6ea985972b:    done           |[32m++++++++++++++++++++++++++++++++++++++[0m| 
elapsed: 6.4 s                                                                    total:  2.6 Gi (412.0 MiB/s)                                     
172.31.67.78:5000/model-ballast:A-14g:                                            resolved       |[32m++++++++++++++++++++++++++++++++++++++[0m| 
index-sha256:093fc1a5143440a3ba8cb6cdc582edbfe183ca86bdd4db3f165c170f18ddddf4:    done           |[32m++++++++++++++++++++++++++++++++++++++[0m| 
manifest-sha256:774ef59b0c94679c2695f0c05e2bc0b21d44f5d1339ab17b6e3323bf28d39f66: done           |[32m++++++++++++++++++++++++++++++++++++++[0m| 
manifest-sha256:d8cbd2948553ac2bc682b20626e09f9e897e31ea05ded4deff1ad81c79b3f2b4: done           |[32m++++++++++++++++++++++++++++++++++++++[0m| 
config-sha256:318f2319125641580710a110c1ae28c8a91e224c7c2e4e69627d68fa9c332ab0:   done           |[32m++++++++++++++++++++++++++++++++++++++[0m| 
layer-sha256:034d6572bf287fa79604fee9be062f0683809ae3a3685bc7b0e17bd1c48c50e8:    done           |[32m++++++++++++++++++++++++++++++++++++++[0m| 
layer-sha256:c8577ccb98d6af2b56cb43790454d142c1bfbee15c59b6b44c8278ca9b65baaa:    downloading    |[32m+++++++[0m-------------------------------|  2.6 GiB/14.0 GiB 
layer-sha256:dab186ad61c8543a52a8cb5cef310d98159eb6fe36eb2868bac2ab6ea985972b:    done           |[32m++++++++++++++++++++++++++++++++++++++[0m| 
elapsed: 6.5 s                                                                    total:  2.6 Gi (412.1 MiB/s)                                     
172.31.67.78:5000/model-ballast:A-14g:                                            resolved       |[32m++++++++++++++++++++++++++++++++++++++[0m| 
index-sha256:093fc1a5143440a3ba8cb6cdc582edbfe183ca86bdd4db3f165c170f18ddddf4:    done           |[32m++++++++++++++++++++++++++++++++++++++[0m| 
manifest-sha256:774ef59b0c94679c2695f0c05e2bc0b21d44f5d1339ab17b6e3323bf28d39f66: done           |[32m++++++++++++++++++++++++++++++++++++++[0m| 
manifest-sha256:d8cbd2948553ac2bc682b20626e09f9e897e31ea05ded4deff1ad81c79b3f2b4: done           |[32m++++++++++++++++++++++++++++++++++++++[0m| 
config-sha256:318f2319125641580710a110c1ae28c8a91e224c7c2e4e69627d68fa9c332ab0:   done           |[32m++++++++++++++++++++++++++++++++++++++[0m| 
layer-sha256:034d6572bf287fa79604fee9be062f0683809ae3a3685bc7b0e17bd1c48c50e8:    done           |[32m++++++++++++++++++++++++++++++++++++++[0m| 
layer-sha256:c8577ccb98d6af2b56cb43790454d142c1bfbee15c59b6b44c8278ca9b65baaa:    downloading    |[32m+++++++[0m-------------------------------|  2.7 GiB/14.0 GiB 
layer-sha256:dab186ad61c8543a52a8cb5cef310d98159eb6fe36eb2868bac2ab6ea985972b:    done           |[32m++++++++++++++++++++++++++++++++++++++[0m| 
elapsed: 6.6 s                                                                    total:  2.7 Gi (412.2 MiB/s)                                     
172.31.67.78:5000/model-ballast:A-14g:                                            resolved       |[32m++++++++++++++++++++++++++++++++++++++[0m| 
index-sha256:093fc1a5143440a3ba8cb6cdc582edbfe183ca86bdd4db3f165c170f18ddddf4:    done           |[32m++++++++++++++++++++++++++++++++++++++[0m| 
manifest-sha256:774ef59b0c94679c2695f0c05e2bc0b21d44f5d1339ab17b6e3323bf28d39f66: done           |[32m++++++++++++++++++++++++++++++++++++++[0m| 
manifest-sha256:d8cbd2948553ac2bc682b20626e09f9e897e31ea05ded4deff1ad81c79b3f2b4: done           |[32m++++++++++++++++++++++++++++++++++++++[0m| 
config-sha256:318f2319125641580710a110c1ae28c8a91e224c7c2e4e69627d68fa9c332ab0:   done           |[32m++++++++++++++++++++++++++++++++++++++[0m| 
layer-sha256:034d6572bf287fa79604fee9be062f0683809ae3a3685bc7b0e17bd1c48c50e8:    done           |[32m++++++++++++++++++++++++++++++++++++++[0m| 
layer-sha256:c8577ccb98d6af2b56cb43790454d142c1bfbee15c59b6b44c8278ca9b65baaa:    downloading    |[32m+++++++[0m-------------------------------|  2.7 GiB/14.0 GiB 
layer-sha256:dab186ad61c8543a52a8cb5cef310d98159eb6fe36eb2868bac2ab6ea985972b:    done           |[32m++++++++++++++++++++++++++++++++++++++[0m| 
elapsed: 6.7 s                                                                    total:  2.7 Gi (412.1 MiB/s)                                     
172.31.67.78:5000/model-ballast:A-14g:                                            resolved       |[32m++++++++++++++++++++++++++++++++++++++[0m| 
index-sha256:093fc1a5143440a3ba8cb6cdc582edbfe183ca86bdd4db3f165c170f18ddddf4:    done           |[32m++++++++++++++++++++++++++++++++++++++[0m| 
manifest-sha256:774ef59b0c94679c2695f0c05e2bc0b21d44f5d1339ab17b6e3323bf28d39f66: done           |[32m++++++++++++++++++++++++++++++++++++++[0m| 
manifest-sha256:d8cbd2948553ac2bc682b20626e09f9e897e31ea05ded4deff1ad81c79b3f2b4: done           |[32m++++++++++++++++++++++++++++++++++++++[0m| 
config-sha256:318f2319125641580710a110c1ae28c8a91e224c7c2e4e69627d68fa9c332ab0:   done           |[32m++++++++++++++++++++++++++++++++++++++[0m| 
layer-sha256:034d6572bf287fa79604fee9be062f0683809ae3a3685bc7b0e17bd1c48c50e8:    done           |[32m++++++++++++++++++++++++++++++++++++++[0m| 
layer-sha256:c8577ccb98d6af2b56cb43790454d142c1bfbee15c59b6b44c8278ca9b65baaa:    downloading    |[32m+++++++[0m-------------------------------|  2.7 GiB/14.0 GiB 
layer-sha256:dab186ad61c8543a52a8cb5cef310d98159eb6fe36eb2868bac2ab6ea985972b:    done           |[32m++++++++++++++++++++++++++++++++++++++[0m| 
elapsed: 6.8 s                                                                    total:  2.7 Gi (412.0 MiB/s)                                     
172.31.67.78:5000/model-ballast:A-14g:                                            resolved       |[32m++++++++++++++++++++++++++++++++++++++[0m| 
index-sha256:093fc1a5143440a3ba8cb6cdc582edbfe183ca86bdd4db3f165c170f18ddddf4:    done           |[32m++++++++++++++++++++++++++++++++++++++[0m| 
manifest-sha256:774ef59b0c94679c2695f0c05e2bc0b21d44f5d1339ab17b6e3323bf28d39f66: done           |[32m++++++++++++++++++++++++++++++++++++++[0m| 
manifest-sha256:d8cbd2948553ac2bc682b20626e09f9e897e31ea05ded4deff1ad81c79b3f2b4: done           |[32m++++++++++++++++++++++++++++++++++++++[0m| 
config-sha256:318f2319125641580710a110c1ae28c8a91e224c7c2e4e69627d68fa9c332ab0:   done           |[32m++++++++++++++++++++++++++++++++++++++[0m| 
layer-sha256:034d6572bf287fa79604fee9be062f0683809ae3a3685bc7b0e17bd1c48c50e8:    done           |[32m++++++++++++++++++++++++++++++++++++++[0m| 
layer-sha256:c8577ccb98d6af2b56cb43790454d142c1bfbee15c59b6b44c8278ca9b65baaa:    downloading    |[32m+++++++[0m-------------------------------|  2.8 GiB/14.0 GiB 
layer-sha256:dab186ad61c8543a52a8cb5cef310d98159eb6fe36eb2868bac2ab6ea985972b:    done           |[32m++++++++++++++++++++++++++++++++++++++[0m| 
elapsed: 6.9 s                                                                    total:  2.8 Gi (411.8 MiB/s)                                     
172.31.67.78:5000/model-ballast:A-14g:                                            resolved       |[32m++++++++++++++++++++++++++++++++++++++[0m| 
index-sha256:093fc1a5143440a3ba8cb6cdc582edbfe183ca86bdd4db3f165c170f18ddddf4:    done           |[32m++++++++++++++++++++++++++++++++++++++[0m| 
manifest-sha256:774ef59b0c94679c2695f0c05e2bc0b21d44f5d1339ab17b6e3323bf28d39f66: done           |[32m++++++++++++++++++++++++++++++++++++++[0m| 
manifest-sha256:d8cbd2948553ac2bc682b20626e09f9e897e31ea05ded4deff1ad81c79b3f2b4: done           |[32m++++++++++++++++++++++++++++++++++++++[0m| 
config-sha256:318f2319125641580710a110c1ae28c8a91e224c7c2e4e69627d68fa9c332ab0:   done           |[32m++++++++++++++++++++++++++++++++++++++[0m| 
layer-sha256:034d6572bf287fa79604fee9be062f0683809ae3a3685bc7b0e17bd1c48c50e8:    done           |[32m++++++++++++++++++++++++++++++++++++++[0m| 
layer-sha256:c8577ccb98d6af2b56cb43790454d142c1bfbee15c59b6b44c8278ca9b65baaa:    downloading    |[32m+++++++[0m-------------------------------|  2.8 GiB/14.0 GiB 
layer-sha256:dab186ad61c8543a52a8cb5cef310d98159eb6fe36eb2868bac2ab6ea985972b:    done           |[32m++++++++++++++++++++++++++++++++++++++[0m| 
elapsed: 7.0 s                                                                    total:  2.8 Gi (411.9 MiB/s)                                     
172.31.67.78:5000/model-ballast:A-14g:                                            resolved       |[32m++++++++++++++++++++++++++++++++++++++[0m| 
index-sha256:093fc1a5143440a3ba8cb6cdc582edbfe183ca86bdd4db3f165c170f18ddddf4:    done           |[32m++++++++++++++++++++++++++++++++++++++[0m| 
manifest-sha256:774ef59b0c94679c2695f0c05e2bc0b21d44f5d1339ab17b6e3323bf28d39f66: done           |[32m++++++++++++++++++++++++++++++++++++++[0m| 
manifest-sha256:d8cbd2948553ac2bc682b20626e09f9e897e31ea05ded4deff1ad81c79b3f2b4: done           |[32m++++++++++++++++++++++++++++++++++++++[0m| 
config-sha256:318f2319125641580710a110c1ae28c8a91e224c7c2e4e69627d68fa9c332ab0:   done           |[32m++++++++++++++++++++++++++++++++++++++[0m| 
layer-sha256:034d6572bf287fa79604fee9be062f0683809ae3a3685bc7b0e17bd1c48c50e8:    done           |[32m++++++++++++++++++++++++++++++++++++++[0m| 
layer-sha256:c8577ccb98d6af2b56cb43790454d142c1bfbee15c59b6b44c8278ca9b65baaa:    downloading    |[32m+++++++[0m-------------------------------|  2.9 GiB/14.0 GiB 
layer-sha256:dab186ad61c8543a52a8cb5cef310d98159eb6fe36eb2868bac2ab6ea985972b:    done           |[32m++++++++++++++++++++++++++++++++++++++[0m| 
elapsed: 7.1 s                                                                    total:  2.9 Gi (411.9 MiB/s)                                     
172.31.67.78:5000/model-ballast:A-14g:                                            resolved       |[32m++++++++++++++++++++++++++++++++++++++[0m| 
index-sha256:093fc1a5143440a3ba8cb6cdc582edbfe183ca86bdd4db3f165c170f18ddddf4:    done           |[32m++++++++++++++++++++++++++++++++++++++[0m| 
manifest-sha256:774ef59b0c94679c2695f0c05e2bc0b21d44f5d1339ab17b6e3323bf28d39f66: done           |[32m++++++++++++++++++++++++++++++++++++++[0m| 
manifest-sha256:d8cbd2948553ac2bc682b20626e09f9e897e31ea05ded4deff1ad81c79b3f2b4: done           |[32m++++++++++++++++++++++++++++++++++++++[0m| 
config-sha256:318f2319125641580710a110c1ae28c8a91e224c7c2e4e69627d68fa9c332ab0:   done           |[32m++++++++++++++++++++++++++++++++++++++[0m| 
layer-sha256:034d6572bf287fa79604fee9be062f0683809ae3a3685bc7b0e17bd1c48c50e8:    done           |[32m++++++++++++++++++++++++++++++++++++++[0m| 
layer-sha256:c8577ccb98d6af2b56cb43790454d142c1bfbee15c59b6b44c8278ca9b65baaa:    downloading    |[32m+++++++[0m-------------------------------|  2.9 GiB/14.0 GiB 
layer-sha256:dab186ad61c8543a52a8cb5cef310d98159eb6fe36eb2868bac2ab6ea985972b:    done           |[32m++++++++++++++++++++++++++++++++++++++[0m| 
elapsed: 7.2 s                                                                    total:  2.9 Gi (412.1 MiB/s)                                     
172.31.67.78:5000/model-ballast:A-14g:                                            resolved       |[32m++++++++++++++++++++++++++++++++++++++[0m| 
index-sha256:093fc1a5143440a3ba8cb6cdc582edbfe183ca86bdd4db3f165c170f18ddddf4:    done           |[32m++++++++++++++++++++++++++++++++++++++[0m| 
manifest-sha256:774ef59b0c94679c2695f0c05e2bc0b21d44f5d1339ab17b6e3323bf28d39f66: done           |[32m++++++++++++++++++++++++++++++++++++++[0m| 
manifest-sha256:d8cbd2948553ac2bc682b20626e09f9e897e31ea05ded4deff1ad81c79b3f2b4: done           |[32m++++++++++++++++++++++++++++++++++++++[0m| 
config-sha256:318f2319125641580710a110c1ae28c8a91e224c7c2e4e69627d68fa9c332ab0:   done           |[32m++++++++++++++++++++++++++++++++++++++[0m| 
layer-sha256:034d6572bf287fa79604fee9be062f0683809ae3a3685bc7b0e17bd1c48c50e8:    done           |[32m++++++++++++++++++++++++++++++++++++++[0m| 
layer-sha256:c8577ccb98d6af2b56cb43790454d142c1bfbee15c59b6b44c8278ca9b65baaa:    downloading    |[32m+++++++[0m-------------------------------|  2.9 GiB/14.0 GiB 
layer-sha256:dab186ad61c8543a52a8cb5cef310d98159eb6fe36eb2868bac2ab6ea985972b:    done           |[32m++++++++++++++++++++++++++++++++++++++[0m| 
elapsed: 7.3 s                                                                    total:  2.9 Gi (412.2 MiB/s)                                     
172.31.67.78:5000/model-ballast:A-14g:                                            resolved       |[32m++++++++++++++++++++++++++++++++++++++[0m| 
index-sha256:093fc1a5143440a3ba8cb6cdc582edbfe183ca86bdd4db3f165c170f18ddddf4:    done           |[32m++++++++++++++++++++++++++++++++++++++[0m| 
manifest-sha256:774ef59b0c94679c2695f0c05e2bc0b21d44f5d1339ab17b6e3323bf28d39f66: done           |[32m++++++++++++++++++++++++++++++++++++++[0m| 
manifest-sha256:d8cbd2948553ac2bc682b20626e09f9e897e31ea05ded4deff1ad81c79b3f2b4: done           |[32m++++++++++++++++++++++++++++++++++++++[0m| 
config-sha256:318f2319125641580710a110c1ae28c8a91e224c7c2e4e69627d68fa9c332ab0:   done           |[32m++++++++++++++++++++++++++++++++++++++[0m| 
layer-sha256:034d6572bf287fa79604fee9be062f0683809ae3a3685bc7b0e17bd1c48c50e8:    done           |[32m++++++++++++++++++++++++++++++++++++++[0m| 
layer-sha256:c8577ccb98d6af2b56cb43790454d142c1bfbee15c59b6b44c8278ca9b65baaa:    downloading    |[32m++++++++[0m------------------------------|  3.0 GiB/14.0 GiB 
layer-sha256:dab186ad61c8543a52a8cb5cef310d98159eb6fe36eb2868bac2ab6ea985972b:    done           |[32m++++++++++++++++++++++++++++++++++++++[0m| 
elapsed: 7.4 s                                                                    total:  3.0 Gi (412.1 MiB/s)                                     
172.31.67.78:5000/model-ballast:A-14g:                                            resolved       |[32m++++++++++++++++++++++++++++++++++++++[0m| 
index-sha256:093fc1a5143440a3ba8cb6cdc582edbfe183ca86bdd4db3f165c170f18ddddf4:    done           |[32m++++++++++++++++++++++++++++++++++++++[0m| 
manifest-sha256:774ef59b0c94679c2695f0c05e2bc0b21d44f5d1339ab17b6e3323bf28d39f66: done           |[32m++++++++++++++++++++++++++++++++++++++[0m| 
manifest-sha256:d8cbd2948553ac2bc682b20626e09f9e897e31ea05ded4deff1ad81c79b3f2b4: done           |[32m++++++++++++++++++++++++++++++++++++++[0m| 
config-sha256:318f2319125641580710a110c1ae28c8a91e224c7c2e4e69627d68fa9c332ab0:   done           |[32m++++++++++++++++++++++++++++++++++++++[0m| 
layer-sha256:034d6572bf287fa79604fee9be062f0683809ae3a3685bc7b0e17bd1c48c50e8:    done           |[32m++++++++++++++++++++++++++++++++++++++[0m| 
layer-sha256:c8577ccb98d6af2b56cb43790454d142c1bfbee15c59b6b44c8278ca9b65baaa:    downloading    |[32m++++++++[0m------------------------------|  3.0 GiB/14.0 GiB 
layer-sha256:dab186ad61c8543a52a8cb5cef310d98159eb6fe36eb2868bac2ab6ea985972b:    done           |[32m++++++++++++++++++++++++++++++++++++++[0m| 
elapsed: 7.5 s                                                                    total:  3.0 Gi (412.3 MiB/s)                                     
172.31.67.78:5000/model-ballast:A-14g:                                            resolved       |[32m++++++++++++++++++++++++++++++++++++++[0m| 
index-sha256:093fc1a5143440a3ba8cb6cdc582edbfe183ca86bdd4db3f165c170f18ddddf4:    done           |[32m++++++++++++++++++++++++++++++++++++++[0m| 
manifest-sha256:774ef59b0c94679c2695f0c05e2bc0b21d44f5d1339ab17b6e3323bf28d39f66: done           |[32m++++++++++++++++++++++++++++++++++++++[0m| 
manifest-sha256:d8cbd2948553ac2bc682b20626e09f9e897e31ea05ded4deff1ad81c79b3f2b4: done           |[32m++++++++++++++++++++++++++++++++++++++[0m| 
config-sha256:318f2319125641580710a110c1ae28c8a91e224c7c2e4e69627d68fa9c332ab0:   done           |[32m++++++++++++++++++++++++++++++++++++++[0m| 
layer-sha256:034d6572bf287fa79604fee9be062f0683809ae3a3685bc7b0e17bd1c48c50e8:    done           |[32m++++++++++++++++++++++++++++++++++++++[0m| 
layer-sha256:c8577ccb98d6af2b56cb43790454d142c1bfbee15c59b6b44c8278ca9b65baaa:    downloading    |[32m++++++++[0m------------------------------|  3.1 GiB/14.0 GiB 
layer-sha256:dab186ad61c8543a52a8cb5cef310d98159eb6fe36eb2868bac2ab6ea985972b:    done           |[32m++++++++++++++++++++++++++++++++++++++[0m| 
elapsed: 7.6 s                                                                    total:  3.1 Gi (412.1 MiB/s)                                     
172.31.67.78:5000/model-ballast:A-14g:                                            resolved       |[32m++++++++++++++++++++++++++++++++++++++[0m| 
index-sha256:093fc1a5143440a3ba8cb6cdc582edbfe183ca86bdd4db3f165c170f18ddddf4:    done           |[32m++++++++++++++++++++++++++++++++++++++[0m| 
manifest-sha256:774ef59b0c94679c2695f0c05e2bc0b21d44f5d1339ab17b6e3323bf28d39f66: done           |[32m++++++++++++++++++++++++++++++++++++++[0m| 
manifest-sha256:d8cbd2948553ac2bc682b20626e09f9e897e31ea05ded4deff1ad81c79b3f2b4: done           |[32m++++++++++++++++++++++++++++++++++++++[0m| 
config-sha256:318f2319125641580710a110c1ae28c8a91e224c7c2e4e69627d68fa9c332ab0:   done           |[32m++++++++++++++++++++++++++++++++++++++[0m| 
layer-sha256:034d6572bf287fa79604fee9be062f0683809ae3a3685bc7b0e17bd1c48c50e8:    done           |[32m++++++++++++++++++++++++++++++++++++++[0m| 
layer-sha256:c8577ccb98d6af2b56cb43790454d142c1bfbee15c59b6b44c8278ca9b65baaa:    downloading    |[32m++++++++[0m------------------------------|  3.1 GiB/14.0 GiB 
layer-sha256:dab186ad61c8543a52a8cb5cef310d98159eb6fe36eb2868bac2ab6ea985972b:    done           |[32m++++++++++++++++++++++++++++++++++++++[0m| 
elapsed: 7.7 s                                                                    total:  3.1 Gi (412.0 MiB/s)                                     
172.31.67.78:5000/model-ballast:A-14g:                                            resolved       |[32m++++++++++++++++++++++++++++++++++++++[0m| 
index-sha256:093fc1a5143440a3ba8cb6cdc582edbfe183ca86bdd4db3f165c170f18ddddf4:    done           |[32m++++++++++++++++++++++++++++++++++++++[0m| 
manifest-sha256:774ef59b0c94679c2695f0c05e2bc0b21d44f5d1339ab17b6e3323bf28d39f66: done           |[32m++++++++++++++++++++++++++++++++++++++[0m| 
manifest-sha256:d8cbd2948553ac2bc682b20626e09f9e897e31ea05ded4deff1ad81c79b3f2b4: done           |[32m++++++++++++++++++++++++++++++++++++++[0m| 
config-sha256:318f2319125641580710a110c1ae28c8a91e224c7c2e4e69627d68fa9c332ab0:   done           |[32m++++++++++++++++++++++++++++++++++++++[0m| 
layer-sha256:034d6572bf287fa79604fee9be062f0683809ae3a3685bc7b0e17bd1c48c50e8:    done           |[32m++++++++++++++++++++++++++++++++++++++[0m| 
layer-sha256:c8577ccb98d6af2b56cb43790454d142c1bfbee15c59b6b44c8278ca9b65baaa:    downloading    |[32m++++++++[0m------------------------------|  3.1 GiB/14.0 GiB 
layer-sha256:dab186ad61c8543a52a8cb5cef310d98159eb6fe36eb2868bac2ab6ea985972b:    done           |[32m++++++++++++++++++++++++++++++++++++++[0m| 
elapsed: 7.8 s                                                                    total:  3.1 Gi (412.0 MiB/s)                                     
172.31.67.78:5000/model-ballast:A-14g:                                            resolved       |[32m++++++++++++++++++++++++++++++++++++++[0m| 
index-sha256:093fc1a5143440a3ba8cb6cdc582edbfe183ca86bdd4db3f165c170f18ddddf4:    done           |[32m++++++++++++++++++++++++++++++++++++++[0m| 
manifest-sha256:774ef59b0c94679c2695f0c05e2bc0b21d44f5d1339ab17b6e3323bf28d39f66: done           |[32m++++++++++++++++++++++++++++++++++++++[0m| 
manifest-sha256:d8cbd2948553ac2bc682b20626e09f9e897e31ea05ded4deff1ad81c79b3f2b4: done           |[32m++++++++++++++++++++++++++++++++++++++[0m| 
config-sha256:318f2319125641580710a110c1ae28c8a91e224c7c2e4e69627d68fa9c332ab0:   done           |[32m++++++++++++++++++++++++++++++++++++++[0m| 
layer-sha256:034d6572bf287fa79604fee9be062f0683809ae3a3685bc7b0e17bd1c48c50e8:    done           |[32m++++++++++++++++++++++++++++++++++++++[0m| 
layer-sha256:c8577ccb98d6af2b56cb43790454d142c1bfbee15c59b6b44c8278ca9b65baaa:    downloading    |[32m++++++++[0m------------------------------|  3.2 GiB/14.0 GiB 
layer-sha256:dab186ad61c8543a52a8cb5cef310d98159eb6fe36eb2868bac2ab6ea985972b:    done           |[32m++++++++++++++++++++++++++++++++++++++[0m| 
elapsed: 7.9 s                                                                    total:  3.2 Gi (412.1 MiB/s)                                     
172.31.67.78:5000/model-ballast:A-14g:                                            resolved       |[32m++++++++++++++++++++++++++++++++++++++[0m| 
index-sha256:093fc1a5143440a3ba8cb6cdc582edbfe183ca86bdd4db3f165c170f18ddddf4:    done           |[32m++++++++++++++++++++++++++++++++++++++[0m| 
manifest-sha256:774ef59b0c94679c2695f0c05e2bc0b21d44f5d1339ab17b6e3323bf28d39f66: done           |[32m++++++++++++++++++++++++++++++++++++++[0m| 
manifest-sha256:d8cbd2948553ac2bc682b20626e09f9e897e31ea05ded4deff1ad81c79b3f2b4: done           |[32m++++++++++++++++++++++++++++++++++++++[0m| 
config-sha256:318f2319125641580710a110c1ae28c8a91e224c7c2e4e69627d68fa9c332ab0:   done           |[32m++++++++++++++++++++++++++++++++++++++[0m| 
layer-sha256:034d6572bf287fa79604fee9be062f0683809ae3a3685bc7b0e17bd1c48c50e8:    done           |[32m++++++++++++++++++++++++++++++++++++++[0m| 
layer-sha256:c8577ccb98d6af2b56cb43790454d142c1bfbee15c59b6b44c8278ca9b65baaa:    downloading    |[32m++++++++[0m------------------------------|  3.2 GiB/14.0 GiB 
layer-sha256:dab186ad61c8543a52a8cb5cef310d98159eb6fe36eb2868bac2ab6ea985972b:    done           |[32m++++++++++++++++++++++++++++++++++++++[0m| 
elapsed: 8.0 s                                                                    total:  3.2 Gi (412.1 MiB/s)                                     
172.31.67.78:5000/model-ballast:A-14g:                                            resolved       |[32m++++++++++++++++++++++++++++++++++++++[0m| 
index-sha256:093fc1a5143440a3ba8cb6cdc582edbfe183ca86bdd4db3f165c170f18ddddf4:    done           |[32m++++++++++++++++++++++++++++++++++++++[0m| 
manifest-sha256:774ef59b0c94679c2695f0c05e2bc0b21d44f5d1339ab17b6e3323bf28d39f66: done           |[32m++++++++++++++++++++++++++++++++++++++[0m| 
manifest-sha256:d8cbd2948553ac2bc682b20626e09f9e897e31ea05ded4deff1ad81c79b3f2b4: done           |[32m++++++++++++++++++++++++++++++++++++++[0m| 
config-sha256:318f2319125641580710a110c1ae28c8a91e224c7c2e4e69627d68fa9c332ab0:   done           |[32m++++++++++++++++++++++++++++++++++++++[0m| 
layer-sha256:034d6572bf287fa79604fee9be062f0683809ae3a3685bc7b0e17bd1c48c50e8:    done           |[32m++++++++++++++++++++++++++++++++++++++[0m| 
layer-sha256:c8577ccb98d6af2b56cb43790454d142c1bfbee15c59b6b44c8278ca9b65baaa:    downloading    |[32m++++++++[0m------------------------------|  3.3 GiB/14.0 GiB 
layer-sha256:dab186ad61c8543a52a8cb5cef310d98159eb6fe36eb2868bac2ab6ea985972b:    done           |[32m++++++++++++++++++++++++++++++++++++++[0m| 
elapsed: 8.1 s                                                                    total:  3.3 Gi (412.2 MiB/s)                                     
172.31.67.78:5000/model-ballast:A-14g:                                            resolved       |[32m++++++++++++++++++++++++++++++++++++++[0m| 
index-sha256:093fc1a5143440a3ba8cb6cdc582edbfe183ca86bdd4db3f165c170f18ddddf4:    done           |[32m++++++++++++++++++++++++++++++++++++++[0m| 
manifest-sha256:774ef59b0c94679c2695f0c05e2bc0b21d44f5d1339ab17b6e3323bf28d39f66: done           |[32m++++++++++++++++++++++++++++++++++++++[0m| 
manifest-sha256:d8cbd2948553ac2bc682b20626e09f9e897e31ea05ded4deff1ad81c79b3f2b4: done           |[32m++++++++++++++++++++++++++++++++++++++[0m| 
config-sha256:318f2319125641580710a110c1ae28c8a91e224c7c2e4e69627d68fa9c332ab0:   done           |[32m++++++++++++++++++++++++++++++++++++++[0m| 
layer-sha256:034d6572bf287fa79604fee9be062f0683809ae3a3685bc7b0e17bd1c48c50e8:    done           |[32m++++++++++++++++++++++++++++++++++++++[0m| 
layer-sha256:c8577ccb98d6af2b56cb43790454d142c1bfbee15c59b6b44c8278ca9b65baaa:    downloading    |[32m++++++++[0m------------------------------|  3.3 GiB/14.0 GiB 
layer-sha256:dab186ad61c8543a52a8cb5cef310d98159eb6fe36eb2868bac2ab6ea985972b:    done           |[32m++++++++++++++++++++++++++++++++++++++[0m| 
elapsed: 8.2 s                                                                    total:  3.3 Gi (412.4 MiB/s)                                     
172.31.67.78:5000/model-ballast:A-14g:                                            resolved       |[32m++++++++++++++++++++++++++++++++++++++[0m| 
index-sha256:093fc1a5143440a3ba8cb6cdc582edbfe183ca86bdd4db3f165c170f18ddddf4:    done           |[32m++++++++++++++++++++++++++++++++++++++[0m| 
manifest-sha256:774ef59b0c94679c2695f0c05e2bc0b21d44f5d1339ab17b6e3323bf28d39f66: done           |[32m++++++++++++++++++++++++++++++++++++++[0m| 
manifest-sha256:d8cbd2948553ac2bc682b20626e09f9e897e31ea05ded4deff1ad81c79b3f2b4: done           |[32m++++++++++++++++++++++++++++++++++++++[0m| 
config-sha256:318f2319125641580710a110c1ae28c8a91e224c7c2e4e69627d68fa9c332ab0:   done           |[32m++++++++++++++++++++++++++++++++++++++[0m| 
layer-sha256:034d6572bf287fa79604fee9be062f0683809ae3a3685bc7b0e17bd1c48c50e8:    done           |[32m++++++++++++++++++++++++++++++++++++++[0m| 
layer-sha256:c8577ccb98d6af2b56cb43790454d142c1bfbee15c59b6b44c8278ca9b65baaa:    downloading    |[32m+++++++++[0m-----------------------------|  3.3 GiB/14.0 GiB 
layer-sha256:dab186ad61c8543a52a8cb5cef310d98159eb6fe36eb2868bac2ab6ea985972b:    done           |[32m++++++++++++++++++++++++++++++++++++++[0m| 
elapsed: 8.3 s                                                                    total:  3.3 Gi (412.4 MiB/s)                                     
172.31.67.78:5000/model-ballast:A-14g:                                            resolved       |[32m++++++++++++++++++++++++++++++++++++++[0m| 
index-sha256:093fc1a5143440a3ba8cb6cdc582edbfe183ca86bdd4db3f165c170f18ddddf4:    done           |[32m++++++++++++++++++++++++++++++++++++++[0m| 
manifest-sha256:774ef59b0c94679c2695f0c05e2bc0b21d44f5d1339ab17b6e3323bf28d39f66: done           |[32m++++++++++++++++++++++++++++++++++++++[0m| 
manifest-sha256:d8cbd2948553ac2bc682b20626e09f9e897e31ea05ded4deff1ad81c79b3f2b4: done           |[32m++++++++++++++++++++++++++++++++++++++[0m| 
config-sha256:318f2319125641580710a110c1ae28c8a91e224c7c2e4e69627d68fa9c332ab0:   done           |[32m++++++++++++++++++++++++++++++++++++++[0m| 
layer-sha256:034d6572bf287fa79604fee9be062f0683809ae3a3685bc7b0e17bd1c48c50e8:    done           |[32m++++++++++++++++++++++++++++++++++++++[0m| 
layer-sha256:c8577ccb98d6af2b56cb43790454d142c1bfbee15c59b6b44c8278ca9b65baaa:    downloading    |[32m+++++++++[0m-----------------------------|  3.4 GiB/14.0 GiB 
layer-sha256:dab186ad61c8543a52a8cb5cef310d98159eb6fe36eb2868bac2ab6ea985972b:    done           |[32m++++++++++++++++++++++++++++++++++++++[0m| 
elapsed: 8.4 s                                                                    total:  3.4 Gi (412.5 MiB/s)                                     
172.31.67.78:5000/model-ballast:A-14g:                                            resolved       |[32m++++++++++++++++++++++++++++++++++++++[0m| 
index-sha256:093fc1a5143440a3ba8cb6cdc582edbfe183ca86bdd4db3f165c170f18ddddf4:    done           |[32m++++++++++++++++++++++++++++++++++++++[0m| 
manifest-sha256:774ef59b0c94679c2695f0c05e2bc0b21d44f5d1339ab17b6e3323bf28d39f66: done           |[32m++++++++++++++++++++++++++++++++++++++[0m| 
manifest-sha256:d8cbd2948553ac2bc682b20626e09f9e897e31ea05ded4deff1ad81c79b3f2b4: done           |[32m++++++++++++++++++++++++++++++++++++++[0m| 
config-sha256:318f2319125641580710a110c1ae28c8a91e224c7c2e4e69627d68fa9c332ab0:   done           |[32m++++++++++++++++++++++++++++++++++++++[0m| 
layer-sha256:034d6572bf287fa79604fee9be062f0683809ae3a3685bc7b0e17bd1c48c50e8:    done           |[32m++++++++++++++++++++++++++++++++++++++[0m| 
layer-sha256:c8577ccb98d6af2b56cb43790454d142c1bfbee15c59b6b44c8278ca9b65baaa:    downloading    |[32m+++++++++[0m-----------------------------|  3.4 GiB/14.0 GiB 
layer-sha256:dab186ad61c8543a52a8cb5cef310d98159eb6fe36eb2868bac2ab6ea985972b:    done           |[32m++++++++++++++++++++++++++++++++++++++[0m| 
elapsed: 8.5 s                                                                    total:  3.4 Gi (412.3 MiB/s)                                     
172.31.67.78:5000/model-ballast:A-14g:                                            resolved       |[32m++++++++++++++++++++++++++++++++++++++[0m| 
index-sha256:093fc1a5143440a3ba8cb6cdc582edbfe183ca86bdd4db3f165c170f18ddddf4:    done           |[32m++++++++++++++++++++++++++++++++++++++[0m| 
manifest-sha256:774ef59b0c94679c2695f0c05e2bc0b21d44f5d1339ab17b6e3323bf28d39f66: done           |[32m++++++++++++++++++++++++++++++++++++++[0m| 
manifest-sha256:d8cbd2948553ac2bc682b20626e09f9e897e31ea05ded4deff1ad81c79b3f2b4: done           |[32m++++++++++++++++++++++++++++++++++++++[0m| 
config-sha256:318f2319125641580710a110c1ae28c8a91e224c7c2e4e69627d68fa9c332ab0:   done           |[32m++++++++++++++++++++++++++++++++++++++[0m| 
layer-sha256:034d6572bf287fa79604fee9be062f0683809ae3a3685bc7b0e17bd1c48c50e8:    done           |[32m++++++++++++++++++++++++++++++++++++++[0m| 
layer-sha256:c8577ccb98d6af2b56cb43790454d142c1bfbee15c59b6b44c8278ca9b65baaa:    downloading    |[32m+++++++++[0m-----------------------------|  3.5 GiB/14.0 GiB 
layer-sha256:dab186ad61c8543a52a8cb5cef310d98159eb6fe36eb2868bac2ab6ea985972b:    done           |[32m++++++++++++++++++++++++++++++++++++++[0m| 
elapsed: 8.6 s                                                                    total:  3.5 Gi (412.4 MiB/s)                                     
172.31.67.78:5000/model-ballast:A-14g:                                            resolved       |[32m++++++++++++++++++++++++++++++++++++++[0m| 
index-sha256:093fc1a5143440a3ba8cb6cdc582edbfe183ca86bdd4db3f165c170f18ddddf4:    done           |[32m++++++++++++++++++++++++++++++++++++++[0m| 
manifest-sha256:774ef59b0c94679c2695f0c05e2bc0b21d44f5d1339ab17b6e3323bf28d39f66: done           |[32m++++++++++++++++++++++++++++++++++++++[0m| 
manifest-sha256:d8cbd2948553ac2bc682b20626e09f9e897e31ea05ded4deff1ad81c79b3f2b4: done           |[32m++++++++++++++++++++++++++++++++++++++[0m| 
config-sha256:318f2319125641580710a110c1ae28c8a91e224c7c2e4e69627d68fa9c332ab0:   done           |[32m++++++++++++++++++++++++++++++++++++++[0m| 
layer-sha256:034d6572bf287fa79604fee9be062f0683809ae3a3685bc7b0e17bd1c48c50e8:    done           |[32m++++++++++++++++++++++++++++++++++++++[0m| 
layer-sha256:c8577ccb98d6af2b56cb43790454d142c1bfbee15c59b6b44c8278ca9b65baaa:    downloading    |[32m+++++++++[0m-----------------------------|  3.5 GiB/14.0 GiB 
layer-sha256:dab186ad61c8543a52a8cb5cef310d98159eb6fe36eb2868bac2ab6ea985972b:    done           |[32m++++++++++++++++++++++++++++++++++++++[0m| 
elapsed: 8.7 s                                                                    total:  3.5 Gi (412.4 MiB/s)                                     
172.31.67.78:5000/model-ballast:A-14g:                                            resolved       |[32m++++++++++++++++++++++++++++++++++++++[0m| 
index-sha256:093fc1a5143440a3ba8cb6cdc582edbfe183ca86bdd4db3f165c170f18ddddf4:    done           |[32m++++++++++++++++++++++++++++++++++++++[0m| 
manifest-sha256:774ef59b0c94679c2695f0c05e2bc0b21d44f5d1339ab17b6e3323bf28d39f66: done           |[32m++++++++++++++++++++++++++++++++++++++[0m| 
manifest-sha256:d8cbd2948553ac2bc682b20626e09f9e897e31ea05ded4deff1ad81c79b3f2b4: done           |[32m++++++++++++++++++++++++++++++++++++++[0m| 
config-sha256:318f2319125641580710a110c1ae28c8a91e224c7c2e4e69627d68fa9c332ab0:   done           |[32m++++++++++++++++++++++++++++++++++++++[0m| 
layer-sha256:034d6572bf287fa79604fee9be062f0683809ae3a3685bc7b0e17bd1c48c50e8:    done           |[32m++++++++++++++++++++++++++++++++++++++[0m| 
layer-sha256:c8577ccb98d6af2b56cb43790454d142c1bfbee15c59b6b44c8278ca9b65baaa:    downloading    |[32m+++++++++[0m-----------------------------|  3.5 GiB/14.0 GiB 
layer-sha256:dab186ad61c8543a52a8cb5cef310d98159eb6fe36eb2868bac2ab6ea985972b:    done           |[32m++++++++++++++++++++++++++++++++++++++[0m| 
elapsed: 8.8 s                                                                    total:  3.5 Gi (412.4 MiB/s)                                     
172.31.67.78:5000/model-ballast:A-14g:                                            resolved       |[32m++++++++++++++++++++++++++++++++++++++[0m| 
index-sha256:093fc1a5143440a3ba8cb6cdc582edbfe183ca86bdd4db3f165c170f18ddddf4:    done           |[32m++++++++++++++++++++++++++++++++++++++[0m| 
manifest-sha256:774ef59b0c94679c2695f0c05e2bc0b21d44f5d1339ab17b6e3323bf28d39f66: done           |[32m++++++++++++++++++++++++++++++++++++++[0m| 
manifest-sha256:d8cbd2948553ac2bc682b20626e09f9e897e31ea05ded4deff1ad81c79b3f2b4: done           |[32m++++++++++++++++++++++++++++++++++++++[0m| 
config-sha256:318f2319125641580710a110c1ae28c8a91e224c7c2e4e69627d68fa9c332ab0:   done           |[32m++++++++++++++++++++++++++++++++++++++[0m| 
layer-sha256:034d6572bf287fa79604fee9be062f0683809ae3a3685bc7b0e17bd1c48c50e8:    done           |[32m++++++++++++++++++++++++++++++++++++++[0m| 
layer-sha256:c8577ccb98d6af2b56cb43790454d142c1bfbee15c59b6b44c8278ca9b65baaa:    downloading    |[32m+++++++++[0m-----------------------------|  3.6 GiB/14.0 GiB 
layer-sha256:dab186ad61c8543a52a8cb5cef310d98159eb6fe36eb2868bac2ab6ea985972b:    done           |[32m++++++++++++++++++++++++++++++++++++++[0m| 
elapsed: 8.9 s                                                                    total:  3.6 Gi (411.9 MiB/s)                                     
172.31.67.78:5000/model-ballast:A-14g:                                            resolved       |[32m++++++++++++++++++++++++++++++++++++++[0m| 
index-sha256:093fc1a5143440a3ba8cb6cdc582edbfe183ca86bdd4db3f165c170f18ddddf4:    done           |[32m++++++++++++++++++++++++++++++++++++++[0m| 
manifest-sha256:774ef59b0c94679c2695f0c05e2bc0b21d44f5d1339ab17b6e3323bf28d39f66: done           |[32m++++++++++++++++++++++++++++++++++++++[0m| 
manifest-sha256:d8cbd2948553ac2bc682b20626e09f9e897e31ea05ded4deff1ad81c79b3f2b4: done           |[32m++++++++++++++++++++++++++++++++++++++[0m| 
config-sha256:318f2319125641580710a110c1ae28c8a91e224c7c2e4e69627d68fa9c332ab0:   done           |[32m++++++++++++++++++++++++++++++++++++++[0m| 
layer-sha256:034d6572bf287fa79604fee9be062f0683809ae3a3685bc7b0e17bd1c48c50e8:    done           |[32m++++++++++++++++++++++++++++++++++++++[0m| 
layer-sha256:c8577ccb98d6af2b56cb43790454d142c1bfbee15c59b6b44c8278ca9b65baaa:    downloading    |[32m+++++++++[0m-----------------------------|  3.6 GiB/14.0 GiB 
layer-sha256:dab186ad61c8543a52a8cb5cef310d98159eb6fe36eb2868bac2ab6ea985972b:    done           |[32m++++++++++++++++++++++++++++++++++++++[0m| 
elapsed: 9.0 s                                                                    total:  3.6 Gi (411.3 MiB/s)                                     
172.31.67.78:5000/model-ballast:A-14g:                                            resolved       |[32m++++++++++++++++++++++++++++++++++++++[0m| 
index-sha256:093fc1a5143440a3ba8cb6cdc582edbfe183ca86bdd4db3f165c170f18ddddf4:    done           |[32m++++++++++++++++++++++++++++++++++++++[0m| 
manifest-sha256:774ef59b0c94679c2695f0c05e2bc0b21d44f5d1339ab17b6e3323bf28d39f66: done           |[32m++++++++++++++++++++++++++++++++++++++[0m| 
manifest-sha256:d8cbd2948553ac2bc682b20626e09f9e897e31ea05ded4deff1ad81c79b3f2b4: done           |[32m++++++++++++++++++++++++++++++++++++++[0m| 
config-sha256:318f2319125641580710a110c1ae28c8a91e224c7c2e4e69627d68fa9c332ab0:   done           |[32m++++++++++++++++++++++++++++++++++++++[0m| 
layer-sha256:034d6572bf287fa79604fee9be062f0683809ae3a3685bc7b0e17bd1c48c50e8:    done           |[32m++++++++++++++++++++++++++++++++++++++[0m| 
layer-sha256:c8577ccb98d6af2b56cb43790454d142c1bfbee15c59b6b44c8278ca9b65baaa:    downloading    |[32m+++++++++[0m-----------------------------|  3.7 GiB/14.0 GiB 
layer-sha256:dab186ad61c8543a52a8cb5cef310d98159eb6fe36eb2868bac2ab6ea985972b:    done           |[32m++++++++++++++++++++++++++++++++++++++[0m| 
elapsed: 9.1 s                                                                    total:  3.7 Gi (411.4 MiB/s)                                     
172.31.67.78:5000/model-ballast:A-14g:                                            resolved       |[32m++++++++++++++++++++++++++++++++++++++[0m| 
index-sha256:093fc1a5143440a3ba8cb6cdc582edbfe183ca86bdd4db3f165c170f18ddddf4:    done           |[32m++++++++++++++++++++++++++++++++++++++[0m| 
manifest-sha256:774ef59b0c94679c2695f0c05e2bc0b21d44f5d1339ab17b6e3323bf28d39f66: done           |[32m++++++++++++++++++++++++++++++++++++++[0m| 
manifest-sha256:d8cbd2948553ac2bc682b20626e09f9e897e31ea05ded4deff1ad81c79b3f2b4: done           |[32m++++++++++++++++++++++++++++++++++++++[0m| 
config-sha256:318f2319125641580710a110c1ae28c8a91e224c7c2e4e69627d68fa9c332ab0:   done           |[32m++++++++++++++++++++++++++++++++++++++[0m| 
layer-sha256:034d6572bf287fa79604fee9be062f0683809ae3a3685bc7b0e17bd1c48c50e8:    done           |[32m++++++++++++++++++++++++++++++++++++++[0m| 
layer-sha256:c8577ccb98d6af2b56cb43790454d142c1bfbee15c59b6b44c8278ca9b65baaa:    downloading    |[32m++++++++++[0m----------------------------|  3.7 GiB/14.0 GiB 
layer-sha256:dab186ad61c8543a52a8cb5cef310d98159eb6fe36eb2868bac2ab6ea985972b:    done           |[32m++++++++++++++++++++++++++++++++++++++[0m| 
elapsed: 9.2 s                                                                    total:  3.7 Gi (411.6 MiB/s)                                     
172.31.67.78:5000/model-ballast:A-14g:                                            resolved       |[32m++++++++++++++++++++++++++++++++++++++[0m| 
index-sha256:093fc1a5143440a3ba8cb6cdc582edbfe183ca86bdd4db3f165c170f18ddddf4:    done           |[32m++++++++++++++++++++++++++++++++++++++[0m| 
manifest-sha256:774ef59b0c94679c2695f0c05e2bc0b21d44f5d1339ab17b6e3323bf28d39f66: done           |[32m++++++++++++++++++++++++++++++++++++++[0m| 
manifest-sha256:d8cbd2948553ac2bc682b20626e09f9e897e31ea05ded4deff1ad81c79b3f2b4: done           |[32m++++++++++++++++++++++++++++++++++++++[0m| 
config-sha256:318f2319125641580710a110c1ae28c8a91e224c7c2e4e69627d68fa9c332ab0:   done           |[32m++++++++++++++++++++++++++++++++++++++[0m| 
layer-sha256:034d6572bf287fa79604fee9be062f0683809ae3a3685bc7b0e17bd1c48c50e8:    done           |[32m++++++++++++++++++++++++++++++++++++++[0m| 
layer-sha256:c8577ccb98d6af2b56cb43790454d142c1bfbee15c59b6b44c8278ca9b65baaa:    downloading    |[32m++++++++++[0m----------------------------|  3.7 GiB/14.0 GiB 
layer-sha256:dab186ad61c8543a52a8cb5cef310d98159eb6fe36eb2868bac2ab6ea985972b:    done           |[32m++++++++++++++++++++++++++++++++++++++[0m| 
elapsed: 9.3 s                                                                    total:  3.7 Gi (411.8 MiB/s)                                     
172.31.67.78:5000/model-ballast:A-14g:                                            resolved       |[32m++++++++++++++++++++++++++++++++++++++[0m| 
index-sha256:093fc1a5143440a3ba8cb6cdc582edbfe183ca86bdd4db3f165c170f18ddddf4:    done           |[32m++++++++++++++++++++++++++++++++++++++[0m| 
manifest-sha256:774ef59b0c94679c2695f0c05e2bc0b21d44f5d1339ab17b6e3323bf28d39f66: done           |[32m++++++++++++++++++++++++++++++++++++++[0m| 
manifest-sha256:d8cbd2948553ac2bc682b20626e09f9e897e31ea05ded4deff1ad81c79b3f2b4: done           |[32m++++++++++++++++++++++++++++++++++++++[0m| 
config-sha256:318f2319125641580710a110c1ae28c8a91e224c7c2e4e69627d68fa9c332ab0:   done           |[32m++++++++++++++++++++++++++++++++++++++[0m| 
layer-sha256:034d6572bf287fa79604fee9be062f0683809ae3a3685bc7b0e17bd1c48c50e8:    done           |[32m++++++++++++++++++++++++++++++++++++++[0m| 
layer-sha256:c8577ccb98d6af2b56cb43790454d142c1bfbee15c59b6b44c8278ca9b65baaa:    downloading    |[32m++++++++++[0m----------------------------|  3.8 GiB/14.0 GiB 
layer-sha256:dab186ad61c8543a52a8cb5cef310d98159eb6fe36eb2868bac2ab6ea985972b:    done           |[32m++++++++++++++++++++++++++++++++++++++[0m| 
elapsed: 9.4 s                                                                    total:  3.8 Gi (411.6 MiB/s)                                     
172.31.67.78:5000/model-ballast:A-14g:                                            resolved       |[32m++++++++++++++++++++++++++++++++++++++[0m| 
index-sha256:093fc1a5143440a3ba8cb6cdc582edbfe183ca86bdd4db3f165c170f18ddddf4:    done           |[32m++++++++++++++++++++++++++++++++++++++[0m| 
manifest-sha256:774ef59b0c94679c2695f0c05e2bc0b21d44f5d1339ab17b6e3323bf28d39f66: done           |[32m++++++++++++++++++++++++++++++++++++++[0m| 
manifest-sha256:d8cbd2948553ac2bc682b20626e09f9e897e31ea05ded4deff1ad81c79b3f2b4: done           |[32m++++++++++++++++++++++++++++++++++++++[0m| 
config-sha256:318f2319125641580710a110c1ae28c8a91e224c7c2e4e69627d68fa9c332ab0:   done           |[32m++++++++++++++++++++++++++++++++++++++[0m| 
layer-sha256:034d6572bf287fa79604fee9be062f0683809ae3a3685bc7b0e17bd1c48c50e8:    done           |[32m++++++++++++++++++++++++++++++++++++++[0m| 
layer-sha256:c8577ccb98d6af2b56cb43790454d142c1bfbee15c59b6b44c8278ca9b65baaa:    downloading    |[32m++++++++++[0m----------------------------|  3.8 GiB/14.0 GiB 
layer-sha256:dab186ad61c8543a52a8cb5cef310d98159eb6fe36eb2868bac2ab6ea985972b:    done           |[32m++++++++++++++++++++++++++++++++++++++[0m| 
elapsed: 9.5 s                                                                    total:  3.8 Gi (411.5 MiB/s)                                     
172.31.67.78:5000/model-ballast:A-14g:                                            resolved       |[32m++++++++++++++++++++++++++++++++++++++[0m| 
index-sha256:093fc1a5143440a3ba8cb6cdc582edbfe183ca86bdd4db3f165c170f18ddddf4:    done           |[32m++++++++++++++++++++++++++++++++++++++[0m| 
manifest-sha256:774ef59b0c94679c2695f0c05e2bc0b21d44f5d1339ab17b6e3323bf28d39f66: done           |[32m++++++++++++++++++++++++++++++++++++++[0m| 
manifest-sha256:d8cbd2948553ac2bc682b20626e09f9e897e31ea05ded4deff1ad81c79b3f2b4: done           |[32m++++++++++++++++++++++++++++++++++++++[0m| 
config-sha256:318f2319125641580710a110c1ae28c8a91e224c7c2e4e69627d68fa9c332ab0:   done           |[32m++++++++++++++++++++++++++++++++++++++[0m| 
layer-sha256:034d6572bf287fa79604fee9be062f0683809ae3a3685bc7b0e17bd1c48c50e8:    done           |[32m++++++++++++++++++++++++++++++++++++++[0m| 
layer-sha256:c8577ccb98d6af2b56cb43790454d142c1bfbee15c59b6b44c8278ca9b65baaa:    downloading    |[32m++++++++++[0m----------------------------|  3.9 GiB/14.0 GiB 
layer-sha256:dab186ad61c8543a52a8cb5cef310d98159eb6fe36eb2868bac2ab6ea985972b:    done           |[32m++++++++++++++++++++++++++++++++++++++[0m| 
elapsed: 9.6 s                                                                    total:  3.9 Gi (411.6 MiB/s)                                     
172.31.67.78:5000/model-ballast:A-14g:                                            resolved       |[32m++++++++++++++++++++++++++++++++++++++[0m| 
index-sha256:093fc1a5143440a3ba8cb6cdc582edbfe183ca86bdd4db3f165c170f18ddddf4:    done           |[32m++++++++++++++++++++++++++++++++++++++[0m| 
manifest-sha256:774ef59b0c94679c2695f0c05e2bc0b21d44f5d1339ab17b6e3323bf28d39f66: done           |[32m++++++++++++++++++++++++++++++++++++++[0m| 
manifest-sha256:d8cbd2948553ac2bc682b20626e09f9e897e31ea05ded4deff1ad81c79b3f2b4: done           |[32m++++++++++++++++++++++++++++++++++++++[0m| 
config-sha256:318f2319125641580710a110c1ae28c8a91e224c7c2e4e69627d68fa9c332ab0:   done           |[32m++++++++++++++++++++++++++++++++++++++[0m| 
layer-sha256:034d6572bf287fa79604fee9be062f0683809ae3a3685bc7b0e17bd1c48c50e8:    done           |[32m++++++++++++++++++++++++++++++++++++++[0m| 
layer-sha256:c8577ccb98d6af2b56cb43790454d142c1bfbee15c59b6b44c8278ca9b65baaa:    downloading    |[32m++++++++++[0m----------------------------|  3.9 GiB/14.0 GiB 
layer-sha256:dab186ad61c8543a52a8cb5cef310d98159eb6fe36eb2868bac2ab6ea985972b:    done           |[32m++++++++++++++++++++++++++++++++++++++[0m| 
elapsed: 9.7 s                                                                    total:  3.9 Gi (411.6 MiB/s)                                     
172.31.67.78:5000/model-ballast:A-14g:                                            resolved       |[32m++++++++++++++++++++++++++++++++++++++[0m| 
index-sha256:093fc1a5143440a3ba8cb6cdc582edbfe183ca86bdd4db3f165c170f18ddddf4:    done           |[32m++++++++++++++++++++++++++++++++++++++[0m| 
manifest-sha256:774ef59b0c94679c2695f0c05e2bc0b21d44f5d1339ab17b6e3323bf28d39f66: done           |[32m++++++++++++++++++++++++++++++++++++++[0m| 
manifest-sha256:d8cbd2948553ac2bc682b20626e09f9e897e31ea05ded4deff1ad81c79b3f2b4: done           |[32m++++++++++++++++++++++++++++++++++++++[0m| 
config-sha256:318f2319125641580710a110c1ae28c8a91e224c7c2e4e69627d68fa9c332ab0:   done           |[32m++++++++++++++++++++++++++++++++++++++[0m| 
layer-sha256:034d6572bf287fa79604fee9be062f0683809ae3a3685bc7b0e17bd1c48c50e8:    done           |[32m++++++++++++++++++++++++++++++++++++++[0m| 
layer-sha256:c8577ccb98d6af2b56cb43790454d142c1bfbee15c59b6b44c8278ca9b65baaa:    downloading    |[32m++++++++++[0m----------------------------|  3.9 GiB/14.0 GiB 
layer-sha256:dab186ad61c8543a52a8cb5cef310d98159eb6fe36eb2868bac2ab6ea985972b:    done           |[32m++++++++++++++++++++++++++++++++++++++[0m| 
elapsed: 9.8 s                                                                    total:  3.9 Gi (411.6 MiB/s)                                     
172.31.67.78:5000/model-ballast:A-14g:                                            resolved       |[32m++++++++++++++++++++++++++++++++++++++[0m| 
index-sha256:093fc1a5143440a3ba8cb6cdc582edbfe183ca86bdd4db3f165c170f18ddddf4:    done           |[32m++++++++++++++++++++++++++++++++++++++[0m| 
manifest-sha256:774ef59b0c94679c2695f0c05e2bc0b21d44f5d1339ab17b6e3323bf28d39f66: done           |[32m++++++++++++++++++++++++++++++++++++++[0m| 
manifest-sha256:d8cbd2948553ac2bc682b20626e09f9e897e31ea05ded4deff1ad81c79b3f2b4: done           |[32m++++++++++++++++++++++++++++++++++++++[0m| 
config-sha256:318f2319125641580710a110c1ae28c8a91e224c7c2e4e69627d68fa9c332ab0:   done           |[32m++++++++++++++++++++++++++++++++++++++[0m| 
layer-sha256:034d6572bf287fa79604fee9be062f0683809ae3a3685bc7b0e17bd1c48c50e8:    done           |[32m++++++++++++++++++++++++++++++++++++++[0m| 
layer-sha256:c8577ccb98d6af2b56cb43790454d142c1bfbee15c59b6b44c8278ca9b65baaa:    downloading    |[32m++++++++++[0m----------------------------|  4.0 GiB/14.0 GiB 
layer-sha256:dab186ad61c8543a52a8cb5cef310d98159eb6fe36eb2868bac2ab6ea985972b:    done           |[32m++++++++++++++++++++++++++++++++++++++[0m| 
elapsed: 9.9 s                                                                    total:  4.0 Gi (411.5 MiB/s)                                     
172.31.67.78:5000/model-ballast:A-14g:                                            resolved       |[32m++++++++++++++++++++++++++++++++++++++[0m| 
index-sha256:093fc1a5143440a3ba8cb6cdc582edbfe183ca86bdd4db3f165c170f18ddddf4:    done           |[32m++++++++++++++++++++++++++++++++++++++[0m| 
manifest-sha256:774ef59b0c94679c2695f0c05e2bc0b21d44f5d1339ab17b6e3323bf28d39f66: done           |[32m++++++++++++++++++++++++++++++++++++++[0m| 
manifest-sha256:d8cbd2948553ac2bc682b20626e09f9e897e31ea05ded4deff1ad81c79b3f2b4: done           |[32m++++++++++++++++++++++++++++++++++++++[0m| 
config-sha256:318f2319125641580710a110c1ae28c8a91e224c7c2e4e69627d68fa9c332ab0:   done           |[32m++++++++++++++++++++++++++++++++++++++[0m| 
layer-sha256:034d6572bf287fa79604fee9be062f0683809ae3a3685bc7b0e17bd1c48c50e8:    done           |[32m++++++++++++++++++++++++++++++++++++++[0m| 
layer-sha256:c8577ccb98d6af2b56cb43790454d142c1bfbee15c59b6b44c8278ca9b65baaa:    downloading    |[32m++++++++++[0m----------------------------|  4.0 GiB/14.0 GiB 
layer-sha256:dab186ad61c8543a52a8cb5cef310d98159eb6fe36eb2868bac2ab6ea985972b:    done           |[32m++++++++++++++++++++++++++++++++++++++[0m| 
elapsed: 10.0s                                                                    total:  4.0 Gi (411.6 MiB/s)                                     
172.31.67.78:5000/model-ballast:A-14g:                                            resolved       |[32m++++++++++++++++++++++++++++++++++++++[0m| 
index-sha256:093fc1a5143440a3ba8cb6cdc582edbfe183ca86bdd4db3f165c170f18ddddf4:    done           |[32m++++++++++++++++++++++++++++++++++++++[0m| 
manifest-sha256:774ef59b0c94679c2695f0c05e2bc0b21d44f5d1339ab17b6e3323bf28d39f66: done           |[32m++++++++++++++++++++++++++++++++++++++[0m| 
manifest-sha256:d8cbd2948553ac2bc682b20626e09f9e897e31ea05ded4deff1ad81c79b3f2b4: done           |[32m++++++++++++++++++++++++++++++++++++++[0m| 
config-sha256:318f2319125641580710a110c1ae28c8a91e224c7c2e4e69627d68fa9c332ab0:   done           |[32m++++++++++++++++++++++++++++++++++++++[0m| 
layer-sha256:034d6572bf287fa79604fee9be062f0683809ae3a3685bc7b0e17bd1c48c50e8:    done           |[32m++++++++++++++++++++++++++++++++++++++[0m| 
layer-sha256:c8577ccb98d6af2b56cb43790454d142c1bfbee15c59b6b44c8278ca9b65baaa:    downloading    |[32m+++++++++++[0m---------------------------|  4.1 GiB/14.0 GiB 
layer-sha256:dab186ad61c8543a52a8cb5cef310d98159eb6fe36eb2868bac2ab6ea985972b:    done           |[32m++++++++++++++++++++++++++++++++++++++[0m| 
elapsed: 10.1s                                                                    total:  4.1 Gi (411.6 MiB/s)                                     
172.31.67.78:5000/model-ballast:A-14g:                                            resolved       |[32m++++++++++++++++++++++++++++++++++++++[0m| 
index-sha256:093fc1a5143440a3ba8cb6cdc582edbfe183ca86bdd4db3f165c170f18ddddf4:    done           |[32m++++++++++++++++++++++++++++++++++++++[0m| 
manifest-sha256:774ef59b0c94679c2695f0c05e2bc0b21d44f5d1339ab17b6e3323bf28d39f66: done           |[32m++++++++++++++++++++++++++++++++++++++[0m| 
manifest-sha256:d8cbd2948553ac2bc682b20626e09f9e897e31ea05ded4deff1ad81c79b3f2b4: done           |[32m++++++++++++++++++++++++++++++++++++++[0m| 
config-sha256:318f2319125641580710a110c1ae28c8a91e224c7c2e4e69627d68fa9c332ab0:   done           |[32m++++++++++++++++++++++++++++++++++++++[0m| 
layer-sha256:034d6572bf287fa79604fee9be062f0683809ae3a3685bc7b0e17bd1c48c50e8:    done           |[32m++++++++++++++++++++++++++++++++++++++[0m| 
layer-sha256:c8577ccb98d6af2b56cb43790454d142c1bfbee15c59b6b44c8278ca9b65baaa:    downloading    |[32m+++++++++++[0m---------------------------|  4.1 GiB/14.0 GiB 
layer-sha256:dab186ad61c8543a52a8cb5cef310d98159eb6fe36eb2868bac2ab6ea985972b:    done           |[32m++++++++++++++++++++++++++++++++++++++[0m| 
elapsed: 10.2s                                                                    total:  4.1 Gi (411.7 MiB/s)                                     
172.31.67.78:5000/model-ballast:A-14g:                                            resolved       |[32m++++++++++++++++++++++++++++++++++++++[0m| 
index-sha256:093fc1a5143440a3ba8cb6cdc582edbfe183ca86bdd4db3f165c170f18ddddf4:    done           |[32m++++++++++++++++++++++++++++++++++++++[0m| 
manifest-sha256:774ef59b0c94679c2695f0c05e2bc0b21d44f5d1339ab17b6e3323bf28d39f66: done           |[32m++++++++++++++++++++++++++++++++++++++[0m| 
manifest-sha256:d8cbd2948553ac2bc682b20626e09f9e897e31ea05ded4deff1ad81c79b3f2b4: done           |[32m++++++++++++++++++++++++++++++++++++++[0m| 
config-sha256:318f2319125641580710a110c1ae28c8a91e224c7c2e4e69627d68fa9c332ab0:   done           |[32m++++++++++++++++++++++++++++++++++++++[0m| 
layer-sha256:034d6572bf287fa79604fee9be062f0683809ae3a3685bc7b0e17bd1c48c50e8:    done           |[32m++++++++++++++++++++++++++++++++++++++[0m| 
layer-sha256:c8577ccb98d6af2b56cb43790454d142c1bfbee15c59b6b44c8278ca9b65baaa:    downloading    |[32m+++++++++++[0m---------------------------|  4.1 GiB/14.0 GiB 
layer-sha256:dab186ad61c8543a52a8cb5cef310d98159eb6fe36eb2868bac2ab6ea985972b:    done           |[32m++++++++++++++++++++++++++++++++++++++[0m| 
elapsed: 10.3s                                                                    total:  4.1 Gi (411.6 MiB/s)                                     
172.31.67.78:5000/model-ballast:A-14g:                                            resolved       |[32m++++++++++++++++++++++++++++++++++++++[0m| 
index-sha256:093fc1a5143440a3ba8cb6cdc582edbfe183ca86bdd4db3f165c170f18ddddf4:    done           |[32m++++++++++++++++++++++++++++++++++++++[0m| 
manifest-sha256:774ef59b0c94679c2695f0c05e2bc0b21d44f5d1339ab17b6e3323bf28d39f66: done           |[32m++++++++++++++++++++++++++++++++++++++[0m| 
manifest-sha256:d8cbd2948553ac2bc682b20626e09f9e897e31ea05ded4deff1ad81c79b3f2b4: done           |[32m++++++++++++++++++++++++++++++++++++++[0m| 
config-sha256:318f2319125641580710a110c1ae28c8a91e224c7c2e4e69627d68fa9c332ab0:   done           |[32m++++++++++++++++++++++++++++++++++++++[0m| 
layer-sha256:034d6572bf287fa79604fee9be062f0683809ae3a3685bc7b0e17bd1c48c50e8:    done           |[32m++++++++++++++++++++++++++++++++++++++[0m| 
layer-sha256:c8577ccb98d6af2b56cb43790454d142c1bfbee15c59b6b44c8278ca9b65baaa:    downloading    |[32m+++++++++++[0m---------------------------|  4.2 GiB/14.0 GiB 
layer-sha256:dab186ad61c8543a52a8cb5cef310d98159eb6fe36eb2868bac2ab6ea985972b:    done           |[32m++++++++++++++++++++++++++++++++++++++[0m| 
elapsed: 10.4s                                                                    total:  4.2 Gi (411.7 MiB/s)                                     
172.31.67.78:5000/model-ballast:A-14g:                                            resolved       |[32m++++++++++++++++++++++++++++++++++++++[0m| 
index-sha256:093fc1a5143440a3ba8cb6cdc582edbfe183ca86bdd4db3f165c170f18ddddf4:    done           |[32m++++++++++++++++++++++++++++++++++++++[0m| 
manifest-sha256:774ef59b0c94679c2695f0c05e2bc0b21d44f5d1339ab17b6e3323bf28d39f66: done           |[32m++++++++++++++++++++++++++++++++++++++[0m| 
manifest-sha256:d8cbd2948553ac2bc682b20626e09f9e897e31ea05ded4deff1ad81c79b3f2b4: done           |[32m++++++++++++++++++++++++++++++++++++++[0m| 
config-sha256:318f2319125641580710a110c1ae28c8a91e224c7c2e4e69627d68fa9c332ab0:   done           |[32m++++++++++++++++++++++++++++++++++++++[0m| 
layer-sha256:034d6572bf287fa79604fee9be062f0683809ae3a3685bc7b0e17bd1c48c50e8:    done           |[32m++++++++++++++++++++++++++++++++++++++[0m| 
layer-sha256:c8577ccb98d6af2b56cb43790454d142c1bfbee15c59b6b44c8278ca9b65baaa:    downloading    |[32m+++++++++++[0m---------------------------|  4.2 GiB/14.0 GiB 
layer-sha256:dab186ad61c8543a52a8cb5cef310d98159eb6fe36eb2868bac2ab6ea985972b:    done           |[32m++++++++++++++++++++++++++++++++++++++[0m| 
elapsed: 10.5s                                                                    total:  4.2 Gi (411.8 MiB/s)                                     
172.31.67.78:5000/model-ballast:A-14g:                                            resolved       |[32m++++++++++++++++++++++++++++++++++++++[0m| 
index-sha256:093fc1a5143440a3ba8cb6cdc582edbfe183ca86bdd4db3f165c170f18ddddf4:    done           |[32m++++++++++++++++++++++++++++++++++++++[0m| 
manifest-sha256:774ef59b0c94679c2695f0c05e2bc0b21d44f5d1339ab17b6e3323bf28d39f66: done           |[32m++++++++++++++++++++++++++++++++++++++[0m| 
manifest-sha256:d8cbd2948553ac2bc682b20626e09f9e897e31ea05ded4deff1ad81c79b3f2b4: done           |[32m++++++++++++++++++++++++++++++++++++++[0m| 
config-sha256:318f2319125641580710a110c1ae28c8a91e224c7c2e4e69627d68fa9c332ab0:   done           |[32m++++++++++++++++++++++++++++++++++++++[0m| 
layer-sha256:034d6572bf287fa79604fee9be062f0683809ae3a3685bc7b0e17bd1c48c50e8:    done           |[32m++++++++++++++++++++++++++++++++++++++[0m| 
layer-sha256:c8577ccb98d6af2b56cb43790454d142c1bfbee15c59b6b44c8278ca9b65baaa:    downloading    |[32m+++++++++++[0m---------------------------|  4.3 GiB/14.0 GiB 
layer-sha256:dab186ad61c8543a52a8cb5cef310d98159eb6fe36eb2868bac2ab6ea985972b:    done           |[32m++++++++++++++++++++++++++++++++++++++[0m| 
elapsed: 10.6s                                                                    total:  4.3 Gi (411.8 MiB/s)                                     
172.31.67.78:5000/model-ballast:A-14g:                                            resolved       |[32m++++++++++++++++++++++++++++++++++++++[0m| 
index-sha256:093fc1a5143440a3ba8cb6cdc582edbfe183ca86bdd4db3f165c170f18ddddf4:    done           |[32m++++++++++++++++++++++++++++++++++++++[0m| 
manifest-sha256:774ef59b0c94679c2695f0c05e2bc0b21d44f5d1339ab17b6e3323bf28d39f66: done           |[32m++++++++++++++++++++++++++++++++++++++[0m| 
manifest-sha256:d8cbd2948553ac2bc682b20626e09f9e897e31ea05ded4deff1ad81c79b3f2b4: done           |[32m++++++++++++++++++++++++++++++++++++++[0m| 
config-sha256:318f2319125641580710a110c1ae28c8a91e224c7c2e4e69627d68fa9c332ab0:   done           |[32m++++++++++++++++++++++++++++++++++++++[0m| 
layer-sha256:034d6572bf287fa79604fee9be062f0683809ae3a3685bc7b0e17bd1c48c50e8:    done           |[32m++++++++++++++++++++++++++++++++++++++[0m| 
layer-sha256:c8577ccb98d6af2b56cb43790454d142c1bfbee15c59b6b44c8278ca9b65baaa:    downloading    |[32m+++++++++++[0m---------------------------|  4.3 GiB/14.0 GiB 
layer-sha256:dab186ad61c8543a52a8cb5cef310d98159eb6fe36eb2868bac2ab6ea985972b:    done           |[32m++++++++++++++++++++++++++++++++++++++[0m| 
elapsed: 10.7s                                                                    total:  4.3 Gi (411.7 MiB/s)                                     
172.31.67.78:5000/model-ballast:A-14g:                                            resolved       |[32m++++++++++++++++++++++++++++++++++++++[0m| 
index-sha256:093fc1a5143440a3ba8cb6cdc582edbfe183ca86bdd4db3f165c170f18ddddf4:    done           |[32m++++++++++++++++++++++++++++++++++++++[0m| 
manifest-sha256:774ef59b0c94679c2695f0c05e2bc0b21d44f5d1339ab17b6e3323bf28d39f66: done           |[32m++++++++++++++++++++++++++++++++++++++[0m| 
manifest-sha256:d8cbd2948553ac2bc682b20626e09f9e897e31ea05ded4deff1ad81c79b3f2b4: done           |[32m++++++++++++++++++++++++++++++++++++++[0m| 
config-sha256:318f2319125641580710a110c1ae28c8a91e224c7c2e4e69627d68fa9c332ab0:   done           |[32m++++++++++++++++++++++++++++++++++++++[0m| 
layer-sha256:034d6572bf287fa79604fee9be062f0683809ae3a3685bc7b0e17bd1c48c50e8:    done           |[32m++++++++++++++++++++++++++++++++++++++[0m| 
layer-sha256:c8577ccb98d6af2b56cb43790454d142c1bfbee15c59b6b44c8278ca9b65baaa:    downloading    |[32m+++++++++++[0m---------------------------|  4.3 GiB/14.0 GiB 
layer-sha256:dab186ad61c8543a52a8cb5cef310d98159eb6fe36eb2868bac2ab6ea985972b:    done           |[32m++++++++++++++++++++++++++++++++++++++[0m| 
elapsed: 10.8s                                                                    total:  4.3 Gi (411.7 MiB/s)                                     
172.31.67.78:5000/model-ballast:A-14g:                                            resolved       |[32m++++++++++++++++++++++++++++++++++++++[0m| 
index-sha256:093fc1a5143440a3ba8cb6cdc582edbfe183ca86bdd4db3f165c170f18ddddf4:    done           |[32m++++++++++++++++++++++++++++++++++++++[0m| 
manifest-sha256:774ef59b0c94679c2695f0c05e2bc0b21d44f5d1339ab17b6e3323bf28d39f66: done           |[32m++++++++++++++++++++++++++++++++++++++[0m| 
manifest-sha256:d8cbd2948553ac2bc682b20626e09f9e897e31ea05ded4deff1ad81c79b3f2b4: done           |[32m++++++++++++++++++++++++++++++++++++++[0m| 
config-sha256:318f2319125641580710a110c1ae28c8a91e224c7c2e4e69627d68fa9c332ab0:   done           |[32m++++++++++++++++++++++++++++++++++++++[0m| 
layer-sha256:034d6572bf287fa79604fee9be062f0683809ae3a3685bc7b0e17bd1c48c50e8:    done           |[32m++++++++++++++++++++++++++++++++++++++[0m| 
layer-sha256:c8577ccb98d6af2b56cb43790454d142c1bfbee15c59b6b44c8278ca9b65baaa:    downloading    |[32m+++++++++++[0m---------------------------|  4.4 GiB/14.0 GiB 
layer-sha256:dab186ad61c8543a52a8cb5cef310d98159eb6fe36eb2868bac2ab6ea985972b:    done           |[32m++++++++++++++++++++++++++++++++++++++[0m| 
elapsed: 10.9s                                                                    total:  4.4 Gi (411.8 MiB/s)                                     
172.31.67.78:5000/model-ballast:A-14g:                                            resolved       |[32m++++++++++++++++++++++++++++++++++++++[0m| 
index-sha256:093fc1a5143440a3ba8cb6cdc582edbfe183ca86bdd4db3f165c170f18ddddf4:    done           |[32m++++++++++++++++++++++++++++++++++++++[0m| 
manifest-sha256:774ef59b0c94679c2695f0c05e2bc0b21d44f5d1339ab17b6e3323bf28d39f66: done           |[32m++++++++++++++++++++++++++++++++++++++[0m| 
manifest-sha256:d8cbd2948553ac2bc682b20626e09f9e897e31ea05ded4deff1ad81c79b3f2b4: done           |[32m++++++++++++++++++++++++++++++++++++++[0m| 
config-sha256:318f2319125641580710a110c1ae28c8a91e224c7c2e4e69627d68fa9c332ab0:   done           |[32m++++++++++++++++++++++++++++++++++++++[0m| 
layer-sha256:034d6572bf287fa79604fee9be062f0683809ae3a3685bc7b0e17bd1c48c50e8:    done           |[32m++++++++++++++++++++++++++++++++++++++[0m| 
layer-sha256:c8577ccb98d6af2b56cb43790454d142c1bfbee15c59b6b44c8278ca9b65baaa:    downloading    |[32m+++++++++++[0m---------------------------|  4.4 GiB/14.0 GiB 
layer-sha256:dab186ad61c8543a52a8cb5cef310d98159eb6fe36eb2868bac2ab6ea985972b:    done           |[32m++++++++++++++++++++++++++++++++++++++[0m| 
elapsed: 11.0s                                                                    total:  4.4 Gi (411.8 MiB/s)                                     
172.31.67.78:5000/model-ballast:A-14g:                                            resolved       |[32m++++++++++++++++++++++++++++++++++++++[0m| 
index-sha256:093fc1a5143440a3ba8cb6cdc582edbfe183ca86bdd4db3f165c170f18ddddf4:    done           |[32m++++++++++++++++++++++++++++++++++++++[0m| 
manifest-sha256:774ef59b0c94679c2695f0c05e2bc0b21d44f5d1339ab17b6e3323bf28d39f66: done           |[32m++++++++++++++++++++++++++++++++++++++[0m| 
manifest-sha256:d8cbd2948553ac2bc682b20626e09f9e897e31ea05ded4deff1ad81c79b3f2b4: done           |[32m++++++++++++++++++++++++++++++++++++++[0m| 
config-sha256:318f2319125641580710a110c1ae28c8a91e224c7c2e4e69627d68fa9c332ab0:   done           |[32m++++++++++++++++++++++++++++++++++++++[0m| 
layer-sha256:034d6572bf287fa79604fee9be062f0683809ae3a3685bc7b0e17bd1c48c50e8:    done           |[32m++++++++++++++++++++++++++++++++++++++[0m| 
layer-sha256:c8577ccb98d6af2b56cb43790454d142c1bfbee15c59b6b44c8278ca9b65baaa:    downloading    |[32m++++++++++++[0m--------------------------|  4.5 GiB/14.0 GiB 
layer-sha256:dab186ad61c8543a52a8cb5cef310d98159eb6fe36eb2868bac2ab6ea985972b:    done           |[32m++++++++++++++++++++++++++++++++++++++[0m| 
elapsed: 11.1s                                                                    total:  4.5 Gi (411.9 MiB/s)                                     
172.31.67.78:5000/model-ballast:A-14g:                                            resolved       |[32m++++++++++++++++++++++++++++++++++++++[0m| 
index-sha256:093fc1a5143440a3ba8cb6cdc582edbfe183ca86bdd4db3f165c170f18ddddf4:    done           |[32m++++++++++++++++++++++++++++++++++++++[0m| 
manifest-sha256:774ef59b0c94679c2695f0c05e2bc0b21d44f5d1339ab17b6e3323bf28d39f66: done           |[32m++++++++++++++++++++++++++++++++++++++[0m| 
manifest-sha256:d8cbd2948553ac2bc682b20626e09f9e897e31ea05ded4deff1ad81c79b3f2b4: done           |[32m++++++++++++++++++++++++++++++++++++++[0m| 
config-sha256:318f2319125641580710a110c1ae28c8a91e224c7c2e4e69627d68fa9c332ab0:   done           |[32m++++++++++++++++++++++++++++++++++++++[0m| 
layer-sha256:034d6572bf287fa79604fee9be062f0683809ae3a3685bc7b0e17bd1c48c50e8:    done           |[32m++++++++++++++++++++++++++++++++++++++[0m| 
layer-sha256:c8577ccb98d6af2b56cb43790454d142c1bfbee15c59b6b44c8278ca9b65baaa:    downloading    |[32m++++++++++++[0m--------------------------|  4.5 GiB/14.0 GiB 
layer-sha256:dab186ad61c8543a52a8cb5cef310d98159eb6fe36eb2868bac2ab6ea985972b:    done           |[32m++++++++++++++++++++++++++++++++++++++[0m| 
elapsed: 11.2s                                                                    total:  4.5 Gi (411.8 MiB/s)                                     
172.31.67.78:5000/model-ballast:A-14g:                                            resolved       |[32m++++++++++++++++++++++++++++++++++++++[0m| 
index-sha256:093fc1a5143440a3ba8cb6cdc582edbfe183ca86bdd4db3f165c170f18ddddf4:    done           |[32m++++++++++++++++++++++++++++++++++++++[0m| 
manifest-sha256:774ef59b0c94679c2695f0c05e2bc0b21d44f5d1339ab17b6e3323bf28d39f66: done           |[32m++++++++++++++++++++++++++++++++++++++[0m| 
manifest-sha256:d8cbd2948553ac2bc682b20626e09f9e897e31ea05ded4deff1ad81c79b3f2b4: done           |[32m++++++++++++++++++++++++++++++++++++++[0m| 
config-sha256:318f2319125641580710a110c1ae28c8a91e224c7c2e4e69627d68fa9c332ab0:   done           |[32m++++++++++++++++++++++++++++++++++++++[0m| 
layer-sha256:034d6572bf287fa79604fee9be062f0683809ae3a3685bc7b0e17bd1c48c50e8:    done           |[32m++++++++++++++++++++++++++++++++++++++[0m| 
layer-sha256:c8577ccb98d6af2b56cb43790454d142c1bfbee15c59b6b44c8278ca9b65baaa:    downloading    |[32m++++++++++++[0m--------------------------|  4.5 GiB/14.0 GiB 
layer-sha256:dab186ad61c8543a52a8cb5cef310d98159eb6fe36eb2868bac2ab6ea985972b:    done           |[32m++++++++++++++++++++++++++++++++++++++[0m| 
elapsed: 11.3s                                                                    total:  4.5 Gi (411.8 MiB/s)                                     
172.31.67.78:5000/model-ballast:A-14g:                                            resolved       |[32m++++++++++++++++++++++++++++++++++++++[0m| 
index-sha256:093fc1a5143440a3ba8cb6cdc582edbfe183ca86bdd4db3f165c170f18ddddf4:    done           |[32m++++++++++++++++++++++++++++++++++++++[0m| 
manifest-sha256:774ef59b0c94679c2695f0c05e2bc0b21d44f5d1339ab17b6e3323bf28d39f66: done           |[32m++++++++++++++++++++++++++++++++++++++[0m| 
manifest-sha256:d8cbd2948553ac2bc682b20626e09f9e897e31ea05ded4deff1ad81c79b3f2b4: done           |[32m++++++++++++++++++++++++++++++++++++++[0m| 
config-sha256:318f2319125641580710a110c1ae28c8a91e224c7c2e4e69627d68fa9c332ab0:   done           |[32m++++++++++++++++++++++++++++++++++++++[0m| 
layer-sha256:034d6572bf287fa79604fee9be062f0683809ae3a3685bc7b0e17bd1c48c50e8:    done           |[32m++++++++++++++++++++++++++++++++++++++[0m| 
layer-sha256:c8577ccb98d6af2b56cb43790454d142c1bfbee15c59b6b44c8278ca9b65baaa:    downloading    |[32m++++++++++++[0m--------------------------|  4.6 GiB/14.0 GiB 
layer-sha256:dab186ad61c8543a52a8cb5cef310d98159eb6fe36eb2868bac2ab6ea985972b:    done           |[32m++++++++++++++++++++++++++++++++++++++[0m| 
elapsed: 11.4s                                                                    total:  4.6 Gi (411.8 MiB/s)                                     
172.31.67.78:5000/model-ballast:A-14g:                                            resolved       |[32m++++++++++++++++++++++++++++++++++++++[0m| 
index-sha256:093fc1a5143440a3ba8cb6cdc582edbfe183ca86bdd4db3f165c170f18ddddf4:    done           |[32m++++++++++++++++++++++++++++++++++++++[0m| 
manifest-sha256:774ef59b0c94679c2695f0c05e2bc0b21d44f5d1339ab17b6e3323bf28d39f66: done           |[32m++++++++++++++++++++++++++++++++++++++[0m| 
manifest-sha256:d8cbd2948553ac2bc682b20626e09f9e897e31ea05ded4deff1ad81c79b3f2b4: done           |[32m++++++++++++++++++++++++++++++++++++++[0m| 
config-sha256:318f2319125641580710a110c1ae28c8a91e224c7c2e4e69627d68fa9c332ab0:   done           |[32m++++++++++++++++++++++++++++++++++++++[0m| 
layer-sha256:034d6572bf287fa79604fee9be062f0683809ae3a3685bc7b0e17bd1c48c50e8:    done           |[32m++++++++++++++++++++++++++++++++++++++[0m| 
layer-sha256:c8577ccb98d6af2b56cb43790454d142c1bfbee15c59b6b44c8278ca9b65baaa:    downloading    |[32m++++++++++++[0m--------------------------|  4.6 GiB/14.0 GiB 
layer-sha256:dab186ad61c8543a52a8cb5cef310d98159eb6fe36eb2868bac2ab6ea985972b:    done           |[32m++++++++++++++++++++++++++++++++++++++[0m| 
elapsed: 11.5s                                                                    total:  4.6 Gi (411.9 MiB/s)                                     
172.31.67.78:5000/model-ballast:A-14g:                                            resolved       |[32m++++++++++++++++++++++++++++++++++++++[0m| 
index-sha256:093fc1a5143440a3ba8cb6cdc582edbfe183ca86bdd4db3f165c170f18ddddf4:    done           |[32m++++++++++++++++++++++++++++++++++++++[0m| 
manifest-sha256:774ef59b0c94679c2695f0c05e2bc0b21d44f5d1339ab17b6e3323bf28d39f66: done           |[32m++++++++++++++++++++++++++++++++++++++[0m| 
manifest-sha256:d8cbd2948553ac2bc682b20626e09f9e897e31ea05ded4deff1ad81c79b3f2b4: done           |[32m++++++++++++++++++++++++++++++++++++++[0m| 
config-sha256:318f2319125641580710a110c1ae28c8a91e224c7c2e4e69627d68fa9c332ab0:   done           |[32m++++++++++++++++++++++++++++++++++++++[0m| 
layer-sha256:034d6572bf287fa79604fee9be062f0683809ae3a3685bc7b0e17bd1c48c50e8:    done           |[32m++++++++++++++++++++++++++++++++++++++[0m| 
layer-sha256:c8577ccb98d6af2b56cb43790454d142c1bfbee15c59b6b44c8278ca9b65baaa:    downloading    |[32m++++++++++++[0m--------------------------|  4.7 GiB/14.0 GiB 
layer-sha256:dab186ad61c8543a52a8cb5cef310d98159eb6fe36eb2868bac2ab6ea985972b:    done           |[32m++++++++++++++++++++++++++++++++++++++[0m| 
elapsed: 11.6s                                                                    total:  4.7 Gi (411.9 MiB/s)                                     
172.31.67.78:5000/model-ballast:A-14g:                                            resolved       |[32m++++++++++++++++++++++++++++++++++++++[0m| 
index-sha256:093fc1a5143440a3ba8cb6cdc582edbfe183ca86bdd4db3f165c170f18ddddf4:    done           |[32m++++++++++++++++++++++++++++++++++++++[0m| 
manifest-sha256:774ef59b0c94679c2695f0c05e2bc0b21d44f5d1339ab17b6e3323bf28d39f66: done           |[32m++++++++++++++++++++++++++++++++++++++[0m| 
manifest-sha256:d8cbd2948553ac2bc682b20626e09f9e897e31ea05ded4deff1ad81c79b3f2b4: done           |[32m++++++++++++++++++++++++++++++++++++++[0m| 
config-sha256:318f2319125641580710a110c1ae28c8a91e224c7c2e4e69627d68fa9c332ab0:   done           |[32m++++++++++++++++++++++++++++++++++++++[0m| 
layer-sha256:034d6572bf287fa79604fee9be062f0683809ae3a3685bc7b0e17bd1c48c50e8:    done           |[32m++++++++++++++++++++++++++++++++++++++[0m| 
layer-sha256:c8577ccb98d6af2b56cb43790454d142c1bfbee15c59b6b44c8278ca9b65baaa:    downloading    |[32m++++++++++++[0m--------------------------|  4.7 GiB/14.0 GiB 
layer-sha256:dab186ad61c8543a52a8cb5cef310d98159eb6fe36eb2868bac2ab6ea985972b:    done           |[32m++++++++++++++++++++++++++++++++++++++[0m| 
elapsed: 11.7s                                                                    total:  4.7 Gi (411.9 MiB/s)                                     
172.31.67.78:5000/model-ballast:A-14g:                                            resolved       |[32m++++++++++++++++++++++++++++++++++++++[0m| 
index-sha256:093fc1a5143440a3ba8cb6cdc582edbfe183ca86bdd4db3f165c170f18ddddf4:    done           |[32m++++++++++++++++++++++++++++++++++++++[0m| 
manifest-sha256:774ef59b0c94679c2695f0c05e2bc0b21d44f5d1339ab17b6e3323bf28d39f66: done           |[32m++++++++++++++++++++++++++++++++++++++[0m| 
manifest-sha256:d8cbd2948553ac2bc682b20626e09f9e897e31ea05ded4deff1ad81c79b3f2b4: done           |[32m++++++++++++++++++++++++++++++++++++++[0m| 
config-sha256:318f2319125641580710a110c1ae28c8a91e224c7c2e4e69627d68fa9c332ab0:   done           |[32m++++++++++++++++++++++++++++++++++++++[0m| 
layer-sha256:034d6572bf287fa79604fee9be062f0683809ae3a3685bc7b0e17bd1c48c50e8:    done           |[32m++++++++++++++++++++++++++++++++++++++[0m| 
layer-sha256:c8577ccb98d6af2b56cb43790454d142c1bfbee15c59b6b44c8278ca9b65baaa:    downloading    |[32m++++++++++++[0m--------------------------|  4.7 GiB/14.0 GiB 
layer-sha256:dab186ad61c8543a52a8cb5cef310d98159eb6fe36eb2868bac2ab6ea985972b:    done           |[32m++++++++++++++++++++++++++++++++++++++[0m| 
elapsed: 11.8s                                                                    total:  4.7 Gi (411.8 MiB/s)                                     
172.31.67.78:5000/model-ballast:A-14g:                                            resolved       |[32m++++++++++++++++++++++++++++++++++++++[0m| 
index-sha256:093fc1a5143440a3ba8cb6cdc582edbfe183ca86bdd4db3f165c170f18ddddf4:    done           |[32m++++++++++++++++++++++++++++++++++++++[0m| 
manifest-sha256:774ef59b0c94679c2695f0c05e2bc0b21d44f5d1339ab17b6e3323bf28d39f66: done           |[32m++++++++++++++++++++++++++++++++++++++[0m| 
manifest-sha256:d8cbd2948553ac2bc682b20626e09f9e897e31ea05ded4deff1ad81c79b3f2b4: done           |[32m++++++++++++++++++++++++++++++++++++++[0m| 
config-sha256:318f2319125641580710a110c1ae28c8a91e224c7c2e4e69627d68fa9c332ab0:   done           |[32m++++++++++++++++++++++++++++++++++++++[0m| 
layer-sha256:034d6572bf287fa79604fee9be062f0683809ae3a3685bc7b0e17bd1c48c50e8:    done           |[32m++++++++++++++++++++++++++++++++++++++[0m| 
layer-sha256:c8577ccb98d6af2b56cb43790454d142c1bfbee15c59b6b44c8278ca9b65baaa:    downloading    |[32m++++++++++++[0m--------------------------|  4.8 GiB/14.0 GiB 
layer-sha256:dab186ad61c8543a52a8cb5cef310d98159eb6fe36eb2868bac2ab6ea985972b:    done           |[32m++++++++++++++++++++++++++++++++++++++[0m| 
elapsed: 11.9s                                                                    total:  4.8 Gi (411.9 MiB/s)                                     
172.31.67.78:5000/model-ballast:A-14g:                                            resolved       |[32m++++++++++++++++++++++++++++++++++++++[0m| 
index-sha256:093fc1a5143440a3ba8cb6cdc582edbfe183ca86bdd4db3f165c170f18ddddf4:    done           |[32m++++++++++++++++++++++++++++++++++++++[0m| 
manifest-sha256:774ef59b0c94679c2695f0c05e2bc0b21d44f5d1339ab17b6e3323bf28d39f66: done           |[32m++++++++++++++++++++++++++++++++++++++[0m| 
manifest-sha256:d8cbd2948553ac2bc682b20626e09f9e897e31ea05ded4deff1ad81c79b3f2b4: done           |[32m++++++++++++++++++++++++++++++++++++++[0m| 
config-sha256:318f2319125641580710a110c1ae28c8a91e224c7c2e4e69627d68fa9c332ab0:   done           |[32m++++++++++++++++++++++++++++++++++++++[0m| 
layer-sha256:034d6572bf287fa79604fee9be062f0683809ae3a3685bc7b0e17bd1c48c50e8:    done           |[32m++++++++++++++++++++++++++++++++++++++[0m| 
layer-sha256:c8577ccb98d6af2b56cb43790454d142c1bfbee15c59b6b44c8278ca9b65baaa:    downloading    |[32m+++++++++++++[0m-------------------------|  4.8 GiB/14.0 GiB 
layer-sha256:dab186ad61c8543a52a8cb5cef310d98159eb6fe36eb2868bac2ab6ea985972b:    done           |[32m++++++++++++++++++++++++++++++++++++++[0m| 
elapsed: 12.0s                                                                    total:  4.8 Gi (411.9 MiB/s)                                     
172.31.67.78:5000/model-ballast:A-14g:                                            resolved       |[32m++++++++++++++++++++++++++++++++++++++[0m| 
index-sha256:093fc1a5143440a3ba8cb6cdc582edbfe183ca86bdd4db3f165c170f18ddddf4:    done           |[32m++++++++++++++++++++++++++++++++++++++[0m| 
manifest-sha256:774ef59b0c94679c2695f0c05e2bc0b21d44f5d1339ab17b6e3323bf28d39f66: done           |[32m++++++++++++++++++++++++++++++++++++++[0m| 
manifest-sha256:d8cbd2948553ac2bc682b20626e09f9e897e31ea05ded4deff1ad81c79b3f2b4: done           |[32m++++++++++++++++++++++++++++++++++++++[0m| 
config-sha256:318f2319125641580710a110c1ae28c8a91e224c7c2e4e69627d68fa9c332ab0:   done           |[32m++++++++++++++++++++++++++++++++++++++[0m| 
layer-sha256:034d6572bf287fa79604fee9be062f0683809ae3a3685bc7b0e17bd1c48c50e8:    done           |[32m++++++++++++++++++++++++++++++++++++++[0m| 
layer-sha256:c8577ccb98d6af2b56cb43790454d142c1bfbee15c59b6b44c8278ca9b65baaa:    downloading    |[32m+++++++++++++[0m-------------------------|  4.9 GiB/14.0 GiB 
layer-sha256:dab186ad61c8543a52a8cb5cef310d98159eb6fe36eb2868bac2ab6ea985972b:    done           |[32m++++++++++++++++++++++++++++++++++++++[0m| 
elapsed: 12.1s                                                                    total:  4.9 Gi (411.9 MiB/s)                                     
172.31.67.78:5000/model-ballast:A-14g:                                            resolved       |[32m++++++++++++++++++++++++++++++++++++++[0m| 
index-sha256:093fc1a5143440a3ba8cb6cdc582edbfe183ca86bdd4db3f165c170f18ddddf4:    done           |[32m++++++++++++++++++++++++++++++++++++++[0m| 
manifest-sha256:774ef59b0c94679c2695f0c05e2bc0b21d44f5d1339ab17b6e3323bf28d39f66: done           |[32m++++++++++++++++++++++++++++++++++++++[0m| 
manifest-sha256:d8cbd2948553ac2bc682b20626e09f9e897e31ea05ded4deff1ad81c79b3f2b4: done           |[32m++++++++++++++++++++++++++++++++++++++[0m| 
config-sha256:318f2319125641580710a110c1ae28c8a91e224c7c2e4e69627d68fa9c332ab0:   done           |[32m++++++++++++++++++++++++++++++++++++++[0m| 
layer-sha256:034d6572bf287fa79604fee9be062f0683809ae3a3685bc7b0e17bd1c48c50e8:    done           |[32m++++++++++++++++++++++++++++++++++++++[0m| 
layer-sha256:c8577ccb98d6af2b56cb43790454d142c1bfbee15c59b6b44c8278ca9b65baaa:    downloading    |[32m+++++++++++++[0m-------------------------|  4.9 GiB/14.0 GiB 
layer-sha256:dab186ad61c8543a52a8cb5cef310d98159eb6fe36eb2868bac2ab6ea985972b:    done           |[32m++++++++++++++++++++++++++++++++++++++[0m| 
elapsed: 12.2s                                                                    total:  4.9 Gi (412.0 MiB/s)                                     
172.31.67.78:5000/model-ballast:A-14g:                                            resolved       |[32m++++++++++++++++++++++++++++++++++++++[0m| 
index-sha256:093fc1a5143440a3ba8cb6cdc582edbfe183ca86bdd4db3f165c170f18ddddf4:    done           |[32m++++++++++++++++++++++++++++++++++++++[0m| 
manifest-sha256:774ef59b0c94679c2695f0c05e2bc0b21d44f5d1339ab17b6e3323bf28d39f66: done           |[32m++++++++++++++++++++++++++++++++++++++[0m| 
manifest-sha256:d8cbd2948553ac2bc682b20626e09f9e897e31ea05ded4deff1ad81c79b3f2b4: done           |[32m++++++++++++++++++++++++++++++++++++++[0m| 
config-sha256:318f2319125641580710a110c1ae28c8a91e224c7c2e4e69627d68fa9c332ab0:   done           |[32m++++++++++++++++++++++++++++++++++++++[0m| 
layer-sha256:034d6572bf287fa79604fee9be062f0683809ae3a3685bc7b0e17bd1c48c50e8:    done           |[32m++++++++++++++++++++++++++++++++++++++[0m| 
layer-sha256:c8577ccb98d6af2b56cb43790454d142c1bfbee15c59b6b44c8278ca9b65baaa:    downloading    |[32m+++++++++++++[0m-------------------------|  4.9 GiB/14.0 GiB 
layer-sha256:dab186ad61c8543a52a8cb5cef310d98159eb6fe36eb2868bac2ab6ea985972b:    done           |[32m++++++++++++++++++++++++++++++++++++++[0m| 
elapsed: 12.3s                                                                    total:  4.9 Gi (412.0 MiB/s)                                     
172.31.67.78:5000/model-ballast:A-14g:                                            resolved       |[32m++++++++++++++++++++++++++++++++++++++[0m| 
index-sha256:093fc1a5143440a3ba8cb6cdc582edbfe183ca86bdd4db3f165c170f18ddddf4:    done           |[32m++++++++++++++++++++++++++++++++++++++[0m| 
manifest-sha256:774ef59b0c94679c2695f0c05e2bc0b21d44f5d1339ab17b6e3323bf28d39f66: done           |[32m++++++++++++++++++++++++++++++++++++++[0m| 
manifest-sha256:d8cbd2948553ac2bc682b20626e09f9e897e31ea05ded4deff1ad81c79b3f2b4: done           |[32m++++++++++++++++++++++++++++++++++++++[0m| 
config-sha256:318f2319125641580710a110c1ae28c8a91e224c7c2e4e69627d68fa9c332ab0:   done           |[32m++++++++++++++++++++++++++++++++++++++[0m| 
layer-sha256:034d6572bf287fa79604fee9be062f0683809ae3a3685bc7b0e17bd1c48c50e8:    done           |[32m++++++++++++++++++++++++++++++++++++++[0m| 
layer-sha256:c8577ccb98d6af2b56cb43790454d142c1bfbee15c59b6b44c8278ca9b65baaa:    downloading    |[32m+++++++++++++[0m-------------------------|  5.0 GiB/14.0 GiB 
layer-sha256:dab186ad61c8543a52a8cb5cef310d98159eb6fe36eb2868bac2ab6ea985972b:    done           |[32m++++++++++++++++++++++++++++++++++++++[0m| 
elapsed: 12.4s                                                                    total:  5.0 Gi (411.8 MiB/s)                                     
172.31.67.78:5000/model-ballast:A-14g:                                            resolved       |[32m++++++++++++++++++++++++++++++++++++++[0m| 
index-sha256:093fc1a5143440a3ba8cb6cdc582edbfe183ca86bdd4db3f165c170f18ddddf4:    done           |[32m++++++++++++++++++++++++++++++++++++++[0m| 
manifest-sha256:774ef59b0c94679c2695f0c05e2bc0b21d44f5d1339ab17b6e3323bf28d39f66: done           |[32m++++++++++++++++++++++++++++++++++++++[0m| 
manifest-sha256:d8cbd2948553ac2bc682b20626e09f9e897e31ea05ded4deff1ad81c79b3f2b4: done           |[32m++++++++++++++++++++++++++++++++++++++[0m| 
config-sha256:318f2319125641580710a110c1ae28c8a91e224c7c2e4e69627d68fa9c332ab0:   done           |[32m++++++++++++++++++++++++++++++++++++++[0m| 
layer-sha256:034d6572bf287fa79604fee9be062f0683809ae3a3685bc7b0e17bd1c48c50e8:    done           |[32m++++++++++++++++++++++++++++++++++++++[0m| 
layer-sha256:c8577ccb98d6af2b56cb43790454d142c1bfbee15c59b6b44c8278ca9b65baaa:    downloading    |[32m+++++++++++++[0m-------------------------|  5.0 GiB/14.0 GiB 
layer-sha256:dab186ad61c8543a52a8cb5cef310d98159eb6fe36eb2868bac2ab6ea985972b:    done           |[32m++++++++++++++++++++++++++++++++++++++[0m| 
elapsed: 12.5s                                                                    total:  5.0 Gi (411.8 MiB/s)                                     
172.31.67.78:5000/model-ballast:A-14g:                                            resolved       |[32m++++++++++++++++++++++++++++++++++++++[0m| 
index-sha256:093fc1a5143440a3ba8cb6cdc582edbfe183ca86bdd4db3f165c170f18ddddf4:    done           |[32m++++++++++++++++++++++++++++++++++++++[0m| 
manifest-sha256:774ef59b0c94679c2695f0c05e2bc0b21d44f5d1339ab17b6e3323bf28d39f66: done           |[32m++++++++++++++++++++++++++++++++++++++[0m| 
manifest-sha256:d8cbd2948553ac2bc682b20626e09f9e897e31ea05ded4deff1ad81c79b3f2b4: done           |[32m++++++++++++++++++++++++++++++++++++++[0m| 
config-sha256:318f2319125641580710a110c1ae28c8a91e224c7c2e4e69627d68fa9c332ab0:   done           |[32m++++++++++++++++++++++++++++++++++++++[0m| 
layer-sha256:034d6572bf287fa79604fee9be062f0683809ae3a3685bc7b0e17bd1c48c50e8:    done           |[32m++++++++++++++++++++++++++++++++++++++[0m| 
layer-sha256:c8577ccb98d6af2b56cb43790454d142c1bfbee15c59b6b44c8278ca9b65baaa:    downloading    |[32m+++++++++++++[0m-------------------------|  5.1 GiB/14.0 GiB 
layer-sha256:dab186ad61c8543a52a8cb5cef310d98159eb6fe36eb2868bac2ab6ea985972b:    done           |[32m++++++++++++++++++++++++++++++++++++++[0m| 
elapsed: 12.6s                                                                    total:  5.1 Gi (411.8 MiB/s)                                     
172.31.67.78:5000/model-ballast:A-14g:                                            resolved       |[32m++++++++++++++++++++++++++++++++++++++[0m| 
index-sha256:093fc1a5143440a3ba8cb6cdc582edbfe183ca86bdd4db3f165c170f18ddddf4:    done           |[32m++++++++++++++++++++++++++++++++++++++[0m| 
manifest-sha256:774ef59b0c94679c2695f0c05e2bc0b21d44f5d1339ab17b6e3323bf28d39f66: done           |[32m++++++++++++++++++++++++++++++++++++++[0m| 
manifest-sha256:d8cbd2948553ac2bc682b20626e09f9e897e31ea05ded4deff1ad81c79b3f2b4: done           |[32m++++++++++++++++++++++++++++++++++++++[0m| 
config-sha256:318f2319125641580710a110c1ae28c8a91e224c7c2e4e69627d68fa9c332ab0:   done           |[32m++++++++++++++++++++++++++++++++++++++[0m| 
layer-sha256:034d6572bf287fa79604fee9be062f0683809ae3a3685bc7b0e17bd1c48c50e8:    done           |[32m++++++++++++++++++++++++++++++++++++++[0m| 
layer-sha256:c8577ccb98d6af2b56cb43790454d142c1bfbee15c59b6b44c8278ca9b65baaa:    downloading    |[32m+++++++++++++[0m-------------------------|  5.1 GiB/14.0 GiB 
layer-sha256:dab186ad61c8543a52a8cb5cef310d98159eb6fe36eb2868bac2ab6ea985972b:    done           |[32m++++++++++++++++++++++++++++++++++++++[0m| 
elapsed: 12.7s                                                                    total:  5.1 Gi (411.8 MiB/s)                                     
172.31.67.78:5000/model-ballast:A-14g:                                            resolved       |[32m++++++++++++++++++++++++++++++++++++++[0m| 
index-sha256:093fc1a5143440a3ba8cb6cdc582edbfe183ca86bdd4db3f165c170f18ddddf4:    done           |[32m++++++++++++++++++++++++++++++++++++++[0m| 
manifest-sha256:774ef59b0c94679c2695f0c05e2bc0b21d44f5d1339ab17b6e3323bf28d39f66: done           |[32m++++++++++++++++++++++++++++++++++++++[0m| 
manifest-sha256:d8cbd2948553ac2bc682b20626e09f9e897e31ea05ded4deff1ad81c79b3f2b4: done           |[32m++++++++++++++++++++++++++++++++++++++[0m| 
config-sha256:318f2319125641580710a110c1ae28c8a91e224c7c2e4e69627d68fa9c332ab0:   done           |[32m++++++++++++++++++++++++++++++++++++++[0m| 
layer-sha256:034d6572bf287fa79604fee9be062f0683809ae3a3685bc7b0e17bd1c48c50e8:    done           |[32m++++++++++++++++++++++++++++++++++++++[0m| 
layer-sha256:c8577ccb98d6af2b56cb43790454d142c1bfbee15c59b6b44c8278ca9b65baaa:    downloading    |[32m+++++++++++++[0m-------------------------|  5.1 GiB/14.0 GiB 
layer-sha256:dab186ad61c8543a52a8cb5cef310d98159eb6fe36eb2868bac2ab6ea985972b:    done           |[32m++++++++++++++++++++++++++++++++++++++[0m| 
elapsed: 12.8s                                                                    total:  5.1 Gi (411.6 MiB/s)                                     
172.31.67.78:5000/model-ballast:A-14g:                                            resolved       |[32m++++++++++++++++++++++++++++++++++++++[0m| 
index-sha256:093fc1a5143440a3ba8cb6cdc582edbfe183ca86bdd4db3f165c170f18ddddf4:    done           |[32m++++++++++++++++++++++++++++++++++++++[0m| 
manifest-sha256:774ef59b0c94679c2695f0c05e2bc0b21d44f5d1339ab17b6e3323bf28d39f66: done           |[32m++++++++++++++++++++++++++++++++++++++[0m| 
manifest-sha256:d8cbd2948553ac2bc682b20626e09f9e897e31ea05ded4deff1ad81c79b3f2b4: done           |[32m++++++++++++++++++++++++++++++++++++++[0m| 
config-sha256:318f2319125641580710a110c1ae28c8a91e224c7c2e4e69627d68fa9c332ab0:   done           |[32m++++++++++++++++++++++++++++++++++++++[0m| 
layer-sha256:034d6572bf287fa79604fee9be062f0683809ae3a3685bc7b0e17bd1c48c50e8:    done           |[32m++++++++++++++++++++++++++++++++++++++[0m| 
layer-sha256:c8577ccb98d6af2b56cb43790454d142c1bfbee15c59b6b44c8278ca9b65baaa:    downloading    |[32m++++++++++++++[0m------------------------|  5.2 GiB/14.0 GiB 
layer-sha256:dab186ad61c8543a52a8cb5cef310d98159eb6fe36eb2868bac2ab6ea985972b:    done           |[32m++++++++++++++++++++++++++++++++++++++[0m| 
elapsed: 12.9s                                                                    total:  5.2 Gi (411.7 MiB/s)                                     
172.31.67.78:5000/model-ballast:A-14g:                                            resolved       |[32m++++++++++++++++++++++++++++++++++++++[0m| 
index-sha256:093fc1a5143440a3ba8cb6cdc582edbfe183ca86bdd4db3f165c170f18ddddf4:    done           |[32m++++++++++++++++++++++++++++++++++++++[0m| 
manifest-sha256:774ef59b0c94679c2695f0c05e2bc0b21d44f5d1339ab17b6e3323bf28d39f66: done           |[32m++++++++++++++++++++++++++++++++++++++[0m| 
manifest-sha256:d8cbd2948553ac2bc682b20626e09f9e897e31ea05ded4deff1ad81c79b3f2b4: done           |[32m++++++++++++++++++++++++++++++++++++++[0m| 
config-sha256:318f2319125641580710a110c1ae28c8a91e224c7c2e4e69627d68fa9c332ab0:   done           |[32m++++++++++++++++++++++++++++++++++++++[0m| 
layer-sha256:034d6572bf287fa79604fee9be062f0683809ae3a3685bc7b0e17bd1c48c50e8:    done           |[32m++++++++++++++++++++++++++++++++++++++[0m| 
layer-sha256:c8577ccb98d6af2b56cb43790454d142c1bfbee15c59b6b44c8278ca9b65baaa:    downloading    |[32m++++++++++++++[0m------------------------|  5.2 GiB/14.0 GiB 
layer-sha256:dab186ad61c8543a52a8cb5cef310d98159eb6fe36eb2868bac2ab6ea985972b:    done           |[32m++++++++++++++++++++++++++++++++++++++[0m| 
elapsed: 13.0s                                                                    total:  5.2 Gi (411.7 MiB/s)                                     
172.31.67.78:5000/model-ballast:A-14g:                                            resolved       |[32m++++++++++++++++++++++++++++++++++++++[0m| 
index-sha256:093fc1a5143440a3ba8cb6cdc582edbfe183ca86bdd4db3f165c170f18ddddf4:    done           |[32m++++++++++++++++++++++++++++++++++++++[0m| 
manifest-sha256:774ef59b0c94679c2695f0c05e2bc0b21d44f5d1339ab17b6e3323bf28d39f66: done           |[32m++++++++++++++++++++++++++++++++++++++[0m| 
manifest-sha256:d8cbd2948553ac2bc682b20626e09f9e897e31ea05ded4deff1ad81c79b3f2b4: done           |[32m++++++++++++++++++++++++++++++++++++++[0m| 
config-sha256:318f2319125641580710a110c1ae28c8a91e224c7c2e4e69627d68fa9c332ab0:   done           |[32m++++++++++++++++++++++++++++++++++++++[0m| 
layer-sha256:034d6572bf287fa79604fee9be062f0683809ae3a3685bc7b0e17bd1c48c50e8:    done           |[32m++++++++++++++++++++++++++++++++++++++[0m| 
layer-sha256:c8577ccb98d6af2b56cb43790454d142c1bfbee15c59b6b44c8278ca9b65baaa:    downloading    |[32m++++++++++++++[0m------------------------|  5.3 GiB/14.0 GiB 
layer-sha256:dab186ad61c8543a52a8cb5cef310d98159eb6fe36eb2868bac2ab6ea985972b:    done           |[32m++++++++++++++++++++++++++++++++++++++[0m| 
elapsed: 13.1s                                                                    total:  5.3 Gi (411.6 MiB/s)                                     
172.31.67.78:5000/model-ballast:A-14g:                                            resolved       |[32m++++++++++++++++++++++++++++++++++++++[0m| 
index-sha256:093fc1a5143440a3ba8cb6cdc582edbfe183ca86bdd4db3f165c170f18ddddf4:    done           |[32m++++++++++++++++++++++++++++++++++++++[0m| 
manifest-sha256:774ef59b0c94679c2695f0c05e2bc0b21d44f5d1339ab17b6e3323bf28d39f66: done           |[32m++++++++++++++++++++++++++++++++++++++[0m| 
manifest-sha256:d8cbd2948553ac2bc682b20626e09f9e897e31ea05ded4deff1ad81c79b3f2b4: done           |[32m++++++++++++++++++++++++++++++++++++++[0m| 
config-sha256:318f2319125641580710a110c1ae28c8a91e224c7c2e4e69627d68fa9c332ab0:   done           |[32m++++++++++++++++++++++++++++++++++++++[0m| 
layer-sha256:034d6572bf287fa79604fee9be062f0683809ae3a3685bc7b0e17bd1c48c50e8:    done           |[32m++++++++++++++++++++++++++++++++++++++[0m| 
layer-sha256:c8577ccb98d6af2b56cb43790454d142c1bfbee15c59b6b44c8278ca9b65baaa:    downloading    |[32m++++++++++++++[0m------------------------|  5.3 GiB/14.0 GiB 
layer-sha256:dab186ad61c8543a52a8cb5cef310d98159eb6fe36eb2868bac2ab6ea985972b:    done           |[32m++++++++++++++++++++++++++++++++++++++[0m| 
elapsed: 13.2s                                                                    total:  5.3 Gi (411.6 MiB/s)                                     
172.31.67.78:5000/model-ballast:A-14g:                                            resolved       |[32m++++++++++++++++++++++++++++++++++++++[0m| 
index-sha256:093fc1a5143440a3ba8cb6cdc582edbfe183ca86bdd4db3f165c170f18ddddf4:    done           |[32m++++++++++++++++++++++++++++++++++++++[0m| 
manifest-sha256:774ef59b0c94679c2695f0c05e2bc0b21d44f5d1339ab17b6e3323bf28d39f66: done           |[32m++++++++++++++++++++++++++++++++++++++[0m| 
manifest-sha256:d8cbd2948553ac2bc682b20626e09f9e897e31ea05ded4deff1ad81c79b3f2b4: done           |[32m++++++++++++++++++++++++++++++++++++++[0m| 
config-sha256:318f2319125641580710a110c1ae28c8a91e224c7c2e4e69627d68fa9c332ab0:   done           |[32m++++++++++++++++++++++++++++++++++++++[0m| 
layer-sha256:034d6572bf287fa79604fee9be062f0683809ae3a3685bc7b0e17bd1c48c50e8:    done           |[32m++++++++++++++++++++++++++++++++++++++[0m| 
layer-sha256:c8577ccb98d6af2b56cb43790454d142c1bfbee15c59b6b44c8278ca9b65baaa:    downloading    |[32m++++++++++++++[0m------------------------|  5.3 GiB/14.0 GiB 
layer-sha256:dab186ad61c8543a52a8cb5cef310d98159eb6fe36eb2868bac2ab6ea985972b:    done           |[32m++++++++++++++++++++++++++++++++++++++[0m| 
elapsed: 13.3s                                                                    total:  5.3 Gi (411.5 MiB/s)                                     
172.31.67.78:5000/model-ballast:A-14g:                                            resolved       |[32m++++++++++++++++++++++++++++++++++++++[0m| 
index-sha256:093fc1a5143440a3ba8cb6cdc582edbfe183ca86bdd4db3f165c170f18ddddf4:    done           |[32m++++++++++++++++++++++++++++++++++++++[0m| 
manifest-sha256:774ef59b0c94679c2695f0c05e2bc0b21d44f5d1339ab17b6e3323bf28d39f66: done           |[32m++++++++++++++++++++++++++++++++++++++[0m| 
manifest-sha256:d8cbd2948553ac2bc682b20626e09f9e897e31ea05ded4deff1ad81c79b3f2b4: done           |[32m++++++++++++++++++++++++++++++++++++++[0m| 
config-sha256:318f2319125641580710a110c1ae28c8a91e224c7c2e4e69627d68fa9c332ab0:   done           |[32m++++++++++++++++++++++++++++++++++++++[0m| 
layer-sha256:034d6572bf287fa79604fee9be062f0683809ae3a3685bc7b0e17bd1c48c50e8:    done           |[32m++++++++++++++++++++++++++++++++++++++[0m| 
layer-sha256:c8577ccb98d6af2b56cb43790454d142c1bfbee15c59b6b44c8278ca9b65baaa:    downloading    |[32m++++++++++++++[0m------------------------|  5.4 GiB/14.0 GiB 
layer-sha256:dab186ad61c8543a52a8cb5cef310d98159eb6fe36eb2868bac2ab6ea985972b:    done           |[32m++++++++++++++++++++++++++++++++++++++[0m| 
elapsed: 13.4s                                                                    total:  5.4 Gi (411.5 MiB/s)                                     
172.31.67.78:5000/model-ballast:A-14g:                                            resolved       |[32m++++++++++++++++++++++++++++++++++++++[0m| 
index-sha256:093fc1a5143440a3ba8cb6cdc582edbfe183ca86bdd4db3f165c170f18ddddf4:    done           |[32m++++++++++++++++++++++++++++++++++++++[0m| 
manifest-sha256:774ef59b0c94679c2695f0c05e2bc0b21d44f5d1339ab17b6e3323bf28d39f66: done           |[32m++++++++++++++++++++++++++++++++++++++[0m| 
manifest-sha256:d8cbd2948553ac2bc682b20626e09f9e897e31ea05ded4deff1ad81c79b3f2b4: done           |[32m++++++++++++++++++++++++++++++++++++++[0m| 
config-sha256:318f2319125641580710a110c1ae28c8a91e224c7c2e4e69627d68fa9c332ab0:   done           |[32m++++++++++++++++++++++++++++++++++++++[0m| 
layer-sha256:034d6572bf287fa79604fee9be062f0683809ae3a3685bc7b0e17bd1c48c50e8:    done           |[32m++++++++++++++++++++++++++++++++++++++[0m| 
layer-sha256:c8577ccb98d6af2b56cb43790454d142c1bfbee15c59b6b44c8278ca9b65baaa:    downloading    |[32m++++++++++++++[0m------------------------|  5.4 GiB/14.0 GiB 
layer-sha256:dab186ad61c8543a52a8cb5cef310d98159eb6fe36eb2868bac2ab6ea985972b:    done           |[32m++++++++++++++++++++++++++++++++++++++[0m| 
elapsed: 13.5s                                                                    total:  5.4 Gi (411.4 MiB/s)                                     
172.31.67.78:5000/model-ballast:A-14g:                                            resolved       |[32m++++++++++++++++++++++++++++++++++++++[0m| 
index-sha256:093fc1a5143440a3ba8cb6cdc582edbfe183ca86bdd4db3f165c170f18ddddf4:    done           |[32m++++++++++++++++++++++++++++++++++++++[0m| 
manifest-sha256:774ef59b0c94679c2695f0c05e2bc0b21d44f5d1339ab17b6e3323bf28d39f66: done           |[32m++++++++++++++++++++++++++++++++++++++[0m| 
manifest-sha256:d8cbd2948553ac2bc682b20626e09f9e897e31ea05ded4deff1ad81c79b3f2b4: done           |[32m++++++++++++++++++++++++++++++++++++++[0m| 
config-sha256:318f2319125641580710a110c1ae28c8a91e224c7c2e4e69627d68fa9c332ab0:   done           |[32m++++++++++++++++++++++++++++++++++++++[0m| 
layer-sha256:034d6572bf287fa79604fee9be062f0683809ae3a3685bc7b0e17bd1c48c50e8:    done           |[32m++++++++++++++++++++++++++++++++++++++[0m| 
layer-sha256:c8577ccb98d6af2b56cb43790454d142c1bfbee15c59b6b44c8278ca9b65baaa:    downloading    |[32m++++++++++++++[0m------------------------|  5.5 GiB/14.0 GiB 
layer-sha256:dab186ad61c8543a52a8cb5cef310d98159eb6fe36eb2868bac2ab6ea985972b:    done           |[32m++++++++++++++++++++++++++++++++++++++[0m| 
elapsed: 13.6s                                                                    total:  5.5 Gi (411.5 MiB/s)                                     
172.31.67.78:5000/model-ballast:A-14g:                                            resolved       |[32m++++++++++++++++++++++++++++++++++++++[0m| 
index-sha256:093fc1a5143440a3ba8cb6cdc582edbfe183ca86bdd4db3f165c170f18ddddf4:    done           |[32m++++++++++++++++++++++++++++++++++++++[0m| 
manifest-sha256:774ef59b0c94679c2695f0c05e2bc0b21d44f5d1339ab17b6e3323bf28d39f66: done           |[32m++++++++++++++++++++++++++++++++++++++[0m| 
manifest-sha256:d8cbd2948553ac2bc682b20626e09f9e897e31ea05ded4deff1ad81c79b3f2b4: done           |[32m++++++++++++++++++++++++++++++++++++++[0m| 
config-sha256:318f2319125641580710a110c1ae28c8a91e224c7c2e4e69627d68fa9c332ab0:   done           |[32m++++++++++++++++++++++++++++++++++++++[0m| 
layer-sha256:034d6572bf287fa79604fee9be062f0683809ae3a3685bc7b0e17bd1c48c50e8:    done           |[32m++++++++++++++++++++++++++++++++++++++[0m| 
layer-sha256:c8577ccb98d6af2b56cb43790454d142c1bfbee15c59b6b44c8278ca9b65baaa:    downloading    |[32m++++++++++++++[0m------------------------|  5.5 GiB/14.0 GiB 
layer-sha256:dab186ad61c8543a52a8cb5cef310d98159eb6fe36eb2868bac2ab6ea985972b:    done           |[32m++++++++++++++++++++++++++++++++++++++[0m| 
elapsed: 13.7s                                                                    total:  5.5 Gi (411.5 MiB/s)                                     
172.31.67.78:5000/model-ballast:A-14g:                                            resolved       |[32m++++++++++++++++++++++++++++++++++++++[0m| 
index-sha256:093fc1a5143440a3ba8cb6cdc582edbfe183ca86bdd4db3f165c170f18ddddf4:    done           |[32m++++++++++++++++++++++++++++++++++++++[0m| 
manifest-sha256:774ef59b0c94679c2695f0c05e2bc0b21d44f5d1339ab17b6e3323bf28d39f66: done           |[32m++++++++++++++++++++++++++++++++++++++[0m| 
manifest-sha256:d8cbd2948553ac2bc682b20626e09f9e897e31ea05ded4deff1ad81c79b3f2b4: done           |[32m++++++++++++++++++++++++++++++++++++++[0m| 
config-sha256:318f2319125641580710a110c1ae28c8a91e224c7c2e4e69627d68fa9c332ab0:   done           |[32m++++++++++++++++++++++++++++++++++++++[0m| 
layer-sha256:034d6572bf287fa79604fee9be062f0683809ae3a3685bc7b0e17bd1c48c50e8:    done           |[32m++++++++++++++++++++++++++++++++++++++[0m| 
layer-sha256:c8577ccb98d6af2b56cb43790454d142c1bfbee15c59b6b44c8278ca9b65baaa:    downloading    |[32m+++++++++++++++[0m-----------------------|  5.5 GiB/14.0 GiB 
layer-sha256:dab186ad61c8543a52a8cb5cef310d98159eb6fe36eb2868bac2ab6ea985972b:    done           |[32m++++++++++++++++++++++++++++++++++++++[0m| 
elapsed: 13.8s                                                                    total:  5.5 Gi (411.6 MiB/s)                                     
172.31.67.78:5000/model-ballast:A-14g:                                            resolved       |[32m++++++++++++++++++++++++++++++++++++++[0m| 
index-sha256:093fc1a5143440a3ba8cb6cdc582edbfe183ca86bdd4db3f165c170f18ddddf4:    done           |[32m++++++++++++++++++++++++++++++++++++++[0m| 
manifest-sha256:774ef59b0c94679c2695f0c05e2bc0b21d44f5d1339ab17b6e3323bf28d39f66: done           |[32m++++++++++++++++++++++++++++++++++++++[0m| 
manifest-sha256:d8cbd2948553ac2bc682b20626e09f9e897e31ea05ded4deff1ad81c79b3f2b4: done           |[32m++++++++++++++++++++++++++++++++++++++[0m| 
config-sha256:318f2319125641580710a110c1ae28c8a91e224c7c2e4e69627d68fa9c332ab0:   done           |[32m++++++++++++++++++++++++++++++++++++++[0m| 
layer-sha256:034d6572bf287fa79604fee9be062f0683809ae3a3685bc7b0e17bd1c48c50e8:    done           |[32m++++++++++++++++++++++++++++++++++++++[0m| 
layer-sha256:c8577ccb98d6af2b56cb43790454d142c1bfbee15c59b6b44c8278ca9b65baaa:    downloading    |[32m+++++++++++++++[0m-----------------------|  5.6 GiB/14.0 GiB 
layer-sha256:dab186ad61c8543a52a8cb5cef310d98159eb6fe36eb2868bac2ab6ea985972b:    done           |[32m++++++++++++++++++++++++++++++++++++++[0m| 
elapsed: 13.9s                                                                    total:  5.6 Gi (411.6 MiB/s)                                     
172.31.67.78:5000/model-ballast:A-14g:                                            resolved       |[32m++++++++++++++++++++++++++++++++++++++[0m| 
index-sha256:093fc1a5143440a3ba8cb6cdc582edbfe183ca86bdd4db3f165c170f18ddddf4:    done           |[32m++++++++++++++++++++++++++++++++++++++[0m| 
manifest-sha256:774ef59b0c94679c2695f0c05e2bc0b21d44f5d1339ab17b6e3323bf28d39f66: done           |[32m++++++++++++++++++++++++++++++++++++++[0m| 
manifest-sha256:d8cbd2948553ac2bc682b20626e09f9e897e31ea05ded4deff1ad81c79b3f2b4: done           |[32m++++++++++++++++++++++++++++++++++++++[0m| 
config-sha256:318f2319125641580710a110c1ae28c8a91e224c7c2e4e69627d68fa9c332ab0:   done           |[32m++++++++++++++++++++++++++++++++++++++[0m| 
layer-sha256:034d6572bf287fa79604fee9be062f0683809ae3a3685bc7b0e17bd1c48c50e8:    done           |[32m++++++++++++++++++++++++++++++++++++++[0m| 
layer-sha256:c8577ccb98d6af2b56cb43790454d142c1bfbee15c59b6b44c8278ca9b65baaa:    downloading    |[32m+++++++++++++++[0m-----------------------|  5.6 GiB/14.0 GiB 
layer-sha256:dab186ad61c8543a52a8cb5cef310d98159eb6fe36eb2868bac2ab6ea985972b:    done           |[32m++++++++++++++++++++++++++++++++++++++[0m| 
elapsed: 14.0s                                                                    total:  5.6 Gi (411.8 MiB/s)                                     
172.31.67.78:5000/model-ballast:A-14g:                                            resolved       |[32m++++++++++++++++++++++++++++++++++++++[0m| 
index-sha256:093fc1a5143440a3ba8cb6cdc582edbfe183ca86bdd4db3f165c170f18ddddf4:    done           |[32m++++++++++++++++++++++++++++++++++++++[0m| 
manifest-sha256:774ef59b0c94679c2695f0c05e2bc0b21d44f5d1339ab17b6e3323bf28d39f66: done           |[32m++++++++++++++++++++++++++++++++++++++[0m| 
manifest-sha256:d8cbd2948553ac2bc682b20626e09f9e897e31ea05ded4deff1ad81c79b3f2b4: done           |[32m++++++++++++++++++++++++++++++++++++++[0m| 
config-sha256:318f2319125641580710a110c1ae28c8a91e224c7c2e4e69627d68fa9c332ab0:   done           |[32m++++++++++++++++++++++++++++++++++++++[0m| 
layer-sha256:034d6572bf287fa79604fee9be062f0683809ae3a3685bc7b0e17bd1c48c50e8:    done           |[32m++++++++++++++++++++++++++++++++++++++[0m| 
layer-sha256:c8577ccb98d6af2b56cb43790454d142c1bfbee15c59b6b44c8278ca9b65baaa:    downloading    |[32m+++++++++++++++[0m-----------------------|  5.7 GiB/14.0 GiB 
layer-sha256:dab186ad61c8543a52a8cb5cef310d98159eb6fe36eb2868bac2ab6ea985972b:    done           |[32m++++++++++++++++++++++++++++++++++++++[0m| 
elapsed: 14.1s                                                                    total:  5.7 Gi (411.8 MiB/s)                                     
172.31.67.78:5000/model-ballast:A-14g:                                            resolved       |[32m++++++++++++++++++++++++++++++++++++++[0m| 
index-sha256:093fc1a5143440a3ba8cb6cdc582edbfe183ca86bdd4db3f165c170f18ddddf4:    done           |[32m++++++++++++++++++++++++++++++++++++++[0m| 
manifest-sha256:774ef59b0c94679c2695f0c05e2bc0b21d44f5d1339ab17b6e3323bf28d39f66: done           |[32m++++++++++++++++++++++++++++++++++++++[0m| 
manifest-sha256:d8cbd2948553ac2bc682b20626e09f9e897e31ea05ded4deff1ad81c79b3f2b4: done           |[32m++++++++++++++++++++++++++++++++++++++[0m| 
config-sha256:318f2319125641580710a110c1ae28c8a91e224c7c2e4e69627d68fa9c332ab0:   done           |[32m++++++++++++++++++++++++++++++++++++++[0m| 
layer-sha256:034d6572bf287fa79604fee9be062f0683809ae3a3685bc7b0e17bd1c48c50e8:    done           |[32m++++++++++++++++++++++++++++++++++++++[0m| 
layer-sha256:c8577ccb98d6af2b56cb43790454d142c1bfbee15c59b6b44c8278ca9b65baaa:    downloading    |[32m+++++++++++++++[0m-----------------------|  5.7 GiB/14.0 GiB 
layer-sha256:dab186ad61c8543a52a8cb5cef310d98159eb6fe36eb2868bac2ab6ea985972b:    done           |[32m++++++++++++++++++++++++++++++++++++++[0m| 
elapsed: 14.2s                                                                    total:  5.7 Gi (411.8 MiB/s)                                     
172.31.67.78:5000/model-ballast:A-14g:                                            resolved       |[32m++++++++++++++++++++++++++++++++++++++[0m| 
index-sha256:093fc1a5143440a3ba8cb6cdc582edbfe183ca86bdd4db3f165c170f18ddddf4:    done           |[32m++++++++++++++++++++++++++++++++++++++[0m| 
manifest-sha256:774ef59b0c94679c2695f0c05e2bc0b21d44f5d1339ab17b6e3323bf28d39f66: done           |[32m++++++++++++++++++++++++++++++++++++++[0m| 
manifest-sha256:d8cbd2948553ac2bc682b20626e09f9e897e31ea05ded4deff1ad81c79b3f2b4: done           |[32m++++++++++++++++++++++++++++++++++++++[0m| 
config-sha256:318f2319125641580710a110c1ae28c8a91e224c7c2e4e69627d68fa9c332ab0:   done           |[32m++++++++++++++++++++++++++++++++++++++[0m| 
layer-sha256:034d6572bf287fa79604fee9be062f0683809ae3a3685bc7b0e17bd1c48c50e8:    done           |[32m++++++++++++++++++++++++++++++++++++++[0m| 
layer-sha256:c8577ccb98d6af2b56cb43790454d142c1bfbee15c59b6b44c8278ca9b65baaa:    downloading    |[32m+++++++++++++++[0m-----------------------|  5.8 GiB/14.0 GiB 
layer-sha256:dab186ad61c8543a52a8cb5cef310d98159eb6fe36eb2868bac2ab6ea985972b:    done           |[32m++++++++++++++++++++++++++++++++++++++[0m| 
elapsed: 14.3s                                                                    total:  5.8 Gi (411.9 MiB/s)                                     
172.31.67.78:5000/model-ballast:A-14g:                                            resolved       |[32m++++++++++++++++++++++++++++++++++++++[0m| 
index-sha256:093fc1a5143440a3ba8cb6cdc582edbfe183ca86bdd4db3f165c170f18ddddf4:    done           |[32m++++++++++++++++++++++++++++++++++++++[0m| 
manifest-sha256:774ef59b0c94679c2695f0c05e2bc0b21d44f5d1339ab17b6e3323bf28d39f66: done           |[32m++++++++++++++++++++++++++++++++++++++[0m| 
manifest-sha256:d8cbd2948553ac2bc682b20626e09f9e897e31ea05ded4deff1ad81c79b3f2b4: done           |[32m++++++++++++++++++++++++++++++++++++++[0m| 
config-sha256:318f2319125641580710a110c1ae28c8a91e224c7c2e4e69627d68fa9c332ab0:   done           |[32m++++++++++++++++++++++++++++++++++++++[0m| 
layer-sha256:034d6572bf287fa79604fee9be062f0683809ae3a3685bc7b0e17bd1c48c50e8:    done           |[32m++++++++++++++++++++++++++++++++++++++[0m| 
layer-sha256:c8577ccb98d6af2b56cb43790454d142c1bfbee15c59b6b44c8278ca9b65baaa:    downloading    |[32m+++++++++++++++[0m-----------------------|  5.8 GiB/14.0 GiB 
layer-sha256:dab186ad61c8543a52a8cb5cef310d98159eb6fe36eb2868bac2ab6ea985972b:    done           |[32m++++++++++++++++++++++++++++++++++++++[0m| 
elapsed: 14.4s                                                                    total:  5.8 Gi (411.9 MiB/s)                                     
172.31.67.78:5000/model-ballast:A-14g:                                            resolved       |[32m++++++++++++++++++++++++++++++++++++++[0m| 
index-sha256:093fc1a5143440a3ba8cb6cdc582edbfe183ca86bdd4db3f165c170f18ddddf4:    done           |[32m++++++++++++++++++++++++++++++++++++++[0m| 
manifest-sha256:774ef59b0c94679c2695f0c05e2bc0b21d44f5d1339ab17b6e3323bf28d39f66: done           |[32m++++++++++++++++++++++++++++++++++++++[0m| 
manifest-sha256:d8cbd2948553ac2bc682b20626e09f9e897e31ea05ded4deff1ad81c79b3f2b4: done           |[32m++++++++++++++++++++++++++++++++++++++[0m| 
config-sha256:318f2319125641580710a110c1ae28c8a91e224c7c2e4e69627d68fa9c332ab0:   done           |[32m++++++++++++++++++++++++++++++++++++++[0m| 
layer-sha256:034d6572bf287fa79604fee9be062f0683809ae3a3685bc7b0e17bd1c48c50e8:    done           |[32m++++++++++++++++++++++++++++++++++++++[0m| 
layer-sha256:c8577ccb98d6af2b56cb43790454d142c1bfbee15c59b6b44c8278ca9b65baaa:    downloading    |[32m+++++++++++++++[0m-----------------------|  5.8 GiB/14.0 GiB 
layer-sha256:dab186ad61c8543a52a8cb5cef310d98159eb6fe36eb2868bac2ab6ea985972b:    done           |[32m++++++++++++++++++++++++++++++++++++++[0m| 
elapsed: 14.5s                                                                    total:  5.8 Gi (411.9 MiB/s)                                     
172.31.67.78:5000/model-ballast:A-14g:                                            resolved       |[32m++++++++++++++++++++++++++++++++++++++[0m| 
index-sha256:093fc1a5143440a3ba8cb6cdc582edbfe183ca86bdd4db3f165c170f18ddddf4:    done           |[32m++++++++++++++++++++++++++++++++++++++[0m| 
manifest-sha256:774ef59b0c94679c2695f0c05e2bc0b21d44f5d1339ab17b6e3323bf28d39f66: done           |[32m++++++++++++++++++++++++++++++++++++++[0m| 
manifest-sha256:d8cbd2948553ac2bc682b20626e09f9e897e31ea05ded4deff1ad81c79b3f2b4: done           |[32m++++++++++++++++++++++++++++++++++++++[0m| 
config-sha256:318f2319125641580710a110c1ae28c8a91e224c7c2e4e69627d68fa9c332ab0:   done           |[32m++++++++++++++++++++++++++++++++++++++[0m| 
layer-sha256:034d6572bf287fa79604fee9be062f0683809ae3a3685bc7b0e17bd1c48c50e8:    done           |[32m++++++++++++++++++++++++++++++++++++++[0m| 
layer-sha256:c8577ccb98d6af2b56cb43790454d142c1bfbee15c59b6b44c8278ca9b65baaa:    downloading    |[32m+++++++++++++++[0m-----------------------|  5.9 GiB/14.0 GiB 
layer-sha256:dab186ad61c8543a52a8cb5cef310d98159eb6fe36eb2868bac2ab6ea985972b:    done           |[32m++++++++++++++++++++++++++++++++++++++[0m| 
elapsed: 14.6s                                                                    total:  5.9 Gi (412.0 MiB/s)                                     
172.31.67.78:5000/model-ballast:A-14g:                                            resolved       |[32m++++++++++++++++++++++++++++++++++++++[0m| 
index-sha256:093fc1a5143440a3ba8cb6cdc582edbfe183ca86bdd4db3f165c170f18ddddf4:    done           |[32m++++++++++++++++++++++++++++++++++++++[0m| 
manifest-sha256:774ef59b0c94679c2695f0c05e2bc0b21d44f5d1339ab17b6e3323bf28d39f66: done           |[32m++++++++++++++++++++++++++++++++++++++[0m| 
manifest-sha256:d8cbd2948553ac2bc682b20626e09f9e897e31ea05ded4deff1ad81c79b3f2b4: done           |[32m++++++++++++++++++++++++++++++++++++++[0m| 
config-sha256:318f2319125641580710a110c1ae28c8a91e224c7c2e4e69627d68fa9c332ab0:   done           |[32m++++++++++++++++++++++++++++++++++++++[0m| 
layer-sha256:034d6572bf287fa79604fee9be062f0683809ae3a3685bc7b0e17bd1c48c50e8:    done           |[32m++++++++++++++++++++++++++++++++++++++[0m| 
layer-sha256:c8577ccb98d6af2b56cb43790454d142c1bfbee15c59b6b44c8278ca9b65baaa:    downloading    |[32m++++++++++++++++[0m----------------------|  5.9 GiB/14.0 GiB 
layer-sha256:dab186ad61c8543a52a8cb5cef310d98159eb6fe36eb2868bac2ab6ea985972b:    done           |[32m++++++++++++++++++++++++++++++++++++++[0m| 
elapsed: 14.7s                                                                    total:  5.9 Gi (412.0 MiB/s)                                     
172.31.67.78:5000/model-ballast:A-14g:                                            resolved       |[32m++++++++++++++++++++++++++++++++++++++[0m| 
index-sha256:093fc1a5143440a3ba8cb6cdc582edbfe183ca86bdd4db3f165c170f18ddddf4:    done           |[32m++++++++++++++++++++++++++++++++++++++[0m| 
manifest-sha256:774ef59b0c94679c2695f0c05e2bc0b21d44f5d1339ab17b6e3323bf28d39f66: done           |[32m++++++++++++++++++++++++++++++++++++++[0m| 
manifest-sha256:d8cbd2948553ac2bc682b20626e09f9e897e31ea05ded4deff1ad81c79b3f2b4: done           |[32m++++++++++++++++++++++++++++++++++++++[0m| 
config-sha256:318f2319125641580710a110c1ae28c8a91e224c7c2e4e69627d68fa9c332ab0:   done           |[32m++++++++++++++++++++++++++++++++++++++[0m| 
layer-sha256:034d6572bf287fa79604fee9be062f0683809ae3a3685bc7b0e17bd1c48c50e8:    done           |[32m++++++++++++++++++++++++++++++++++++++[0m| 
layer-sha256:c8577ccb98d6af2b56cb43790454d142c1bfbee15c59b6b44c8278ca9b65baaa:    downloading    |[32m++++++++++++++++[0m----------------------|  6.0 GiB/14.0 GiB 
layer-sha256:dab186ad61c8543a52a8cb5cef310d98159eb6fe36eb2868bac2ab6ea985972b:    done           |[32m++++++++++++++++++++++++++++++++++++++[0m| 
elapsed: 14.8s                                                                    total:  6.0 Gi (412.0 MiB/s)                                     
172.31.67.78:5000/model-ballast:A-14g:                                            resolved       |[32m++++++++++++++++++++++++++++++++++++++[0m| 
index-sha256:093fc1a5143440a3ba8cb6cdc582edbfe183ca86bdd4db3f165c170f18ddddf4:    done           |[32m++++++++++++++++++++++++++++++++++++++[0m| 
manifest-sha256:774ef59b0c94679c2695f0c05e2bc0b21d44f5d1339ab17b6e3323bf28d39f66: done           |[32m++++++++++++++++++++++++++++++++++++++[0m| 
manifest-sha256:d8cbd2948553ac2bc682b20626e09f9e897e31ea05ded4deff1ad81c79b3f2b4: done           |[32m++++++++++++++++++++++++++++++++++++++[0m| 
config-sha256:318f2319125641580710a110c1ae28c8a91e224c7c2e4e69627d68fa9c332ab0:   done           |[32m++++++++++++++++++++++++++++++++++++++[0m| 
layer-sha256:034d6572bf287fa79604fee9be062f0683809ae3a3685bc7b0e17bd1c48c50e8:    done           |[32m++++++++++++++++++++++++++++++++++++++[0m| 
layer-sha256:c8577ccb98d6af2b56cb43790454d142c1bfbee15c59b6b44c8278ca9b65baaa:    downloading    |[32m++++++++++++++++[0m----------------------|  6.0 GiB/14.0 GiB 
layer-sha256:dab186ad61c8543a52a8cb5cef310d98159eb6fe36eb2868bac2ab6ea985972b:    done           |[32m++++++++++++++++++++++++++++++++++++++[0m| 
elapsed: 14.9s                                                                    total:  6.0 Gi (411.9 MiB/s)                                     
172.31.67.78:5000/model-ballast:A-14g:                                            resolved       |[32m++++++++++++++++++++++++++++++++++++++[0m| 
index-sha256:093fc1a5143440a3ba8cb6cdc582edbfe183ca86bdd4db3f165c170f18ddddf4:    done           |[32m++++++++++++++++++++++++++++++++++++++[0m| 
manifest-sha256:774ef59b0c94679c2695f0c05e2bc0b21d44f5d1339ab17b6e3323bf28d39f66: done           |[32m++++++++++++++++++++++++++++++++++++++[0m| 
manifest-sha256:d8cbd2948553ac2bc682b20626e09f9e897e31ea05ded4deff1ad81c79b3f2b4: done           |[32m++++++++++++++++++++++++++++++++++++++[0m| 
config-sha256:318f2319125641580710a110c1ae28c8a91e224c7c2e4e69627d68fa9c332ab0:   done           |[32m++++++++++++++++++++++++++++++++++++++[0m| 
layer-sha256:034d6572bf287fa79604fee9be062f0683809ae3a3685bc7b0e17bd1c48c50e8:    done           |[32m++++++++++++++++++++++++++++++++++++++[0m| 
layer-sha256:c8577ccb98d6af2b56cb43790454d142c1bfbee15c59b6b44c8278ca9b65baaa:    downloading    |[32m++++++++++++++++[0m----------------------|  6.0 GiB/14.0 GiB 
layer-sha256:dab186ad61c8543a52a8cb5cef310d98159eb6fe36eb2868bac2ab6ea985972b:    done           |[32m++++++++++++++++++++++++++++++++++++++[0m| 
elapsed: 15.0s                                                                    total:  6.0 Gi (411.9 MiB/s)                                     
172.31.67.78:5000/model-ballast:A-14g:                                            resolved       |[32m++++++++++++++++++++++++++++++++++++++[0m| 
index-sha256:093fc1a5143440a3ba8cb6cdc582edbfe183ca86bdd4db3f165c170f18ddddf4:    done           |[32m++++++++++++++++++++++++++++++++++++++[0m| 
manifest-sha256:774ef59b0c94679c2695f0c05e2bc0b21d44f5d1339ab17b6e3323bf28d39f66: done           |[32m++++++++++++++++++++++++++++++++++++++[0m| 
manifest-sha256:d8cbd2948553ac2bc682b20626e09f9e897e31ea05ded4deff1ad81c79b3f2b4: done           |[32m++++++++++++++++++++++++++++++++++++++[0m| 
config-sha256:318f2319125641580710a110c1ae28c8a91e224c7c2e4e69627d68fa9c332ab0:   done           |[32m++++++++++++++++++++++++++++++++++++++[0m| 
layer-sha256:034d6572bf287fa79604fee9be062f0683809ae3a3685bc7b0e17bd1c48c50e8:    done           |[32m++++++++++++++++++++++++++++++++++++++[0m| 
layer-sha256:c8577ccb98d6af2b56cb43790454d142c1bfbee15c59b6b44c8278ca9b65baaa:    downloading    |[32m++++++++++++++++[0m----------------------|  6.1 GiB/14.0 GiB 
layer-sha256:dab186ad61c8543a52a8cb5cef310d98159eb6fe36eb2868bac2ab6ea985972b:    done           |[32m++++++++++++++++++++++++++++++++++++++[0m| 
elapsed: 15.1s                                                                    total:  6.1 Gi (411.9 MiB/s)                                     
172.31.67.78:5000/model-ballast:A-14g:                                            resolved       |[32m++++++++++++++++++++++++++++++++++++++[0m| 
index-sha256:093fc1a5143440a3ba8cb6cdc582edbfe183ca86bdd4db3f165c170f18ddddf4:    done           |[32m++++++++++++++++++++++++++++++++++++++[0m| 
manifest-sha256:774ef59b0c94679c2695f0c05e2bc0b21d44f5d1339ab17b6e3323bf28d39f66: done           |[32m++++++++++++++++++++++++++++++++++++++[0m| 
manifest-sha256:d8cbd2948553ac2bc682b20626e09f9e897e31ea05ded4deff1ad81c79b3f2b4: done           |[32m++++++++++++++++++++++++++++++++++++++[0m| 
config-sha256:318f2319125641580710a110c1ae28c8a91e224c7c2e4e69627d68fa9c332ab0:   done           |[32m++++++++++++++++++++++++++++++++++++++[0m| 
layer-sha256:034d6572bf287fa79604fee9be062f0683809ae3a3685bc7b0e17bd1c48c50e8:    done           |[32m++++++++++++++++++++++++++++++++++++++[0m| 
layer-sha256:c8577ccb98d6af2b56cb43790454d142c1bfbee15c59b6b44c8278ca9b65baaa:    downloading    |[32m++++++++++++++++[0m----------------------|  6.1 GiB/14.0 GiB 
layer-sha256:dab186ad61c8543a52a8cb5cef310d98159eb6fe36eb2868bac2ab6ea985972b:    done           |[32m++++++++++++++++++++++++++++++++++++++[0m| 
elapsed: 15.2s                                                                    total:  6.1 Gi (412.0 MiB/s)                                     
172.31.67.78:5000/model-ballast:A-14g:                                            resolved       |[32m++++++++++++++++++++++++++++++++++++++[0m| 
index-sha256:093fc1a5143440a3ba8cb6cdc582edbfe183ca86bdd4db3f165c170f18ddddf4:    done           |[32m++++++++++++++++++++++++++++++++++++++[0m| 
manifest-sha256:774ef59b0c94679c2695f0c05e2bc0b21d44f5d1339ab17b6e3323bf28d39f66: done           |[32m++++++++++++++++++++++++++++++++++++++[0m| 
manifest-sha256:d8cbd2948553ac2bc682b20626e09f9e897e31ea05ded4deff1ad81c79b3f2b4: done           |[32m++++++++++++++++++++++++++++++++++++++[0m| 
config-sha256:318f2319125641580710a110c1ae28c8a91e224c7c2e4e69627d68fa9c332ab0:   done           |[32m++++++++++++++++++++++++++++++++++++++[0m| 
layer-sha256:034d6572bf287fa79604fee9be062f0683809ae3a3685bc7b0e17bd1c48c50e8:    done           |[32m++++++++++++++++++++++++++++++++++++++[0m| 
layer-sha256:c8577ccb98d6af2b56cb43790454d142c1bfbee15c59b6b44c8278ca9b65baaa:    downloading    |[32m++++++++++++++++[0m----------------------|  6.2 GiB/14.0 GiB 
layer-sha256:dab186ad61c8543a52a8cb5cef310d98159eb6fe36eb2868bac2ab6ea985972b:    done           |[32m++++++++++++++++++++++++++++++++++++++[0m| 
elapsed: 15.3s                                                                    total:  6.2 Gi (412.0 MiB/s)                                     
172.31.67.78:5000/model-ballast:A-14g:                                            resolved       |[32m++++++++++++++++++++++++++++++++++++++[0m| 
index-sha256:093fc1a5143440a3ba8cb6cdc582edbfe183ca86bdd4db3f165c170f18ddddf4:    done           |[32m++++++++++++++++++++++++++++++++++++++[0m| 
manifest-sha256:774ef59b0c94679c2695f0c05e2bc0b21d44f5d1339ab17b6e3323bf28d39f66: done           |[32m++++++++++++++++++++++++++++++++++++++[0m| 
manifest-sha256:d8cbd2948553ac2bc682b20626e09f9e897e31ea05ded4deff1ad81c79b3f2b4: done           |[32m++++++++++++++++++++++++++++++++++++++[0m| 
config-sha256:318f2319125641580710a110c1ae28c8a91e224c7c2e4e69627d68fa9c332ab0:   done           |[32m++++++++++++++++++++++++++++++++++++++[0m| 
layer-sha256:034d6572bf287fa79604fee9be062f0683809ae3a3685bc7b0e17bd1c48c50e8:    done           |[32m++++++++++++++++++++++++++++++++++++++[0m| 
layer-sha256:c8577ccb98d6af2b56cb43790454d142c1bfbee15c59b6b44c8278ca9b65baaa:    downloading    |[32m++++++++++++++++[0m----------------------|  6.2 GiB/14.0 GiB 
layer-sha256:dab186ad61c8543a52a8cb5cef310d98159eb6fe36eb2868bac2ab6ea985972b:    done           |[32m++++++++++++++++++++++++++++++++++++++[0m| 
elapsed: 15.4s                                                                    total:  6.2 Gi (411.9 MiB/s)                                     
172.31.67.78:5000/model-ballast:A-14g:                                            resolved       |[32m++++++++++++++++++++++++++++++++++++++[0m| 
index-sha256:093fc1a5143440a3ba8cb6cdc582edbfe183ca86bdd4db3f165c170f18ddddf4:    done           |[32m++++++++++++++++++++++++++++++++++++++[0m| 
manifest-sha256:774ef59b0c94679c2695f0c05e2bc0b21d44f5d1339ab17b6e3323bf28d39f66: done           |[32m++++++++++++++++++++++++++++++++++++++[0m| 
manifest-sha256:d8cbd2948553ac2bc682b20626e09f9e897e31ea05ded4deff1ad81c79b3f2b4: done           |[32m++++++++++++++++++++++++++++++++++++++[0m| 
config-sha256:318f2319125641580710a110c1ae28c8a91e224c7c2e4e69627d68fa9c332ab0:   done           |[32m++++++++++++++++++++++++++++++++++++++[0m| 
layer-sha256:034d6572bf287fa79604fee9be062f0683809ae3a3685bc7b0e17bd1c48c50e8:    done           |[32m++++++++++++++++++++++++++++++++++++++[0m| 
layer-sha256:c8577ccb98d6af2b56cb43790454d142c1bfbee15c59b6b44c8278ca9b65baaa:    downloading    |[32m++++++++++++++++[0m----------------------|  6.2 GiB/14.0 GiB 
layer-sha256:dab186ad61c8543a52a8cb5cef310d98159eb6fe36eb2868bac2ab6ea985972b:    done           |[32m++++++++++++++++++++++++++++++++++++++[0m| 
elapsed: 15.5s                                                                    total:  6.2 Gi (411.8 MiB/s)                                     
172.31.67.78:5000/model-ballast:A-14g:                                            resolved       |[32m++++++++++++++++++++++++++++++++++++++[0m| 
index-sha256:093fc1a5143440a3ba8cb6cdc582edbfe183ca86bdd4db3f165c170f18ddddf4:    done           |[32m++++++++++++++++++++++++++++++++++++++[0m| 
manifest-sha256:774ef59b0c94679c2695f0c05e2bc0b21d44f5d1339ab17b6e3323bf28d39f66: done           |[32m++++++++++++++++++++++++++++++++++++++[0m| 
manifest-sha256:d8cbd2948553ac2bc682b20626e09f9e897e31ea05ded4deff1ad81c79b3f2b4: done           |[32m++++++++++++++++++++++++++++++++++++++[0m| 
config-sha256:318f2319125641580710a110c1ae28c8a91e224c7c2e4e69627d68fa9c332ab0:   done           |[32m++++++++++++++++++++++++++++++++++++++[0m| 
layer-sha256:034d6572bf287fa79604fee9be062f0683809ae3a3685bc7b0e17bd1c48c50e8:    done           |[32m++++++++++++++++++++++++++++++++++++++[0m| 
layer-sha256:c8577ccb98d6af2b56cb43790454d142c1bfbee15c59b6b44c8278ca9b65baaa:    downloading    |[32m+++++++++++++++++[0m---------------------|  6.3 GiB/14.0 GiB 
layer-sha256:dab186ad61c8543a52a8cb5cef310d98159eb6fe36eb2868bac2ab6ea985972b:    done           |[32m++++++++++++++++++++++++++++++++++++++[0m| 
elapsed: 15.6s                                                                    total:  6.3 Gi (411.8 MiB/s)                                     
172.31.67.78:5000/model-ballast:A-14g:                                            resolved       |[32m++++++++++++++++++++++++++++++++++++++[0m| 
index-sha256:093fc1a5143440a3ba8cb6cdc582edbfe183ca86bdd4db3f165c170f18ddddf4:    done           |[32m++++++++++++++++++++++++++++++++++++++[0m| 
manifest-sha256:774ef59b0c94679c2695f0c05e2bc0b21d44f5d1339ab17b6e3323bf28d39f66: done           |[32m++++++++++++++++++++++++++++++++++++++[0m| 
manifest-sha256:d8cbd2948553ac2bc682b20626e09f9e897e31ea05ded4deff1ad81c79b3f2b4: done           |[32m++++++++++++++++++++++++++++++++++++++[0m| 
config-sha256:318f2319125641580710a110c1ae28c8a91e224c7c2e4e69627d68fa9c332ab0:   done           |[32m++++++++++++++++++++++++++++++++++++++[0m| 
layer-sha256:034d6572bf287fa79604fee9be062f0683809ae3a3685bc7b0e17bd1c48c50e8:    done           |[32m++++++++++++++++++++++++++++++++++++++[0m| 
layer-sha256:c8577ccb98d6af2b56cb43790454d142c1bfbee15c59b6b44c8278ca9b65baaa:    downloading    |[32m+++++++++++++++++[0m---------------------|  6.3 GiB/14.0 GiB 
layer-sha256:dab186ad61c8543a52a8cb5cef310d98159eb6fe36eb2868bac2ab6ea985972b:    done           |[32m++++++++++++++++++++++++++++++++++++++[0m| 
elapsed: 15.7s                                                                    total:  6.3 Gi (411.8 MiB/s)                                     
172.31.67.78:5000/model-ballast:A-14g:                                            resolved       |[32m++++++++++++++++++++++++++++++++++++++[0m| 
index-sha256:093fc1a5143440a3ba8cb6cdc582edbfe183ca86bdd4db3f165c170f18ddddf4:    done           |[32m++++++++++++++++++++++++++++++++++++++[0m| 
manifest-sha256:774ef59b0c94679c2695f0c05e2bc0b21d44f5d1339ab17b6e3323bf28d39f66: done           |[32m++++++++++++++++++++++++++++++++++++++[0m| 
manifest-sha256:d8cbd2948553ac2bc682b20626e09f9e897e31ea05ded4deff1ad81c79b3f2b4: done           |[32m++++++++++++++++++++++++++++++++++++++[0m| 
config-sha256:318f2319125641580710a110c1ae28c8a91e224c7c2e4e69627d68fa9c332ab0:   done           |[32m++++++++++++++++++++++++++++++++++++++[0m| 
layer-sha256:034d6572bf287fa79604fee9be062f0683809ae3a3685bc7b0e17bd1c48c50e8:    done           |[32m++++++++++++++++++++++++++++++++++++++[0m| 
layer-sha256:c8577ccb98d6af2b56cb43790454d142c1bfbee15c59b6b44c8278ca9b65baaa:    downloading    |[32m+++++++++++++++++[0m---------------------|  6.4 GiB/14.0 GiB 
layer-sha256:dab186ad61c8543a52a8cb5cef310d98159eb6fe36eb2868bac2ab6ea985972b:    done           |[32m++++++++++++++++++++++++++++++++++++++[0m| 
elapsed: 15.8s                                                                    total:  6.4 Gi (411.8 MiB/s)                                     
172.31.67.78:5000/model-ballast:A-14g:                                            resolved       |[32m++++++++++++++++++++++++++++++++++++++[0m| 
index-sha256:093fc1a5143440a3ba8cb6cdc582edbfe183ca86bdd4db3f165c170f18ddddf4:    done           |[32m++++++++++++++++++++++++++++++++++++++[0m| 
manifest-sha256:774ef59b0c94679c2695f0c05e2bc0b21d44f5d1339ab17b6e3323bf28d39f66: done           |[32m++++++++++++++++++++++++++++++++++++++[0m| 
manifest-sha256:d8cbd2948553ac2bc682b20626e09f9e897e31ea05ded4deff1ad81c79b3f2b4: done           |[32m++++++++++++++++++++++++++++++++++++++[0m| 
config-sha256:318f2319125641580710a110c1ae28c8a91e224c7c2e4e69627d68fa9c332ab0:   done           |[32m++++++++++++++++++++++++++++++++++++++[0m| 
layer-sha256:034d6572bf287fa79604fee9be062f0683809ae3a3685bc7b0e17bd1c48c50e8:    done           |[32m++++++++++++++++++++++++++++++++++++++[0m| 
layer-sha256:c8577ccb98d6af2b56cb43790454d142c1bfbee15c59b6b44c8278ca9b65baaa:    downloading    |[32m+++++++++++++++++[0m---------------------|  6.4 GiB/14.0 GiB 
layer-sha256:dab186ad61c8543a52a8cb5cef310d98159eb6fe36eb2868bac2ab6ea985972b:    done           |[32m++++++++++++++++++++++++++++++++++++++[0m| 
elapsed: 15.9s                                                                    total:  6.4 Gi (411.9 MiB/s)                                     
172.31.67.78:5000/model-ballast:A-14g:                                            resolved       |[32m++++++++++++++++++++++++++++++++++++++[0m| 
index-sha256:093fc1a5143440a3ba8cb6cdc582edbfe183ca86bdd4db3f165c170f18ddddf4:    done           |[32m++++++++++++++++++++++++++++++++++++++[0m| 
manifest-sha256:774ef59b0c94679c2695f0c05e2bc0b21d44f5d1339ab17b6e3323bf28d39f66: done           |[32m++++++++++++++++++++++++++++++++++++++[0m| 
manifest-sha256:d8cbd2948553ac2bc682b20626e09f9e897e31ea05ded4deff1ad81c79b3f2b4: done           |[32m++++++++++++++++++++++++++++++++++++++[0m| 
config-sha256:318f2319125641580710a110c1ae28c8a91e224c7c2e4e69627d68fa9c332ab0:   done           |[32m++++++++++++++++++++++++++++++++++++++[0m| 
layer-sha256:034d6572bf287fa79604fee9be062f0683809ae3a3685bc7b0e17bd1c48c50e8:    done           |[32m++++++++++++++++++++++++++++++++++++++[0m| 
layer-sha256:c8577ccb98d6af2b56cb43790454d142c1bfbee15c59b6b44c8278ca9b65baaa:    downloading    |[32m+++++++++++++++++[0m---------------------|  6.4 GiB/14.0 GiB 
layer-sha256:dab186ad61c8543a52a8cb5cef310d98159eb6fe36eb2868bac2ab6ea985972b:    done           |[32m++++++++++++++++++++++++++++++++++++++[0m| 
elapsed: 16.0s                                                                    total:  6.4 Gi (411.9 MiB/s)                                     
172.31.67.78:5000/model-ballast:A-14g:                                            resolved       |[32m++++++++++++++++++++++++++++++++++++++[0m| 
index-sha256:093fc1a5143440a3ba8cb6cdc582edbfe183ca86bdd4db3f165c170f18ddddf4:    done           |[32m++++++++++++++++++++++++++++++++++++++[0m| 
manifest-sha256:774ef59b0c94679c2695f0c05e2bc0b21d44f5d1339ab17b6e3323bf28d39f66: done           |[32m++++++++++++++++++++++++++++++++++++++[0m| 
manifest-sha256:d8cbd2948553ac2bc682b20626e09f9e897e31ea05ded4deff1ad81c79b3f2b4: done           |[32m++++++++++++++++++++++++++++++++++++++[0m| 
config-sha256:318f2319125641580710a110c1ae28c8a91e224c7c2e4e69627d68fa9c332ab0:   done           |[32m++++++++++++++++++++++++++++++++++++++[0m| 
layer-sha256:034d6572bf287fa79604fee9be062f0683809ae3a3685bc7b0e17bd1c48c50e8:    done           |[32m++++++++++++++++++++++++++++++++++++++[0m| 
layer-sha256:c8577ccb98d6af2b56cb43790454d142c1bfbee15c59b6b44c8278ca9b65baaa:    downloading    |[32m+++++++++++++++++[0m---------------------|  6.5 GiB/14.0 GiB 
layer-sha256:dab186ad61c8543a52a8cb5cef310d98159eb6fe36eb2868bac2ab6ea985972b:    done           |[32m++++++++++++++++++++++++++++++++++++++[0m| 
elapsed: 16.1s                                                                    total:  6.5 Gi (411.9 MiB/s)                                     
172.31.67.78:5000/model-ballast:A-14g:                                            resolved       |[32m++++++++++++++++++++++++++++++++++++++[0m| 
index-sha256:093fc1a5143440a3ba8cb6cdc582edbfe183ca86bdd4db3f165c170f18ddddf4:    done           |[32m++++++++++++++++++++++++++++++++++++++[0m| 
manifest-sha256:774ef59b0c94679c2695f0c05e2bc0b21d44f5d1339ab17b6e3323bf28d39f66: done           |[32m++++++++++++++++++++++++++++++++++++++[0m| 
manifest-sha256:d8cbd2948553ac2bc682b20626e09f9e897e31ea05ded4deff1ad81c79b3f2b4: done           |[32m++++++++++++++++++++++++++++++++++++++[0m| 
config-sha256:318f2319125641580710a110c1ae28c8a91e224c7c2e4e69627d68fa9c332ab0:   done           |[32m++++++++++++++++++++++++++++++++++++++[0m| 
layer-sha256:034d6572bf287fa79604fee9be062f0683809ae3a3685bc7b0e17bd1c48c50e8:    done           |[32m++++++++++++++++++++++++++++++++++++++[0m| 
layer-sha256:c8577ccb98d6af2b56cb43790454d142c1bfbee15c59b6b44c8278ca9b65baaa:    downloading    |[32m+++++++++++++++++[0m---------------------|  6.5 GiB/14.0 GiB 
layer-sha256:dab186ad61c8543a52a8cb5cef310d98159eb6fe36eb2868bac2ab6ea985972b:    done           |[32m++++++++++++++++++++++++++++++++++++++[0m| 
elapsed: 16.2s                                                                    total:  6.5 Gi (412.0 MiB/s)                                     
172.31.67.78:5000/model-ballast:A-14g:                                            resolved       |[32m++++++++++++++++++++++++++++++++++++++[0m| 
index-sha256:093fc1a5143440a3ba8cb6cdc582edbfe183ca86bdd4db3f165c170f18ddddf4:    done           |[32m++++++++++++++++++++++++++++++++++++++[0m| 
manifest-sha256:774ef59b0c94679c2695f0c05e2bc0b21d44f5d1339ab17b6e3323bf28d39f66: done           |[32m++++++++++++++++++++++++++++++++++++++[0m| 
manifest-sha256:d8cbd2948553ac2bc682b20626e09f9e897e31ea05ded4deff1ad81c79b3f2b4: done           |[32m++++++++++++++++++++++++++++++++++++++[0m| 
config-sha256:318f2319125641580710a110c1ae28c8a91e224c7c2e4e69627d68fa9c332ab0:   done           |[32m++++++++++++++++++++++++++++++++++++++[0m| 
layer-sha256:034d6572bf287fa79604fee9be062f0683809ae3a3685bc7b0e17bd1c48c50e8:    done           |[32m++++++++++++++++++++++++++++++++++++++[0m| 
layer-sha256:c8577ccb98d6af2b56cb43790454d142c1bfbee15c59b6b44c8278ca9b65baaa:    downloading    |[32m+++++++++++++++++[0m---------------------|  6.6 GiB/14.0 GiB 
layer-sha256:dab186ad61c8543a52a8cb5cef310d98159eb6fe36eb2868bac2ab6ea985972b:    done           |[32m++++++++++++++++++++++++++++++++++++++[0m| 
elapsed: 16.3s                                                                    total:  6.6 Gi (412.0 MiB/s)                                     
172.31.67.78:5000/model-ballast:A-14g:                                            resolved       |[32m++++++++++++++++++++++++++++++++++++++[0m| 
index-sha256:093fc1a5143440a3ba8cb6cdc582edbfe183ca86bdd4db3f165c170f18ddddf4:    done           |[32m++++++++++++++++++++++++++++++++++++++[0m| 
manifest-sha256:774ef59b0c94679c2695f0c05e2bc0b21d44f5d1339ab17b6e3323bf28d39f66: done           |[32m++++++++++++++++++++++++++++++++++++++[0m| 
manifest-sha256:d8cbd2948553ac2bc682b20626e09f9e897e31ea05ded4deff1ad81c79b3f2b4: done           |[32m++++++++++++++++++++++++++++++++++++++[0m| 
config-sha256:318f2319125641580710a110c1ae28c8a91e224c7c2e4e69627d68fa9c332ab0:   done           |[32m++++++++++++++++++++++++++++++++++++++[0m| 
layer-sha256:034d6572bf287fa79604fee9be062f0683809ae3a3685bc7b0e17bd1c48c50e8:    done           |[32m++++++++++++++++++++++++++++++++++++++[0m| 
layer-sha256:c8577ccb98d6af2b56cb43790454d142c1bfbee15c59b6b44c8278ca9b65baaa:    downloading    |[32m+++++++++++++++++[0m---------------------|  6.6 GiB/14.0 GiB 
layer-sha256:dab186ad61c8543a52a8cb5cef310d98159eb6fe36eb2868bac2ab6ea985972b:    done           |[32m++++++++++++++++++++++++++++++++++++++[0m| 
elapsed: 16.4s                                                                    total:  6.6 Gi (411.9 MiB/s)                                     
172.31.67.78:5000/model-ballast:A-14g:                                            resolved       |[32m++++++++++++++++++++++++++++++++++++++[0m| 
index-sha256:093fc1a5143440a3ba8cb6cdc582edbfe183ca86bdd4db3f165c170f18ddddf4:    done           |[32m++++++++++++++++++++++++++++++++++++++[0m| 
manifest-sha256:774ef59b0c94679c2695f0c05e2bc0b21d44f5d1339ab17b6e3323bf28d39f66: done           |[32m++++++++++++++++++++++++++++++++++++++[0m| 
manifest-sha256:d8cbd2948553ac2bc682b20626e09f9e897e31ea05ded4deff1ad81c79b3f2b4: done           |[32m++++++++++++++++++++++++++++++++++++++[0m| 
config-sha256:318f2319125641580710a110c1ae28c8a91e224c7c2e4e69627d68fa9c332ab0:   done           |[32m++++++++++++++++++++++++++++++++++++++[0m| 
layer-sha256:034d6572bf287fa79604fee9be062f0683809ae3a3685bc7b0e17bd1c48c50e8:    done           |[32m++++++++++++++++++++++++++++++++++++++[0m| 
layer-sha256:c8577ccb98d6af2b56cb43790454d142c1bfbee15c59b6b44c8278ca9b65baaa:    downloading    |[32m++++++++++++++++++[0m--------------------|  6.6 GiB/14.0 GiB 
layer-sha256:dab186ad61c8543a52a8cb5cef310d98159eb6fe36eb2868bac2ab6ea985972b:    done           |[32m++++++++++++++++++++++++++++++++++++++[0m| 
elapsed: 16.5s                                                                    total:  6.6 Gi (412.0 MiB/s)                                     
172.31.67.78:5000/model-ballast:A-14g:                                            resolved       |[32m++++++++++++++++++++++++++++++++++++++[0m| 
index-sha256:093fc1a5143440a3ba8cb6cdc582edbfe183ca86bdd4db3f165c170f18ddddf4:    done           |[32m++++++++++++++++++++++++++++++++++++++[0m| 
manifest-sha256:774ef59b0c94679c2695f0c05e2bc0b21d44f5d1339ab17b6e3323bf28d39f66: done           |[32m++++++++++++++++++++++++++++++++++++++[0m| 
manifest-sha256:d8cbd2948553ac2bc682b20626e09f9e897e31ea05ded4deff1ad81c79b3f2b4: done           |[32m++++++++++++++++++++++++++++++++++++++[0m| 
config-sha256:318f2319125641580710a110c1ae28c8a91e224c7c2e4e69627d68fa9c332ab0:   done           |[32m++++++++++++++++++++++++++++++++++++++[0m| 
layer-sha256:034d6572bf287fa79604fee9be062f0683809ae3a3685bc7b0e17bd1c48c50e8:    done           |[32m++++++++++++++++++++++++++++++++++++++[0m| 
layer-sha256:c8577ccb98d6af2b56cb43790454d142c1bfbee15c59b6b44c8278ca9b65baaa:    downloading    |[32m++++++++++++++++++[0m--------------------|  6.7 GiB/14.0 GiB 
layer-sha256:dab186ad61c8543a52a8cb5cef310d98159eb6fe36eb2868bac2ab6ea985972b:    done           |[32m++++++++++++++++++++++++++++++++++++++[0m| 
elapsed: 16.6s                                                                    total:  6.7 Gi (412.0 MiB/s)                                     
172.31.67.78:5000/model-ballast:A-14g:                                            resolved       |[32m++++++++++++++++++++++++++++++++++++++[0m| 
index-sha256:093fc1a5143440a3ba8cb6cdc582edbfe183ca86bdd4db3f165c170f18ddddf4:    done           |[32m++++++++++++++++++++++++++++++++++++++[0m| 
manifest-sha256:774ef59b0c94679c2695f0c05e2bc0b21d44f5d1339ab17b6e3323bf28d39f66: done           |[32m++++++++++++++++++++++++++++++++++++++[0m| 
manifest-sha256:d8cbd2948553ac2bc682b20626e09f9e897e31ea05ded4deff1ad81c79b3f2b4: done           |[32m++++++++++++++++++++++++++++++++++++++[0m| 
config-sha256:318f2319125641580710a110c1ae28c8a91e224c7c2e4e69627d68fa9c332ab0:   done           |[32m++++++++++++++++++++++++++++++++++++++[0m| 
layer-sha256:034d6572bf287fa79604fee9be062f0683809ae3a3685bc7b0e17bd1c48c50e8:    done           |[32m++++++++++++++++++++++++++++++++++++++[0m| 
layer-sha256:c8577ccb98d6af2b56cb43790454d142c1bfbee15c59b6b44c8278ca9b65baaa:    downloading    |[32m++++++++++++++++++[0m--------------------|  6.7 GiB/14.0 GiB 
layer-sha256:dab186ad61c8543a52a8cb5cef310d98159eb6fe36eb2868bac2ab6ea985972b:    done           |[32m++++++++++++++++++++++++++++++++++++++[0m| 
elapsed: 16.7s                                                                    total:  6.7 Gi (412.0 MiB/s)                                     
172.31.67.78:5000/model-ballast:A-14g:                                            resolved       |[32m++++++++++++++++++++++++++++++++++++++[0m| 
index-sha256:093fc1a5143440a3ba8cb6cdc582edbfe183ca86bdd4db3f165c170f18ddddf4:    done           |[32m++++++++++++++++++++++++++++++++++++++[0m| 
manifest-sha256:774ef59b0c94679c2695f0c05e2bc0b21d44f5d1339ab17b6e3323bf28d39f66: done           |[32m++++++++++++++++++++++++++++++++++++++[0m| 
manifest-sha256:d8cbd2948553ac2bc682b20626e09f9e897e31ea05ded4deff1ad81c79b3f2b4: done           |[32m++++++++++++++++++++++++++++++++++++++[0m| 
config-sha256:318f2319125641580710a110c1ae28c8a91e224c7c2e4e69627d68fa9c332ab0:   done           |[32m++++++++++++++++++++++++++++++++++++++[0m| 
layer-sha256:034d6572bf287fa79604fee9be062f0683809ae3a3685bc7b0e17bd1c48c50e8:    done           |[32m++++++++++++++++++++++++++++++++++++++[0m| 
layer-sha256:c8577ccb98d6af2b56cb43790454d142c1bfbee15c59b6b44c8278ca9b65baaa:    downloading    |[32m++++++++++++++++++[0m--------------------|  6.8 GiB/14.0 GiB 
layer-sha256:dab186ad61c8543a52a8cb5cef310d98159eb6fe36eb2868bac2ab6ea985972b:    done           |[32m++++++++++++++++++++++++++++++++++++++[0m| 
elapsed: 16.8s                                                                    total:  6.8 Gi (412.0 MiB/s)                                     
172.31.67.78:5000/model-ballast:A-14g:                                            resolved       |[32m++++++++++++++++++++++++++++++++++++++[0m| 
index-sha256:093fc1a5143440a3ba8cb6cdc582edbfe183ca86bdd4db3f165c170f18ddddf4:    done           |[32m++++++++++++++++++++++++++++++++++++++[0m| 
manifest-sha256:774ef59b0c94679c2695f0c05e2bc0b21d44f5d1339ab17b6e3323bf28d39f66: done           |[32m++++++++++++++++++++++++++++++++++++++[0m| 
manifest-sha256:d8cbd2948553ac2bc682b20626e09f9e897e31ea05ded4deff1ad81c79b3f2b4: done           |[32m++++++++++++++++++++++++++++++++++++++[0m| 
config-sha256:318f2319125641580710a110c1ae28c8a91e224c7c2e4e69627d68fa9c332ab0:   done           |[32m++++++++++++++++++++++++++++++++++++++[0m| 
layer-sha256:034d6572bf287fa79604fee9be062f0683809ae3a3685bc7b0e17bd1c48c50e8:    done           |[32m++++++++++++++++++++++++++++++++++++++[0m| 
layer-sha256:c8577ccb98d6af2b56cb43790454d142c1bfbee15c59b6b44c8278ca9b65baaa:    downloading    |[32m++++++++++++++++++[0m--------------------|  6.8 GiB/14.0 GiB 
layer-sha256:dab186ad61c8543a52a8cb5cef310d98159eb6fe36eb2868bac2ab6ea985972b:    done           |[32m++++++++++++++++++++++++++++++++++++++[0m| 
elapsed: 16.9s                                                                    total:  6.8 Gi (411.9 MiB/s)                                     
172.31.67.78:5000/model-ballast:A-14g:                                            resolved       |[32m++++++++++++++++++++++++++++++++++++++[0m| 
index-sha256:093fc1a5143440a3ba8cb6cdc582edbfe183ca86bdd4db3f165c170f18ddddf4:    done           |[32m++++++++++++++++++++++++++++++++++++++[0m| 
manifest-sha256:774ef59b0c94679c2695f0c05e2bc0b21d44f5d1339ab17b6e3323bf28d39f66: done           |[32m++++++++++++++++++++++++++++++++++++++[0m| 
manifest-sha256:d8cbd2948553ac2bc682b20626e09f9e897e31ea05ded4deff1ad81c79b3f2b4: done           |[32m++++++++++++++++++++++++++++++++++++++[0m| 
config-sha256:318f2319125641580710a110c1ae28c8a91e224c7c2e4e69627d68fa9c332ab0:   done           |[32m++++++++++++++++++++++++++++++++++++++[0m| 
layer-sha256:034d6572bf287fa79604fee9be062f0683809ae3a3685bc7b0e17bd1c48c50e8:    done           |[32m++++++++++++++++++++++++++++++++++++++[0m| 
layer-sha256:c8577ccb98d6af2b56cb43790454d142c1bfbee15c59b6b44c8278ca9b65baaa:    downloading    |[32m++++++++++++++++++[0m--------------------|  6.8 GiB/14.0 GiB 
layer-sha256:dab186ad61c8543a52a8cb5cef310d98159eb6fe36eb2868bac2ab6ea985972b:    done           |[32m++++++++++++++++++++++++++++++++++++++[0m| 
elapsed: 17.0s                                                                    total:  6.8 Gi (412.0 MiB/s)                                     
172.31.67.78:5000/model-ballast:A-14g:                                            resolved       |[32m++++++++++++++++++++++++++++++++++++++[0m| 
index-sha256:093fc1a5143440a3ba8cb6cdc582edbfe183ca86bdd4db3f165c170f18ddddf4:    done           |[32m++++++++++++++++++++++++++++++++++++++[0m| 
manifest-sha256:774ef59b0c94679c2695f0c05e2bc0b21d44f5d1339ab17b6e3323bf28d39f66: done           |[32m++++++++++++++++++++++++++++++++++++++[0m| 
manifest-sha256:d8cbd2948553ac2bc682b20626e09f9e897e31ea05ded4deff1ad81c79b3f2b4: done           |[32m++++++++++++++++++++++++++++++++++++++[0m| 
config-sha256:318f2319125641580710a110c1ae28c8a91e224c7c2e4e69627d68fa9c332ab0:   done           |[32m++++++++++++++++++++++++++++++++++++++[0m| 
layer-sha256:034d6572bf287fa79604fee9be062f0683809ae3a3685bc7b0e17bd1c48c50e8:    done           |[32m++++++++++++++++++++++++++++++++++++++[0m| 
layer-sha256:c8577ccb98d6af2b56cb43790454d142c1bfbee15c59b6b44c8278ca9b65baaa:    downloading    |[32m++++++++++++++++++[0m--------------------|  6.9 GiB/14.0 GiB 
layer-sha256:dab186ad61c8543a52a8cb5cef310d98159eb6fe36eb2868bac2ab6ea985972b:    done           |[32m++++++++++++++++++++++++++++++++++++++[0m| 
elapsed: 17.1s                                                                    total:  6.9 Gi (412.0 MiB/s)                                     
172.31.67.78:5000/model-ballast:A-14g:                                            resolved       |[32m++++++++++++++++++++++++++++++++++++++[0m| 
index-sha256:093fc1a5143440a3ba8cb6cdc582edbfe183ca86bdd4db3f165c170f18ddddf4:    done           |[32m++++++++++++++++++++++++++++++++++++++[0m| 
manifest-sha256:774ef59b0c94679c2695f0c05e2bc0b21d44f5d1339ab17b6e3323bf28d39f66: done           |[32m++++++++++++++++++++++++++++++++++++++[0m| 
manifest-sha256:d8cbd2948553ac2bc682b20626e09f9e897e31ea05ded4deff1ad81c79b3f2b4: done           |[32m++++++++++++++++++++++++++++++++++++++[0m| 
config-sha256:318f2319125641580710a110c1ae28c8a91e224c7c2e4e69627d68fa9c332ab0:   done           |[32m++++++++++++++++++++++++++++++++++++++[0m| 
layer-sha256:034d6572bf287fa79604fee9be062f0683809ae3a3685bc7b0e17bd1c48c50e8:    done           |[32m++++++++++++++++++++++++++++++++++++++[0m| 
layer-sha256:c8577ccb98d6af2b56cb43790454d142c1bfbee15c59b6b44c8278ca9b65baaa:    downloading    |[32m++++++++++++++++++[0m--------------------|  6.9 GiB/14.0 GiB 
layer-sha256:dab186ad61c8543a52a8cb5cef310d98159eb6fe36eb2868bac2ab6ea985972b:    done           |[32m++++++++++++++++++++++++++++++++++++++[0m| 
elapsed: 17.2s                                                                    total:  6.9 Gi (412.0 MiB/s)                                     
172.31.67.78:5000/model-ballast:A-14g:                                            resolved       |[32m++++++++++++++++++++++++++++++++++++++[0m| 
index-sha256:093fc1a5143440a3ba8cb6cdc582edbfe183ca86bdd4db3f165c170f18ddddf4:    done           |[32m++++++++++++++++++++++++++++++++++++++[0m| 
manifest-sha256:774ef59b0c94679c2695f0c05e2bc0b21d44f5d1339ab17b6e3323bf28d39f66: done           |[32m++++++++++++++++++++++++++++++++++++++[0m| 
manifest-sha256:d8cbd2948553ac2bc682b20626e09f9e897e31ea05ded4deff1ad81c79b3f2b4: done           |[32m++++++++++++++++++++++++++++++++++++++[0m| 
config-sha256:318f2319125641580710a110c1ae28c8a91e224c7c2e4e69627d68fa9c332ab0:   done           |[32m++++++++++++++++++++++++++++++++++++++[0m| 
layer-sha256:034d6572bf287fa79604fee9be062f0683809ae3a3685bc7b0e17bd1c48c50e8:    done           |[32m++++++++++++++++++++++++++++++++++++++[0m| 
layer-sha256:c8577ccb98d6af2b56cb43790454d142c1bfbee15c59b6b44c8278ca9b65baaa:    downloading    |[32m++++++++++++++++++[0m--------------------|  7.0 GiB/14.0 GiB 
layer-sha256:dab186ad61c8543a52a8cb5cef310d98159eb6fe36eb2868bac2ab6ea985972b:    done           |[32m++++++++++++++++++++++++++++++++++++++[0m| 
elapsed: 17.3s                                                                    total:  7.0 Gi (412.1 MiB/s)                                     
172.31.67.78:5000/model-ballast:A-14g:                                            resolved       |[32m++++++++++++++++++++++++++++++++++++++[0m| 
index-sha256:093fc1a5143440a3ba8cb6cdc582edbfe183ca86bdd4db3f165c170f18ddddf4:    done           |[32m++++++++++++++++++++++++++++++++++++++[0m| 
manifest-sha256:774ef59b0c94679c2695f0c05e2bc0b21d44f5d1339ab17b6e3323bf28d39f66: done           |[32m++++++++++++++++++++++++++++++++++++++[0m| 
manifest-sha256:d8cbd2948553ac2bc682b20626e09f9e897e31ea05ded4deff1ad81c79b3f2b4: done           |[32m++++++++++++++++++++++++++++++++++++++[0m| 
config-sha256:318f2319125641580710a110c1ae28c8a91e224c7c2e4e69627d68fa9c332ab0:   done           |[32m++++++++++++++++++++++++++++++++++++++[0m| 
layer-sha256:034d6572bf287fa79604fee9be062f0683809ae3a3685bc7b0e17bd1c48c50e8:    done           |[32m++++++++++++++++++++++++++++++++++++++[0m| 
layer-sha256:c8577ccb98d6af2b56cb43790454d142c1bfbee15c59b6b44c8278ca9b65baaa:    downloading    |[32m++++++++++++++++++[0m--------------------|  7.0 GiB/14.0 GiB 
layer-sha256:dab186ad61c8543a52a8cb5cef310d98159eb6fe36eb2868bac2ab6ea985972b:    done           |[32m++++++++++++++++++++++++++++++++++++++[0m| 
elapsed: 17.4s                                                                    total:  7.0 Gi (412.1 MiB/s)                                     
172.31.67.78:5000/model-ballast:A-14g:                                            resolved       |[32m++++++++++++++++++++++++++++++++++++++[0m| 
index-sha256:093fc1a5143440a3ba8cb6cdc582edbfe183ca86bdd4db3f165c170f18ddddf4:    done           |[32m++++++++++++++++++++++++++++++++++++++[0m| 
manifest-sha256:774ef59b0c94679c2695f0c05e2bc0b21d44f5d1339ab17b6e3323bf28d39f66: done           |[32m++++++++++++++++++++++++++++++++++++++[0m| 
manifest-sha256:d8cbd2948553ac2bc682b20626e09f9e897e31ea05ded4deff1ad81c79b3f2b4: done           |[32m++++++++++++++++++++++++++++++++++++++[0m| 
config-sha256:318f2319125641580710a110c1ae28c8a91e224c7c2e4e69627d68fa9c332ab0:   done           |[32m++++++++++++++++++++++++++++++++++++++[0m| 
layer-sha256:034d6572bf287fa79604fee9be062f0683809ae3a3685bc7b0e17bd1c48c50e8:    done           |[32m++++++++++++++++++++++++++++++++++++++[0m| 
layer-sha256:c8577ccb98d6af2b56cb43790454d142c1bfbee15c59b6b44c8278ca9b65baaa:    downloading    |[32m+++++++++++++++++++[0m-------------------|  7.0 GiB/14.0 GiB 
layer-sha256:dab186ad61c8543a52a8cb5cef310d98159eb6fe36eb2868bac2ab6ea985972b:    done           |[32m++++++++++++++++++++++++++++++++++++++[0m| 
elapsed: 17.5s                                                                    total:  7.0 Gi (412.1 MiB/s)                                     
172.31.67.78:5000/model-ballast:A-14g:                                            resolved       |[32m++++++++++++++++++++++++++++++++++++++[0m| 
index-sha256:093fc1a5143440a3ba8cb6cdc582edbfe183ca86bdd4db3f165c170f18ddddf4:    done           |[32m++++++++++++++++++++++++++++++++++++++[0m| 
manifest-sha256:774ef59b0c94679c2695f0c05e2bc0b21d44f5d1339ab17b6e3323bf28d39f66: done           |[32m++++++++++++++++++++++++++++++++++++++[0m| 
manifest-sha256:d8cbd2948553ac2bc682b20626e09f9e897e31ea05ded4deff1ad81c79b3f2b4: done           |[32m++++++++++++++++++++++++++++++++++++++[0m| 
config-sha256:318f2319125641580710a110c1ae28c8a91e224c7c2e4e69627d68fa9c332ab0:   done           |[32m++++++++++++++++++++++++++++++++++++++[0m| 
layer-sha256:034d6572bf287fa79604fee9be062f0683809ae3a3685bc7b0e17bd1c48c50e8:    done           |[32m++++++++++++++++++++++++++++++++++++++[0m| 
layer-sha256:c8577ccb98d6af2b56cb43790454d142c1bfbee15c59b6b44c8278ca9b65baaa:    downloading    |[32m+++++++++++++++++++[0m-------------------|  7.1 GiB/14.0 GiB 
layer-sha256:dab186ad61c8543a52a8cb5cef310d98159eb6fe36eb2868bac2ab6ea985972b:    done           |[32m++++++++++++++++++++++++++++++++++++++[0m| 
elapsed: 17.6s                                                                    total:  7.1 Gi (412.1 MiB/s)                                     
172.31.67.78:5000/model-ballast:A-14g:                                            resolved       |[32m++++++++++++++++++++++++++++++++++++++[0m| 
index-sha256:093fc1a5143440a3ba8cb6cdc582edbfe183ca86bdd4db3f165c170f18ddddf4:    done           |[32m++++++++++++++++++++++++++++++++++++++[0m| 
manifest-sha256:774ef59b0c94679c2695f0c05e2bc0b21d44f5d1339ab17b6e3323bf28d39f66: done           |[32m++++++++++++++++++++++++++++++++++++++[0m| 
manifest-sha256:d8cbd2948553ac2bc682b20626e09f9e897e31ea05ded4deff1ad81c79b3f2b4: done           |[32m++++++++++++++++++++++++++++++++++++++[0m| 
config-sha256:318f2319125641580710a110c1ae28c8a91e224c7c2e4e69627d68fa9c332ab0:   done           |[32m++++++++++++++++++++++++++++++++++++++[0m| 
layer-sha256:034d6572bf287fa79604fee9be062f0683809ae3a3685bc7b0e17bd1c48c50e8:    done           |[32m++++++++++++++++++++++++++++++++++++++[0m| 
layer-sha256:c8577ccb98d6af2b56cb43790454d142c1bfbee15c59b6b44c8278ca9b65baaa:    downloading    |[32m+++++++++++++++++++[0m-------------------|  7.1 GiB/14.0 GiB 
layer-sha256:dab186ad61c8543a52a8cb5cef310d98159eb6fe36eb2868bac2ab6ea985972b:    done           |[32m++++++++++++++++++++++++++++++++++++++[0m| 
elapsed: 17.7s                                                                    total:  7.1 Gi (412.1 MiB/s)                                     
172.31.67.78:5000/model-ballast:A-14g:                                            resolved       |[32m++++++++++++++++++++++++++++++++++++++[0m| 
index-sha256:093fc1a5143440a3ba8cb6cdc582edbfe183ca86bdd4db3f165c170f18ddddf4:    done           |[32m++++++++++++++++++++++++++++++++++++++[0m| 
manifest-sha256:774ef59b0c94679c2695f0c05e2bc0b21d44f5d1339ab17b6e3323bf28d39f66: done           |[32m++++++++++++++++++++++++++++++++++++++[0m| 
manifest-sha256:d8cbd2948553ac2bc682b20626e09f9e897e31ea05ded4deff1ad81c79b3f2b4: done           |[32m++++++++++++++++++++++++++++++++++++++[0m| 
config-sha256:318f2319125641580710a110c1ae28c8a91e224c7c2e4e69627d68fa9c332ab0:   done           |[32m++++++++++++++++++++++++++++++++++++++[0m| 
layer-sha256:034d6572bf287fa79604fee9be062f0683809ae3a3685bc7b0e17bd1c48c50e8:    done           |[32m++++++++++++++++++++++++++++++++++++++[0m| 
layer-sha256:c8577ccb98d6af2b56cb43790454d142c1bfbee15c59b6b44c8278ca9b65baaa:    downloading    |[32m+++++++++++++++++++[0m-------------------|  7.2 GiB/14.0 GiB 
layer-sha256:dab186ad61c8543a52a8cb5cef310d98159eb6fe36eb2868bac2ab6ea985972b:    done           |[32m++++++++++++++++++++++++++++++++++++++[0m| 
elapsed: 17.8s                                                                    total:  7.2 Gi (412.1 MiB/s)                                     
172.31.67.78:5000/model-ballast:A-14g:                                            resolved       |[32m++++++++++++++++++++++++++++++++++++++[0m| 
index-sha256:093fc1a5143440a3ba8cb6cdc582edbfe183ca86bdd4db3f165c170f18ddddf4:    done           |[32m++++++++++++++++++++++++++++++++++++++[0m| 
manifest-sha256:774ef59b0c94679c2695f0c05e2bc0b21d44f5d1339ab17b6e3323bf28d39f66: done           |[32m++++++++++++++++++++++++++++++++++++++[0m| 
manifest-sha256:d8cbd2948553ac2bc682b20626e09f9e897e31ea05ded4deff1ad81c79b3f2b4: done           |[32m++++++++++++++++++++++++++++++++++++++[0m| 
config-sha256:318f2319125641580710a110c1ae28c8a91e224c7c2e4e69627d68fa9c332ab0:   done           |[32m++++++++++++++++++++++++++++++++++++++[0m| 
layer-sha256:034d6572bf287fa79604fee9be062f0683809ae3a3685bc7b0e17bd1c48c50e8:    done           |[32m++++++++++++++++++++++++++++++++++++++[0m| 
layer-sha256:c8577ccb98d6af2b56cb43790454d142c1bfbee15c59b6b44c8278ca9b65baaa:    downloading    |[32m+++++++++++++++++++[0m-------------------|  7.2 GiB/14.0 GiB 
layer-sha256:dab186ad61c8543a52a8cb5cef310d98159eb6fe36eb2868bac2ab6ea985972b:    done           |[32m++++++++++++++++++++++++++++++++++++++[0m| 
elapsed: 17.9s                                                                    total:  7.2 Gi (412.0 MiB/s)                                     
172.31.67.78:5000/model-ballast:A-14g:                                            resolved       |[32m++++++++++++++++++++++++++++++++++++++[0m| 
index-sha256:093fc1a5143440a3ba8cb6cdc582edbfe183ca86bdd4db3f165c170f18ddddf4:    done           |[32m++++++++++++++++++++++++++++++++++++++[0m| 
manifest-sha256:774ef59b0c94679c2695f0c05e2bc0b21d44f5d1339ab17b6e3323bf28d39f66: done           |[32m++++++++++++++++++++++++++++++++++++++[0m| 
manifest-sha256:d8cbd2948553ac2bc682b20626e09f9e897e31ea05ded4deff1ad81c79b3f2b4: done           |[32m++++++++++++++++++++++++++++++++++++++[0m| 
config-sha256:318f2319125641580710a110c1ae28c8a91e224c7c2e4e69627d68fa9c332ab0:   done           |[32m++++++++++++++++++++++++++++++++++++++[0m| 
layer-sha256:034d6572bf287fa79604fee9be062f0683809ae3a3685bc7b0e17bd1c48c50e8:    done           |[32m++++++++++++++++++++++++++++++++++++++[0m| 
layer-sha256:c8577ccb98d6af2b56cb43790454d142c1bfbee15c59b6b44c8278ca9b65baaa:    downloading    |[32m+++++++++++++++++++[0m-------------------|  7.2 GiB/14.0 GiB 
layer-sha256:dab186ad61c8543a52a8cb5cef310d98159eb6fe36eb2868bac2ab6ea985972b:    done           |[32m++++++++++++++++++++++++++++++++++++++[0m| 
elapsed: 18.0s                                                                    total:  7.2 Gi (412.0 MiB/s)                                     
172.31.67.78:5000/model-ballast:A-14g:                                            resolved       |[32m++++++++++++++++++++++++++++++++++++++[0m| 
index-sha256:093fc1a5143440a3ba8cb6cdc582edbfe183ca86bdd4db3f165c170f18ddddf4:    done           |[32m++++++++++++++++++++++++++++++++++++++[0m| 
manifest-sha256:774ef59b0c94679c2695f0c05e2bc0b21d44f5d1339ab17b6e3323bf28d39f66: done           |[32m++++++++++++++++++++++++++++++++++++++[0m| 
manifest-sha256:d8cbd2948553ac2bc682b20626e09f9e897e31ea05ded4deff1ad81c79b3f2b4: done           |[32m++++++++++++++++++++++++++++++++++++++[0m| 
config-sha256:318f2319125641580710a110c1ae28c8a91e224c7c2e4e69627d68fa9c332ab0:   done           |[32m++++++++++++++++++++++++++++++++++++++[0m| 
layer-sha256:034d6572bf287fa79604fee9be062f0683809ae3a3685bc7b0e17bd1c48c50e8:    done           |[32m++++++++++++++++++++++++++++++++++++++[0m| 
layer-sha256:c8577ccb98d6af2b56cb43790454d142c1bfbee15c59b6b44c8278ca9b65baaa:    downloading    |[32m+++++++++++++++++++[0m-------------------|  7.3 GiB/14.0 GiB 
layer-sha256:dab186ad61c8543a52a8cb5cef310d98159eb6fe36eb2868bac2ab6ea985972b:    done           |[32m++++++++++++++++++++++++++++++++++++++[0m| 
elapsed: 18.1s                                                                    total:  7.3 Gi (412.0 MiB/s)                                     
172.31.67.78:5000/model-ballast:A-14g:                                            resolved       |[32m++++++++++++++++++++++++++++++++++++++[0m| 
index-sha256:093fc1a5143440a3ba8cb6cdc582edbfe183ca86bdd4db3f165c170f18ddddf4:    done           |[32m++++++++++++++++++++++++++++++++++++++[0m| 
manifest-sha256:774ef59b0c94679c2695f0c05e2bc0b21d44f5d1339ab17b6e3323bf28d39f66: done           |[32m++++++++++++++++++++++++++++++++++++++[0m| 
manifest-sha256:d8cbd2948553ac2bc682b20626e09f9e897e31ea05ded4deff1ad81c79b3f2b4: done           |[32m++++++++++++++++++++++++++++++++++++++[0m| 
config-sha256:318f2319125641580710a110c1ae28c8a91e224c7c2e4e69627d68fa9c332ab0:   done           |[32m++++++++++++++++++++++++++++++++++++++[0m| 
layer-sha256:034d6572bf287fa79604fee9be062f0683809ae3a3685bc7b0e17bd1c48c50e8:    done           |[32m++++++++++++++++++++++++++++++++++++++[0m| 
layer-sha256:c8577ccb98d6af2b56cb43790454d142c1bfbee15c59b6b44c8278ca9b65baaa:    downloading    |[32m+++++++++++++++++++[0m-------------------|  7.3 GiB/14.0 GiB 
layer-sha256:dab186ad61c8543a52a8cb5cef310d98159eb6fe36eb2868bac2ab6ea985972b:    done           |[32m++++++++++++++++++++++++++++++++++++++[0m| 
elapsed: 18.2s                                                                    total:  7.3 Gi (412.1 MiB/s)                                     
172.31.67.78:5000/model-ballast:A-14g:                                            resolved       |[32m++++++++++++++++++++++++++++++++++++++[0m| 
index-sha256:093fc1a5143440a3ba8cb6cdc582edbfe183ca86bdd4db3f165c170f18ddddf4:    done           |[32m++++++++++++++++++++++++++++++++++++++[0m| 
manifest-sha256:774ef59b0c94679c2695f0c05e2bc0b21d44f5d1339ab17b6e3323bf28d39f66: done           |[32m++++++++++++++++++++++++++++++++++++++[0m| 
manifest-sha256:d8cbd2948553ac2bc682b20626e09f9e897e31ea05ded4deff1ad81c79b3f2b4: done           |[32m++++++++++++++++++++++++++++++++++++++[0m| 
config-sha256:318f2319125641580710a110c1ae28c8a91e224c7c2e4e69627d68fa9c332ab0:   done           |[32m++++++++++++++++++++++++++++++++++++++[0m| 
layer-sha256:034d6572bf287fa79604fee9be062f0683809ae3a3685bc7b0e17bd1c48c50e8:    done           |[32m++++++++++++++++++++++++++++++++++++++[0m| 
layer-sha256:c8577ccb98d6af2b56cb43790454d142c1bfbee15c59b6b44c8278ca9b65baaa:    downloading    |[32m+++++++++++++++++++[0m-------------------|  7.4 GiB/14.0 GiB 
layer-sha256:dab186ad61c8543a52a8cb5cef310d98159eb6fe36eb2868bac2ab6ea985972b:    done           |[32m++++++++++++++++++++++++++++++++++++++[0m| 
elapsed: 18.3s                                                                    total:  7.4 Gi (412.2 MiB/s)                                     
172.31.67.78:5000/model-ballast:A-14g:                                            resolved       |[32m++++++++++++++++++++++++++++++++++++++[0m| 
index-sha256:093fc1a5143440a3ba8cb6cdc582edbfe183ca86bdd4db3f165c170f18ddddf4:    done           |[32m++++++++++++++++++++++++++++++++++++++[0m| 
manifest-sha256:774ef59b0c94679c2695f0c05e2bc0b21d44f5d1339ab17b6e3323bf28d39f66: done           |[32m++++++++++++++++++++++++++++++++++++++[0m| 
manifest-sha256:d8cbd2948553ac2bc682b20626e09f9e897e31ea05ded4deff1ad81c79b3f2b4: done           |[32m++++++++++++++++++++++++++++++++++++++[0m| 
config-sha256:318f2319125641580710a110c1ae28c8a91e224c7c2e4e69627d68fa9c332ab0:   done           |[32m++++++++++++++++++++++++++++++++++++++[0m| 
layer-sha256:034d6572bf287fa79604fee9be062f0683809ae3a3685bc7b0e17bd1c48c50e8:    done           |[32m++++++++++++++++++++++++++++++++++++++[0m| 
layer-sha256:c8577ccb98d6af2b56cb43790454d142c1bfbee15c59b6b44c8278ca9b65baaa:    downloading    |[32m++++++++++++++++++++[0m------------------|  7.4 GiB/14.0 GiB 
layer-sha256:dab186ad61c8543a52a8cb5cef310d98159eb6fe36eb2868bac2ab6ea985972b:    done           |[32m++++++++++++++++++++++++++++++++++++++[0m| 
elapsed: 18.4s                                                                    total:  7.4 Gi (412.2 MiB/s)                                     
172.31.67.78:5000/model-ballast:A-14g:                                            resolved       |[32m++++++++++++++++++++++++++++++++++++++[0m| 
index-sha256:093fc1a5143440a3ba8cb6cdc582edbfe183ca86bdd4db3f165c170f18ddddf4:    done           |[32m++++++++++++++++++++++++++++++++++++++[0m| 
manifest-sha256:774ef59b0c94679c2695f0c05e2bc0b21d44f5d1339ab17b6e3323bf28d39f66: done           |[32m++++++++++++++++++++++++++++++++++++++[0m| 
manifest-sha256:d8cbd2948553ac2bc682b20626e09f9e897e31ea05ded4deff1ad81c79b3f2b4: done           |[32m++++++++++++++++++++++++++++++++++++++[0m| 
config-sha256:318f2319125641580710a110c1ae28c8a91e224c7c2e4e69627d68fa9c332ab0:   done           |[32m++++++++++++++++++++++++++++++++++++++[0m| 
layer-sha256:034d6572bf287fa79604fee9be062f0683809ae3a3685bc7b0e17bd1c48c50e8:    done           |[32m++++++++++++++++++++++++++++++++++++++[0m| 
layer-sha256:c8577ccb98d6af2b56cb43790454d142c1bfbee15c59b6b44c8278ca9b65baaa:    downloading    |[32m++++++++++++++++++++[0m------------------|  7.4 GiB/14.0 GiB 
layer-sha256:dab186ad61c8543a52a8cb5cef310d98159eb6fe36eb2868bac2ab6ea985972b:    done           |[32m++++++++++++++++++++++++++++++++++++++[0m| 
elapsed: 18.5s                                                                    total:  7.4 Gi (412.1 MiB/s)                                     
172.31.67.78:5000/model-ballast:A-14g:                                            resolved       |[32m++++++++++++++++++++++++++++++++++++++[0m| 
index-sha256:093fc1a5143440a3ba8cb6cdc582edbfe183ca86bdd4db3f165c170f18ddddf4:    done           |[32m++++++++++++++++++++++++++++++++++++++[0m| 
manifest-sha256:774ef59b0c94679c2695f0c05e2bc0b21d44f5d1339ab17b6e3323bf28d39f66: done           |[32m++++++++++++++++++++++++++++++++++++++[0m| 
manifest-sha256:d8cbd2948553ac2bc682b20626e09f9e897e31ea05ded4deff1ad81c79b3f2b4: done           |[32m++++++++++++++++++++++++++++++++++++++[0m| 
config-sha256:318f2319125641580710a110c1ae28c8a91e224c7c2e4e69627d68fa9c332ab0:   done           |[32m++++++++++++++++++++++++++++++++++++++[0m| 
layer-sha256:034d6572bf287fa79604fee9be062f0683809ae3a3685bc7b0e17bd1c48c50e8:    done           |[32m++++++++++++++++++++++++++++++++++++++[0m| 
layer-sha256:c8577ccb98d6af2b56cb43790454d142c1bfbee15c59b6b44c8278ca9b65baaa:    downloading    |[32m++++++++++++++++++++[0m------------------|  7.5 GiB/14.0 GiB 
layer-sha256:dab186ad61c8543a52a8cb5cef310d98159eb6fe36eb2868bac2ab6ea985972b:    done           |[32m++++++++++++++++++++++++++++++++++++++[0m| 
elapsed: 18.6s                                                                    total:  7.5 Gi (412.1 MiB/s)                                     
172.31.67.78:5000/model-ballast:A-14g:                                            resolved       |[32m++++++++++++++++++++++++++++++++++++++[0m| 
index-sha256:093fc1a5143440a3ba8cb6cdc582edbfe183ca86bdd4db3f165c170f18ddddf4:    done           |[32m++++++++++++++++++++++++++++++++++++++[0m| 
manifest-sha256:774ef59b0c94679c2695f0c05e2bc0b21d44f5d1339ab17b6e3323bf28d39f66: done           |[32m++++++++++++++++++++++++++++++++++++++[0m| 
manifest-sha256:d8cbd2948553ac2bc682b20626e09f9e897e31ea05ded4deff1ad81c79b3f2b4: done           |[32m++++++++++++++++++++++++++++++++++++++[0m| 
config-sha256:318f2319125641580710a110c1ae28c8a91e224c7c2e4e69627d68fa9c332ab0:   done           |[32m++++++++++++++++++++++++++++++++++++++[0m| 
layer-sha256:034d6572bf287fa79604fee9be062f0683809ae3a3685bc7b0e17bd1c48c50e8:    done           |[32m++++++++++++++++++++++++++++++++++++++[0m| 
layer-sha256:c8577ccb98d6af2b56cb43790454d142c1bfbee15c59b6b44c8278ca9b65baaa:    downloading    |[32m++++++++++++++++++++[0m------------------|  7.5 GiB/14.0 GiB 
layer-sha256:dab186ad61c8543a52a8cb5cef310d98159eb6fe36eb2868bac2ab6ea985972b:    done           |[32m++++++++++++++++++++++++++++++++++++++[0m| 
elapsed: 18.7s                                                                    total:  7.5 Gi (412.0 MiB/s)                                     
172.31.67.78:5000/model-ballast:A-14g:                                            resolved       |[32m++++++++++++++++++++++++++++++++++++++[0m| 
index-sha256:093fc1a5143440a3ba8cb6cdc582edbfe183ca86bdd4db3f165c170f18ddddf4:    done           |[32m++++++++++++++++++++++++++++++++++++++[0m| 
manifest-sha256:774ef59b0c94679c2695f0c05e2bc0b21d44f5d1339ab17b6e3323bf28d39f66: done           |[32m++++++++++++++++++++++++++++++++++++++[0m| 
manifest-sha256:d8cbd2948553ac2bc682b20626e09f9e897e31ea05ded4deff1ad81c79b3f2b4: done           |[32m++++++++++++++++++++++++++++++++++++++[0m| 
config-sha256:318f2319125641580710a110c1ae28c8a91e224c7c2e4e69627d68fa9c332ab0:   done           |[32m++++++++++++++++++++++++++++++++++++++[0m| 
layer-sha256:034d6572bf287fa79604fee9be062f0683809ae3a3685bc7b0e17bd1c48c50e8:    done           |[32m++++++++++++++++++++++++++++++++++++++[0m| 
layer-sha256:c8577ccb98d6af2b56cb43790454d142c1bfbee15c59b6b44c8278ca9b65baaa:    downloading    |[32m++++++++++++++++++++[0m------------------|  7.6 GiB/14.0 GiB 
layer-sha256:dab186ad61c8543a52a8cb5cef310d98159eb6fe36eb2868bac2ab6ea985972b:    done           |[32m++++++++++++++++++++++++++++++++++++++[0m| 
elapsed: 18.8s                                                                    total:  7.6 Gi (412.0 MiB/s)                                     
172.31.67.78:5000/model-ballast:A-14g:                                            resolved       |[32m++++++++++++++++++++++++++++++++++++++[0m| 
index-sha256:093fc1a5143440a3ba8cb6cdc582edbfe183ca86bdd4db3f165c170f18ddddf4:    done           |[32m++++++++++++++++++++++++++++++++++++++[0m| 
manifest-sha256:774ef59b0c94679c2695f0c05e2bc0b21d44f5d1339ab17b6e3323bf28d39f66: done           |[32m++++++++++++++++++++++++++++++++++++++[0m| 
manifest-sha256:d8cbd2948553ac2bc682b20626e09f9e897e31ea05ded4deff1ad81c79b3f2b4: done           |[32m++++++++++++++++++++++++++++++++++++++[0m| 
config-sha256:318f2319125641580710a110c1ae28c8a91e224c7c2e4e69627d68fa9c332ab0:   done           |[32m++++++++++++++++++++++++++++++++++++++[0m| 
layer-sha256:034d6572bf287fa79604fee9be062f0683809ae3a3685bc7b0e17bd1c48c50e8:    done           |[32m++++++++++++++++++++++++++++++++++++++[0m| 
layer-sha256:c8577ccb98d6af2b56cb43790454d142c1bfbee15c59b6b44c8278ca9b65baaa:    downloading    |[32m++++++++++++++++++++[0m------------------|  7.6 GiB/14.0 GiB 
layer-sha256:dab186ad61c8543a52a8cb5cef310d98159eb6fe36eb2868bac2ab6ea985972b:    done           |[32m++++++++++++++++++++++++++++++++++++++[0m| 
elapsed: 18.9s                                                                    total:  7.6 Gi (412.0 MiB/s)                                     
172.31.67.78:5000/model-ballast:A-14g:                                            resolved       |[32m++++++++++++++++++++++++++++++++++++++[0m| 
index-sha256:093fc1a5143440a3ba8cb6cdc582edbfe183ca86bdd4db3f165c170f18ddddf4:    done           |[32m++++++++++++++++++++++++++++++++++++++[0m| 
manifest-sha256:774ef59b0c94679c2695f0c05e2bc0b21d44f5d1339ab17b6e3323bf28d39f66: done           |[32m++++++++++++++++++++++++++++++++++++++[0m| 
manifest-sha256:d8cbd2948553ac2bc682b20626e09f9e897e31ea05ded4deff1ad81c79b3f2b4: done           |[32m++++++++++++++++++++++++++++++++++++++[0m| 
config-sha256:318f2319125641580710a110c1ae28c8a91e224c7c2e4e69627d68fa9c332ab0:   done           |[32m++++++++++++++++++++++++++++++++++++++[0m| 
layer-sha256:034d6572bf287fa79604fee9be062f0683809ae3a3685bc7b0e17bd1c48c50e8:    done           |[32m++++++++++++++++++++++++++++++++++++++[0m| 
layer-sha256:c8577ccb98d6af2b56cb43790454d142c1bfbee15c59b6b44c8278ca9b65baaa:    downloading    |[32m++++++++++++++++++++[0m------------------|  7.6 GiB/14.0 GiB 
layer-sha256:dab186ad61c8543a52a8cb5cef310d98159eb6fe36eb2868bac2ab6ea985972b:    done           |[32m++++++++++++++++++++++++++++++++++++++[0m| 
elapsed: 19.0s                                                                    total:  7.6 Gi (412.0 MiB/s)                                     
172.31.67.78:5000/model-ballast:A-14g:                                            resolved       |[32m++++++++++++++++++++++++++++++++++++++[0m| 
index-sha256:093fc1a5143440a3ba8cb6cdc582edbfe183ca86bdd4db3f165c170f18ddddf4:    done           |[32m++++++++++++++++++++++++++++++++++++++[0m| 
manifest-sha256:774ef59b0c94679c2695f0c05e2bc0b21d44f5d1339ab17b6e3323bf28d39f66: done           |[32m++++++++++++++++++++++++++++++++++++++[0m| 
manifest-sha256:d8cbd2948553ac2bc682b20626e09f9e897e31ea05ded4deff1ad81c79b3f2b4: done           |[32m++++++++++++++++++++++++++++++++++++++[0m| 
config-sha256:318f2319125641580710a110c1ae28c8a91e224c7c2e4e69627d68fa9c332ab0:   done           |[32m++++++++++++++++++++++++++++++++++++++[0m| 
layer-sha256:034d6572bf287fa79604fee9be062f0683809ae3a3685bc7b0e17bd1c48c50e8:    done           |[32m++++++++++++++++++++++++++++++++++++++[0m| 
layer-sha256:c8577ccb98d6af2b56cb43790454d142c1bfbee15c59b6b44c8278ca9b65baaa:    downloading    |[32m++++++++++++++++++++[0m------------------|  7.7 GiB/14.0 GiB 
layer-sha256:dab186ad61c8543a52a8cb5cef310d98159eb6fe36eb2868bac2ab6ea985972b:    done           |[32m++++++++++++++++++++++++++++++++++++++[0m| 
elapsed: 19.1s                                                                    total:  7.7 Gi (411.9 MiB/s)                                     
172.31.67.78:5000/model-ballast:A-14g:                                            resolved       |[32m++++++++++++++++++++++++++++++++++++++[0m| 
index-sha256:093fc1a5143440a3ba8cb6cdc582edbfe183ca86bdd4db3f165c170f18ddddf4:    done           |[32m++++++++++++++++++++++++++++++++++++++[0m| 
manifest-sha256:774ef59b0c94679c2695f0c05e2bc0b21d44f5d1339ab17b6e3323bf28d39f66: done           |[32m++++++++++++++++++++++++++++++++++++++[0m| 
manifest-sha256:d8cbd2948553ac2bc682b20626e09f9e897e31ea05ded4deff1ad81c79b3f2b4: done           |[32m++++++++++++++++++++++++++++++++++++++[0m| 
config-sha256:318f2319125641580710a110c1ae28c8a91e224c7c2e4e69627d68fa9c332ab0:   done           |[32m++++++++++++++++++++++++++++++++++++++[0m| 
layer-sha256:034d6572bf287fa79604fee9be062f0683809ae3a3685bc7b0e17bd1c48c50e8:    done           |[32m++++++++++++++++++++++++++++++++++++++[0m| 
layer-sha256:c8577ccb98d6af2b56cb43790454d142c1bfbee15c59b6b44c8278ca9b65baaa:    downloading    |[32m++++++++++++++++++++[0m------------------|  7.7 GiB/14.0 GiB 
layer-sha256:dab186ad61c8543a52a8cb5cef310d98159eb6fe36eb2868bac2ab6ea985972b:    done           |[32m++++++++++++++++++++++++++++++++++++++[0m| 
elapsed: 19.2s                                                                    total:  7.7 Gi (412.0 MiB/s)                                     
172.31.67.78:5000/model-ballast:A-14g:                                            resolved       |[32m++++++++++++++++++++++++++++++++++++++[0m| 
index-sha256:093fc1a5143440a3ba8cb6cdc582edbfe183ca86bdd4db3f165c170f18ddddf4:    done           |[32m++++++++++++++++++++++++++++++++++++++[0m| 
manifest-sha256:774ef59b0c94679c2695f0c05e2bc0b21d44f5d1339ab17b6e3323bf28d39f66: done           |[32m++++++++++++++++++++++++++++++++++++++[0m| 
manifest-sha256:d8cbd2948553ac2bc682b20626e09f9e897e31ea05ded4deff1ad81c79b3f2b4: done           |[32m++++++++++++++++++++++++++++++++++++++[0m| 
config-sha256:318f2319125641580710a110c1ae28c8a91e224c7c2e4e69627d68fa9c332ab0:   done           |[32m++++++++++++++++++++++++++++++++++++++[0m| 
layer-sha256:034d6572bf287fa79604fee9be062f0683809ae3a3685bc7b0e17bd1c48c50e8:    done           |[32m++++++++++++++++++++++++++++++++++++++[0m| 
layer-sha256:c8577ccb98d6af2b56cb43790454d142c1bfbee15c59b6b44c8278ca9b65baaa:    downloading    |[32m+++++++++++++++++++++[0m-----------------|  7.8 GiB/14.0 GiB 
layer-sha256:dab186ad61c8543a52a8cb5cef310d98159eb6fe36eb2868bac2ab6ea985972b:    done           |[32m++++++++++++++++++++++++++++++++++++++[0m| 
elapsed: 19.3s                                                                    total:  7.8 Gi (412.0 MiB/s)                                     
172.31.67.78:5000/model-ballast:A-14g:                                            resolved       |[32m++++++++++++++++++++++++++++++++++++++[0m| 
index-sha256:093fc1a5143440a3ba8cb6cdc582edbfe183ca86bdd4db3f165c170f18ddddf4:    done           |[32m++++++++++++++++++++++++++++++++++++++[0m| 
manifest-sha256:774ef59b0c94679c2695f0c05e2bc0b21d44f5d1339ab17b6e3323bf28d39f66: done           |[32m++++++++++++++++++++++++++++++++++++++[0m| 
manifest-sha256:d8cbd2948553ac2bc682b20626e09f9e897e31ea05ded4deff1ad81c79b3f2b4: done           |[32m++++++++++++++++++++++++++++++++++++++[0m| 
config-sha256:318f2319125641580710a110c1ae28c8a91e224c7c2e4e69627d68fa9c332ab0:   done           |[32m++++++++++++++++++++++++++++++++++++++[0m| 
layer-sha256:034d6572bf287fa79604fee9be062f0683809ae3a3685bc7b0e17bd1c48c50e8:    done           |[32m++++++++++++++++++++++++++++++++++++++[0m| 
layer-sha256:c8577ccb98d6af2b56cb43790454d142c1bfbee15c59b6b44c8278ca9b65baaa:    downloading    |[32m+++++++++++++++++++++[0m-----------------|  7.8 GiB/14.0 GiB 
layer-sha256:dab186ad61c8543a52a8cb5cef310d98159eb6fe36eb2868bac2ab6ea985972b:    done           |[32m++++++++++++++++++++++++++++++++++++++[0m| 
elapsed: 19.4s                                                                    total:  7.8 Gi (412.0 MiB/s)                                     
172.31.67.78:5000/model-ballast:A-14g:                                            resolved       |[32m++++++++++++++++++++++++++++++++++++++[0m| 
index-sha256:093fc1a5143440a3ba8cb6cdc582edbfe183ca86bdd4db3f165c170f18ddddf4:    done           |[32m++++++++++++++++++++++++++++++++++++++[0m| 
manifest-sha256:774ef59b0c94679c2695f0c05e2bc0b21d44f5d1339ab17b6e3323bf28d39f66: done           |[32m++++++++++++++++++++++++++++++++++++++[0m| 
manifest-sha256:d8cbd2948553ac2bc682b20626e09f9e897e31ea05ded4deff1ad81c79b3f2b4: done           |[32m++++++++++++++++++++++++++++++++++++++[0m| 
config-sha256:318f2319125641580710a110c1ae28c8a91e224c7c2e4e69627d68fa9c332ab0:   done           |[32m++++++++++++++++++++++++++++++++++++++[0m| 
layer-sha256:034d6572bf287fa79604fee9be062f0683809ae3a3685bc7b0e17bd1c48c50e8:    done           |[32m++++++++++++++++++++++++++++++++++++++[0m| 
layer-sha256:c8577ccb98d6af2b56cb43790454d142c1bfbee15c59b6b44c8278ca9b65baaa:    downloading    |[32m+++++++++++++++++++++[0m-----------------|  7.8 GiB/14.0 GiB 
layer-sha256:dab186ad61c8543a52a8cb5cef310d98159eb6fe36eb2868bac2ab6ea985972b:    done           |[32m++++++++++++++++++++++++++++++++++++++[0m| 
elapsed: 19.5s                                                                    total:  7.8 Gi (411.9 MiB/s)                                     
172.31.67.78:5000/model-ballast:A-14g:                                            resolved       |[32m++++++++++++++++++++++++++++++++++++++[0m| 
index-sha256:093fc1a5143440a3ba8cb6cdc582edbfe183ca86bdd4db3f165c170f18ddddf4:    done           |[32m++++++++++++++++++++++++++++++++++++++[0m| 
manifest-sha256:774ef59b0c94679c2695f0c05e2bc0b21d44f5d1339ab17b6e3323bf28d39f66: done           |[32m++++++++++++++++++++++++++++++++++++++[0m| 
manifest-sha256:d8cbd2948553ac2bc682b20626e09f9e897e31ea05ded4deff1ad81c79b3f2b4: done           |[32m++++++++++++++++++++++++++++++++++++++[0m| 
config-sha256:318f2319125641580710a110c1ae28c8a91e224c7c2e4e69627d68fa9c332ab0:   done           |[32m++++++++++++++++++++++++++++++++++++++[0m| 
layer-sha256:034d6572bf287fa79604fee9be062f0683809ae3a3685bc7b0e17bd1c48c50e8:    done           |[32m++++++++++++++++++++++++++++++++++++++[0m| 
layer-sha256:c8577ccb98d6af2b56cb43790454d142c1bfbee15c59b6b44c8278ca9b65baaa:    downloading    |[32m+++++++++++++++++++++[0m-----------------|  7.9 GiB/14.0 GiB 
layer-sha256:dab186ad61c8543a52a8cb5cef310d98159eb6fe36eb2868bac2ab6ea985972b:    done           |[32m++++++++++++++++++++++++++++++++++++++[0m| 
elapsed: 19.6s                                                                    total:  7.9 Gi (411.8 MiB/s)                                     
172.31.67.78:5000/model-ballast:A-14g:                                            resolved       |[32m++++++++++++++++++++++++++++++++++++++[0m| 
index-sha256:093fc1a5143440a3ba8cb6cdc582edbfe183ca86bdd4db3f165c170f18ddddf4:    done           |[32m++++++++++++++++++++++++++++++++++++++[0m| 
manifest-sha256:774ef59b0c94679c2695f0c05e2bc0b21d44f5d1339ab17b6e3323bf28d39f66: done           |[32m++++++++++++++++++++++++++++++++++++++[0m| 
manifest-sha256:d8cbd2948553ac2bc682b20626e09f9e897e31ea05ded4deff1ad81c79b3f2b4: done           |[32m++++++++++++++++++++++++++++++++++++++[0m| 
config-sha256:318f2319125641580710a110c1ae28c8a91e224c7c2e4e69627d68fa9c332ab0:   done           |[32m++++++++++++++++++++++++++++++++++++++[0m| 
layer-sha256:034d6572bf287fa79604fee9be062f0683809ae3a3685bc7b0e17bd1c48c50e8:    done           |[32m++++++++++++++++++++++++++++++++++++++[0m| 
layer-sha256:c8577ccb98d6af2b56cb43790454d142c1bfbee15c59b6b44c8278ca9b65baaa:    downloading    |[32m+++++++++++++++++++++[0m-----------------|  7.9 GiB/14.0 GiB 
layer-sha256:dab186ad61c8543a52a8cb5cef310d98159eb6fe36eb2868bac2ab6ea985972b:    done           |[32m++++++++++++++++++++++++++++++++++++++[0m| 
elapsed: 19.7s                                                                    total:  7.9 Gi (411.8 MiB/s)                                     
172.31.67.78:5000/model-ballast:A-14g:                                            resolved       |[32m++++++++++++++++++++++++++++++++++++++[0m| 
index-sha256:093fc1a5143440a3ba8cb6cdc582edbfe183ca86bdd4db3f165c170f18ddddf4:    done           |[32m++++++++++++++++++++++++++++++++++++++[0m| 
manifest-sha256:774ef59b0c94679c2695f0c05e2bc0b21d44f5d1339ab17b6e3323bf28d39f66: done           |[32m++++++++++++++++++++++++++++++++++++++[0m| 
manifest-sha256:d8cbd2948553ac2bc682b20626e09f9e897e31ea05ded4deff1ad81c79b3f2b4: done           |[32m++++++++++++++++++++++++++++++++++++++[0m| 
config-sha256:318f2319125641580710a110c1ae28c8a91e224c7c2e4e69627d68fa9c332ab0:   done           |[32m++++++++++++++++++++++++++++++++++++++[0m| 
layer-sha256:034d6572bf287fa79604fee9be062f0683809ae3a3685bc7b0e17bd1c48c50e8:    done           |[32m++++++++++++++++++++++++++++++++++++++[0m| 
layer-sha256:c8577ccb98d6af2b56cb43790454d142c1bfbee15c59b6b44c8278ca9b65baaa:    downloading    |[32m+++++++++++++++++++++[0m-----------------|  8.0 GiB/14.0 GiB 
layer-sha256:dab186ad61c8543a52a8cb5cef310d98159eb6fe36eb2868bac2ab6ea985972b:    done           |[32m++++++++++++++++++++++++++++++++++++++[0m| 
elapsed: 19.8s                                                                    total:  8.0 Gi (411.8 MiB/s)                                     
172.31.67.78:5000/model-ballast:A-14g:                                            resolved       |[32m++++++++++++++++++++++++++++++++++++++[0m| 
index-sha256:093fc1a5143440a3ba8cb6cdc582edbfe183ca86bdd4db3f165c170f18ddddf4:    done           |[32m++++++++++++++++++++++++++++++++++++++[0m| 
manifest-sha256:774ef59b0c94679c2695f0c05e2bc0b21d44f5d1339ab17b6e3323bf28d39f66: done           |[32m++++++++++++++++++++++++++++++++++++++[0m| 
manifest-sha256:d8cbd2948553ac2bc682b20626e09f9e897e31ea05ded4deff1ad81c79b3f2b4: done           |[32m++++++++++++++++++++++++++++++++++++++[0m| 
config-sha256:318f2319125641580710a110c1ae28c8a91e224c7c2e4e69627d68fa9c332ab0:   done           |[32m++++++++++++++++++++++++++++++++++++++[0m| 
layer-sha256:034d6572bf287fa79604fee9be062f0683809ae3a3685bc7b0e17bd1c48c50e8:    done           |[32m++++++++++++++++++++++++++++++++++++++[0m| 
layer-sha256:c8577ccb98d6af2b56cb43790454d142c1bfbee15c59b6b44c8278ca9b65baaa:    downloading    |[32m+++++++++++++++++++++[0m-----------------|  8.0 GiB/14.0 GiB 
layer-sha256:dab186ad61c8543a52a8cb5cef310d98159eb6fe36eb2868bac2ab6ea985972b:    done           |[32m++++++++++++++++++++++++++++++++++++++[0m| 
elapsed: 19.9s                                                                    total:  8.0 Gi (411.7 MiB/s)                                     
172.31.67.78:5000/model-ballast:A-14g:                                            resolved       |[32m++++++++++++++++++++++++++++++++++++++[0m| 
index-sha256:093fc1a5143440a3ba8cb6cdc582edbfe183ca86bdd4db3f165c170f18ddddf4:    done           |[32m++++++++++++++++++++++++++++++++++++++[0m| 
manifest-sha256:774ef59b0c94679c2695f0c05e2bc0b21d44f5d1339ab17b6e3323bf28d39f66: done           |[32m++++++++++++++++++++++++++++++++++++++[0m| 
manifest-sha256:d8cbd2948553ac2bc682b20626e09f9e897e31ea05ded4deff1ad81c79b3f2b4: done           |[32m++++++++++++++++++++++++++++++++++++++[0m| 
config-sha256:318f2319125641580710a110c1ae28c8a91e224c7c2e4e69627d68fa9c332ab0:   done           |[32m++++++++++++++++++++++++++++++++++++++[0m| 
layer-sha256:034d6572bf287fa79604fee9be062f0683809ae3a3685bc7b0e17bd1c48c50e8:    done           |[32m++++++++++++++++++++++++++++++++++++++[0m| 
layer-sha256:c8577ccb98d6af2b56cb43790454d142c1bfbee15c59b6b44c8278ca9b65baaa:    downloading    |[32m+++++++++++++++++++++[0m-----------------|  8.0 GiB/14.0 GiB 
layer-sha256:dab186ad61c8543a52a8cb5cef310d98159eb6fe36eb2868bac2ab6ea985972b:    done           |[32m++++++++++++++++++++++++++++++++++++++[0m| 
elapsed: 20.0s                                                                    total:  8.0 Gi (411.8 MiB/s)                                     
172.31.67.78:5000/model-ballast:A-14g:                                            resolved       |[32m++++++++++++++++++++++++++++++++++++++[0m| 
index-sha256:093fc1a5143440a3ba8cb6cdc582edbfe183ca86bdd4db3f165c170f18ddddf4:    done           |[32m++++++++++++++++++++++++++++++++++++++[0m| 
manifest-sha256:774ef59b0c94679c2695f0c05e2bc0b21d44f5d1339ab17b6e3323bf28d39f66: done           |[32m++++++++++++++++++++++++++++++++++++++[0m| 
manifest-sha256:d8cbd2948553ac2bc682b20626e09f9e897e31ea05ded4deff1ad81c79b3f2b4: done           |[32m++++++++++++++++++++++++++++++++++++++[0m| 
config-sha256:318f2319125641580710a110c1ae28c8a91e224c7c2e4e69627d68fa9c332ab0:   done           |[32m++++++++++++++++++++++++++++++++++++++[0m| 
layer-sha256:034d6572bf287fa79604fee9be062f0683809ae3a3685bc7b0e17bd1c48c50e8:    done           |[32m++++++++++++++++++++++++++++++++++++++[0m| 
layer-sha256:c8577ccb98d6af2b56cb43790454d142c1bfbee15c59b6b44c8278ca9b65baaa:    downloading    |[32m+++++++++++++++++++++[0m-----------------|  8.1 GiB/14.0 GiB 
layer-sha256:dab186ad61c8543a52a8cb5cef310d98159eb6fe36eb2868bac2ab6ea985972b:    done           |[32m++++++++++++++++++++++++++++++++++++++[0m| 
elapsed: 20.1s                                                                    total:  8.1 Gi (411.8 MiB/s)                                     
172.31.67.78:5000/model-ballast:A-14g:                                            resolved       |[32m++++++++++++++++++++++++++++++++++++++[0m| 
index-sha256:093fc1a5143440a3ba8cb6cdc582edbfe183ca86bdd4db3f165c170f18ddddf4:    done           |[32m++++++++++++++++++++++++++++++++++++++[0m| 
manifest-sha256:774ef59b0c94679c2695f0c05e2bc0b21d44f5d1339ab17b6e3323bf28d39f66: done           |[32m++++++++++++++++++++++++++++++++++++++[0m| 
manifest-sha256:d8cbd2948553ac2bc682b20626e09f9e897e31ea05ded4deff1ad81c79b3f2b4: done           |[32m++++++++++++++++++++++++++++++++++++++[0m| 
config-sha256:318f2319125641580710a110c1ae28c8a91e224c7c2e4e69627d68fa9c332ab0:   done           |[32m++++++++++++++++++++++++++++++++++++++[0m| 
layer-sha256:034d6572bf287fa79604fee9be062f0683809ae3a3685bc7b0e17bd1c48c50e8:    done           |[32m++++++++++++++++++++++++++++++++++++++[0m| 
layer-sha256:c8577ccb98d6af2b56cb43790454d142c1bfbee15c59b6b44c8278ca9b65baaa:    downloading    |[32m++++++++++++++++++++++[0m----------------|  8.1 GiB/14.0 GiB 
layer-sha256:dab186ad61c8543a52a8cb5cef310d98159eb6fe36eb2868bac2ab6ea985972b:    done           |[32m++++++++++++++++++++++++++++++++++++++[0m| 
elapsed: 20.2s                                                                    total:  8.1 Gi (411.9 MiB/s)                                     
172.31.67.78:5000/model-ballast:A-14g:                                            resolved       |[32m++++++++++++++++++++++++++++++++++++++[0m| 
index-sha256:093fc1a5143440a3ba8cb6cdc582edbfe183ca86bdd4db3f165c170f18ddddf4:    done           |[32m++++++++++++++++++++++++++++++++++++++[0m| 
manifest-sha256:774ef59b0c94679c2695f0c05e2bc0b21d44f5d1339ab17b6e3323bf28d39f66: done           |[32m++++++++++++++++++++++++++++++++++++++[0m| 
manifest-sha256:d8cbd2948553ac2bc682b20626e09f9e897e31ea05ded4deff1ad81c79b3f2b4: done           |[32m++++++++++++++++++++++++++++++++++++++[0m| 
config-sha256:318f2319125641580710a110c1ae28c8a91e224c7c2e4e69627d68fa9c332ab0:   done           |[32m++++++++++++++++++++++++++++++++++++++[0m| 
layer-sha256:034d6572bf287fa79604fee9be062f0683809ae3a3685bc7b0e17bd1c48c50e8:    done           |[32m++++++++++++++++++++++++++++++++++++++[0m| 
layer-sha256:c8577ccb98d6af2b56cb43790454d142c1bfbee15c59b6b44c8278ca9b65baaa:    downloading    |[32m++++++++++++++++++++++[0m----------------|  8.2 GiB/14.0 GiB 
layer-sha256:dab186ad61c8543a52a8cb5cef310d98159eb6fe36eb2868bac2ab6ea985972b:    done           |[32m++++++++++++++++++++++++++++++++++++++[0m| 
elapsed: 20.3s                                                                    total:  8.2 Gi (411.8 MiB/s)                                     
172.31.67.78:5000/model-ballast:A-14g:                                            resolved       |[32m++++++++++++++++++++++++++++++++++++++[0m| 
index-sha256:093fc1a5143440a3ba8cb6cdc582edbfe183ca86bdd4db3f165c170f18ddddf4:    done           |[32m++++++++++++++++++++++++++++++++++++++[0m| 
manifest-sha256:774ef59b0c94679c2695f0c05e2bc0b21d44f5d1339ab17b6e3323bf28d39f66: done           |[32m++++++++++++++++++++++++++++++++++++++[0m| 
manifest-sha256:d8cbd2948553ac2bc682b20626e09f9e897e31ea05ded4deff1ad81c79b3f2b4: done           |[32m++++++++++++++++++++++++++++++++++++++[0m| 
config-sha256:318f2319125641580710a110c1ae28c8a91e224c7c2e4e69627d68fa9c332ab0:   done           |[32m++++++++++++++++++++++++++++++++++++++[0m| 
layer-sha256:034d6572bf287fa79604fee9be062f0683809ae3a3685bc7b0e17bd1c48c50e8:    done           |[32m++++++++++++++++++++++++++++++++++++++[0m| 
layer-sha256:c8577ccb98d6af2b56cb43790454d142c1bfbee15c59b6b44c8278ca9b65baaa:    downloading    |[32m++++++++++++++++++++++[0m----------------|  8.2 GiB/14.0 GiB 
layer-sha256:dab186ad61c8543a52a8cb5cef310d98159eb6fe36eb2868bac2ab6ea985972b:    done           |[32m++++++++++++++++++++++++++++++++++++++[0m| 
elapsed: 20.4s                                                                    total:  8.2 Gi (411.8 MiB/s)                                     
172.31.67.78:5000/model-ballast:A-14g:                                            resolved       |[32m++++++++++++++++++++++++++++++++++++++[0m| 
index-sha256:093fc1a5143440a3ba8cb6cdc582edbfe183ca86bdd4db3f165c170f18ddddf4:    done           |[32m++++++++++++++++++++++++++++++++++++++[0m| 
manifest-sha256:774ef59b0c94679c2695f0c05e2bc0b21d44f5d1339ab17b6e3323bf28d39f66: done           |[32m++++++++++++++++++++++++++++++++++++++[0m| 
manifest-sha256:d8cbd2948553ac2bc682b20626e09f9e897e31ea05ded4deff1ad81c79b3f2b4: done           |[32m++++++++++++++++++++++++++++++++++++++[0m| 
config-sha256:318f2319125641580710a110c1ae28c8a91e224c7c2e4e69627d68fa9c332ab0:   done           |[32m++++++++++++++++++++++++++++++++++++++[0m| 
layer-sha256:034d6572bf287fa79604fee9be062f0683809ae3a3685bc7b0e17bd1c48c50e8:    done           |[32m++++++++++++++++++++++++++++++++++++++[0m| 
layer-sha256:c8577ccb98d6af2b56cb43790454d142c1bfbee15c59b6b44c8278ca9b65baaa:    downloading    |[32m++++++++++++++++++++++[0m----------------|  8.2 GiB/14.0 GiB 
layer-sha256:dab186ad61c8543a52a8cb5cef310d98159eb6fe36eb2868bac2ab6ea985972b:    done           |[32m++++++++++++++++++++++++++++++++++++++[0m| 
elapsed: 20.5s                                                                    total:  8.2 Gi (411.8 MiB/s)                                     
172.31.67.78:5000/model-ballast:A-14g:                                            resolved       |[32m++++++++++++++++++++++++++++++++++++++[0m| 
index-sha256:093fc1a5143440a3ba8cb6cdc582edbfe183ca86bdd4db3f165c170f18ddddf4:    done           |[32m++++++++++++++++++++++++++++++++++++++[0m| 
manifest-sha256:774ef59b0c94679c2695f0c05e2bc0b21d44f5d1339ab17b6e3323bf28d39f66: done           |[32m++++++++++++++++++++++++++++++++++++++[0m| 
manifest-sha256:d8cbd2948553ac2bc682b20626e09f9e897e31ea05ded4deff1ad81c79b3f2b4: done           |[32m++++++++++++++++++++++++++++++++++++++[0m| 
config-sha256:318f2319125641580710a110c1ae28c8a91e224c7c2e4e69627d68fa9c332ab0:   done           |[32m++++++++++++++++++++++++++++++++++++++[0m| 
layer-sha256:034d6572bf287fa79604fee9be062f0683809ae3a3685bc7b0e17bd1c48c50e8:    done           |[32m++++++++++++++++++++++++++++++++++++++[0m| 
layer-sha256:c8577ccb98d6af2b56cb43790454d142c1bfbee15c59b6b44c8278ca9b65baaa:    downloading    |[32m++++++++++++++++++++++[0m----------------|  8.3 GiB/14.0 GiB 
layer-sha256:dab186ad61c8543a52a8cb5cef310d98159eb6fe36eb2868bac2ab6ea985972b:    done           |[32m++++++++++++++++++++++++++++++++++++++[0m| 
elapsed: 20.6s                                                                    total:  8.3 Gi (411.8 MiB/s)                                     
172.31.67.78:5000/model-ballast:A-14g:                                            resolved       |[32m++++++++++++++++++++++++++++++++++++++[0m| 
index-sha256:093fc1a5143440a3ba8cb6cdc582edbfe183ca86bdd4db3f165c170f18ddddf4:    done           |[32m++++++++++++++++++++++++++++++++++++++[0m| 
manifest-sha256:774ef59b0c94679c2695f0c05e2bc0b21d44f5d1339ab17b6e3323bf28d39f66: done           |[32m++++++++++++++++++++++++++++++++++++++[0m| 
manifest-sha256:d8cbd2948553ac2bc682b20626e09f9e897e31ea05ded4deff1ad81c79b3f2b4: done           |[32m++++++++++++++++++++++++++++++++++++++[0m| 
config-sha256:318f2319125641580710a110c1ae28c8a91e224c7c2e4e69627d68fa9c332ab0:   done           |[32m++++++++++++++++++++++++++++++++++++++[0m| 
layer-sha256:034d6572bf287fa79604fee9be062f0683809ae3a3685bc7b0e17bd1c48c50e8:    done           |[32m++++++++++++++++++++++++++++++++++++++[0m| 
layer-sha256:c8577ccb98d6af2b56cb43790454d142c1bfbee15c59b6b44c8278ca9b65baaa:    downloading    |[32m++++++++++++++++++++++[0m----------------|  8.3 GiB/14.0 GiB 
layer-sha256:dab186ad61c8543a52a8cb5cef310d98159eb6fe36eb2868bac2ab6ea985972b:    done           |[32m++++++++++++++++++++++++++++++++++++++[0m| 
elapsed: 20.7s                                                                    total:  8.3 Gi (411.8 MiB/s)                                     
172.31.67.78:5000/model-ballast:A-14g:                                            resolved       |[32m++++++++++++++++++++++++++++++++++++++[0m| 
index-sha256:093fc1a5143440a3ba8cb6cdc582edbfe183ca86bdd4db3f165c170f18ddddf4:    done           |[32m++++++++++++++++++++++++++++++++++++++[0m| 
manifest-sha256:774ef59b0c94679c2695f0c05e2bc0b21d44f5d1339ab17b6e3323bf28d39f66: done           |[32m++++++++++++++++++++++++++++++++++++++[0m| 
manifest-sha256:d8cbd2948553ac2bc682b20626e09f9e897e31ea05ded4deff1ad81c79b3f2b4: done           |[32m++++++++++++++++++++++++++++++++++++++[0m| 
config-sha256:318f2319125641580710a110c1ae28c8a91e224c7c2e4e69627d68fa9c332ab0:   done           |[32m++++++++++++++++++++++++++++++++++++++[0m| 
layer-sha256:034d6572bf287fa79604fee9be062f0683809ae3a3685bc7b0e17bd1c48c50e8:    done           |[32m++++++++++++++++++++++++++++++++++++++[0m| 
layer-sha256:c8577ccb98d6af2b56cb43790454d142c1bfbee15c59b6b44c8278ca9b65baaa:    downloading    |[32m++++++++++++++++++++++[0m----------------|  8.4 GiB/14.0 GiB 
layer-sha256:dab186ad61c8543a52a8cb5cef310d98159eb6fe36eb2868bac2ab6ea985972b:    done           |[32m++++++++++++++++++++++++++++++++++++++[0m| 
elapsed: 20.8s                                                                    total:  8.4 Gi (411.8 MiB/s)                                     
172.31.67.78:5000/model-ballast:A-14g:                                            resolved       |[32m++++++++++++++++++++++++++++++++++++++[0m| 
index-sha256:093fc1a5143440a3ba8cb6cdc582edbfe183ca86bdd4db3f165c170f18ddddf4:    done           |[32m++++++++++++++++++++++++++++++++++++++[0m| 
manifest-sha256:774ef59b0c94679c2695f0c05e2bc0b21d44f5d1339ab17b6e3323bf28d39f66: done           |[32m++++++++++++++++++++++++++++++++++++++[0m| 
manifest-sha256:d8cbd2948553ac2bc682b20626e09f9e897e31ea05ded4deff1ad81c79b3f2b4: done           |[32m++++++++++++++++++++++++++++++++++++++[0m| 
config-sha256:318f2319125641580710a110c1ae28c8a91e224c7c2e4e69627d68fa9c332ab0:   done           |[32m++++++++++++++++++++++++++++++++++++++[0m| 
layer-sha256:034d6572bf287fa79604fee9be062f0683809ae3a3685bc7b0e17bd1c48c50e8:    done           |[32m++++++++++++++++++++++++++++++++++++++[0m| 
layer-sha256:c8577ccb98d6af2b56cb43790454d142c1bfbee15c59b6b44c8278ca9b65baaa:    downloading    |[32m++++++++++++++++++++++[0m----------------|  8.4 GiB/14.0 GiB 
layer-sha256:dab186ad61c8543a52a8cb5cef310d98159eb6fe36eb2868bac2ab6ea985972b:    done           |[32m++++++++++++++++++++++++++++++++++++++[0m| 
elapsed: 20.9s                                                                    total:  8.4 Gi (411.8 MiB/s)                                     
172.31.67.78:5000/model-ballast:A-14g:                                            resolved       |[32m++++++++++++++++++++++++++++++++++++++[0m| 
index-sha256:093fc1a5143440a3ba8cb6cdc582edbfe183ca86bdd4db3f165c170f18ddddf4:    done           |[32m++++++++++++++++++++++++++++++++++++++[0m| 
manifest-sha256:774ef59b0c94679c2695f0c05e2bc0b21d44f5d1339ab17b6e3323bf28d39f66: done           |[32m++++++++++++++++++++++++++++++++++++++[0m| 
manifest-sha256:d8cbd2948553ac2bc682b20626e09f9e897e31ea05ded4deff1ad81c79b3f2b4: done           |[32m++++++++++++++++++++++++++++++++++++++[0m| 
config-sha256:318f2319125641580710a110c1ae28c8a91e224c7c2e4e69627d68fa9c332ab0:   done           |[32m++++++++++++++++++++++++++++++++++++++[0m| 
layer-sha256:034d6572bf287fa79604fee9be062f0683809ae3a3685bc7b0e17bd1c48c50e8:    done           |[32m++++++++++++++++++++++++++++++++++++++[0m| 
layer-sha256:c8577ccb98d6af2b56cb43790454d142c1bfbee15c59b6b44c8278ca9b65baaa:    downloading    |[32m++++++++++++++++++++++[0m----------------|  8.4 GiB/14.0 GiB 
layer-sha256:dab186ad61c8543a52a8cb5cef310d98159eb6fe36eb2868bac2ab6ea985972b:    done           |[32m++++++++++++++++++++++++++++++++++++++[0m| 
elapsed: 21.0s                                                                    total:  8.4 Gi (411.8 MiB/s)                                     
172.31.67.78:5000/model-ballast:A-14g:                                            resolved       |[32m++++++++++++++++++++++++++++++++++++++[0m| 
index-sha256:093fc1a5143440a3ba8cb6cdc582edbfe183ca86bdd4db3f165c170f18ddddf4:    done           |[32m++++++++++++++++++++++++++++++++++++++[0m| 
manifest-sha256:774ef59b0c94679c2695f0c05e2bc0b21d44f5d1339ab17b6e3323bf28d39f66: done           |[32m++++++++++++++++++++++++++++++++++++++[0m| 
manifest-sha256:d8cbd2948553ac2bc682b20626e09f9e897e31ea05ded4deff1ad81c79b3f2b4: done           |[32m++++++++++++++++++++++++++++++++++++++[0m| 
config-sha256:318f2319125641580710a110c1ae28c8a91e224c7c2e4e69627d68fa9c332ab0:   done           |[32m++++++++++++++++++++++++++++++++++++++[0m| 
layer-sha256:034d6572bf287fa79604fee9be062f0683809ae3a3685bc7b0e17bd1c48c50e8:    done           |[32m++++++++++++++++++++++++++++++++++++++[0m| 
layer-sha256:c8577ccb98d6af2b56cb43790454d142c1bfbee15c59b6b44c8278ca9b65baaa:    downloading    |[32m+++++++++++++++++++++++[0m---------------|  8.5 GiB/14.0 GiB 
layer-sha256:dab186ad61c8543a52a8cb5cef310d98159eb6fe36eb2868bac2ab6ea985972b:    done           |[32m++++++++++++++++++++++++++++++++++++++[0m| 
elapsed: 21.1s                                                                    total:  8.5 Gi (411.8 MiB/s)                                     
172.31.67.78:5000/model-ballast:A-14g:                                            resolved       |[32m++++++++++++++++++++++++++++++++++++++[0m| 
index-sha256:093fc1a5143440a3ba8cb6cdc582edbfe183ca86bdd4db3f165c170f18ddddf4:    done           |[32m++++++++++++++++++++++++++++++++++++++[0m| 
manifest-sha256:774ef59b0c94679c2695f0c05e2bc0b21d44f5d1339ab17b6e3323bf28d39f66: done           |[32m++++++++++++++++++++++++++++++++++++++[0m| 
manifest-sha256:d8cbd2948553ac2bc682b20626e09f9e897e31ea05ded4deff1ad81c79b3f2b4: done           |[32m++++++++++++++++++++++++++++++++++++++[0m| 
config-sha256:318f2319125641580710a110c1ae28c8a91e224c7c2e4e69627d68fa9c332ab0:   done           |[32m++++++++++++++++++++++++++++++++++++++[0m| 
layer-sha256:034d6572bf287fa79604fee9be062f0683809ae3a3685bc7b0e17bd1c48c50e8:    done           |[32m++++++++++++++++++++++++++++++++++++++[0m| 
layer-sha256:c8577ccb98d6af2b56cb43790454d142c1bfbee15c59b6b44c8278ca9b65baaa:    downloading    |[32m+++++++++++++++++++++++[0m---------------|  8.5 GiB/14.0 GiB 
layer-sha256:dab186ad61c8543a52a8cb5cef310d98159eb6fe36eb2868bac2ab6ea985972b:    done           |[32m++++++++++++++++++++++++++++++++++++++[0m| 
elapsed: 21.2s                                                                    total:  8.5 Gi (411.9 MiB/s)                                     
172.31.67.78:5000/model-ballast:A-14g:                                            resolved       |[32m++++++++++++++++++++++++++++++++++++++[0m| 
index-sha256:093fc1a5143440a3ba8cb6cdc582edbfe183ca86bdd4db3f165c170f18ddddf4:    done           |[32m++++++++++++++++++++++++++++++++++++++[0m| 
manifest-sha256:774ef59b0c94679c2695f0c05e2bc0b21d44f5d1339ab17b6e3323bf28d39f66: done           |[32m++++++++++++++++++++++++++++++++++++++[0m| 
manifest-sha256:d8cbd2948553ac2bc682b20626e09f9e897e31ea05ded4deff1ad81c79b3f2b4: done           |[32m++++++++++++++++++++++++++++++++++++++[0m| 
config-sha256:318f2319125641580710a110c1ae28c8a91e224c7c2e4e69627d68fa9c332ab0:   done           |[32m++++++++++++++++++++++++++++++++++++++[0m| 
layer-sha256:034d6572bf287fa79604fee9be062f0683809ae3a3685bc7b0e17bd1c48c50e8:    done           |[32m++++++++++++++++++++++++++++++++++++++[0m| 
layer-sha256:c8577ccb98d6af2b56cb43790454d142c1bfbee15c59b6b44c8278ca9b65baaa:    downloading    |[32m+++++++++++++++++++++++[0m---------------|  8.6 GiB/14.0 GiB 
layer-sha256:dab186ad61c8543a52a8cb5cef310d98159eb6fe36eb2868bac2ab6ea985972b:    done           |[32m++++++++++++++++++++++++++++++++++++++[0m| 
elapsed: 21.3s                                                                    total:  8.6 Gi (411.9 MiB/s)                                     
172.31.67.78:5000/model-ballast:A-14g:                                            resolved       |[32m++++++++++++++++++++++++++++++++++++++[0m| 
index-sha256:093fc1a5143440a3ba8cb6cdc582edbfe183ca86bdd4db3f165c170f18ddddf4:    done           |[32m++++++++++++++++++++++++++++++++++++++[0m| 
manifest-sha256:774ef59b0c94679c2695f0c05e2bc0b21d44f5d1339ab17b6e3323bf28d39f66: done           |[32m++++++++++++++++++++++++++++++++++++++[0m| 
manifest-sha256:d8cbd2948553ac2bc682b20626e09f9e897e31ea05ded4deff1ad81c79b3f2b4: done           |[32m++++++++++++++++++++++++++++++++++++++[0m| 
config-sha256:318f2319125641580710a110c1ae28c8a91e224c7c2e4e69627d68fa9c332ab0:   done           |[32m++++++++++++++++++++++++++++++++++++++[0m| 
layer-sha256:034d6572bf287fa79604fee9be062f0683809ae3a3685bc7b0e17bd1c48c50e8:    done           |[32m++++++++++++++++++++++++++++++++++++++[0m| 
layer-sha256:c8577ccb98d6af2b56cb43790454d142c1bfbee15c59b6b44c8278ca9b65baaa:    downloading    |[32m+++++++++++++++++++++++[0m---------------|  8.6 GiB/14.0 GiB 
layer-sha256:dab186ad61c8543a52a8cb5cef310d98159eb6fe36eb2868bac2ab6ea985972b:    done           |[32m++++++++++++++++++++++++++++++++++++++[0m| 
elapsed: 21.4s                                                                    total:  8.6 Gi (411.9 MiB/s)                                     
172.31.67.78:5000/model-ballast:A-14g:                                            resolved       |[32m++++++++++++++++++++++++++++++++++++++[0m| 
index-sha256:093fc1a5143440a3ba8cb6cdc582edbfe183ca86bdd4db3f165c170f18ddddf4:    done           |[32m++++++++++++++++++++++++++++++++++++++[0m| 
manifest-sha256:774ef59b0c94679c2695f0c05e2bc0b21d44f5d1339ab17b6e3323bf28d39f66: done           |[32m++++++++++++++++++++++++++++++++++++++[0m| 
manifest-sha256:d8cbd2948553ac2bc682b20626e09f9e897e31ea05ded4deff1ad81c79b3f2b4: done           |[32m++++++++++++++++++++++++++++++++++++++[0m| 
config-sha256:318f2319125641580710a110c1ae28c8a91e224c7c2e4e69627d68fa9c332ab0:   done           |[32m++++++++++++++++++++++++++++++++++++++[0m| 
layer-sha256:034d6572bf287fa79604fee9be062f0683809ae3a3685bc7b0e17bd1c48c50e8:    done           |[32m++++++++++++++++++++++++++++++++++++++[0m| 
layer-sha256:c8577ccb98d6af2b56cb43790454d142c1bfbee15c59b6b44c8278ca9b65baaa:    downloading    |[32m+++++++++++++++++++++++[0m---------------|  8.6 GiB/14.0 GiB 
layer-sha256:dab186ad61c8543a52a8cb5cef310d98159eb6fe36eb2868bac2ab6ea985972b:    done           |[32m++++++++++++++++++++++++++++++++++++++[0m| 
elapsed: 21.5s                                                                    total:  8.6 Gi (411.8 MiB/s)                                     
172.31.67.78:5000/model-ballast:A-14g:                                            resolved       |[32m++++++++++++++++++++++++++++++++++++++[0m| 
index-sha256:093fc1a5143440a3ba8cb6cdc582edbfe183ca86bdd4db3f165c170f18ddddf4:    done           |[32m++++++++++++++++++++++++++++++++++++++[0m| 
manifest-sha256:774ef59b0c94679c2695f0c05e2bc0b21d44f5d1339ab17b6e3323bf28d39f66: done           |[32m++++++++++++++++++++++++++++++++++++++[0m| 
manifest-sha256:d8cbd2948553ac2bc682b20626e09f9e897e31ea05ded4deff1ad81c79b3f2b4: done           |[32m++++++++++++++++++++++++++++++++++++++[0m| 
config-sha256:318f2319125641580710a110c1ae28c8a91e224c7c2e4e69627d68fa9c332ab0:   done           |[32m++++++++++++++++++++++++++++++++++++++[0m| 
layer-sha256:034d6572bf287fa79604fee9be062f0683809ae3a3685bc7b0e17bd1c48c50e8:    done           |[32m++++++++++++++++++++++++++++++++++++++[0m| 
layer-sha256:c8577ccb98d6af2b56cb43790454d142c1bfbee15c59b6b44c8278ca9b65baaa:    downloading    |[32m+++++++++++++++++++++++[0m---------------|  8.7 GiB/14.0 GiB 
layer-sha256:dab186ad61c8543a52a8cb5cef310d98159eb6fe36eb2868bac2ab6ea985972b:    done           |[32m++++++++++++++++++++++++++++++++++++++[0m| 
elapsed: 21.6s                                                                    total:  8.7 Gi (411.7 MiB/s)                                     
172.31.67.78:5000/model-ballast:A-14g:                                            resolved       |[32m++++++++++++++++++++++++++++++++++++++[0m| 
index-sha256:093fc1a5143440a3ba8cb6cdc582edbfe183ca86bdd4db3f165c170f18ddddf4:    done           |[32m++++++++++++++++++++++++++++++++++++++[0m| 
manifest-sha256:774ef59b0c94679c2695f0c05e2bc0b21d44f5d1339ab17b6e3323bf28d39f66: done           |[32m++++++++++++++++++++++++++++++++++++++[0m| 
manifest-sha256:d8cbd2948553ac2bc682b20626e09f9e897e31ea05ded4deff1ad81c79b3f2b4: done           |[32m++++++++++++++++++++++++++++++++++++++[0m| 
config-sha256:318f2319125641580710a110c1ae28c8a91e224c7c2e4e69627d68fa9c332ab0:   done           |[32m++++++++++++++++++++++++++++++++++++++[0m| 
layer-sha256:034d6572bf287fa79604fee9be062f0683809ae3a3685bc7b0e17bd1c48c50e8:    done           |[32m++++++++++++++++++++++++++++++++++++++[0m| 
layer-sha256:c8577ccb98d6af2b56cb43790454d142c1bfbee15c59b6b44c8278ca9b65baaa:    downloading    |[32m+++++++++++++++++++++++[0m---------------|  8.7 GiB/14.0 GiB 
layer-sha256:dab186ad61c8543a52a8cb5cef310d98159eb6fe36eb2868bac2ab6ea985972b:    done           |[32m++++++++++++++++++++++++++++++++++++++[0m| 
elapsed: 21.7s                                                                    total:  8.7 Gi (411.7 MiB/s)                                     
172.31.67.78:5000/model-ballast:A-14g:                                            resolved       |[32m++++++++++++++++++++++++++++++++++++++[0m| 
index-sha256:093fc1a5143440a3ba8cb6cdc582edbfe183ca86bdd4db3f165c170f18ddddf4:    done           |[32m++++++++++++++++++++++++++++++++++++++[0m| 
manifest-sha256:774ef59b0c94679c2695f0c05e2bc0b21d44f5d1339ab17b6e3323bf28d39f66: done           |[32m++++++++++++++++++++++++++++++++++++++[0m| 
manifest-sha256:d8cbd2948553ac2bc682b20626e09f9e897e31ea05ded4deff1ad81c79b3f2b4: done           |[32m++++++++++++++++++++++++++++++++++++++[0m| 
config-sha256:318f2319125641580710a110c1ae28c8a91e224c7c2e4e69627d68fa9c332ab0:   done           |[32m++++++++++++++++++++++++++++++++++++++[0m| 
layer-sha256:034d6572bf287fa79604fee9be062f0683809ae3a3685bc7b0e17bd1c48c50e8:    done           |[32m++++++++++++++++++++++++++++++++++++++[0m| 
layer-sha256:c8577ccb98d6af2b56cb43790454d142c1bfbee15c59b6b44c8278ca9b65baaa:    downloading    |[32m+++++++++++++++++++++++[0m---------------|  8.8 GiB/14.0 GiB 
layer-sha256:dab186ad61c8543a52a8cb5cef310d98159eb6fe36eb2868bac2ab6ea985972b:    done           |[32m++++++++++++++++++++++++++++++++++++++[0m| 
elapsed: 21.8s                                                                    total:  8.8 Gi (411.6 MiB/s)                                     
172.31.67.78:5000/model-ballast:A-14g:                                            resolved       |[32m++++++++++++++++++++++++++++++++++++++[0m| 
index-sha256:093fc1a5143440a3ba8cb6cdc582edbfe183ca86bdd4db3f165c170f18ddddf4:    done           |[32m++++++++++++++++++++++++++++++++++++++[0m| 
manifest-sha256:774ef59b0c94679c2695f0c05e2bc0b21d44f5d1339ab17b6e3323bf28d39f66: done           |[32m++++++++++++++++++++++++++++++++++++++[0m| 
manifest-sha256:d8cbd2948553ac2bc682b20626e09f9e897e31ea05ded4deff1ad81c79b3f2b4: done           |[32m++++++++++++++++++++++++++++++++++++++[0m| 
config-sha256:318f2319125641580710a110c1ae28c8a91e224c7c2e4e69627d68fa9c332ab0:   done           |[32m++++++++++++++++++++++++++++++++++++++[0m| 
layer-sha256:034d6572bf287fa79604fee9be062f0683809ae3a3685bc7b0e17bd1c48c50e8:    done           |[32m++++++++++++++++++++++++++++++++++++++[0m| 
layer-sha256:c8577ccb98d6af2b56cb43790454d142c1bfbee15c59b6b44c8278ca9b65baaa:    downloading    |[32m+++++++++++++++++++++++[0m---------------|  8.8 GiB/14.0 GiB 
layer-sha256:dab186ad61c8543a52a8cb5cef310d98159eb6fe36eb2868bac2ab6ea985972b:    done           |[32m++++++++++++++++++++++++++++++++++++++[0m| 
elapsed: 21.9s                                                                    total:  8.8 Gi (411.6 MiB/s)                                     
172.31.67.78:5000/model-ballast:A-14g:                                            resolved       |[32m++++++++++++++++++++++++++++++++++++++[0m| 
index-sha256:093fc1a5143440a3ba8cb6cdc582edbfe183ca86bdd4db3f165c170f18ddddf4:    done           |[32m++++++++++++++++++++++++++++++++++++++[0m| 
manifest-sha256:774ef59b0c94679c2695f0c05e2bc0b21d44f5d1339ab17b6e3323bf28d39f66: done           |[32m++++++++++++++++++++++++++++++++++++++[0m| 
manifest-sha256:d8cbd2948553ac2bc682b20626e09f9e897e31ea05ded4deff1ad81c79b3f2b4: done           |[32m++++++++++++++++++++++++++++++++++++++[0m| 
config-sha256:318f2319125641580710a110c1ae28c8a91e224c7c2e4e69627d68fa9c332ab0:   done           |[32m++++++++++++++++++++++++++++++++++++++[0m| 
layer-sha256:034d6572bf287fa79604fee9be062f0683809ae3a3685bc7b0e17bd1c48c50e8:    done           |[32m++++++++++++++++++++++++++++++++++++++[0m| 
layer-sha256:c8577ccb98d6af2b56cb43790454d142c1bfbee15c59b6b44c8278ca9b65baaa:    downloading    |[32m+++++++++++++++++++++++[0m---------------|  8.8 GiB/14.0 GiB 
layer-sha256:dab186ad61c8543a52a8cb5cef310d98159eb6fe36eb2868bac2ab6ea985972b:    done           |[32m++++++++++++++++++++++++++++++++++++++[0m| 
elapsed: 22.0s                                                                    total:  8.8 Gi (411.6 MiB/s)                                     
172.31.67.78:5000/model-ballast:A-14g:                                            resolved       |[32m++++++++++++++++++++++++++++++++++++++[0m| 
index-sha256:093fc1a5143440a3ba8cb6cdc582edbfe183ca86bdd4db3f165c170f18ddddf4:    done           |[32m++++++++++++++++++++++++++++++++++++++[0m| 
manifest-sha256:774ef59b0c94679c2695f0c05e2bc0b21d44f5d1339ab17b6e3323bf28d39f66: done           |[32m++++++++++++++++++++++++++++++++++++++[0m| 
manifest-sha256:d8cbd2948553ac2bc682b20626e09f9e897e31ea05ded4deff1ad81c79b3f2b4: done           |[32m++++++++++++++++++++++++++++++++++++++[0m| 
config-sha256:318f2319125641580710a110c1ae28c8a91e224c7c2e4e69627d68fa9c332ab0:   done           |[32m++++++++++++++++++++++++++++++++++++++[0m| 
layer-sha256:034d6572bf287fa79604fee9be062f0683809ae3a3685bc7b0e17bd1c48c50e8:    done           |[32m++++++++++++++++++++++++++++++++++++++[0m| 
layer-sha256:c8577ccb98d6af2b56cb43790454d142c1bfbee15c59b6b44c8278ca9b65baaa:    downloading    |[32m++++++++++++++++++++++++[0m--------------|  8.9 GiB/14.0 GiB 
layer-sha256:dab186ad61c8543a52a8cb5cef310d98159eb6fe36eb2868bac2ab6ea985972b:    done           |[32m++++++++++++++++++++++++++++++++++++++[0m| 
elapsed: 22.1s                                                                    total:  8.9 Gi (411.7 MiB/s)                                     
172.31.67.78:5000/model-ballast:A-14g:                                            resolved       |[32m++++++++++++++++++++++++++++++++++++++[0m| 
index-sha256:093fc1a5143440a3ba8cb6cdc582edbfe183ca86bdd4db3f165c170f18ddddf4:    done           |[32m++++++++++++++++++++++++++++++++++++++[0m| 
manifest-sha256:774ef59b0c94679c2695f0c05e2bc0b21d44f5d1339ab17b6e3323bf28d39f66: done           |[32m++++++++++++++++++++++++++++++++++++++[0m| 
manifest-sha256:d8cbd2948553ac2bc682b20626e09f9e897e31ea05ded4deff1ad81c79b3f2b4: done           |[32m++++++++++++++++++++++++++++++++++++++[0m| 
config-sha256:318f2319125641580710a110c1ae28c8a91e224c7c2e4e69627d68fa9c332ab0:   done           |[32m++++++++++++++++++++++++++++++++++++++[0m| 
layer-sha256:034d6572bf287fa79604fee9be062f0683809ae3a3685bc7b0e17bd1c48c50e8:    done           |[32m++++++++++++++++++++++++++++++++++++++[0m| 
layer-sha256:c8577ccb98d6af2b56cb43790454d142c1bfbee15c59b6b44c8278ca9b65baaa:    downloading    |[32m++++++++++++++++++++++++[0m--------------|  8.9 GiB/14.0 GiB 
layer-sha256:dab186ad61c8543a52a8cb5cef310d98159eb6fe36eb2868bac2ab6ea985972b:    done           |[32m++++++++++++++++++++++++++++++++++++++[0m| 
elapsed: 22.2s                                                                    total:  8.9 Gi (411.7 MiB/s)                                     
172.31.67.78:5000/model-ballast:A-14g:                                            resolved       |[32m++++++++++++++++++++++++++++++++++++++[0m| 
index-sha256:093fc1a5143440a3ba8cb6cdc582edbfe183ca86bdd4db3f165c170f18ddddf4:    done           |[32m++++++++++++++++++++++++++++++++++++++[0m| 
manifest-sha256:774ef59b0c94679c2695f0c05e2bc0b21d44f5d1339ab17b6e3323bf28d39f66: done           |[32m++++++++++++++++++++++++++++++++++++++[0m| 
manifest-sha256:d8cbd2948553ac2bc682b20626e09f9e897e31ea05ded4deff1ad81c79b3f2b4: done           |[32m++++++++++++++++++++++++++++++++++++++[0m| 
config-sha256:318f2319125641580710a110c1ae28c8a91e224c7c2e4e69627d68fa9c332ab0:   done           |[32m++++++++++++++++++++++++++++++++++++++[0m| 
layer-sha256:034d6572bf287fa79604fee9be062f0683809ae3a3685bc7b0e17bd1c48c50e8:    done           |[32m++++++++++++++++++++++++++++++++++++++[0m| 
layer-sha256:c8577ccb98d6af2b56cb43790454d142c1bfbee15c59b6b44c8278ca9b65baaa:    downloading    |[32m++++++++++++++++++++++++[0m--------------|  9.0 GiB/14.0 GiB 
layer-sha256:dab186ad61c8543a52a8cb5cef310d98159eb6fe36eb2868bac2ab6ea985972b:    done           |[32m++++++++++++++++++++++++++++++++++++++[0m| 
elapsed: 22.3s                                                                    total:  9.0 Gi (411.7 MiB/s)                                     
172.31.67.78:5000/model-ballast:A-14g:                                            resolved       |[32m++++++++++++++++++++++++++++++++++++++[0m| 
index-sha256:093fc1a5143440a3ba8cb6cdc582edbfe183ca86bdd4db3f165c170f18ddddf4:    done           |[32m++++++++++++++++++++++++++++++++++++++[0m| 
manifest-sha256:774ef59b0c94679c2695f0c05e2bc0b21d44f5d1339ab17b6e3323bf28d39f66: done           |[32m++++++++++++++++++++++++++++++++++++++[0m| 
manifest-sha256:d8cbd2948553ac2bc682b20626e09f9e897e31ea05ded4deff1ad81c79b3f2b4: done           |[32m++++++++++++++++++++++++++++++++++++++[0m| 
config-sha256:318f2319125641580710a110c1ae28c8a91e224c7c2e4e69627d68fa9c332ab0:   done           |[32m++++++++++++++++++++++++++++++++++++++[0m| 
layer-sha256:034d6572bf287fa79604fee9be062f0683809ae3a3685bc7b0e17bd1c48c50e8:    done           |[32m++++++++++++++++++++++++++++++++++++++[0m| 
layer-sha256:c8577ccb98d6af2b56cb43790454d142c1bfbee15c59b6b44c8278ca9b65baaa:    downloading    |[32m++++++++++++++++++++++++[0m--------------|  9.0 GiB/14.0 GiB 
layer-sha256:dab186ad61c8543a52a8cb5cef310d98159eb6fe36eb2868bac2ab6ea985972b:    done           |[32m++++++++++++++++++++++++++++++++++++++[0m| 
elapsed: 22.4s                                                                    total:  9.0 Gi (411.6 MiB/s)                                     
172.31.67.78:5000/model-ballast:A-14g:                                            resolved       |[32m++++++++++++++++++++++++++++++++++++++[0m| 
index-sha256:093fc1a5143440a3ba8cb6cdc582edbfe183ca86bdd4db3f165c170f18ddddf4:    done           |[32m++++++++++++++++++++++++++++++++++++++[0m| 
manifest-sha256:774ef59b0c94679c2695f0c05e2bc0b21d44f5d1339ab17b6e3323bf28d39f66: done           |[32m++++++++++++++++++++++++++++++++++++++[0m| 
manifest-sha256:d8cbd2948553ac2bc682b20626e09f9e897e31ea05ded4deff1ad81c79b3f2b4: done           |[32m++++++++++++++++++++++++++++++++++++++[0m| 
config-sha256:318f2319125641580710a110c1ae28c8a91e224c7c2e4e69627d68fa9c332ab0:   done           |[32m++++++++++++++++++++++++++++++++++++++[0m| 
layer-sha256:034d6572bf287fa79604fee9be062f0683809ae3a3685bc7b0e17bd1c48c50e8:    done           |[32m++++++++++++++++++++++++++++++++++++++[0m| 
layer-sha256:c8577ccb98d6af2b56cb43790454d142c1bfbee15c59b6b44c8278ca9b65baaa:    downloading    |[32m++++++++++++++++++++++++[0m--------------|  9.0 GiB/14.0 GiB 
layer-sha256:dab186ad61c8543a52a8cb5cef310d98159eb6fe36eb2868bac2ab6ea985972b:    done           |[32m++++++++++++++++++++++++++++++++++++++[0m| 
elapsed: 22.5s                                                                    total:  9.0 Gi (411.7 MiB/s)                                     
172.31.67.78:5000/model-ballast:A-14g:                                            resolved       |[32m++++++++++++++++++++++++++++++++++++++[0m| 
index-sha256:093fc1a5143440a3ba8cb6cdc582edbfe183ca86bdd4db3f165c170f18ddddf4:    done           |[32m++++++++++++++++++++++++++++++++++++++[0m| 
manifest-sha256:774ef59b0c94679c2695f0c05e2bc0b21d44f5d1339ab17b6e3323bf28d39f66: done           |[32m++++++++++++++++++++++++++++++++++++++[0m| 
manifest-sha256:d8cbd2948553ac2bc682b20626e09f9e897e31ea05ded4deff1ad81c79b3f2b4: done           |[32m++++++++++++++++++++++++++++++++++++++[0m| 
config-sha256:318f2319125641580710a110c1ae28c8a91e224c7c2e4e69627d68fa9c332ab0:   done           |[32m++++++++++++++++++++++++++++++++++++++[0m| 
layer-sha256:034d6572bf287fa79604fee9be062f0683809ae3a3685bc7b0e17bd1c48c50e8:    done           |[32m++++++++++++++++++++++++++++++++++++++[0m| 
layer-sha256:c8577ccb98d6af2b56cb43790454d142c1bfbee15c59b6b44c8278ca9b65baaa:    downloading    |[32m++++++++++++++++++++++++[0m--------------|  9.1 GiB/14.0 GiB 
layer-sha256:dab186ad61c8543a52a8cb5cef310d98159eb6fe36eb2868bac2ab6ea985972b:    done           |[32m++++++++++++++++++++++++++++++++++++++[0m| 
elapsed: 22.6s                                                                    total:  9.1 Gi (411.7 MiB/s)                                     
172.31.67.78:5000/model-ballast:A-14g:                                            resolved       |[32m++++++++++++++++++++++++++++++++++++++[0m| 
index-sha256:093fc1a5143440a3ba8cb6cdc582edbfe183ca86bdd4db3f165c170f18ddddf4:    done           |[32m++++++++++++++++++++++++++++++++++++++[0m| 
manifest-sha256:774ef59b0c94679c2695f0c05e2bc0b21d44f5d1339ab17b6e3323bf28d39f66: done           |[32m++++++++++++++++++++++++++++++++++++++[0m| 
manifest-sha256:d8cbd2948553ac2bc682b20626e09f9e897e31ea05ded4deff1ad81c79b3f2b4: done           |[32m++++++++++++++++++++++++++++++++++++++[0m| 
config-sha256:318f2319125641580710a110c1ae28c8a91e224c7c2e4e69627d68fa9c332ab0:   done           |[32m++++++++++++++++++++++++++++++++++++++[0m| 
layer-sha256:034d6572bf287fa79604fee9be062f0683809ae3a3685bc7b0e17bd1c48c50e8:    done           |[32m++++++++++++++++++++++++++++++++++++++[0m| 
layer-sha256:c8577ccb98d6af2b56cb43790454d142c1bfbee15c59b6b44c8278ca9b65baaa:    downloading    |[32m++++++++++++++++++++++++[0m--------------|  9.1 GiB/14.0 GiB 
layer-sha256:dab186ad61c8543a52a8cb5cef310d98159eb6fe36eb2868bac2ab6ea985972b:    done           |[32m++++++++++++++++++++++++++++++++++++++[0m| 
elapsed: 22.7s                                                                    total:  9.1 Gi (411.7 MiB/s)                                     
172.31.67.78:5000/model-ballast:A-14g:                                            resolved       |[32m++++++++++++++++++++++++++++++++++++++[0m| 
index-sha256:093fc1a5143440a3ba8cb6cdc582edbfe183ca86bdd4db3f165c170f18ddddf4:    done           |[32m++++++++++++++++++++++++++++++++++++++[0m| 
manifest-sha256:774ef59b0c94679c2695f0c05e2bc0b21d44f5d1339ab17b6e3323bf28d39f66: done           |[32m++++++++++++++++++++++++++++++++++++++[0m| 
manifest-sha256:d8cbd2948553ac2bc682b20626e09f9e897e31ea05ded4deff1ad81c79b3f2b4: done           |[32m++++++++++++++++++++++++++++++++++++++[0m| 
config-sha256:318f2319125641580710a110c1ae28c8a91e224c7c2e4e69627d68fa9c332ab0:   done           |[32m++++++++++++++++++++++++++++++++++++++[0m| 
layer-sha256:034d6572bf287fa79604fee9be062f0683809ae3a3685bc7b0e17bd1c48c50e8:    done           |[32m++++++++++++++++++++++++++++++++++++++[0m| 
layer-sha256:c8577ccb98d6af2b56cb43790454d142c1bfbee15c59b6b44c8278ca9b65baaa:    downloading    |[32m++++++++++++++++++++++++[0m--------------|  9.2 GiB/14.0 GiB 
layer-sha256:dab186ad61c8543a52a8cb5cef310d98159eb6fe36eb2868bac2ab6ea985972b:    done           |[32m++++++++++++++++++++++++++++++++++++++[0m| 
elapsed: 22.8s                                                                    total:  9.2 Gi (411.7 MiB/s)                                     
172.31.67.78:5000/model-ballast:A-14g:                                            resolved       |[32m++++++++++++++++++++++++++++++++++++++[0m| 
index-sha256:093fc1a5143440a3ba8cb6cdc582edbfe183ca86bdd4db3f165c170f18ddddf4:    done           |[32m++++++++++++++++++++++++++++++++++++++[0m| 
manifest-sha256:774ef59b0c94679c2695f0c05e2bc0b21d44f5d1339ab17b6e3323bf28d39f66: done           |[32m++++++++++++++++++++++++++++++++++++++[0m| 
manifest-sha256:d8cbd2948553ac2bc682b20626e09f9e897e31ea05ded4deff1ad81c79b3f2b4: done           |[32m++++++++++++++++++++++++++++++++++++++[0m| 
config-sha256:318f2319125641580710a110c1ae28c8a91e224c7c2e4e69627d68fa9c332ab0:   done           |[32m++++++++++++++++++++++++++++++++++++++[0m| 
layer-sha256:034d6572bf287fa79604fee9be062f0683809ae3a3685bc7b0e17bd1c48c50e8:    done           |[32m++++++++++++++++++++++++++++++++++++++[0m| 
layer-sha256:c8577ccb98d6af2b56cb43790454d142c1bfbee15c59b6b44c8278ca9b65baaa:    downloading    |[32m++++++++++++++++++++++++[0m--------------|  9.2 GiB/14.0 GiB 
layer-sha256:dab186ad61c8543a52a8cb5cef310d98159eb6fe36eb2868bac2ab6ea985972b:    done           |[32m++++++++++++++++++++++++++++++++++++++[0m| 
elapsed: 22.9s                                                                    total:  9.2 Gi (411.7 MiB/s)                                     
172.31.67.78:5000/model-ballast:A-14g:                                            resolved       |[32m++++++++++++++++++++++++++++++++++++++[0m| 
index-sha256:093fc1a5143440a3ba8cb6cdc582edbfe183ca86bdd4db3f165c170f18ddddf4:    done           |[32m++++++++++++++++++++++++++++++++++++++[0m| 
manifest-sha256:774ef59b0c94679c2695f0c05e2bc0b21d44f5d1339ab17b6e3323bf28d39f66: done           |[32m++++++++++++++++++++++++++++++++++++++[0m| 
manifest-sha256:d8cbd2948553ac2bc682b20626e09f9e897e31ea05ded4deff1ad81c79b3f2b4: done           |[32m++++++++++++++++++++++++++++++++++++++[0m| 
config-sha256:318f2319125641580710a110c1ae28c8a91e224c7c2e4e69627d68fa9c332ab0:   done           |[32m++++++++++++++++++++++++++++++++++++++[0m| 
layer-sha256:034d6572bf287fa79604fee9be062f0683809ae3a3685bc7b0e17bd1c48c50e8:    done           |[32m++++++++++++++++++++++++++++++++++++++[0m| 
layer-sha256:c8577ccb98d6af2b56cb43790454d142c1bfbee15c59b6b44c8278ca9b65baaa:    downloading    |[32m+++++++++++++++++++++++++[0m-------------|  9.2 GiB/14.0 GiB 
layer-sha256:dab186ad61c8543a52a8cb5cef310d98159eb6fe36eb2868bac2ab6ea985972b:    done           |[32m++++++++++++++++++++++++++++++++++++++[0m| 
elapsed: 23.0s                                                                    total:  9.2 Gi (411.6 MiB/s)                                     
172.31.67.78:5000/model-ballast:A-14g:                                            resolved       |[32m++++++++++++++++++++++++++++++++++++++[0m| 
index-sha256:093fc1a5143440a3ba8cb6cdc582edbfe183ca86bdd4db3f165c170f18ddddf4:    done           |[32m++++++++++++++++++++++++++++++++++++++[0m| 
manifest-sha256:774ef59b0c94679c2695f0c05e2bc0b21d44f5d1339ab17b6e3323bf28d39f66: done           |[32m++++++++++++++++++++++++++++++++++++++[0m| 
manifest-sha256:d8cbd2948553ac2bc682b20626e09f9e897e31ea05ded4deff1ad81c79b3f2b4: done           |[32m++++++++++++++++++++++++++++++++++++++[0m| 
config-sha256:318f2319125641580710a110c1ae28c8a91e224c7c2e4e69627d68fa9c332ab0:   done           |[32m++++++++++++++++++++++++++++++++++++++[0m| 
layer-sha256:034d6572bf287fa79604fee9be062f0683809ae3a3685bc7b0e17bd1c48c50e8:    done           |[32m++++++++++++++++++++++++++++++++++++++[0m| 
layer-sha256:c8577ccb98d6af2b56cb43790454d142c1bfbee15c59b6b44c8278ca9b65baaa:    downloading    |[32m+++++++++++++++++++++++++[0m-------------|  9.3 GiB/14.0 GiB 
layer-sha256:dab186ad61c8543a52a8cb5cef310d98159eb6fe36eb2868bac2ab6ea985972b:    done           |[32m++++++++++++++++++++++++++++++++++++++[0m| 
elapsed: 23.1s                                                                    total:  9.3 Gi (411.6 MiB/s)                                     
172.31.67.78:5000/model-ballast:A-14g:                                            resolved       |[32m++++++++++++++++++++++++++++++++++++++[0m| 
index-sha256:093fc1a5143440a3ba8cb6cdc582edbfe183ca86bdd4db3f165c170f18ddddf4:    done           |[32m++++++++++++++++++++++++++++++++++++++[0m| 
manifest-sha256:774ef59b0c94679c2695f0c05e2bc0b21d44f5d1339ab17b6e3323bf28d39f66: done           |[32m++++++++++++++++++++++++++++++++++++++[0m| 
manifest-sha256:d8cbd2948553ac2bc682b20626e09f9e897e31ea05ded4deff1ad81c79b3f2b4: done           |[32m++++++++++++++++++++++++++++++++++++++[0m| 
config-sha256:318f2319125641580710a110c1ae28c8a91e224c7c2e4e69627d68fa9c332ab0:   done           |[32m++++++++++++++++++++++++++++++++++++++[0m| 
layer-sha256:034d6572bf287fa79604fee9be062f0683809ae3a3685bc7b0e17bd1c48c50e8:    done           |[32m++++++++++++++++++++++++++++++++++++++[0m| 
layer-sha256:c8577ccb98d6af2b56cb43790454d142c1bfbee15c59b6b44c8278ca9b65baaa:    downloading    |[32m+++++++++++++++++++++++++[0m-------------|  9.3 GiB/14.0 GiB 
layer-sha256:dab186ad61c8543a52a8cb5cef310d98159eb6fe36eb2868bac2ab6ea985972b:    done           |[32m++++++++++++++++++++++++++++++++++++++[0m| 
elapsed: 23.2s                                                                    total:  9.3 Gi (411.6 MiB/s)                                     
172.31.67.78:5000/model-ballast:A-14g:                                            resolved       |[32m++++++++++++++++++++++++++++++++++++++[0m| 
index-sha256:093fc1a5143440a3ba8cb6cdc582edbfe183ca86bdd4db3f165c170f18ddddf4:    done           |[32m++++++++++++++++++++++++++++++++++++++[0m| 
manifest-sha256:774ef59b0c94679c2695f0c05e2bc0b21d44f5d1339ab17b6e3323bf28d39f66: done           |[32m++++++++++++++++++++++++++++++++++++++[0m| 
manifest-sha256:d8cbd2948553ac2bc682b20626e09f9e897e31ea05ded4deff1ad81c79b3f2b4: done           |[32m++++++++++++++++++++++++++++++++++++++[0m| 
config-sha256:318f2319125641580710a110c1ae28c8a91e224c7c2e4e69627d68fa9c332ab0:   done           |[32m++++++++++++++++++++++++++++++++++++++[0m| 
layer-sha256:034d6572bf287fa79604fee9be062f0683809ae3a3685bc7b0e17bd1c48c50e8:    done           |[32m++++++++++++++++++++++++++++++++++++++[0m| 
layer-sha256:c8577ccb98d6af2b56cb43790454d142c1bfbee15c59b6b44c8278ca9b65baaa:    downloading    |[32m+++++++++++++++++++++++++[0m-------------|  9.4 GiB/14.0 GiB 
layer-sha256:dab186ad61c8543a52a8cb5cef310d98159eb6fe36eb2868bac2ab6ea985972b:    done           |[32m++++++++++++++++++++++++++++++++++++++[0m| 
elapsed: 23.3s                                                                    total:  9.4 Gi (411.6 MiB/s)                                     
172.31.67.78:5000/model-ballast:A-14g:                                            resolved       |[32m++++++++++++++++++++++++++++++++++++++[0m| 
index-sha256:093fc1a5143440a3ba8cb6cdc582edbfe183ca86bdd4db3f165c170f18ddddf4:    done           |[32m++++++++++++++++++++++++++++++++++++++[0m| 
manifest-sha256:774ef59b0c94679c2695f0c05e2bc0b21d44f5d1339ab17b6e3323bf28d39f66: done           |[32m++++++++++++++++++++++++++++++++++++++[0m| 
manifest-sha256:d8cbd2948553ac2bc682b20626e09f9e897e31ea05ded4deff1ad81c79b3f2b4: done           |[32m++++++++++++++++++++++++++++++++++++++[0m| 
config-sha256:318f2319125641580710a110c1ae28c8a91e224c7c2e4e69627d68fa9c332ab0:   done           |[32m++++++++++++++++++++++++++++++++++++++[0m| 
layer-sha256:034d6572bf287fa79604fee9be062f0683809ae3a3685bc7b0e17bd1c48c50e8:    done           |[32m++++++++++++++++++++++++++++++++++++++[0m| 
layer-sha256:c8577ccb98d6af2b56cb43790454d142c1bfbee15c59b6b44c8278ca9b65baaa:    downloading    |[32m+++++++++++++++++++++++++[0m-------------|  9.4 GiB/14.0 GiB 
layer-sha256:dab186ad61c8543a52a8cb5cef310d98159eb6fe36eb2868bac2ab6ea985972b:    done           |[32m++++++++++++++++++++++++++++++++++++++[0m| 
elapsed: 23.4s                                                                    total:  9.4 Gi (411.6 MiB/s)                                     
172.31.67.78:5000/model-ballast:A-14g:                                            resolved       |[32m++++++++++++++++++++++++++++++++++++++[0m| 
index-sha256:093fc1a5143440a3ba8cb6cdc582edbfe183ca86bdd4db3f165c170f18ddddf4:    done           |[32m++++++++++++++++++++++++++++++++++++++[0m| 
manifest-sha256:774ef59b0c94679c2695f0c05e2bc0b21d44f5d1339ab17b6e3323bf28d39f66: done           |[32m++++++++++++++++++++++++++++++++++++++[0m| 
manifest-sha256:d8cbd2948553ac2bc682b20626e09f9e897e31ea05ded4deff1ad81c79b3f2b4: done           |[32m++++++++++++++++++++++++++++++++++++++[0m| 
config-sha256:318f2319125641580710a110c1ae28c8a91e224c7c2e4e69627d68fa9c332ab0:   done           |[32m++++++++++++++++++++++++++++++++++++++[0m| 
layer-sha256:034d6572bf287fa79604fee9be062f0683809ae3a3685bc7b0e17bd1c48c50e8:    done           |[32m++++++++++++++++++++++++++++++++++++++[0m| 
layer-sha256:c8577ccb98d6af2b56cb43790454d142c1bfbee15c59b6b44c8278ca9b65baaa:    downloading    |[32m+++++++++++++++++++++++++[0m-------------|  9.4 GiB/14.0 GiB 
layer-sha256:dab186ad61c8543a52a8cb5cef310d98159eb6fe36eb2868bac2ab6ea985972b:    done           |[32m++++++++++++++++++++++++++++++++++++++[0m| 
elapsed: 23.5s                                                                    total:  9.4 Gi (411.7 MiB/s)                                     
172.31.67.78:5000/model-ballast:A-14g:                                            resolved       |[32m++++++++++++++++++++++++++++++++++++++[0m| 
index-sha256:093fc1a5143440a3ba8cb6cdc582edbfe183ca86bdd4db3f165c170f18ddddf4:    done           |[32m++++++++++++++++++++++++++++++++++++++[0m| 
manifest-sha256:774ef59b0c94679c2695f0c05e2bc0b21d44f5d1339ab17b6e3323bf28d39f66: done           |[32m++++++++++++++++++++++++++++++++++++++[0m| 
manifest-sha256:d8cbd2948553ac2bc682b20626e09f9e897e31ea05ded4deff1ad81c79b3f2b4: done           |[32m++++++++++++++++++++++++++++++++++++++[0m| 
config-sha256:318f2319125641580710a110c1ae28c8a91e224c7c2e4e69627d68fa9c332ab0:   done           |[32m++++++++++++++++++++++++++++++++++++++[0m| 
layer-sha256:034d6572bf287fa79604fee9be062f0683809ae3a3685bc7b0e17bd1c48c50e8:    done           |[32m++++++++++++++++++++++++++++++++++++++[0m| 
layer-sha256:c8577ccb98d6af2b56cb43790454d142c1bfbee15c59b6b44c8278ca9b65baaa:    downloading    |[32m+++++++++++++++++++++++++[0m-------------|  9.5 GiB/14.0 GiB 
layer-sha256:dab186ad61c8543a52a8cb5cef310d98159eb6fe36eb2868bac2ab6ea985972b:    done           |[32m++++++++++++++++++++++++++++++++++++++[0m| 
elapsed: 23.6s                                                                    total:  9.5 Gi (411.6 MiB/s)                                     
172.31.67.78:5000/model-ballast:A-14g:                                            resolved       |[32m++++++++++++++++++++++++++++++++++++++[0m| 
index-sha256:093fc1a5143440a3ba8cb6cdc582edbfe183ca86bdd4db3f165c170f18ddddf4:    done           |[32m++++++++++++++++++++++++++++++++++++++[0m| 
manifest-sha256:774ef59b0c94679c2695f0c05e2bc0b21d44f5d1339ab17b6e3323bf28d39f66: done           |[32m++++++++++++++++++++++++++++++++++++++[0m| 
manifest-sha256:d8cbd2948553ac2bc682b20626e09f9e897e31ea05ded4deff1ad81c79b3f2b4: done           |[32m++++++++++++++++++++++++++++++++++++++[0m| 
config-sha256:318f2319125641580710a110c1ae28c8a91e224c7c2e4e69627d68fa9c332ab0:   done           |[32m++++++++++++++++++++++++++++++++++++++[0m| 
layer-sha256:034d6572bf287fa79604fee9be062f0683809ae3a3685bc7b0e17bd1c48c50e8:    done           |[32m++++++++++++++++++++++++++++++++++++++[0m| 
layer-sha256:c8577ccb98d6af2b56cb43790454d142c1bfbee15c59b6b44c8278ca9b65baaa:    downloading    |[32m+++++++++++++++++++++++++[0m-------------|  9.5 GiB/14.0 GiB 
layer-sha256:dab186ad61c8543a52a8cb5cef310d98159eb6fe36eb2868bac2ab6ea985972b:    done           |[32m++++++++++++++++++++++++++++++++++++++[0m| 
elapsed: 23.7s                                                                    total:  9.5 Gi (411.6 MiB/s)                                     
172.31.67.78:5000/model-ballast:A-14g:                                            resolved       |[32m++++++++++++++++++++++++++++++++++++++[0m| 
index-sha256:093fc1a5143440a3ba8cb6cdc582edbfe183ca86bdd4db3f165c170f18ddddf4:    done           |[32m++++++++++++++++++++++++++++++++++++++[0m| 
manifest-sha256:774ef59b0c94679c2695f0c05e2bc0b21d44f5d1339ab17b6e3323bf28d39f66: done           |[32m++++++++++++++++++++++++++++++++++++++[0m| 
manifest-sha256:d8cbd2948553ac2bc682b20626e09f9e897e31ea05ded4deff1ad81c79b3f2b4: done           |[32m++++++++++++++++++++++++++++++++++++++[0m| 
config-sha256:318f2319125641580710a110c1ae28c8a91e224c7c2e4e69627d68fa9c332ab0:   done           |[32m++++++++++++++++++++++++++++++++++++++[0m| 
layer-sha256:034d6572bf287fa79604fee9be062f0683809ae3a3685bc7b0e17bd1c48c50e8:    done           |[32m++++++++++++++++++++++++++++++++++++++[0m| 
layer-sha256:c8577ccb98d6af2b56cb43790454d142c1bfbee15c59b6b44c8278ca9b65baaa:    downloading    |[32m+++++++++++++++++++++++++[0m-------------|  9.6 GiB/14.0 GiB 
layer-sha256:dab186ad61c8543a52a8cb5cef310d98159eb6fe36eb2868bac2ab6ea985972b:    done           |[32m++++++++++++++++++++++++++++++++++++++[0m| 
elapsed: 23.8s                                                                    total:  9.6 Gi (411.6 MiB/s)                                     
172.31.67.78:5000/model-ballast:A-14g:                                            resolved       |[32m++++++++++++++++++++++++++++++++++++++[0m| 
index-sha256:093fc1a5143440a3ba8cb6cdc582edbfe183ca86bdd4db3f165c170f18ddddf4:    done           |[32m++++++++++++++++++++++++++++++++++++++[0m| 
manifest-sha256:774ef59b0c94679c2695f0c05e2bc0b21d44f5d1339ab17b6e3323bf28d39f66: done           |[32m++++++++++++++++++++++++++++++++++++++[0m| 
manifest-sha256:d8cbd2948553ac2bc682b20626e09f9e897e31ea05ded4deff1ad81c79b3f2b4: done           |[32m++++++++++++++++++++++++++++++++++++++[0m| 
config-sha256:318f2319125641580710a110c1ae28c8a91e224c7c2e4e69627d68fa9c332ab0:   done           |[32m++++++++++++++++++++++++++++++++++++++[0m| 
layer-sha256:034d6572bf287fa79604fee9be062f0683809ae3a3685bc7b0e17bd1c48c50e8:    done           |[32m++++++++++++++++++++++++++++++++++++++[0m| 
layer-sha256:c8577ccb98d6af2b56cb43790454d142c1bfbee15c59b6b44c8278ca9b65baaa:    downloading    |[32m++++++++++++++++++++++++++[0m------------|  9.6 GiB/14.0 GiB 
layer-sha256:dab186ad61c8543a52a8cb5cef310d98159eb6fe36eb2868bac2ab6ea985972b:    done           |[32m++++++++++++++++++++++++++++++++++++++[0m| 
elapsed: 23.9s                                                                    total:  9.6 Gi (411.6 MiB/s)                                     
172.31.67.78:5000/model-ballast:A-14g:                                            resolved       |[32m++++++++++++++++++++++++++++++++++++++[0m| 
index-sha256:093fc1a5143440a3ba8cb6cdc582edbfe183ca86bdd4db3f165c170f18ddddf4:    done           |[32m++++++++++++++++++++++++++++++++++++++[0m| 
manifest-sha256:774ef59b0c94679c2695f0c05e2bc0b21d44f5d1339ab17b6e3323bf28d39f66: done           |[32m++++++++++++++++++++++++++++++++++++++[0m| 
manifest-sha256:d8cbd2948553ac2bc682b20626e09f9e897e31ea05ded4deff1ad81c79b3f2b4: done           |[32m++++++++++++++++++++++++++++++++++++++[0m| 
config-sha256:318f2319125641580710a110c1ae28c8a91e224c7c2e4e69627d68fa9c332ab0:   done           |[32m++++++++++++++++++++++++++++++++++++++[0m| 
layer-sha256:034d6572bf287fa79604fee9be062f0683809ae3a3685bc7b0e17bd1c48c50e8:    done           |[32m++++++++++++++++++++++++++++++++++++++[0m| 
layer-sha256:c8577ccb98d6af2b56cb43790454d142c1bfbee15c59b6b44c8278ca9b65baaa:    downloading    |[32m++++++++++++++++++++++++++[0m------------|  9.6 GiB/14.0 GiB 
layer-sha256:dab186ad61c8543a52a8cb5cef310d98159eb6fe36eb2868bac2ab6ea985972b:    done           |[32m++++++++++++++++++++++++++++++++++++++[0m| 
elapsed: 24.0s                                                                    total:  9.6 Gi (411.6 MiB/s)                                     
172.31.67.78:5000/model-ballast:A-14g:                                            resolved       |[32m++++++++++++++++++++++++++++++++++++++[0m| 
index-sha256:093fc1a5143440a3ba8cb6cdc582edbfe183ca86bdd4db3f165c170f18ddddf4:    done           |[32m++++++++++++++++++++++++++++++++++++++[0m| 
manifest-sha256:774ef59b0c94679c2695f0c05e2bc0b21d44f5d1339ab17b6e3323bf28d39f66: done           |[32m++++++++++++++++++++++++++++++++++++++[0m| 
manifest-sha256:d8cbd2948553ac2bc682b20626e09f9e897e31ea05ded4deff1ad81c79b3f2b4: done           |[32m++++++++++++++++++++++++++++++++++++++[0m| 
config-sha256:318f2319125641580710a110c1ae28c8a91e224c7c2e4e69627d68fa9c332ab0:   done           |[32m++++++++++++++++++++++++++++++++++++++[0m| 
layer-sha256:034d6572bf287fa79604fee9be062f0683809ae3a3685bc7b0e17bd1c48c50e8:    done           |[32m++++++++++++++++++++++++++++++++++++++[0m| 
layer-sha256:c8577ccb98d6af2b56cb43790454d142c1bfbee15c59b6b44c8278ca9b65baaa:    downloading    |[32m++++++++++++++++++++++++++[0m------------|  9.7 GiB/14.0 GiB 
layer-sha256:dab186ad61c8543a52a8cb5cef310d98159eb6fe36eb2868bac2ab6ea985972b:    done           |[32m++++++++++++++++++++++++++++++++++++++[0m| 
elapsed: 24.1s                                                                    total:  9.7 Gi (411.6 MiB/s)                                     
172.31.67.78:5000/model-ballast:A-14g:                                            resolved       |[32m++++++++++++++++++++++++++++++++++++++[0m| 
index-sha256:093fc1a5143440a3ba8cb6cdc582edbfe183ca86bdd4db3f165c170f18ddddf4:    done           |[32m++++++++++++++++++++++++++++++++++++++[0m| 
manifest-sha256:774ef59b0c94679c2695f0c05e2bc0b21d44f5d1339ab17b6e3323bf28d39f66: done           |[32m++++++++++++++++++++++++++++++++++++++[0m| 
manifest-sha256:d8cbd2948553ac2bc682b20626e09f9e897e31ea05ded4deff1ad81c79b3f2b4: done           |[32m++++++++++++++++++++++++++++++++++++++[0m| 
config-sha256:318f2319125641580710a110c1ae28c8a91e224c7c2e4e69627d68fa9c332ab0:   done           |[32m++++++++++++++++++++++++++++++++++++++[0m| 
layer-sha256:034d6572bf287fa79604fee9be062f0683809ae3a3685bc7b0e17bd1c48c50e8:    done           |[32m++++++++++++++++++++++++++++++++++++++[0m| 
layer-sha256:c8577ccb98d6af2b56cb43790454d142c1bfbee15c59b6b44c8278ca9b65baaa:    downloading    |[32m++++++++++++++++++++++++++[0m------------|  9.7 GiB/14.0 GiB 
layer-sha256:dab186ad61c8543a52a8cb5cef310d98159eb6fe36eb2868bac2ab6ea985972b:    done           |[32m++++++++++++++++++++++++++++++++++++++[0m| 
elapsed: 24.2s                                                                    total:  9.7 Gi (411.6 MiB/s)                                     
172.31.67.78:5000/model-ballast:A-14g:                                            resolved       |[32m++++++++++++++++++++++++++++++++++++++[0m| 
index-sha256:093fc1a5143440a3ba8cb6cdc582edbfe183ca86bdd4db3f165c170f18ddddf4:    done           |[32m++++++++++++++++++++++++++++++++++++++[0m| 
manifest-sha256:774ef59b0c94679c2695f0c05e2bc0b21d44f5d1339ab17b6e3323bf28d39f66: done           |[32m++++++++++++++++++++++++++++++++++++++[0m| 
manifest-sha256:d8cbd2948553ac2bc682b20626e09f9e897e31ea05ded4deff1ad81c79b3f2b4: done           |[32m++++++++++++++++++++++++++++++++++++++[0m| 
config-sha256:318f2319125641580710a110c1ae28c8a91e224c7c2e4e69627d68fa9c332ab0:   done           |[32m++++++++++++++++++++++++++++++++++++++[0m| 
layer-sha256:034d6572bf287fa79604fee9be062f0683809ae3a3685bc7b0e17bd1c48c50e8:    done           |[32m++++++++++++++++++++++++++++++++++++++[0m| 
layer-sha256:c8577ccb98d6af2b56cb43790454d142c1bfbee15c59b6b44c8278ca9b65baaa:    downloading    |[32m++++++++++++++++++++++++++[0m------------|  9.8 GiB/14.0 GiB 
layer-sha256:dab186ad61c8543a52a8cb5cef310d98159eb6fe36eb2868bac2ab6ea985972b:    done           |[32m++++++++++++++++++++++++++++++++++++++[0m| 
elapsed: 24.3s                                                                    total:  9.8 Gi (411.7 MiB/s)                                     
172.31.67.78:5000/model-ballast:A-14g:                                            resolved       |[32m++++++++++++++++++++++++++++++++++++++[0m| 
index-sha256:093fc1a5143440a3ba8cb6cdc582edbfe183ca86bdd4db3f165c170f18ddddf4:    done           |[32m++++++++++++++++++++++++++++++++++++++[0m| 
manifest-sha256:774ef59b0c94679c2695f0c05e2bc0b21d44f5d1339ab17b6e3323bf28d39f66: done           |[32m++++++++++++++++++++++++++++++++++++++[0m| 
manifest-sha256:d8cbd2948553ac2bc682b20626e09f9e897e31ea05ded4deff1ad81c79b3f2b4: done           |[32m++++++++++++++++++++++++++++++++++++++[0m| 
config-sha256:318f2319125641580710a110c1ae28c8a91e224c7c2e4e69627d68fa9c332ab0:   done           |[32m++++++++++++++++++++++++++++++++++++++[0m| 
layer-sha256:034d6572bf287fa79604fee9be062f0683809ae3a3685bc7b0e17bd1c48c50e8:    done           |[32m++++++++++++++++++++++++++++++++++++++[0m| 
layer-sha256:c8577ccb98d6af2b56cb43790454d142c1bfbee15c59b6b44c8278ca9b65baaa:    downloading    |[32m++++++++++++++++++++++++++[0m------------|  9.8 GiB/14.0 GiB 
layer-sha256:dab186ad61c8543a52a8cb5cef310d98159eb6fe36eb2868bac2ab6ea985972b:    done           |[32m++++++++++++++++++++++++++++++++++++++[0m| 
elapsed: 24.4s                                                                    total:  9.8 Gi (411.6 MiB/s)                                     
172.31.67.78:5000/model-ballast:A-14g:                                            resolved       |[32m++++++++++++++++++++++++++++++++++++++[0m| 
index-sha256:093fc1a5143440a3ba8cb6cdc582edbfe183ca86bdd4db3f165c170f18ddddf4:    done           |[32m++++++++++++++++++++++++++++++++++++++[0m| 
manifest-sha256:774ef59b0c94679c2695f0c05e2bc0b21d44f5d1339ab17b6e3323bf28d39f66: done           |[32m++++++++++++++++++++++++++++++++++++++[0m| 
manifest-sha256:d8cbd2948553ac2bc682b20626e09f9e897e31ea05ded4deff1ad81c79b3f2b4: done           |[32m++++++++++++++++++++++++++++++++++++++[0m| 
config-sha256:318f2319125641580710a110c1ae28c8a91e224c7c2e4e69627d68fa9c332ab0:   done           |[32m++++++++++++++++++++++++++++++++++++++[0m| 
layer-sha256:034d6572bf287fa79604fee9be062f0683809ae3a3685bc7b0e17bd1c48c50e8:    done           |[32m++++++++++++++++++++++++++++++++++++++[0m| 
layer-sha256:c8577ccb98d6af2b56cb43790454d142c1bfbee15c59b6b44c8278ca9b65baaa:    downloading    |[32m++++++++++++++++++++++++++[0m------------|  9.8 GiB/14.0 GiB 
layer-sha256:dab186ad61c8543a52a8cb5cef310d98159eb6fe36eb2868bac2ab6ea985972b:    done           |[32m++++++++++++++++++++++++++++++++++++++[0m| 
elapsed: 24.5s                                                                    total:  9.8 Gi (411.6 MiB/s)                                     
172.31.67.78:5000/model-ballast:A-14g:                                            resolved       |[32m++++++++++++++++++++++++++++++++++++++[0m| 
index-sha256:093fc1a5143440a3ba8cb6cdc582edbfe183ca86bdd4db3f165c170f18ddddf4:    done           |[32m++++++++++++++++++++++++++++++++++++++[0m| 
manifest-sha256:774ef59b0c94679c2695f0c05e2bc0b21d44f5d1339ab17b6e3323bf28d39f66: done           |[32m++++++++++++++++++++++++++++++++++++++[0m| 
manifest-sha256:d8cbd2948553ac2bc682b20626e09f9e897e31ea05ded4deff1ad81c79b3f2b4: done           |[32m++++++++++++++++++++++++++++++++++++++[0m| 
config-sha256:318f2319125641580710a110c1ae28c8a91e224c7c2e4e69627d68fa9c332ab0:   done           |[32m++++++++++++++++++++++++++++++++++++++[0m| 
layer-sha256:034d6572bf287fa79604fee9be062f0683809ae3a3685bc7b0e17bd1c48c50e8:    done           |[32m++++++++++++++++++++++++++++++++++++++[0m| 
layer-sha256:c8577ccb98d6af2b56cb43790454d142c1bfbee15c59b6b44c8278ca9b65baaa:    downloading    |[32m++++++++++++++++++++++++++[0m------------|  9.9 GiB/14.0 GiB 
layer-sha256:dab186ad61c8543a52a8cb5cef310d98159eb6fe36eb2868bac2ab6ea985972b:    done           |[32m++++++++++++++++++++++++++++++++++++++[0m| 
elapsed: 24.6s                                                                    total:  9.9 Gi (411.6 MiB/s)                                     
172.31.67.78:5000/model-ballast:A-14g:                                            resolved       |[32m++++++++++++++++++++++++++++++++++++++[0m| 
index-sha256:093fc1a5143440a3ba8cb6cdc582edbfe183ca86bdd4db3f165c170f18ddddf4:    done           |[32m++++++++++++++++++++++++++++++++++++++[0m| 
manifest-sha256:774ef59b0c94679c2695f0c05e2bc0b21d44f5d1339ab17b6e3323bf28d39f66: done           |[32m++++++++++++++++++++++++++++++++++++++[0m| 
manifest-sha256:d8cbd2948553ac2bc682b20626e09f9e897e31ea05ded4deff1ad81c79b3f2b4: done           |[32m++++++++++++++++++++++++++++++++++++++[0m| 
config-sha256:318f2319125641580710a110c1ae28c8a91e224c7c2e4e69627d68fa9c332ab0:   done           |[32m++++++++++++++++++++++++++++++++++++++[0m| 
layer-sha256:034d6572bf287fa79604fee9be062f0683809ae3a3685bc7b0e17bd1c48c50e8:    done           |[32m++++++++++++++++++++++++++++++++++++++[0m| 
layer-sha256:c8577ccb98d6af2b56cb43790454d142c1bfbee15c59b6b44c8278ca9b65baaa:    downloading    |[32m++++++++++++++++++++++++++[0m------------|  9.9 GiB/14.0 GiB 
layer-sha256:dab186ad61c8543a52a8cb5cef310d98159eb6fe36eb2868bac2ab6ea985972b:    done           |[32m++++++++++++++++++++++++++++++++++++++[0m| 
elapsed: 24.7s                                                                    total:  9.9 Gi (411.5 MiB/s)                                     
172.31.67.78:5000/model-ballast:A-14g:                                            resolved       |[32m++++++++++++++++++++++++++++++++++++++[0m| 
index-sha256:093fc1a5143440a3ba8cb6cdc582edbfe183ca86bdd4db3f165c170f18ddddf4:    done           |[32m++++++++++++++++++++++++++++++++++++++[0m| 
manifest-sha256:774ef59b0c94679c2695f0c05e2bc0b21d44f5d1339ab17b6e3323bf28d39f66: done           |[32m++++++++++++++++++++++++++++++++++++++[0m| 
manifest-sha256:d8cbd2948553ac2bc682b20626e09f9e897e31ea05ded4deff1ad81c79b3f2b4: done           |[32m++++++++++++++++++++++++++++++++++++++[0m| 
config-sha256:318f2319125641580710a110c1ae28c8a91e224c7c2e4e69627d68fa9c332ab0:   done           |[32m++++++++++++++++++++++++++++++++++++++[0m| 
layer-sha256:034d6572bf287fa79604fee9be062f0683809ae3a3685bc7b0e17bd1c48c50e8:    done           |[32m++++++++++++++++++++++++++++++++++++++[0m| 
layer-sha256:c8577ccb98d6af2b56cb43790454d142c1bfbee15c59b6b44c8278ca9b65baaa:    downloading    |[32m+++++++++++++++++++++++++++[0m-----------| 10.0 GiB/14.0 GiB 
layer-sha256:dab186ad61c8543a52a8cb5cef310d98159eb6fe36eb2868bac2ab6ea985972b:    done           |[32m++++++++++++++++++++++++++++++++++++++[0m| 
elapsed: 24.8s                                                                    total:  10.0 G (411.5 MiB/s)                                     
172.31.67.78:5000/model-ballast:A-14g:                                            resolved       |[32m++++++++++++++++++++++++++++++++++++++[0m| 
index-sha256:093fc1a5143440a3ba8cb6cdc582edbfe183ca86bdd4db3f165c170f18ddddf4:    done           |[32m++++++++++++++++++++++++++++++++++++++[0m| 
manifest-sha256:774ef59b0c94679c2695f0c05e2bc0b21d44f5d1339ab17b6e3323bf28d39f66: done           |[32m++++++++++++++++++++++++++++++++++++++[0m| 
manifest-sha256:d8cbd2948553ac2bc682b20626e09f9e897e31ea05ded4deff1ad81c79b3f2b4: done           |[32m++++++++++++++++++++++++++++++++++++++[0m| 
config-sha256:318f2319125641580710a110c1ae28c8a91e224c7c2e4e69627d68fa9c332ab0:   done           |[32m++++++++++++++++++++++++++++++++++++++[0m| 
layer-sha256:034d6572bf287fa79604fee9be062f0683809ae3a3685bc7b0e17bd1c48c50e8:    done           |[32m++++++++++++++++++++++++++++++++++++++[0m| 
layer-sha256:c8577ccb98d6af2b56cb43790454d142c1bfbee15c59b6b44c8278ca9b65baaa:    downloading    |[32m+++++++++++++++++++++++++++[0m-----------| 10.0 GiB/14.0 GiB 
layer-sha256:dab186ad61c8543a52a8cb5cef310d98159eb6fe36eb2868bac2ab6ea985972b:    done           |[32m++++++++++++++++++++++++++++++++++++++[0m| 
elapsed: 24.9s                                                                    total:  10.0 G (411.4 MiB/s)                                     
172.31.67.78:5000/model-ballast:A-14g:                                            resolved       |[32m++++++++++++++++++++++++++++++++++++++[0m| 
index-sha256:093fc1a5143440a3ba8cb6cdc582edbfe183ca86bdd4db3f165c170f18ddddf4:    done           |[32m++++++++++++++++++++++++++++++++++++++[0m| 
manifest-sha256:774ef59b0c94679c2695f0c05e2bc0b21d44f5d1339ab17b6e3323bf28d39f66: done           |[32m++++++++++++++++++++++++++++++++++++++[0m| 
manifest-sha256:d8cbd2948553ac2bc682b20626e09f9e897e31ea05ded4deff1ad81c79b3f2b4: done           |[32m++++++++++++++++++++++++++++++++++++++[0m| 
config-sha256:318f2319125641580710a110c1ae28c8a91e224c7c2e4e69627d68fa9c332ab0:   done           |[32m++++++++++++++++++++++++++++++++++++++[0m| 
layer-sha256:034d6572bf287fa79604fee9be062f0683809ae3a3685bc7b0e17bd1c48c50e8:    done           |[32m++++++++++++++++++++++++++++++++++++++[0m| 
layer-sha256:c8577ccb98d6af2b56cb43790454d142c1bfbee15c59b6b44c8278ca9b65baaa:    downloading    |[32m+++++++++++++++++++++++++++[0m-----------| 10.0 GiB/14.0 GiB 
layer-sha256:dab186ad61c8543a52a8cb5cef310d98159eb6fe36eb2868bac2ab6ea985972b:    done           |[32m++++++++++++++++++++++++++++++++++++++[0m| 
elapsed: 25.0s                                                                    total:  10.0 G (411.5 MiB/s)                                     
172.31.67.78:5000/model-ballast:A-14g:                                            resolved       |[32m++++++++++++++++++++++++++++++++++++++[0m| 
index-sha256:093fc1a5143440a3ba8cb6cdc582edbfe183ca86bdd4db3f165c170f18ddddf4:    done           |[32m++++++++++++++++++++++++++++++++++++++[0m| 
manifest-sha256:774ef59b0c94679c2695f0c05e2bc0b21d44f5d1339ab17b6e3323bf28d39f66: done           |[32m++++++++++++++++++++++++++++++++++++++[0m| 
manifest-sha256:d8cbd2948553ac2bc682b20626e09f9e897e31ea05ded4deff1ad81c79b3f2b4: done           |[32m++++++++++++++++++++++++++++++++++++++[0m| 
config-sha256:318f2319125641580710a110c1ae28c8a91e224c7c2e4e69627d68fa9c332ab0:   done           |[32m++++++++++++++++++++++++++++++++++++++[0m| 
layer-sha256:034d6572bf287fa79604fee9be062f0683809ae3a3685bc7b0e17bd1c48c50e8:    done           |[32m++++++++++++++++++++++++++++++++++++++[0m| 
layer-sha256:c8577ccb98d6af2b56cb43790454d142c1bfbee15c59b6b44c8278ca9b65baaa:    downloading    |[32m+++++++++++++++++++++++++++[0m-----------| 10.1 GiB/14.0 GiB 
layer-sha256:dab186ad61c8543a52a8cb5cef310d98159eb6fe36eb2868bac2ab6ea985972b:    done           |[32m++++++++++++++++++++++++++++++++++++++[0m| 
elapsed: 25.1s                                                                    total:  10.1 G (411.5 MiB/s)                                     
172.31.67.78:5000/model-ballast:A-14g:                                            resolved       |[32m++++++++++++++++++++++++++++++++++++++[0m| 
index-sha256:093fc1a5143440a3ba8cb6cdc582edbfe183ca86bdd4db3f165c170f18ddddf4:    done           |[32m++++++++++++++++++++++++++++++++++++++[0m| 
manifest-sha256:774ef59b0c94679c2695f0c05e2bc0b21d44f5d1339ab17b6e3323bf28d39f66: done           |[32m++++++++++++++++++++++++++++++++++++++[0m| 
manifest-sha256:d8cbd2948553ac2bc682b20626e09f9e897e31ea05ded4deff1ad81c79b3f2b4: done           |[32m++++++++++++++++++++++++++++++++++++++[0m| 
config-sha256:318f2319125641580710a110c1ae28c8a91e224c7c2e4e69627d68fa9c332ab0:   done           |[32m++++++++++++++++++++++++++++++++++++++[0m| 
layer-sha256:034d6572bf287fa79604fee9be062f0683809ae3a3685bc7b0e17bd1c48c50e8:    done           |[32m++++++++++++++++++++++++++++++++++++++[0m| 
layer-sha256:c8577ccb98d6af2b56cb43790454d142c1bfbee15c59b6b44c8278ca9b65baaa:    downloading    |[32m+++++++++++++++++++++++++++[0m-----------| 10.1 GiB/14.0 GiB 
layer-sha256:dab186ad61c8543a52a8cb5cef310d98159eb6fe36eb2868bac2ab6ea985972b:    done           |[32m++++++++++++++++++++++++++++++++++++++[0m| 
elapsed: 25.2s                                                                    total:  10.1 G (411.5 MiB/s)                                     
172.31.67.78:5000/model-ballast:A-14g:                                            resolved       |[32m++++++++++++++++++++++++++++++++++++++[0m| 
index-sha256:093fc1a5143440a3ba8cb6cdc582edbfe183ca86bdd4db3f165c170f18ddddf4:    done           |[32m++++++++++++++++++++++++++++++++++++++[0m| 
manifest-sha256:774ef59b0c94679c2695f0c05e2bc0b21d44f5d1339ab17b6e3323bf28d39f66: done           |[32m++++++++++++++++++++++++++++++++++++++[0m| 
manifest-sha256:d8cbd2948553ac2bc682b20626e09f9e897e31ea05ded4deff1ad81c79b3f2b4: done           |[32m++++++++++++++++++++++++++++++++++++++[0m| 
config-sha256:318f2319125641580710a110c1ae28c8a91e224c7c2e4e69627d68fa9c332ab0:   done           |[32m++++++++++++++++++++++++++++++++++++++[0m| 
layer-sha256:034d6572bf287fa79604fee9be062f0683809ae3a3685bc7b0e17bd1c48c50e8:    done           |[32m++++++++++++++++++++++++++++++++++++++[0m| 
layer-sha256:c8577ccb98d6af2b56cb43790454d142c1bfbee15c59b6b44c8278ca9b65baaa:    downloading    |[32m+++++++++++++++++++++++++++[0m-----------| 10.2 GiB/14.0 GiB 
layer-sha256:dab186ad61c8543a52a8cb5cef310d98159eb6fe36eb2868bac2ab6ea985972b:    done           |[32m++++++++++++++++++++++++++++++++++++++[0m| 
elapsed: 25.3s                                                                    total:  10.2 G (411.5 MiB/s)                                     
172.31.67.78:5000/model-ballast:A-14g:                                            resolved       |[32m++++++++++++++++++++++++++++++++++++++[0m| 
index-sha256:093fc1a5143440a3ba8cb6cdc582edbfe183ca86bdd4db3f165c170f18ddddf4:    done           |[32m++++++++++++++++++++++++++++++++++++++[0m| 
manifest-sha256:774ef59b0c94679c2695f0c05e2bc0b21d44f5d1339ab17b6e3323bf28d39f66: done           |[32m++++++++++++++++++++++++++++++++++++++[0m| 
manifest-sha256:d8cbd2948553ac2bc682b20626e09f9e897e31ea05ded4deff1ad81c79b3f2b4: done           |[32m++++++++++++++++++++++++++++++++++++++[0m| 
config-sha256:318f2319125641580710a110c1ae28c8a91e224c7c2e4e69627d68fa9c332ab0:   done           |[32m++++++++++++++++++++++++++++++++++++++[0m| 
layer-sha256:034d6572bf287fa79604fee9be062f0683809ae3a3685bc7b0e17bd1c48c50e8:    done           |[32m++++++++++++++++++++++++++++++++++++++[0m| 
layer-sha256:c8577ccb98d6af2b56cb43790454d142c1bfbee15c59b6b44c8278ca9b65baaa:    downloading    |[32m+++++++++++++++++++++++++++[0m-----------| 10.2 GiB/14.0 GiB 
layer-sha256:dab186ad61c8543a52a8cb5cef310d98159eb6fe36eb2868bac2ab6ea985972b:    done           |[32m++++++++++++++++++++++++++++++++++++++[0m| 
elapsed: 25.4s                                                                    total:  10.2 G (411.6 MiB/s)                                     
172.31.67.78:5000/model-ballast:A-14g:                                            resolved       |[32m++++++++++++++++++++++++++++++++++++++[0m| 
index-sha256:093fc1a5143440a3ba8cb6cdc582edbfe183ca86bdd4db3f165c170f18ddddf4:    done           |[32m++++++++++++++++++++++++++++++++++++++[0m| 
manifest-sha256:774ef59b0c94679c2695f0c05e2bc0b21d44f5d1339ab17b6e3323bf28d39f66: done           |[32m++++++++++++++++++++++++++++++++++++++[0m| 
manifest-sha256:d8cbd2948553ac2bc682b20626e09f9e897e31ea05ded4deff1ad81c79b3f2b4: done           |[32m++++++++++++++++++++++++++++++++++++++[0m| 
config-sha256:318f2319125641580710a110c1ae28c8a91e224c7c2e4e69627d68fa9c332ab0:   done           |[32m++++++++++++++++++++++++++++++++++++++[0m| 
layer-sha256:034d6572bf287fa79604fee9be062f0683809ae3a3685bc7b0e17bd1c48c50e8:    done           |[32m++++++++++++++++++++++++++++++++++++++[0m| 
layer-sha256:c8577ccb98d6af2b56cb43790454d142c1bfbee15c59b6b44c8278ca9b65baaa:    downloading    |[32m+++++++++++++++++++++++++++[0m-----------| 10.2 GiB/14.0 GiB 
layer-sha256:dab186ad61c8543a52a8cb5cef310d98159eb6fe36eb2868bac2ab6ea985972b:    done           |[32m++++++++++++++++++++++++++++++++++++++[0m| 
elapsed: 25.5s                                                                    total:  10.3 G (411.6 MiB/s)                                     
172.31.67.78:5000/model-ballast:A-14g:                                            resolved       |[32m++++++++++++++++++++++++++++++++++++++[0m| 
index-sha256:093fc1a5143440a3ba8cb6cdc582edbfe183ca86bdd4db3f165c170f18ddddf4:    done           |[32m++++++++++++++++++++++++++++++++++++++[0m| 
manifest-sha256:774ef59b0c94679c2695f0c05e2bc0b21d44f5d1339ab17b6e3323bf28d39f66: done           |[32m++++++++++++++++++++++++++++++++++++++[0m| 
manifest-sha256:d8cbd2948553ac2bc682b20626e09f9e897e31ea05ded4deff1ad81c79b3f2b4: done           |[32m++++++++++++++++++++++++++++++++++++++[0m| 
config-sha256:318f2319125641580710a110c1ae28c8a91e224c7c2e4e69627d68fa9c332ab0:   done           |[32m++++++++++++++++++++++++++++++++++++++[0m| 
layer-sha256:034d6572bf287fa79604fee9be062f0683809ae3a3685bc7b0e17bd1c48c50e8:    done           |[32m++++++++++++++++++++++++++++++++++++++[0m| 
layer-sha256:c8577ccb98d6af2b56cb43790454d142c1bfbee15c59b6b44c8278ca9b65baaa:    downloading    |[32m+++++++++++++++++++++++++++[0m-----------| 10.3 GiB/14.0 GiB 
layer-sha256:dab186ad61c8543a52a8cb5cef310d98159eb6fe36eb2868bac2ab6ea985972b:    done           |[32m++++++++++++++++++++++++++++++++++++++[0m| 
elapsed: 25.6s                                                                    total:  10.3 G (411.6 MiB/s)                                     
172.31.67.78:5000/model-ballast:A-14g:                                            resolved       |[32m++++++++++++++++++++++++++++++++++++++[0m| 
index-sha256:093fc1a5143440a3ba8cb6cdc582edbfe183ca86bdd4db3f165c170f18ddddf4:    done           |[32m++++++++++++++++++++++++++++++++++++++[0m| 
manifest-sha256:774ef59b0c94679c2695f0c05e2bc0b21d44f5d1339ab17b6e3323bf28d39f66: done           |[32m++++++++++++++++++++++++++++++++++++++[0m| 
manifest-sha256:d8cbd2948553ac2bc682b20626e09f9e897e31ea05ded4deff1ad81c79b3f2b4: done           |[32m++++++++++++++++++++++++++++++++++++++[0m| 
config-sha256:318f2319125641580710a110c1ae28c8a91e224c7c2e4e69627d68fa9c332ab0:   done           |[32m++++++++++++++++++++++++++++++++++++++[0m| 
layer-sha256:034d6572bf287fa79604fee9be062f0683809ae3a3685bc7b0e17bd1c48c50e8:    done           |[32m++++++++++++++++++++++++++++++++++++++[0m| 
layer-sha256:c8577ccb98d6af2b56cb43790454d142c1bfbee15c59b6b44c8278ca9b65baaa:    downloading    |[32m++++++++++++++++++++++++++++[0m----------| 10.3 GiB/14.0 GiB 
layer-sha256:dab186ad61c8543a52a8cb5cef310d98159eb6fe36eb2868bac2ab6ea985972b:    done           |[32m++++++++++++++++++++++++++++++++++++++[0m| 
elapsed: 25.7s                                                                    total:  10.3 G (411.6 MiB/s)                                     
172.31.67.78:5000/model-ballast:A-14g:                                            resolved       |[32m++++++++++++++++++++++++++++++++++++++[0m| 
index-sha256:093fc1a5143440a3ba8cb6cdc582edbfe183ca86bdd4db3f165c170f18ddddf4:    done           |[32m++++++++++++++++++++++++++++++++++++++[0m| 
manifest-sha256:774ef59b0c94679c2695f0c05e2bc0b21d44f5d1339ab17b6e3323bf28d39f66: done           |[32m++++++++++++++++++++++++++++++++++++++[0m| 
manifest-sha256:d8cbd2948553ac2bc682b20626e09f9e897e31ea05ded4deff1ad81c79b3f2b4: done           |[32m++++++++++++++++++++++++++++++++++++++[0m| 
config-sha256:318f2319125641580710a110c1ae28c8a91e224c7c2e4e69627d68fa9c332ab0:   done           |[32m++++++++++++++++++++++++++++++++++++++[0m| 
layer-sha256:034d6572bf287fa79604fee9be062f0683809ae3a3685bc7b0e17bd1c48c50e8:    done           |[32m++++++++++++++++++++++++++++++++++++++[0m| 
layer-sha256:c8577ccb98d6af2b56cb43790454d142c1bfbee15c59b6b44c8278ca9b65baaa:    downloading    |[32m++++++++++++++++++++++++++++[0m----------| 10.4 GiB/14.0 GiB 
layer-sha256:dab186ad61c8543a52a8cb5cef310d98159eb6fe36eb2868bac2ab6ea985972b:    done           |[32m++++++++++++++++++++++++++++++++++++++[0m| 
elapsed: 25.8s                                                                    total:  10.4 G (411.6 MiB/s)                                     
172.31.67.78:5000/model-ballast:A-14g:                                            resolved       |[32m++++++++++++++++++++++++++++++++++++++[0m| 
index-sha256:093fc1a5143440a3ba8cb6cdc582edbfe183ca86bdd4db3f165c170f18ddddf4:    done           |[32m++++++++++++++++++++++++++++++++++++++[0m| 
manifest-sha256:774ef59b0c94679c2695f0c05e2bc0b21d44f5d1339ab17b6e3323bf28d39f66: done           |[32m++++++++++++++++++++++++++++++++++++++[0m| 
manifest-sha256:d8cbd2948553ac2bc682b20626e09f9e897e31ea05ded4deff1ad81c79b3f2b4: done           |[32m++++++++++++++++++++++++++++++++++++++[0m| 
config-sha256:318f2319125641580710a110c1ae28c8a91e224c7c2e4e69627d68fa9c332ab0:   done           |[32m++++++++++++++++++++++++++++++++++++++[0m| 
layer-sha256:034d6572bf287fa79604fee9be062f0683809ae3a3685bc7b0e17bd1c48c50e8:    done           |[32m++++++++++++++++++++++++++++++++++++++[0m| 
layer-sha256:c8577ccb98d6af2b56cb43790454d142c1bfbee15c59b6b44c8278ca9b65baaa:    downloading    |[32m++++++++++++++++++++++++++++[0m----------| 10.4 GiB/14.0 GiB 
layer-sha256:dab186ad61c8543a52a8cb5cef310d98159eb6fe36eb2868bac2ab6ea985972b:    done           |[32m++++++++++++++++++++++++++++++++++++++[0m| 
elapsed: 25.9s                                                                    total:  10.4 G (411.6 MiB/s)                                     
172.31.67.78:5000/model-ballast:A-14g:                                            resolved       |[32m++++++++++++++++++++++++++++++++++++++[0m| 
index-sha256:093fc1a5143440a3ba8cb6cdc582edbfe183ca86bdd4db3f165c170f18ddddf4:    done           |[32m++++++++++++++++++++++++++++++++++++++[0m| 
manifest-sha256:774ef59b0c94679c2695f0c05e2bc0b21d44f5d1339ab17b6e3323bf28d39f66: done           |[32m++++++++++++++++++++++++++++++++++++++[0m| 
manifest-sha256:d8cbd2948553ac2bc682b20626e09f9e897e31ea05ded4deff1ad81c79b3f2b4: done           |[32m++++++++++++++++++++++++++++++++++++++[0m| 
config-sha256:318f2319125641580710a110c1ae28c8a91e224c7c2e4e69627d68fa9c332ab0:   done           |[32m++++++++++++++++++++++++++++++++++++++[0m| 
layer-sha256:034d6572bf287fa79604fee9be062f0683809ae3a3685bc7b0e17bd1c48c50e8:    done           |[32m++++++++++++++++++++++++++++++++++++++[0m| 
layer-sha256:c8577ccb98d6af2b56cb43790454d142c1bfbee15c59b6b44c8278ca9b65baaa:    downloading    |[32m++++++++++++++++++++++++++++[0m----------| 10.4 GiB/14.0 GiB 
layer-sha256:dab186ad61c8543a52a8cb5cef310d98159eb6fe36eb2868bac2ab6ea985972b:    done           |[32m++++++++++++++++++++++++++++++++++++++[0m| 
elapsed: 26.0s                                                                    total:  10.4 G (411.5 MiB/s)                                     
172.31.67.78:5000/model-ballast:A-14g:                                            resolved       |[32m++++++++++++++++++++++++++++++++++++++[0m| 
index-sha256:093fc1a5143440a3ba8cb6cdc582edbfe183ca86bdd4db3f165c170f18ddddf4:    done           |[32m++++++++++++++++++++++++++++++++++++++[0m| 
manifest-sha256:774ef59b0c94679c2695f0c05e2bc0b21d44f5d1339ab17b6e3323bf28d39f66: done           |[32m++++++++++++++++++++++++++++++++++++++[0m| 
manifest-sha256:d8cbd2948553ac2bc682b20626e09f9e897e31ea05ded4deff1ad81c79b3f2b4: done           |[32m++++++++++++++++++++++++++++++++++++++[0m| 
config-sha256:318f2319125641580710a110c1ae28c8a91e224c7c2e4e69627d68fa9c332ab0:   done           |[32m++++++++++++++++++++++++++++++++++++++[0m| 
layer-sha256:034d6572bf287fa79604fee9be062f0683809ae3a3685bc7b0e17bd1c48c50e8:    done           |[32m++++++++++++++++++++++++++++++++++++++[0m| 
layer-sha256:c8577ccb98d6af2b56cb43790454d142c1bfbee15c59b6b44c8278ca9b65baaa:    downloading    |[32m++++++++++++++++++++++++++++[0m----------| 10.5 GiB/14.0 GiB 
layer-sha256:dab186ad61c8543a52a8cb5cef310d98159eb6fe36eb2868bac2ab6ea985972b:    done           |[32m++++++++++++++++++++++++++++++++++++++[0m| 
elapsed: 26.1s                                                                    total:  10.5 G (411.5 MiB/s)                                     
172.31.67.78:5000/model-ballast:A-14g:                                            resolved       |[32m++++++++++++++++++++++++++++++++++++++[0m| 
index-sha256:093fc1a5143440a3ba8cb6cdc582edbfe183ca86bdd4db3f165c170f18ddddf4:    done           |[32m++++++++++++++++++++++++++++++++++++++[0m| 
manifest-sha256:774ef59b0c94679c2695f0c05e2bc0b21d44f5d1339ab17b6e3323bf28d39f66: done           |[32m++++++++++++++++++++++++++++++++++++++[0m| 
manifest-sha256:d8cbd2948553ac2bc682b20626e09f9e897e31ea05ded4deff1ad81c79b3f2b4: done           |[32m++++++++++++++++++++++++++++++++++++++[0m| 
config-sha256:318f2319125641580710a110c1ae28c8a91e224c7c2e4e69627d68fa9c332ab0:   done           |[32m++++++++++++++++++++++++++++++++++++++[0m| 
layer-sha256:034d6572bf287fa79604fee9be062f0683809ae3a3685bc7b0e17bd1c48c50e8:    done           |[32m++++++++++++++++++++++++++++++++++++++[0m| 
layer-sha256:c8577ccb98d6af2b56cb43790454d142c1bfbee15c59b6b44c8278ca9b65baaa:    downloading    |[32m++++++++++++++++++++++++++++[0m----------| 10.5 GiB/14.0 GiB 
layer-sha256:dab186ad61c8543a52a8cb5cef310d98159eb6fe36eb2868bac2ab6ea985972b:    done           |[32m++++++++++++++++++++++++++++++++++++++[0m| 
elapsed: 26.2s                                                                    total:  10.5 G (411.5 MiB/s)                                     
172.31.67.78:5000/model-ballast:A-14g:                                            resolved       |[32m++++++++++++++++++++++++++++++++++++++[0m| 
index-sha256:093fc1a5143440a3ba8cb6cdc582edbfe183ca86bdd4db3f165c170f18ddddf4:    done           |[32m++++++++++++++++++++++++++++++++++++++[0m| 
manifest-sha256:774ef59b0c94679c2695f0c05e2bc0b21d44f5d1339ab17b6e3323bf28d39f66: done           |[32m++++++++++++++++++++++++++++++++++++++[0m| 
manifest-sha256:d8cbd2948553ac2bc682b20626e09f9e897e31ea05ded4deff1ad81c79b3f2b4: done           |[32m++++++++++++++++++++++++++++++++++++++[0m| 
config-sha256:318f2319125641580710a110c1ae28c8a91e224c7c2e4e69627d68fa9c332ab0:   done           |[32m++++++++++++++++++++++++++++++++++++++[0m| 
layer-sha256:034d6572bf287fa79604fee9be062f0683809ae3a3685bc7b0e17bd1c48c50e8:    done           |[32m++++++++++++++++++++++++++++++++++++++[0m| 
layer-sha256:c8577ccb98d6af2b56cb43790454d142c1bfbee15c59b6b44c8278ca9b65baaa:    downloading    |[32m++++++++++++++++++++++++++++[0m----------| 10.6 GiB/14.0 GiB 
layer-sha256:dab186ad61c8543a52a8cb5cef310d98159eb6fe36eb2868bac2ab6ea985972b:    done           |[32m++++++++++++++++++++++++++++++++++++++[0m| 
elapsed: 26.3s                                                                    total:  10.6 G (411.5 MiB/s)                                     
172.31.67.78:5000/model-ballast:A-14g:                                            resolved       |[32m++++++++++++++++++++++++++++++++++++++[0m| 
index-sha256:093fc1a5143440a3ba8cb6cdc582edbfe183ca86bdd4db3f165c170f18ddddf4:    done           |[32m++++++++++++++++++++++++++++++++++++++[0m| 
manifest-sha256:774ef59b0c94679c2695f0c05e2bc0b21d44f5d1339ab17b6e3323bf28d39f66: done           |[32m++++++++++++++++++++++++++++++++++++++[0m| 
manifest-sha256:d8cbd2948553ac2bc682b20626e09f9e897e31ea05ded4deff1ad81c79b3f2b4: done           |[32m++++++++++++++++++++++++++++++++++++++[0m| 
config-sha256:318f2319125641580710a110c1ae28c8a91e224c7c2e4e69627d68fa9c332ab0:   done           |[32m++++++++++++++++++++++++++++++++++++++[0m| 
layer-sha256:034d6572bf287fa79604fee9be062f0683809ae3a3685bc7b0e17bd1c48c50e8:    done           |[32m++++++++++++++++++++++++++++++++++++++[0m| 
layer-sha256:c8577ccb98d6af2b56cb43790454d142c1bfbee15c59b6b44c8278ca9b65baaa:    downloading    |[32m++++++++++++++++++++++++++++[0m----------| 10.6 GiB/14.0 GiB 
layer-sha256:dab186ad61c8543a52a8cb5cef310d98159eb6fe36eb2868bac2ab6ea985972b:    done           |[32m++++++++++++++++++++++++++++++++++++++[0m| 
elapsed: 26.4s                                                                    total:  10.6 G (411.5 MiB/s)                                     
172.31.67.78:5000/model-ballast:A-14g:                                            resolved       |[32m++++++++++++++++++++++++++++++++++++++[0m| 
index-sha256:093fc1a5143440a3ba8cb6cdc582edbfe183ca86bdd4db3f165c170f18ddddf4:    done           |[32m++++++++++++++++++++++++++++++++++++++[0m| 
manifest-sha256:774ef59b0c94679c2695f0c05e2bc0b21d44f5d1339ab17b6e3323bf28d39f66: done           |[32m++++++++++++++++++++++++++++++++++++++[0m| 
manifest-sha256:d8cbd2948553ac2bc682b20626e09f9e897e31ea05ded4deff1ad81c79b3f2b4: done           |[32m++++++++++++++++++++++++++++++++++++++[0m| 
config-sha256:318f2319125641580710a110c1ae28c8a91e224c7c2e4e69627d68fa9c332ab0:   done           |[32m++++++++++++++++++++++++++++++++++++++[0m| 
layer-sha256:034d6572bf287fa79604fee9be062f0683809ae3a3685bc7b0e17bd1c48c50e8:    done           |[32m++++++++++++++++++++++++++++++++++++++[0m| 
layer-sha256:c8577ccb98d6af2b56cb43790454d142c1bfbee15c59b6b44c8278ca9b65baaa:    downloading    |[32m++++++++++++++++++++++++++++[0m----------| 10.6 GiB/14.0 GiB 
layer-sha256:dab186ad61c8543a52a8cb5cef310d98159eb6fe36eb2868bac2ab6ea985972b:    done           |[32m++++++++++++++++++++++++++++++++++++++[0m| 
elapsed: 26.5s                                                                    total:  10.7 G (411.5 MiB/s)                                     
172.31.67.78:5000/model-ballast:A-14g:                                            resolved       |[32m++++++++++++++++++++++++++++++++++++++[0m| 
index-sha256:093fc1a5143440a3ba8cb6cdc582edbfe183ca86bdd4db3f165c170f18ddddf4:    done           |[32m++++++++++++++++++++++++++++++++++++++[0m| 
manifest-sha256:774ef59b0c94679c2695f0c05e2bc0b21d44f5d1339ab17b6e3323bf28d39f66: done           |[32m++++++++++++++++++++++++++++++++++++++[0m| 
manifest-sha256:d8cbd2948553ac2bc682b20626e09f9e897e31ea05ded4deff1ad81c79b3f2b4: done           |[32m++++++++++++++++++++++++++++++++++++++[0m| 
config-sha256:318f2319125641580710a110c1ae28c8a91e224c7c2e4e69627d68fa9c332ab0:   done           |[32m++++++++++++++++++++++++++++++++++++++[0m| 
layer-sha256:034d6572bf287fa79604fee9be062f0683809ae3a3685bc7b0e17bd1c48c50e8:    done           |[32m++++++++++++++++++++++++++++++++++++++[0m| 
layer-sha256:c8577ccb98d6af2b56cb43790454d142c1bfbee15c59b6b44c8278ca9b65baaa:    downloading    |[32m+++++++++++++++++++++++++++++[0m---------| 10.7 GiB/14.0 GiB 
layer-sha256:dab186ad61c8543a52a8cb5cef310d98159eb6fe36eb2868bac2ab6ea985972b:    done           |[32m++++++++++++++++++++++++++++++++++++++[0m| 
elapsed: 26.6s                                                                    total:  10.7 G (411.5 MiB/s)                                     
172.31.67.78:5000/model-ballast:A-14g:                                            resolved       |[32m++++++++++++++++++++++++++++++++++++++[0m| 
index-sha256:093fc1a5143440a3ba8cb6cdc582edbfe183ca86bdd4db3f165c170f18ddddf4:    done           |[32m++++++++++++++++++++++++++++++++++++++[0m| 
manifest-sha256:774ef59b0c94679c2695f0c05e2bc0b21d44f5d1339ab17b6e3323bf28d39f66: done           |[32m++++++++++++++++++++++++++++++++++++++[0m| 
manifest-sha256:d8cbd2948553ac2bc682b20626e09f9e897e31ea05ded4deff1ad81c79b3f2b4: done           |[32m++++++++++++++++++++++++++++++++++++++[0m| 
config-sha256:318f2319125641580710a110c1ae28c8a91e224c7c2e4e69627d68fa9c332ab0:   done           |[32m++++++++++++++++++++++++++++++++++++++[0m| 
layer-sha256:034d6572bf287fa79604fee9be062f0683809ae3a3685bc7b0e17bd1c48c50e8:    done           |[32m++++++++++++++++++++++++++++++++++++++[0m| 
layer-sha256:c8577ccb98d6af2b56cb43790454d142c1bfbee15c59b6b44c8278ca9b65baaa:    downloading    |[32m+++++++++++++++++++++++++++++[0m---------| 10.7 GiB/14.0 GiB 
layer-sha256:dab186ad61c8543a52a8cb5cef310d98159eb6fe36eb2868bac2ab6ea985972b:    done           |[32m++++++++++++++++++++++++++++++++++++++[0m| 
elapsed: 26.7s                                                                    total:  10.7 G (411.5 MiB/s)                                     
172.31.67.78:5000/model-ballast:A-14g:                                            resolved       |[32m++++++++++++++++++++++++++++++++++++++[0m| 
index-sha256:093fc1a5143440a3ba8cb6cdc582edbfe183ca86bdd4db3f165c170f18ddddf4:    done           |[32m++++++++++++++++++++++++++++++++++++++[0m| 
manifest-sha256:774ef59b0c94679c2695f0c05e2bc0b21d44f5d1339ab17b6e3323bf28d39f66: done           |[32m++++++++++++++++++++++++++++++++++++++[0m| 
manifest-sha256:d8cbd2948553ac2bc682b20626e09f9e897e31ea05ded4deff1ad81c79b3f2b4: done           |[32m++++++++++++++++++++++++++++++++++++++[0m| 
config-sha256:318f2319125641580710a110c1ae28c8a91e224c7c2e4e69627d68fa9c332ab0:   done           |[32m++++++++++++++++++++++++++++++++++++++[0m| 
layer-sha256:034d6572bf287fa79604fee9be062f0683809ae3a3685bc7b0e17bd1c48c50e8:    done           |[32m++++++++++++++++++++++++++++++++++++++[0m| 
layer-sha256:c8577ccb98d6af2b56cb43790454d142c1bfbee15c59b6b44c8278ca9b65baaa:    downloading    |[32m+++++++++++++++++++++++++++++[0m---------| 10.8 GiB/14.0 GiB 
layer-sha256:dab186ad61c8543a52a8cb5cef310d98159eb6fe36eb2868bac2ab6ea985972b:    done           |[32m++++++++++++++++++++++++++++++++++++++[0m| 
elapsed: 26.8s                                                                    total:  10.8 G (411.5 MiB/s)                                     
172.31.67.78:5000/model-ballast:A-14g:                                            resolved       |[32m++++++++++++++++++++++++++++++++++++++[0m| 
index-sha256:093fc1a5143440a3ba8cb6cdc582edbfe183ca86bdd4db3f165c170f18ddddf4:    done           |[32m++++++++++++++++++++++++++++++++++++++[0m| 
manifest-sha256:774ef59b0c94679c2695f0c05e2bc0b21d44f5d1339ab17b6e3323bf28d39f66: done           |[32m++++++++++++++++++++++++++++++++++++++[0m| 
manifest-sha256:d8cbd2948553ac2bc682b20626e09f9e897e31ea05ded4deff1ad81c79b3f2b4: done           |[32m++++++++++++++++++++++++++++++++++++++[0m| 
config-sha256:318f2319125641580710a110c1ae28c8a91e224c7c2e4e69627d68fa9c332ab0:   done           |[32m++++++++++++++++++++++++++++++++++++++[0m| 
layer-sha256:034d6572bf287fa79604fee9be062f0683809ae3a3685bc7b0e17bd1c48c50e8:    done           |[32m++++++++++++++++++++++++++++++++++++++[0m| 
layer-sha256:c8577ccb98d6af2b56cb43790454d142c1bfbee15c59b6b44c8278ca9b65baaa:    downloading    |[32m+++++++++++++++++++++++++++++[0m---------| 10.8 GiB/14.0 GiB 
layer-sha256:dab186ad61c8543a52a8cb5cef310d98159eb6fe36eb2868bac2ab6ea985972b:    done           |[32m++++++++++++++++++++++++++++++++++++++[0m| 
elapsed: 26.9s                                                                    total:  10.8 G (411.4 MiB/s)                                     
172.31.67.78:5000/model-ballast:A-14g:                                            resolved       |[32m++++++++++++++++++++++++++++++++++++++[0m| 
index-sha256:093fc1a5143440a3ba8cb6cdc582edbfe183ca86bdd4db3f165c170f18ddddf4:    done           |[32m++++++++++++++++++++++++++++++++++++++[0m| 
manifest-sha256:774ef59b0c94679c2695f0c05e2bc0b21d44f5d1339ab17b6e3323bf28d39f66: done           |[32m++++++++++++++++++++++++++++++++++++++[0m| 
manifest-sha256:d8cbd2948553ac2bc682b20626e09f9e897e31ea05ded4deff1ad81c79b3f2b4: done           |[32m++++++++++++++++++++++++++++++++++++++[0m| 
config-sha256:318f2319125641580710a110c1ae28c8a91e224c7c2e4e69627d68fa9c332ab0:   done           |[32m++++++++++++++++++++++++++++++++++++++[0m| 
layer-sha256:034d6572bf287fa79604fee9be062f0683809ae3a3685bc7b0e17bd1c48c50e8:    done           |[32m++++++++++++++++++++++++++++++++++++++[0m| 
layer-sha256:c8577ccb98d6af2b56cb43790454d142c1bfbee15c59b6b44c8278ca9b65baaa:    downloading    |[32m+++++++++++++++++++++++++++++[0m---------| 10.8 GiB/14.0 GiB 
layer-sha256:dab186ad61c8543a52a8cb5cef310d98159eb6fe36eb2868bac2ab6ea985972b:    done           |[32m++++++++++++++++++++++++++++++++++++++[0m| 
elapsed: 27.0s                                                                    total:  10.8 G (411.2 MiB/s)                                     
172.31.67.78:5000/model-ballast:A-14g:                                            resolved       |[32m++++++++++++++++++++++++++++++++++++++[0m| 
index-sha256:093fc1a5143440a3ba8cb6cdc582edbfe183ca86bdd4db3f165c170f18ddddf4:    done           |[32m++++++++++++++++++++++++++++++++++++++[0m| 
manifest-sha256:774ef59b0c94679c2695f0c05e2bc0b21d44f5d1339ab17b6e3323bf28d39f66: done           |[32m++++++++++++++++++++++++++++++++++++++[0m| 
manifest-sha256:d8cbd2948553ac2bc682b20626e09f9e897e31ea05ded4deff1ad81c79b3f2b4: done           |[32m++++++++++++++++++++++++++++++++++++++[0m| 
config-sha256:318f2319125641580710a110c1ae28c8a91e224c7c2e4e69627d68fa9c332ab0:   done           |[32m++++++++++++++++++++++++++++++++++++++[0m| 
layer-sha256:034d6572bf287fa79604fee9be062f0683809ae3a3685bc7b0e17bd1c48c50e8:    done           |[32m++++++++++++++++++++++++++++++++++++++[0m| 
layer-sha256:c8577ccb98d6af2b56cb43790454d142c1bfbee15c59b6b44c8278ca9b65baaa:    downloading    |[32m+++++++++++++++++++++++++++++[0m---------| 10.9 GiB/14.0 GiB 
layer-sha256:dab186ad61c8543a52a8cb5cef310d98159eb6fe36eb2868bac2ab6ea985972b:    done           |[32m++++++++++++++++++++++++++++++++++++++[0m| 
elapsed: 27.1s                                                                    total:  10.9 G (411.0 MiB/s)                                     
172.31.67.78:5000/model-ballast:A-14g:                                            resolved       |[32m++++++++++++++++++++++++++++++++++++++[0m| 
index-sha256:093fc1a5143440a3ba8cb6cdc582edbfe183ca86bdd4db3f165c170f18ddddf4:    done           |[32m++++++++++++++++++++++++++++++++++++++[0m| 
manifest-sha256:774ef59b0c94679c2695f0c05e2bc0b21d44f5d1339ab17b6e3323bf28d39f66: done           |[32m++++++++++++++++++++++++++++++++++++++[0m| 
manifest-sha256:d8cbd2948553ac2bc682b20626e09f9e897e31ea05ded4deff1ad81c79b3f2b4: done           |[32m++++++++++++++++++++++++++++++++++++++[0m| 
config-sha256:318f2319125641580710a110c1ae28c8a91e224c7c2e4e69627d68fa9c332ab0:   done           |[32m++++++++++++++++++++++++++++++++++++++[0m| 
layer-sha256:034d6572bf287fa79604fee9be062f0683809ae3a3685bc7b0e17bd1c48c50e8:    done           |[32m++++++++++++++++++++++++++++++++++++++[0m| 
layer-sha256:c8577ccb98d6af2b56cb43790454d142c1bfbee15c59b6b44c8278ca9b65baaa:    downloading    |[32m+++++++++++++++++++++++++++++[0m---------| 10.9 GiB/14.0 GiB 
layer-sha256:dab186ad61c8543a52a8cb5cef310d98159eb6fe36eb2868bac2ab6ea985972b:    done           |[32m++++++++++++++++++++++++++++++++++++++[0m| 
elapsed: 27.2s                                                                    total:  10.9 G (411.0 MiB/s)                                     
172.31.67.78:5000/model-ballast:A-14g:                                            resolved       |[32m++++++++++++++++++++++++++++++++++++++[0m| 
index-sha256:093fc1a5143440a3ba8cb6cdc582edbfe183ca86bdd4db3f165c170f18ddddf4:    done           |[32m++++++++++++++++++++++++++++++++++++++[0m| 
manifest-sha256:774ef59b0c94679c2695f0c05e2bc0b21d44f5d1339ab17b6e3323bf28d39f66: done           |[32m++++++++++++++++++++++++++++++++++++++[0m| 
manifest-sha256:d8cbd2948553ac2bc682b20626e09f9e897e31ea05ded4deff1ad81c79b3f2b4: done           |[32m++++++++++++++++++++++++++++++++++++++[0m| 
config-sha256:318f2319125641580710a110c1ae28c8a91e224c7c2e4e69627d68fa9c332ab0:   done           |[32m++++++++++++++++++++++++++++++++++++++[0m| 
layer-sha256:034d6572bf287fa79604fee9be062f0683809ae3a3685bc7b0e17bd1c48c50e8:    done           |[32m++++++++++++++++++++++++++++++++++++++[0m| 
layer-sha256:c8577ccb98d6af2b56cb43790454d142c1bfbee15c59b6b44c8278ca9b65baaa:    downloading    |[32m+++++++++++++++++++++++++++++[0m---------| 11.0 GiB/14.0 GiB 
layer-sha256:dab186ad61c8543a52a8cb5cef310d98159eb6fe36eb2868bac2ab6ea985972b:    done           |[32m++++++++++++++++++++++++++++++++++++++[0m| 
elapsed: 27.3s                                                                    total:  11.0 G (411.0 MiB/s)                                     
172.31.67.78:5000/model-ballast:A-14g:                                            resolved       |[32m++++++++++++++++++++++++++++++++++++++[0m| 
index-sha256:093fc1a5143440a3ba8cb6cdc582edbfe183ca86bdd4db3f165c170f18ddddf4:    done           |[32m++++++++++++++++++++++++++++++++++++++[0m| 
manifest-sha256:774ef59b0c94679c2695f0c05e2bc0b21d44f5d1339ab17b6e3323bf28d39f66: done           |[32m++++++++++++++++++++++++++++++++++++++[0m| 
manifest-sha256:d8cbd2948553ac2bc682b20626e09f9e897e31ea05ded4deff1ad81c79b3f2b4: done           |[32m++++++++++++++++++++++++++++++++++++++[0m| 
config-sha256:318f2319125641580710a110c1ae28c8a91e224c7c2e4e69627d68fa9c332ab0:   done           |[32m++++++++++++++++++++++++++++++++++++++[0m| 
layer-sha256:034d6572bf287fa79604fee9be062f0683809ae3a3685bc7b0e17bd1c48c50e8:    done           |[32m++++++++++++++++++++++++++++++++++++++[0m| 
layer-sha256:c8577ccb98d6af2b56cb43790454d142c1bfbee15c59b6b44c8278ca9b65baaa:    downloading    |[32m+++++++++++++++++++++++++++++[0m---------| 11.0 GiB/14.0 GiB 
layer-sha256:dab186ad61c8543a52a8cb5cef310d98159eb6fe36eb2868bac2ab6ea985972b:    done           |[32m++++++++++++++++++++++++++++++++++++++[0m| 
elapsed: 27.4s                                                                    total:  11.0 G (411.0 MiB/s)                                     
172.31.67.78:5000/model-ballast:A-14g:                                            resolved       |[32m++++++++++++++++++++++++++++++++++++++[0m| 
index-sha256:093fc1a5143440a3ba8cb6cdc582edbfe183ca86bdd4db3f165c170f18ddddf4:    done           |[32m++++++++++++++++++++++++++++++++++++++[0m| 
manifest-sha256:774ef59b0c94679c2695f0c05e2bc0b21d44f5d1339ab17b6e3323bf28d39f66: done           |[32m++++++++++++++++++++++++++++++++++++++[0m| 
manifest-sha256:d8cbd2948553ac2bc682b20626e09f9e897e31ea05ded4deff1ad81c79b3f2b4: done           |[32m++++++++++++++++++++++++++++++++++++++[0m| 
config-sha256:318f2319125641580710a110c1ae28c8a91e224c7c2e4e69627d68fa9c332ab0:   done           |[32m++++++++++++++++++++++++++++++++++++++[0m| 
layer-sha256:034d6572bf287fa79604fee9be062f0683809ae3a3685bc7b0e17bd1c48c50e8:    done           |[32m++++++++++++++++++++++++++++++++++++++[0m| 
layer-sha256:c8577ccb98d6af2b56cb43790454d142c1bfbee15c59b6b44c8278ca9b65baaa:    downloading    |[32m+++++++++++++++++++++++++++++[0m---------| 11.0 GiB/14.0 GiB 
layer-sha256:dab186ad61c8543a52a8cb5cef310d98159eb6fe36eb2868bac2ab6ea985972b:    done           |[32m++++++++++++++++++++++++++++++++++++++[0m| 
elapsed: 27.5s                                                                    total:  11.0 G (411.0 MiB/s)                                     
172.31.67.78:5000/model-ballast:A-14g:                                            resolved       |[32m++++++++++++++++++++++++++++++++++++++[0m| 
index-sha256:093fc1a5143440a3ba8cb6cdc582edbfe183ca86bdd4db3f165c170f18ddddf4:    done           |[32m++++++++++++++++++++++++++++++++++++++[0m| 
manifest-sha256:774ef59b0c94679c2695f0c05e2bc0b21d44f5d1339ab17b6e3323bf28d39f66: done           |[32m++++++++++++++++++++++++++++++++++++++[0m| 
manifest-sha256:d8cbd2948553ac2bc682b20626e09f9e897e31ea05ded4deff1ad81c79b3f2b4: done           |[32m++++++++++++++++++++++++++++++++++++++[0m| 
config-sha256:318f2319125641580710a110c1ae28c8a91e224c7c2e4e69627d68fa9c332ab0:   done           |[32m++++++++++++++++++++++++++++++++++++++[0m| 
layer-sha256:034d6572bf287fa79604fee9be062f0683809ae3a3685bc7b0e17bd1c48c50e8:    done           |[32m++++++++++++++++++++++++++++++++++++++[0m| 
layer-sha256:c8577ccb98d6af2b56cb43790454d142c1bfbee15c59b6b44c8278ca9b65baaa:    downloading    |[32m++++++++++++++++++++++++++++++[0m--------| 11.1 GiB/14.0 GiB 
layer-sha256:dab186ad61c8543a52a8cb5cef310d98159eb6fe36eb2868bac2ab6ea985972b:    done           |[32m++++++++++++++++++++++++++++++++++++++[0m| 
elapsed: 27.6s                                                                    total:  11.1 G (411.0 MiB/s)                                     
172.31.67.78:5000/model-ballast:A-14g:                                            resolved       |[32m++++++++++++++++++++++++++++++++++++++[0m| 
index-sha256:093fc1a5143440a3ba8cb6cdc582edbfe183ca86bdd4db3f165c170f18ddddf4:    done           |[32m++++++++++++++++++++++++++++++++++++++[0m| 
manifest-sha256:774ef59b0c94679c2695f0c05e2bc0b21d44f5d1339ab17b6e3323bf28d39f66: done           |[32m++++++++++++++++++++++++++++++++++++++[0m| 
manifest-sha256:d8cbd2948553ac2bc682b20626e09f9e897e31ea05ded4deff1ad81c79b3f2b4: done           |[32m++++++++++++++++++++++++++++++++++++++[0m| 
config-sha256:318f2319125641580710a110c1ae28c8a91e224c7c2e4e69627d68fa9c332ab0:   done           |[32m++++++++++++++++++++++++++++++++++++++[0m| 
layer-sha256:034d6572bf287fa79604fee9be062f0683809ae3a3685bc7b0e17bd1c48c50e8:    done           |[32m++++++++++++++++++++++++++++++++++++++[0m| 
layer-sha256:c8577ccb98d6af2b56cb43790454d142c1bfbee15c59b6b44c8278ca9b65baaa:    downloading    |[32m++++++++++++++++++++++++++++++[0m--------| 11.1 GiB/14.0 GiB 
layer-sha256:dab186ad61c8543a52a8cb5cef310d98159eb6fe36eb2868bac2ab6ea985972b:    done           |[32m++++++++++++++++++++++++++++++++++++++[0m| 
elapsed: 27.7s                                                                    total:  11.1 G (411.0 MiB/s)                                     
172.31.67.78:5000/model-ballast:A-14g:                                            resolved       |[32m++++++++++++++++++++++++++++++++++++++[0m| 
index-sha256:093fc1a5143440a3ba8cb6cdc582edbfe183ca86bdd4db3f165c170f18ddddf4:    done           |[32m++++++++++++++++++++++++++++++++++++++[0m| 
manifest-sha256:774ef59b0c94679c2695f0c05e2bc0b21d44f5d1339ab17b6e3323bf28d39f66: done           |[32m++++++++++++++++++++++++++++++++++++++[0m| 
manifest-sha256:d8cbd2948553ac2bc682b20626e09f9e897e31ea05ded4deff1ad81c79b3f2b4: done           |[32m++++++++++++++++++++++++++++++++++++++[0m| 
config-sha256:318f2319125641580710a110c1ae28c8a91e224c7c2e4e69627d68fa9c332ab0:   done           |[32m++++++++++++++++++++++++++++++++++++++[0m| 
layer-sha256:034d6572bf287fa79604fee9be062f0683809ae3a3685bc7b0e17bd1c48c50e8:    done           |[32m++++++++++++++++++++++++++++++++++++++[0m| 
layer-sha256:c8577ccb98d6af2b56cb43790454d142c1bfbee15c59b6b44c8278ca9b65baaa:    downloading    |[32m++++++++++++++++++++++++++++++[0m--------| 11.2 GiB/14.0 GiB 
layer-sha256:dab186ad61c8543a52a8cb5cef310d98159eb6fe36eb2868bac2ab6ea985972b:    done           |[32m++++++++++++++++++++++++++++++++++++++[0m| 
elapsed: 27.8s                                                                    total:  11.2 G (411.0 MiB/s)                                     
172.31.67.78:5000/model-ballast:A-14g:                                            resolved       |[32m++++++++++++++++++++++++++++++++++++++[0m| 
index-sha256:093fc1a5143440a3ba8cb6cdc582edbfe183ca86bdd4db3f165c170f18ddddf4:    done           |[32m++++++++++++++++++++++++++++++++++++++[0m| 
manifest-sha256:774ef59b0c94679c2695f0c05e2bc0b21d44f5d1339ab17b6e3323bf28d39f66: done           |[32m++++++++++++++++++++++++++++++++++++++[0m| 
manifest-sha256:d8cbd2948553ac2bc682b20626e09f9e897e31ea05ded4deff1ad81c79b3f2b4: done           |[32m++++++++++++++++++++++++++++++++++++++[0m| 
config-sha256:318f2319125641580710a110c1ae28c8a91e224c7c2e4e69627d68fa9c332ab0:   done           |[32m++++++++++++++++++++++++++++++++++++++[0m| 
layer-sha256:034d6572bf287fa79604fee9be062f0683809ae3a3685bc7b0e17bd1c48c50e8:    done           |[32m++++++++++++++++++++++++++++++++++++++[0m| 
layer-sha256:c8577ccb98d6af2b56cb43790454d142c1bfbee15c59b6b44c8278ca9b65baaa:    downloading    |[32m++++++++++++++++++++++++++++++[0m--------| 11.2 GiB/14.0 GiB 
layer-sha256:dab186ad61c8543a52a8cb5cef310d98159eb6fe36eb2868bac2ab6ea985972b:    done           |[32m++++++++++++++++++++++++++++++++++++++[0m| 
elapsed: 27.9s                                                                    total:  11.2 G (410.9 MiB/s)                                     
172.31.67.78:5000/model-ballast:A-14g:                                            resolved       |[32m++++++++++++++++++++++++++++++++++++++[0m| 
index-sha256:093fc1a5143440a3ba8cb6cdc582edbfe183ca86bdd4db3f165c170f18ddddf4:    done           |[32m++++++++++++++++++++++++++++++++++++++[0m| 
manifest-sha256:774ef59b0c94679c2695f0c05e2bc0b21d44f5d1339ab17b6e3323bf28d39f66: done           |[32m++++++++++++++++++++++++++++++++++++++[0m| 
manifest-sha256:d8cbd2948553ac2bc682b20626e09f9e897e31ea05ded4deff1ad81c79b3f2b4: done           |[32m++++++++++++++++++++++++++++++++++++++[0m| 
config-sha256:318f2319125641580710a110c1ae28c8a91e224c7c2e4e69627d68fa9c332ab0:   done           |[32m++++++++++++++++++++++++++++++++++++++[0m| 
layer-sha256:034d6572bf287fa79604fee9be062f0683809ae3a3685bc7b0e17bd1c48c50e8:    done           |[32m++++++++++++++++++++++++++++++++++++++[0m| 
layer-sha256:c8577ccb98d6af2b56cb43790454d142c1bfbee15c59b6b44c8278ca9b65baaa:    downloading    |[32m++++++++++++++++++++++++++++++[0m--------| 11.2 GiB/14.0 GiB 
layer-sha256:dab186ad61c8543a52a8cb5cef310d98159eb6fe36eb2868bac2ab6ea985972b:    done           |[32m++++++++++++++++++++++++++++++++++++++[0m| 
elapsed: 28.0s                                                                    total:  11.2 G (410.9 MiB/s)                                     
172.31.67.78:5000/model-ballast:A-14g:                                            resolved       |[32m++++++++++++++++++++++++++++++++++++++[0m| 
index-sha256:093fc1a5143440a3ba8cb6cdc582edbfe183ca86bdd4db3f165c170f18ddddf4:    done           |[32m++++++++++++++++++++++++++++++++++++++[0m| 
manifest-sha256:774ef59b0c94679c2695f0c05e2bc0b21d44f5d1339ab17b6e3323bf28d39f66: done           |[32m++++++++++++++++++++++++++++++++++++++[0m| 
manifest-sha256:d8cbd2948553ac2bc682b20626e09f9e897e31ea05ded4deff1ad81c79b3f2b4: done           |[32m++++++++++++++++++++++++++++++++++++++[0m| 
config-sha256:318f2319125641580710a110c1ae28c8a91e224c7c2e4e69627d68fa9c332ab0:   done           |[32m++++++++++++++++++++++++++++++++++++++[0m| 
layer-sha256:034d6572bf287fa79604fee9be062f0683809ae3a3685bc7b0e17bd1c48c50e8:    done           |[32m++++++++++++++++++++++++++++++++++++++[0m| 
layer-sha256:c8577ccb98d6af2b56cb43790454d142c1bfbee15c59b6b44c8278ca9b65baaa:    downloading    |[32m++++++++++++++++++++++++++++++[0m--------| 11.3 GiB/14.0 GiB 
layer-sha256:dab186ad61c8543a52a8cb5cef310d98159eb6fe36eb2868bac2ab6ea985972b:    done           |[32m++++++++++++++++++++++++++++++++++++++[0m| 
elapsed: 28.1s                                                                    total:  11.3 G (411.0 MiB/s)                                     
172.31.67.78:5000/model-ballast:A-14g:                                            resolved       |[32m++++++++++++++++++++++++++++++++++++++[0m| 
index-sha256:093fc1a5143440a3ba8cb6cdc582edbfe183ca86bdd4db3f165c170f18ddddf4:    done           |[32m++++++++++++++++++++++++++++++++++++++[0m| 
manifest-sha256:774ef59b0c94679c2695f0c05e2bc0b21d44f5d1339ab17b6e3323bf28d39f66: done           |[32m++++++++++++++++++++++++++++++++++++++[0m| 
manifest-sha256:d8cbd2948553ac2bc682b20626e09f9e897e31ea05ded4deff1ad81c79b3f2b4: done           |[32m++++++++++++++++++++++++++++++++++++++[0m| 
config-sha256:318f2319125641580710a110c1ae28c8a91e224c7c2e4e69627d68fa9c332ab0:   done           |[32m++++++++++++++++++++++++++++++++++++++[0m| 
layer-sha256:034d6572bf287fa79604fee9be062f0683809ae3a3685bc7b0e17bd1c48c50e8:    done           |[32m++++++++++++++++++++++++++++++++++++++[0m| 
layer-sha256:c8577ccb98d6af2b56cb43790454d142c1bfbee15c59b6b44c8278ca9b65baaa:    downloading    |[32m++++++++++++++++++++++++++++++[0m--------| 11.3 GiB/14.0 GiB 
layer-sha256:dab186ad61c8543a52a8cb5cef310d98159eb6fe36eb2868bac2ab6ea985972b:    done           |[32m++++++++++++++++++++++++++++++++++++++[0m| 
elapsed: 28.2s                                                                    total:  11.3 G (411.0 MiB/s)                                     
172.31.67.78:5000/model-ballast:A-14g:                                            resolved       |[32m++++++++++++++++++++++++++++++++++++++[0m| 
index-sha256:093fc1a5143440a3ba8cb6cdc582edbfe183ca86bdd4db3f165c170f18ddddf4:    done           |[32m++++++++++++++++++++++++++++++++++++++[0m| 
manifest-sha256:774ef59b0c94679c2695f0c05e2bc0b21d44f5d1339ab17b6e3323bf28d39f66: done           |[32m++++++++++++++++++++++++++++++++++++++[0m| 
manifest-sha256:d8cbd2948553ac2bc682b20626e09f9e897e31ea05ded4deff1ad81c79b3f2b4: done           |[32m++++++++++++++++++++++++++++++++++++++[0m| 
config-sha256:318f2319125641580710a110c1ae28c8a91e224c7c2e4e69627d68fa9c332ab0:   done           |[32m++++++++++++++++++++++++++++++++++++++[0m| 
layer-sha256:034d6572bf287fa79604fee9be062f0683809ae3a3685bc7b0e17bd1c48c50e8:    done           |[32m++++++++++++++++++++++++++++++++++++++[0m| 
layer-sha256:c8577ccb98d6af2b56cb43790454d142c1bfbee15c59b6b44c8278ca9b65baaa:    downloading    |[32m++++++++++++++++++++++++++++++[0m--------| 11.4 GiB/14.0 GiB 
layer-sha256:dab186ad61c8543a52a8cb5cef310d98159eb6fe36eb2868bac2ab6ea985972b:    done           |[32m++++++++++++++++++++++++++++++++++++++[0m| 
elapsed: 28.3s                                                                    total:  11.4 G (411.0 MiB/s)                                     
172.31.67.78:5000/model-ballast:A-14g:                                            resolved       |[32m++++++++++++++++++++++++++++++++++++++[0m| 
index-sha256:093fc1a5143440a3ba8cb6cdc582edbfe183ca86bdd4db3f165c170f18ddddf4:    done           |[32m++++++++++++++++++++++++++++++++++++++[0m| 
manifest-sha256:774ef59b0c94679c2695f0c05e2bc0b21d44f5d1339ab17b6e3323bf28d39f66: done           |[32m++++++++++++++++++++++++++++++++++++++[0m| 
manifest-sha256:d8cbd2948553ac2bc682b20626e09f9e897e31ea05ded4deff1ad81c79b3f2b4: done           |[32m++++++++++++++++++++++++++++++++++++++[0m| 
config-sha256:318f2319125641580710a110c1ae28c8a91e224c7c2e4e69627d68fa9c332ab0:   done           |[32m++++++++++++++++++++++++++++++++++++++[0m| 
layer-sha256:034d6572bf287fa79604fee9be062f0683809ae3a3685bc7b0e17bd1c48c50e8:    done           |[32m++++++++++++++++++++++++++++++++++++++[0m| 
layer-sha256:c8577ccb98d6af2b56cb43790454d142c1bfbee15c59b6b44c8278ca9b65baaa:    downloading    |[32m++++++++++++++++++++++++++++++[0m--------| 11.4 GiB/14.0 GiB 
layer-sha256:dab186ad61c8543a52a8cb5cef310d98159eb6fe36eb2868bac2ab6ea985972b:    done           |[32m++++++++++++++++++++++++++++++++++++++[0m| 
elapsed: 28.4s                                                                    total:  11.4 G (411.0 MiB/s)                                     
172.31.67.78:5000/model-ballast:A-14g:                                            resolved       |[32m++++++++++++++++++++++++++++++++++++++[0m| 
index-sha256:093fc1a5143440a3ba8cb6cdc582edbfe183ca86bdd4db3f165c170f18ddddf4:    done           |[32m++++++++++++++++++++++++++++++++++++++[0m| 
manifest-sha256:774ef59b0c94679c2695f0c05e2bc0b21d44f5d1339ab17b6e3323bf28d39f66: done           |[32m++++++++++++++++++++++++++++++++++++++[0m| 
manifest-sha256:d8cbd2948553ac2bc682b20626e09f9e897e31ea05ded4deff1ad81c79b3f2b4: done           |[32m++++++++++++++++++++++++++++++++++++++[0m| 
config-sha256:318f2319125641580710a110c1ae28c8a91e224c7c2e4e69627d68fa9c332ab0:   done           |[32m++++++++++++++++++++++++++++++++++++++[0m| 
layer-sha256:034d6572bf287fa79604fee9be062f0683809ae3a3685bc7b0e17bd1c48c50e8:    done           |[32m++++++++++++++++++++++++++++++++++++++[0m| 
layer-sha256:c8577ccb98d6af2b56cb43790454d142c1bfbee15c59b6b44c8278ca9b65baaa:    downloading    |[32m+++++++++++++++++++++++++++++++[0m-------| 11.4 GiB/14.0 GiB 
layer-sha256:dab186ad61c8543a52a8cb5cef310d98159eb6fe36eb2868bac2ab6ea985972b:    done           |[32m++++++++++++++++++++++++++++++++++++++[0m| 
elapsed: 28.5s                                                                    total:  11.4 G (410.9 MiB/s)                                     
172.31.67.78:5000/model-ballast:A-14g:                                            resolved       |[32m++++++++++++++++++++++++++++++++++++++[0m| 
index-sha256:093fc1a5143440a3ba8cb6cdc582edbfe183ca86bdd4db3f165c170f18ddddf4:    done           |[32m++++++++++++++++++++++++++++++++++++++[0m| 
manifest-sha256:774ef59b0c94679c2695f0c05e2bc0b21d44f5d1339ab17b6e3323bf28d39f66: done           |[32m++++++++++++++++++++++++++++++++++++++[0m| 
manifest-sha256:d8cbd2948553ac2bc682b20626e09f9e897e31ea05ded4deff1ad81c79b3f2b4: done           |[32m++++++++++++++++++++++++++++++++++++++[0m| 
config-sha256:318f2319125641580710a110c1ae28c8a91e224c7c2e4e69627d68fa9c332ab0:   done           |[32m++++++++++++++++++++++++++++++++++++++[0m| 
layer-sha256:034d6572bf287fa79604fee9be062f0683809ae3a3685bc7b0e17bd1c48c50e8:    done           |[32m++++++++++++++++++++++++++++++++++++++[0m| 
layer-sha256:c8577ccb98d6af2b56cb43790454d142c1bfbee15c59b6b44c8278ca9b65baaa:    downloading    |[32m+++++++++++++++++++++++++++++++[0m-------| 11.5 GiB/14.0 GiB 
layer-sha256:dab186ad61c8543a52a8cb5cef310d98159eb6fe36eb2868bac2ab6ea985972b:    done           |[32m++++++++++++++++++++++++++++++++++++++[0m| 
elapsed: 28.6s                                                                    total:  11.5 G (410.6 MiB/s)                                     
172.31.67.78:5000/model-ballast:A-14g:                                            resolved       |[32m++++++++++++++++++++++++++++++++++++++[0m| 
index-sha256:093fc1a5143440a3ba8cb6cdc582edbfe183ca86bdd4db3f165c170f18ddddf4:    done           |[32m++++++++++++++++++++++++++++++++++++++[0m| 
manifest-sha256:774ef59b0c94679c2695f0c05e2bc0b21d44f5d1339ab17b6e3323bf28d39f66: done           |[32m++++++++++++++++++++++++++++++++++++++[0m| 
manifest-sha256:d8cbd2948553ac2bc682b20626e09f9e897e31ea05ded4deff1ad81c79b3f2b4: done           |[32m++++++++++++++++++++++++++++++++++++++[0m| 
config-sha256:318f2319125641580710a110c1ae28c8a91e224c7c2e4e69627d68fa9c332ab0:   done           |[32m++++++++++++++++++++++++++++++++++++++[0m| 
layer-sha256:034d6572bf287fa79604fee9be062f0683809ae3a3685bc7b0e17bd1c48c50e8:    done           |[32m++++++++++++++++++++++++++++++++++++++[0m| 
layer-sha256:c8577ccb98d6af2b56cb43790454d142c1bfbee15c59b6b44c8278ca9b65baaa:    downloading    |[32m+++++++++++++++++++++++++++++++[0m-------| 11.5 GiB/14.0 GiB 
layer-sha256:dab186ad61c8543a52a8cb5cef310d98159eb6fe36eb2868bac2ab6ea985972b:    done           |[32m++++++++++++++++++++++++++++++++++++++[0m| 
elapsed: 28.7s                                                                    total:  11.5 G (410.2 MiB/s)                                     
172.31.67.78:5000/model-ballast:A-14g:                                            resolved       |[32m++++++++++++++++++++++++++++++++++++++[0m| 
index-sha256:093fc1a5143440a3ba8cb6cdc582edbfe183ca86bdd4db3f165c170f18ddddf4:    done           |[32m++++++++++++++++++++++++++++++++++++++[0m| 
manifest-sha256:774ef59b0c94679c2695f0c05e2bc0b21d44f5d1339ab17b6e3323bf28d39f66: done           |[32m++++++++++++++++++++++++++++++++++++++[0m| 
manifest-sha256:d8cbd2948553ac2bc682b20626e09f9e897e31ea05ded4deff1ad81c79b3f2b4: done           |[32m++++++++++++++++++++++++++++++++++++++[0m| 
config-sha256:318f2319125641580710a110c1ae28c8a91e224c7c2e4e69627d68fa9c332ab0:   done           |[32m++++++++++++++++++++++++++++++++++++++[0m| 
layer-sha256:034d6572bf287fa79604fee9be062f0683809ae3a3685bc7b0e17bd1c48c50e8:    done           |[32m++++++++++++++++++++++++++++++++++++++[0m| 
layer-sha256:c8577ccb98d6af2b56cb43790454d142c1bfbee15c59b6b44c8278ca9b65baaa:    downloading    |[32m+++++++++++++++++++++++++++++++[0m-------| 11.5 GiB/14.0 GiB 
layer-sha256:dab186ad61c8543a52a8cb5cef310d98159eb6fe36eb2868bac2ab6ea985972b:    done           |[32m++++++++++++++++++++++++++++++++++++++[0m| 
elapsed: 28.8s                                                                    total:  11.5 G (410.2 MiB/s)                                     
172.31.67.78:5000/model-ballast:A-14g:                                            resolved       |[32m++++++++++++++++++++++++++++++++++++++[0m| 
index-sha256:093fc1a5143440a3ba8cb6cdc582edbfe183ca86bdd4db3f165c170f18ddddf4:    done           |[32m++++++++++++++++++++++++++++++++++++++[0m| 
manifest-sha256:774ef59b0c94679c2695f0c05e2bc0b21d44f5d1339ab17b6e3323bf28d39f66: done           |[32m++++++++++++++++++++++++++++++++++++++[0m| 
manifest-sha256:d8cbd2948553ac2bc682b20626e09f9e897e31ea05ded4deff1ad81c79b3f2b4: done           |[32m++++++++++++++++++++++++++++++++++++++[0m| 
config-sha256:318f2319125641580710a110c1ae28c8a91e224c7c2e4e69627d68fa9c332ab0:   done           |[32m++++++++++++++++++++++++++++++++++++++[0m| 
layer-sha256:034d6572bf287fa79604fee9be062f0683809ae3a3685bc7b0e17bd1c48c50e8:    done           |[32m++++++++++++++++++++++++++++++++++++++[0m| 
layer-sha256:c8577ccb98d6af2b56cb43790454d142c1bfbee15c59b6b44c8278ca9b65baaa:    downloading    |[32m+++++++++++++++++++++++++++++++[0m-------| 11.6 GiB/14.0 GiB 
layer-sha256:dab186ad61c8543a52a8cb5cef310d98159eb6fe36eb2868bac2ab6ea985972b:    done           |[32m++++++++++++++++++++++++++++++++++++++[0m| 
elapsed: 28.9s                                                                    total:  11.6 G (410.3 MiB/s)                                     
172.31.67.78:5000/model-ballast:A-14g:                                            resolved       |[32m++++++++++++++++++++++++++++++++++++++[0m| 
index-sha256:093fc1a5143440a3ba8cb6cdc582edbfe183ca86bdd4db3f165c170f18ddddf4:    done           |[32m++++++++++++++++++++++++++++++++++++++[0m| 
manifest-sha256:774ef59b0c94679c2695f0c05e2bc0b21d44f5d1339ab17b6e3323bf28d39f66: done           |[32m++++++++++++++++++++++++++++++++++++++[0m| 
manifest-sha256:d8cbd2948553ac2bc682b20626e09f9e897e31ea05ded4deff1ad81c79b3f2b4: done           |[32m++++++++++++++++++++++++++++++++++++++[0m| 
config-sha256:318f2319125641580710a110c1ae28c8a91e224c7c2e4e69627d68fa9c332ab0:   done           |[32m++++++++++++++++++++++++++++++++++++++[0m| 
layer-sha256:034d6572bf287fa79604fee9be062f0683809ae3a3685bc7b0e17bd1c48c50e8:    done           |[32m++++++++++++++++++++++++++++++++++++++[0m| 
layer-sha256:c8577ccb98d6af2b56cb43790454d142c1bfbee15c59b6b44c8278ca9b65baaa:    downloading    |[32m+++++++++++++++++++++++++++++++[0m-------| 11.6 GiB/14.0 GiB 
layer-sha256:dab186ad61c8543a52a8cb5cef310d98159eb6fe36eb2868bac2ab6ea985972b:    done           |[32m++++++++++++++++++++++++++++++++++++++[0m| 
elapsed: 29.0s                                                                    total:  11.6 G (410.3 MiB/s)                                     
172.31.67.78:5000/model-ballast:A-14g:                                            resolved       |[32m++++++++++++++++++++++++++++++++++++++[0m| 
index-sha256:093fc1a5143440a3ba8cb6cdc582edbfe183ca86bdd4db3f165c170f18ddddf4:    done           |[32m++++++++++++++++++++++++++++++++++++++[0m| 
manifest-sha256:774ef59b0c94679c2695f0c05e2bc0b21d44f5d1339ab17b6e3323bf28d39f66: done           |[32m++++++++++++++++++++++++++++++++++++++[0m| 
manifest-sha256:d8cbd2948553ac2bc682b20626e09f9e897e31ea05ded4deff1ad81c79b3f2b4: done           |[32m++++++++++++++++++++++++++++++++++++++[0m| 
config-sha256:318f2319125641580710a110c1ae28c8a91e224c7c2e4e69627d68fa9c332ab0:   done           |[32m++++++++++++++++++++++++++++++++++++++[0m| 
layer-sha256:034d6572bf287fa79604fee9be062f0683809ae3a3685bc7b0e17bd1c48c50e8:    done           |[32m++++++++++++++++++++++++++++++++++++++[0m| 
layer-sha256:c8577ccb98d6af2b56cb43790454d142c1bfbee15c59b6b44c8278ca9b65baaa:    downloading    |[32m+++++++++++++++++++++++++++++++[0m-------| 11.7 GiB/14.0 GiB 
layer-sha256:dab186ad61c8543a52a8cb5cef310d98159eb6fe36eb2868bac2ab6ea985972b:    done           |[32m++++++++++++++++++++++++++++++++++++++[0m| 
elapsed: 29.1s                                                                    total:  11.7 G (410.3 MiB/s)                                     
172.31.67.78:5000/model-ballast:A-14g:                                            resolved       |[32m++++++++++++++++++++++++++++++++++++++[0m| 
index-sha256:093fc1a5143440a3ba8cb6cdc582edbfe183ca86bdd4db3f165c170f18ddddf4:    done           |[32m++++++++++++++++++++++++++++++++++++++[0m| 
manifest-sha256:774ef59b0c94679c2695f0c05e2bc0b21d44f5d1339ab17b6e3323bf28d39f66: done           |[32m++++++++++++++++++++++++++++++++++++++[0m| 
manifest-sha256:d8cbd2948553ac2bc682b20626e09f9e897e31ea05ded4deff1ad81c79b3f2b4: done           |[32m++++++++++++++++++++++++++++++++++++++[0m| 
config-sha256:318f2319125641580710a110c1ae28c8a91e224c7c2e4e69627d68fa9c332ab0:   done           |[32m++++++++++++++++++++++++++++++++++++++[0m| 
layer-sha256:034d6572bf287fa79604fee9be062f0683809ae3a3685bc7b0e17bd1c48c50e8:    done           |[32m++++++++++++++++++++++++++++++++++++++[0m| 
layer-sha256:c8577ccb98d6af2b56cb43790454d142c1bfbee15c59b6b44c8278ca9b65baaa:    downloading    |[32m+++++++++++++++++++++++++++++++[0m-------| 11.7 GiB/14.0 GiB 
layer-sha256:dab186ad61c8543a52a8cb5cef310d98159eb6fe36eb2868bac2ab6ea985972b:    done           |[32m++++++++++++++++++++++++++++++++++++++[0m| 
elapsed: 29.2s                                                                    total:  11.7 G (410.4 MiB/s)                                     
172.31.67.78:5000/model-ballast:A-14g:                                            resolved       |[32m++++++++++++++++++++++++++++++++++++++[0m| 
index-sha256:093fc1a5143440a3ba8cb6cdc582edbfe183ca86bdd4db3f165c170f18ddddf4:    done           |[32m++++++++++++++++++++++++++++++++++++++[0m| 
manifest-sha256:774ef59b0c94679c2695f0c05e2bc0b21d44f5d1339ab17b6e3323bf28d39f66: done           |[32m++++++++++++++++++++++++++++++++++++++[0m| 
manifest-sha256:d8cbd2948553ac2bc682b20626e09f9e897e31ea05ded4deff1ad81c79b3f2b4: done           |[32m++++++++++++++++++++++++++++++++++++++[0m| 
config-sha256:318f2319125641580710a110c1ae28c8a91e224c7c2e4e69627d68fa9c332ab0:   done           |[32m++++++++++++++++++++++++++++++++++++++[0m| 
layer-sha256:034d6572bf287fa79604fee9be062f0683809ae3a3685bc7b0e17bd1c48c50e8:    done           |[32m++++++++++++++++++++++++++++++++++++++[0m| 
layer-sha256:c8577ccb98d6af2b56cb43790454d142c1bfbee15c59b6b44c8278ca9b65baaa:    downloading    |[32m+++++++++++++++++++++++++++++++[0m-------| 11.7 GiB/14.0 GiB 
layer-sha256:dab186ad61c8543a52a8cb5cef310d98159eb6fe36eb2868bac2ab6ea985972b:    done           |[32m++++++++++++++++++++++++++++++++++++++[0m| 
elapsed: 29.3s                                                                    total:  11.7 G (410.4 MiB/s)                                     
172.31.67.78:5000/model-ballast:A-14g:                                            resolved       |[32m++++++++++++++++++++++++++++++++++++++[0m| 
index-sha256:093fc1a5143440a3ba8cb6cdc582edbfe183ca86bdd4db3f165c170f18ddddf4:    done           |[32m++++++++++++++++++++++++++++++++++++++[0m| 
manifest-sha256:774ef59b0c94679c2695f0c05e2bc0b21d44f5d1339ab17b6e3323bf28d39f66: done           |[32m++++++++++++++++++++++++++++++++++++++[0m| 
manifest-sha256:d8cbd2948553ac2bc682b20626e09f9e897e31ea05ded4deff1ad81c79b3f2b4: done           |[32m++++++++++++++++++++++++++++++++++++++[0m| 
config-sha256:318f2319125641580710a110c1ae28c8a91e224c7c2e4e69627d68fa9c332ab0:   done           |[32m++++++++++++++++++++++++++++++++++++++[0m| 
layer-sha256:034d6572bf287fa79604fee9be062f0683809ae3a3685bc7b0e17bd1c48c50e8:    done           |[32m++++++++++++++++++++++++++++++++++++++[0m| 
layer-sha256:c8577ccb98d6af2b56cb43790454d142c1bfbee15c59b6b44c8278ca9b65baaa:    downloading    |[32m+++++++++++++++++++++++++++++++[0m-------| 11.8 GiB/14.0 GiB 
layer-sha256:dab186ad61c8543a52a8cb5cef310d98159eb6fe36eb2868bac2ab6ea985972b:    done           |[32m++++++++++++++++++++++++++++++++++++++[0m| 
elapsed: 29.4s                                                                    total:  11.8 G (410.4 MiB/s)                                     
172.31.67.78:5000/model-ballast:A-14g:                                            resolved       |[32m++++++++++++++++++++++++++++++++++++++[0m| 
index-sha256:093fc1a5143440a3ba8cb6cdc582edbfe183ca86bdd4db3f165c170f18ddddf4:    done           |[32m++++++++++++++++++++++++++++++++++++++[0m| 
manifest-sha256:774ef59b0c94679c2695f0c05e2bc0b21d44f5d1339ab17b6e3323bf28d39f66: done           |[32m++++++++++++++++++++++++++++++++++++++[0m| 
manifest-sha256:d8cbd2948553ac2bc682b20626e09f9e897e31ea05ded4deff1ad81c79b3f2b4: done           |[32m++++++++++++++++++++++++++++++++++++++[0m| 
config-sha256:318f2319125641580710a110c1ae28c8a91e224c7c2e4e69627d68fa9c332ab0:   done           |[32m++++++++++++++++++++++++++++++++++++++[0m| 
layer-sha256:034d6572bf287fa79604fee9be062f0683809ae3a3685bc7b0e17bd1c48c50e8:    done           |[32m++++++++++++++++++++++++++++++++++++++[0m| 
layer-sha256:c8577ccb98d6af2b56cb43790454d142c1bfbee15c59b6b44c8278ca9b65baaa:    downloading    |[32m++++++++++++++++++++++++++++++++[0m------| 11.8 GiB/14.0 GiB 
layer-sha256:dab186ad61c8543a52a8cb5cef310d98159eb6fe36eb2868bac2ab6ea985972b:    done           |[32m++++++++++++++++++++++++++++++++++++++[0m| 
elapsed: 29.5s                                                                    total:  11.8 G (410.4 MiB/s)                                     
172.31.67.78:5000/model-ballast:A-14g:                                            resolved       |[32m++++++++++++++++++++++++++++++++++++++[0m| 
index-sha256:093fc1a5143440a3ba8cb6cdc582edbfe183ca86bdd4db3f165c170f18ddddf4:    done           |[32m++++++++++++++++++++++++++++++++++++++[0m| 
manifest-sha256:774ef59b0c94679c2695f0c05e2bc0b21d44f5d1339ab17b6e3323bf28d39f66: done           |[32m++++++++++++++++++++++++++++++++++++++[0m| 
manifest-sha256:d8cbd2948553ac2bc682b20626e09f9e897e31ea05ded4deff1ad81c79b3f2b4: done           |[32m++++++++++++++++++++++++++++++++++++++[0m| 
config-sha256:318f2319125641580710a110c1ae28c8a91e224c7c2e4e69627d68fa9c332ab0:   done           |[32m++++++++++++++++++++++++++++++++++++++[0m| 
layer-sha256:034d6572bf287fa79604fee9be062f0683809ae3a3685bc7b0e17bd1c48c50e8:    done           |[32m++++++++++++++++++++++++++++++++++++++[0m| 
layer-sha256:c8577ccb98d6af2b56cb43790454d142c1bfbee15c59b6b44c8278ca9b65baaa:    downloading    |[32m++++++++++++++++++++++++++++++++[0m------| 11.9 GiB/14.0 GiB 
layer-sha256:dab186ad61c8543a52a8cb5cef310d98159eb6fe36eb2868bac2ab6ea985972b:    done           |[32m++++++++++++++++++++++++++++++++++++++[0m| 
elapsed: 29.6s                                                                    total:  11.9 G (410.5 MiB/s)                                     
172.31.67.78:5000/model-ballast:A-14g:                                            resolved       |[32m++++++++++++++++++++++++++++++++++++++[0m| 
index-sha256:093fc1a5143440a3ba8cb6cdc582edbfe183ca86bdd4db3f165c170f18ddddf4:    done           |[32m++++++++++++++++++++++++++++++++++++++[0m| 
manifest-sha256:774ef59b0c94679c2695f0c05e2bc0b21d44f5d1339ab17b6e3323bf28d39f66: done           |[32m++++++++++++++++++++++++++++++++++++++[0m| 
manifest-sha256:d8cbd2948553ac2bc682b20626e09f9e897e31ea05ded4deff1ad81c79b3f2b4: done           |[32m++++++++++++++++++++++++++++++++++++++[0m| 
config-sha256:318f2319125641580710a110c1ae28c8a91e224c7c2e4e69627d68fa9c332ab0:   done           |[32m++++++++++++++++++++++++++++++++++++++[0m| 
layer-sha256:034d6572bf287fa79604fee9be062f0683809ae3a3685bc7b0e17bd1c48c50e8:    done           |[32m++++++++++++++++++++++++++++++++++++++[0m| 
layer-sha256:c8577ccb98d6af2b56cb43790454d142c1bfbee15c59b6b44c8278ca9b65baaa:    downloading    |[32m++++++++++++++++++++++++++++++++[0m------| 11.9 GiB/14.0 GiB 
layer-sha256:dab186ad61c8543a52a8cb5cef310d98159eb6fe36eb2868bac2ab6ea985972b:    done           |[32m++++++++++++++++++++++++++++++++++++++[0m| 
elapsed: 29.7s                                                                    total:  11.9 G (410.5 MiB/s)                                     
172.31.67.78:5000/model-ballast:A-14g:                                            resolved       |[32m++++++++++++++++++++++++++++++++++++++[0m| 
index-sha256:093fc1a5143440a3ba8cb6cdc582edbfe183ca86bdd4db3f165c170f18ddddf4:    done           |[32m++++++++++++++++++++++++++++++++++++++[0m| 
manifest-sha256:774ef59b0c94679c2695f0c05e2bc0b21d44f5d1339ab17b6e3323bf28d39f66: done           |[32m++++++++++++++++++++++++++++++++++++++[0m| 
manifest-sha256:d8cbd2948553ac2bc682b20626e09f9e897e31ea05ded4deff1ad81c79b3f2b4: done           |[32m++++++++++++++++++++++++++++++++++++++[0m| 
config-sha256:318f2319125641580710a110c1ae28c8a91e224c7c2e4e69627d68fa9c332ab0:   done           |[32m++++++++++++++++++++++++++++++++++++++[0m| 
layer-sha256:034d6572bf287fa79604fee9be062f0683809ae3a3685bc7b0e17bd1c48c50e8:    done           |[32m++++++++++++++++++++++++++++++++++++++[0m| 
layer-sha256:c8577ccb98d6af2b56cb43790454d142c1bfbee15c59b6b44c8278ca9b65baaa:    downloading    |[32m++++++++++++++++++++++++++++++++[0m------| 11.9 GiB/14.0 GiB 
layer-sha256:dab186ad61c8543a52a8cb5cef310d98159eb6fe36eb2868bac2ab6ea985972b:    done           |[32m++++++++++++++++++++++++++++++++++++++[0m| 
elapsed: 29.8s                                                                    total:  11.9 G (410.5 MiB/s)                                     
172.31.67.78:5000/model-ballast:A-14g:                                            resolved       |[32m++++++++++++++++++++++++++++++++++++++[0m| 
index-sha256:093fc1a5143440a3ba8cb6cdc582edbfe183ca86bdd4db3f165c170f18ddddf4:    done           |[32m++++++++++++++++++++++++++++++++++++++[0m| 
manifest-sha256:774ef59b0c94679c2695f0c05e2bc0b21d44f5d1339ab17b6e3323bf28d39f66: done           |[32m++++++++++++++++++++++++++++++++++++++[0m| 
manifest-sha256:d8cbd2948553ac2bc682b20626e09f9e897e31ea05ded4deff1ad81c79b3f2b4: done           |[32m++++++++++++++++++++++++++++++++++++++[0m| 
config-sha256:318f2319125641580710a110c1ae28c8a91e224c7c2e4e69627d68fa9c332ab0:   done           |[32m++++++++++++++++++++++++++++++++++++++[0m| 
layer-sha256:034d6572bf287fa79604fee9be062f0683809ae3a3685bc7b0e17bd1c48c50e8:    done           |[32m++++++++++++++++++++++++++++++++++++++[0m| 
layer-sha256:c8577ccb98d6af2b56cb43790454d142c1bfbee15c59b6b44c8278ca9b65baaa:    downloading    |[32m++++++++++++++++++++++++++++++++[0m------| 12.0 GiB/14.0 GiB 
layer-sha256:dab186ad61c8543a52a8cb5cef310d98159eb6fe36eb2868bac2ab6ea985972b:    done           |[32m++++++++++++++++++++++++++++++++++++++[0m| 
elapsed: 29.9s                                                                    total:  12.0 G (410.5 MiB/s)                                     
172.31.67.78:5000/model-ballast:A-14g:                                            resolved       |[32m++++++++++++++++++++++++++++++++++++++[0m| 
index-sha256:093fc1a5143440a3ba8cb6cdc582edbfe183ca86bdd4db3f165c170f18ddddf4:    done           |[32m++++++++++++++++++++++++++++++++++++++[0m| 
manifest-sha256:774ef59b0c94679c2695f0c05e2bc0b21d44f5d1339ab17b6e3323bf28d39f66: done           |[32m++++++++++++++++++++++++++++++++++++++[0m| 
manifest-sha256:d8cbd2948553ac2bc682b20626e09f9e897e31ea05ded4deff1ad81c79b3f2b4: done           |[32m++++++++++++++++++++++++++++++++++++++[0m| 
config-sha256:318f2319125641580710a110c1ae28c8a91e224c7c2e4e69627d68fa9c332ab0:   done           |[32m++++++++++++++++++++++++++++++++++++++[0m| 
layer-sha256:034d6572bf287fa79604fee9be062f0683809ae3a3685bc7b0e17bd1c48c50e8:    done           |[32m++++++++++++++++++++++++++++++++++++++[0m| 
layer-sha256:c8577ccb98d6af2b56cb43790454d142c1bfbee15c59b6b44c8278ca9b65baaa:    downloading    |[32m++++++++++++++++++++++++++++++++[0m------| 12.0 GiB/14.0 GiB 
layer-sha256:dab186ad61c8543a52a8cb5cef310d98159eb6fe36eb2868bac2ab6ea985972b:    done           |[32m++++++++++++++++++++++++++++++++++++++[0m| 
elapsed: 30.0s                                                                    total:  12.0 G (410.5 MiB/s)                                     
172.31.67.78:5000/model-ballast:A-14g:                                            resolved       |[32m++++++++++++++++++++++++++++++++++++++[0m| 
index-sha256:093fc1a5143440a3ba8cb6cdc582edbfe183ca86bdd4db3f165c170f18ddddf4:    done           |[32m++++++++++++++++++++++++++++++++++++++[0m| 
manifest-sha256:774ef59b0c94679c2695f0c05e2bc0b21d44f5d1339ab17b6e3323bf28d39f66: done           |[32m++++++++++++++++++++++++++++++++++++++[0m| 
manifest-sha256:d8cbd2948553ac2bc682b20626e09f9e897e31ea05ded4deff1ad81c79b3f2b4: done           |[32m++++++++++++++++++++++++++++++++++++++[0m| 
config-sha256:318f2319125641580710a110c1ae28c8a91e224c7c2e4e69627d68fa9c332ab0:   done           |[32m++++++++++++++++++++++++++++++++++++++[0m| 
layer-sha256:034d6572bf287fa79604fee9be062f0683809ae3a3685bc7b0e17bd1c48c50e8:    done           |[32m++++++++++++++++++++++++++++++++++++++[0m| 
layer-sha256:c8577ccb98d6af2b56cb43790454d142c1bfbee15c59b6b44c8278ca9b65baaa:    downloading    |[32m++++++++++++++++++++++++++++++++[0m------| 12.1 GiB/14.0 GiB 
layer-sha256:dab186ad61c8543a52a8cb5cef310d98159eb6fe36eb2868bac2ab6ea985972b:    done           |[32m++++++++++++++++++++++++++++++++++++++[0m| 
elapsed: 30.1s                                                                    total:  12.1 G (410.5 MiB/s)                                     
172.31.67.78:5000/model-ballast:A-14g:                                            resolved       |[32m++++++++++++++++++++++++++++++++++++++[0m| 
index-sha256:093fc1a5143440a3ba8cb6cdc582edbfe183ca86bdd4db3f165c170f18ddddf4:    done           |[32m++++++++++++++++++++++++++++++++++++++[0m| 
manifest-sha256:774ef59b0c94679c2695f0c05e2bc0b21d44f5d1339ab17b6e3323bf28d39f66: done           |[32m++++++++++++++++++++++++++++++++++++++[0m| 
manifest-sha256:d8cbd2948553ac2bc682b20626e09f9e897e31ea05ded4deff1ad81c79b3f2b4: done           |[32m++++++++++++++++++++++++++++++++++++++[0m| 
config-sha256:318f2319125641580710a110c1ae28c8a91e224c7c2e4e69627d68fa9c332ab0:   done           |[32m++++++++++++++++++++++++++++++++++++++[0m| 
layer-sha256:034d6572bf287fa79604fee9be062f0683809ae3a3685bc7b0e17bd1c48c50e8:    done           |[32m++++++++++++++++++++++++++++++++++++++[0m| 
layer-sha256:c8577ccb98d6af2b56cb43790454d142c1bfbee15c59b6b44c8278ca9b65baaa:    downloading    |[32m++++++++++++++++++++++++++++++++[0m------| 12.1 GiB/14.0 GiB 
layer-sha256:dab186ad61c8543a52a8cb5cef310d98159eb6fe36eb2868bac2ab6ea985972b:    done           |[32m++++++++++++++++++++++++++++++++++++++[0m| 
elapsed: 30.2s                                                                    total:  12.1 G (410.4 MiB/s)                                     
172.31.67.78:5000/model-ballast:A-14g:                                            resolved       |[32m++++++++++++++++++++++++++++++++++++++[0m| 
index-sha256:093fc1a5143440a3ba8cb6cdc582edbfe183ca86bdd4db3f165c170f18ddddf4:    done           |[32m++++++++++++++++++++++++++++++++++++++[0m| 
manifest-sha256:774ef59b0c94679c2695f0c05e2bc0b21d44f5d1339ab17b6e3323bf28d39f66: done           |[32m++++++++++++++++++++++++++++++++++++++[0m| 
manifest-sha256:d8cbd2948553ac2bc682b20626e09f9e897e31ea05ded4deff1ad81c79b3f2b4: done           |[32m++++++++++++++++++++++++++++++++++++++[0m| 
config-sha256:318f2319125641580710a110c1ae28c8a91e224c7c2e4e69627d68fa9c332ab0:   done           |[32m++++++++++++++++++++++++++++++++++++++[0m| 
layer-sha256:034d6572bf287fa79604fee9be062f0683809ae3a3685bc7b0e17bd1c48c50e8:    done           |[32m++++++++++++++++++++++++++++++++++++++[0m| 
layer-sha256:c8577ccb98d6af2b56cb43790454d142c1bfbee15c59b6b44c8278ca9b65baaa:    downloading    |[32m++++++++++++++++++++++++++++++++[0m------| 12.1 GiB/14.0 GiB 
layer-sha256:dab186ad61c8543a52a8cb5cef310d98159eb6fe36eb2868bac2ab6ea985972b:    done           |[32m++++++++++++++++++++++++++++++++++++++[0m| 
elapsed: 30.3s                                                                    total:  12.1 G (410.4 MiB/s)                                     
172.31.67.78:5000/model-ballast:A-14g:                                            resolved       |[32m++++++++++++++++++++++++++++++++++++++[0m| 
index-sha256:093fc1a5143440a3ba8cb6cdc582edbfe183ca86bdd4db3f165c170f18ddddf4:    done           |[32m++++++++++++++++++++++++++++++++++++++[0m| 
manifest-sha256:774ef59b0c94679c2695f0c05e2bc0b21d44f5d1339ab17b6e3323bf28d39f66: done           |[32m++++++++++++++++++++++++++++++++++++++[0m| 
manifest-sha256:d8cbd2948553ac2bc682b20626e09f9e897e31ea05ded4deff1ad81c79b3f2b4: done           |[32m++++++++++++++++++++++++++++++++++++++[0m| 
config-sha256:318f2319125641580710a110c1ae28c8a91e224c7c2e4e69627d68fa9c332ab0:   done           |[32m++++++++++++++++++++++++++++++++++++++[0m| 
layer-sha256:034d6572bf287fa79604fee9be062f0683809ae3a3685bc7b0e17bd1c48c50e8:    done           |[32m++++++++++++++++++++++++++++++++++++++[0m| 
layer-sha256:c8577ccb98d6af2b56cb43790454d142c1bfbee15c59b6b44c8278ca9b65baaa:    downloading    |[32m+++++++++++++++++++++++++++++++++[0m-----| 12.2 GiB/14.0 GiB 
layer-sha256:dab186ad61c8543a52a8cb5cef310d98159eb6fe36eb2868bac2ab6ea985972b:    done           |[32m++++++++++++++++++++++++++++++++++++++[0m| 
elapsed: 30.4s                                                                    total:  12.2 G (410.4 MiB/s)                                     
172.31.67.78:5000/model-ballast:A-14g:                                            resolved       |[32m++++++++++++++++++++++++++++++++++++++[0m| 
index-sha256:093fc1a5143440a3ba8cb6cdc582edbfe183ca86bdd4db3f165c170f18ddddf4:    done           |[32m++++++++++++++++++++++++++++++++++++++[0m| 
manifest-sha256:774ef59b0c94679c2695f0c05e2bc0b21d44f5d1339ab17b6e3323bf28d39f66: done           |[32m++++++++++++++++++++++++++++++++++++++[0m| 
manifest-sha256:d8cbd2948553ac2bc682b20626e09f9e897e31ea05ded4deff1ad81c79b3f2b4: done           |[32m++++++++++++++++++++++++++++++++++++++[0m| 
config-sha256:318f2319125641580710a110c1ae28c8a91e224c7c2e4e69627d68fa9c332ab0:   done           |[32m++++++++++++++++++++++++++++++++++++++[0m| 
layer-sha256:034d6572bf287fa79604fee9be062f0683809ae3a3685bc7b0e17bd1c48c50e8:    done           |[32m++++++++++++++++++++++++++++++++++++++[0m| 
layer-sha256:c8577ccb98d6af2b56cb43790454d142c1bfbee15c59b6b44c8278ca9b65baaa:    downloading    |[32m+++++++++++++++++++++++++++++++++[0m-----| 12.2 GiB/14.0 GiB 
layer-sha256:dab186ad61c8543a52a8cb5cef310d98159eb6fe36eb2868bac2ab6ea985972b:    done           |[32m++++++++++++++++++++++++++++++++++++++[0m| 
elapsed: 30.5s                                                                    total:  12.2 G (410.4 MiB/s)                                     
172.31.67.78:5000/model-ballast:A-14g:                                            resolved       |[32m++++++++++++++++++++++++++++++++++++++[0m| 
index-sha256:093fc1a5143440a3ba8cb6cdc582edbfe183ca86bdd4db3f165c170f18ddddf4:    done           |[32m++++++++++++++++++++++++++++++++++++++[0m| 
manifest-sha256:774ef59b0c94679c2695f0c05e2bc0b21d44f5d1339ab17b6e3323bf28d39f66: done           |[32m++++++++++++++++++++++++++++++++++++++[0m| 
manifest-sha256:d8cbd2948553ac2bc682b20626e09f9e897e31ea05ded4deff1ad81c79b3f2b4: done           |[32m++++++++++++++++++++++++++++++++++++++[0m| 
config-sha256:318f2319125641580710a110c1ae28c8a91e224c7c2e4e69627d68fa9c332ab0:   done           |[32m++++++++++++++++++++++++++++++++++++++[0m| 
layer-sha256:034d6572bf287fa79604fee9be062f0683809ae3a3685bc7b0e17bd1c48c50e8:    done           |[32m++++++++++++++++++++++++++++++++++++++[0m| 
layer-sha256:c8577ccb98d6af2b56cb43790454d142c1bfbee15c59b6b44c8278ca9b65baaa:    downloading    |[32m+++++++++++++++++++++++++++++++++[0m-----| 12.3 GiB/14.0 GiB 
layer-sha256:dab186ad61c8543a52a8cb5cef310d98159eb6fe36eb2868bac2ab6ea985972b:    done           |[32m++++++++++++++++++++++++++++++++++++++[0m| 
elapsed: 30.6s                                                                    total:  12.3 G (410.4 MiB/s)                                     
172.31.67.78:5000/model-ballast:A-14g:                                            resolved       |[32m++++++++++++++++++++++++++++++++++++++[0m| 
index-sha256:093fc1a5143440a3ba8cb6cdc582edbfe183ca86bdd4db3f165c170f18ddddf4:    done           |[32m++++++++++++++++++++++++++++++++++++++[0m| 
manifest-sha256:774ef59b0c94679c2695f0c05e2bc0b21d44f5d1339ab17b6e3323bf28d39f66: done           |[32m++++++++++++++++++++++++++++++++++++++[0m| 
manifest-sha256:d8cbd2948553ac2bc682b20626e09f9e897e31ea05ded4deff1ad81c79b3f2b4: done           |[32m++++++++++++++++++++++++++++++++++++++[0m| 
config-sha256:318f2319125641580710a110c1ae28c8a91e224c7c2e4e69627d68fa9c332ab0:   done           |[32m++++++++++++++++++++++++++++++++++++++[0m| 
layer-sha256:034d6572bf287fa79604fee9be062f0683809ae3a3685bc7b0e17bd1c48c50e8:    done           |[32m++++++++++++++++++++++++++++++++++++++[0m| 
layer-sha256:c8577ccb98d6af2b56cb43790454d142c1bfbee15c59b6b44c8278ca9b65baaa:    downloading    |[32m+++++++++++++++++++++++++++++++++[0m-----| 12.3 GiB/14.0 GiB 
layer-sha256:dab186ad61c8543a52a8cb5cef310d98159eb6fe36eb2868bac2ab6ea985972b:    done           |[32m++++++++++++++++++++++++++++++++++++++[0m| 
elapsed: 30.7s                                                                    total:  12.3 G (410.3 MiB/s)                                     
172.31.67.78:5000/model-ballast:A-14g:                                            resolved       |[32m++++++++++++++++++++++++++++++++++++++[0m| 
index-sha256:093fc1a5143440a3ba8cb6cdc582edbfe183ca86bdd4db3f165c170f18ddddf4:    done           |[32m++++++++++++++++++++++++++++++++++++++[0m| 
manifest-sha256:774ef59b0c94679c2695f0c05e2bc0b21d44f5d1339ab17b6e3323bf28d39f66: done           |[32m++++++++++++++++++++++++++++++++++++++[0m| 
manifest-sha256:d8cbd2948553ac2bc682b20626e09f9e897e31ea05ded4deff1ad81c79b3f2b4: done           |[32m++++++++++++++++++++++++++++++++++++++[0m| 
config-sha256:318f2319125641580710a110c1ae28c8a91e224c7c2e4e69627d68fa9c332ab0:   done           |[32m++++++++++++++++++++++++++++++++++++++[0m| 
layer-sha256:034d6572bf287fa79604fee9be062f0683809ae3a3685bc7b0e17bd1c48c50e8:    done           |[32m++++++++++++++++++++++++++++++++++++++[0m| 
layer-sha256:c8577ccb98d6af2b56cb43790454d142c1bfbee15c59b6b44c8278ca9b65baaa:    downloading    |[32m+++++++++++++++++++++++++++++++++[0m-----| 12.3 GiB/14.0 GiB 
layer-sha256:dab186ad61c8543a52a8cb5cef310d98159eb6fe36eb2868bac2ab6ea985972b:    done           |[32m++++++++++++++++++++++++++++++++++++++[0m| 
elapsed: 30.8s                                                                    total:  12.3 G (410.2 MiB/s)                                     
172.31.67.78:5000/model-ballast:A-14g:                                            resolved       |[32m++++++++++++++++++++++++++++++++++++++[0m| 
index-sha256:093fc1a5143440a3ba8cb6cdc582edbfe183ca86bdd4db3f165c170f18ddddf4:    done           |[32m++++++++++++++++++++++++++++++++++++++[0m| 
manifest-sha256:774ef59b0c94679c2695f0c05e2bc0b21d44f5d1339ab17b6e3323bf28d39f66: done           |[32m++++++++++++++++++++++++++++++++++++++[0m| 
manifest-sha256:d8cbd2948553ac2bc682b20626e09f9e897e31ea05ded4deff1ad81c79b3f2b4: done           |[32m++++++++++++++++++++++++++++++++++++++[0m| 
config-sha256:318f2319125641580710a110c1ae28c8a91e224c7c2e4e69627d68fa9c332ab0:   done           |[32m++++++++++++++++++++++++++++++++++++++[0m| 
layer-sha256:034d6572bf287fa79604fee9be062f0683809ae3a3685bc7b0e17bd1c48c50e8:    done           |[32m++++++++++++++++++++++++++++++++++++++[0m| 
layer-sha256:c8577ccb98d6af2b56cb43790454d142c1bfbee15c59b6b44c8278ca9b65baaa:    downloading    |[32m+++++++++++++++++++++++++++++++++[0m-----| 12.4 GiB/14.0 GiB 
layer-sha256:dab186ad61c8543a52a8cb5cef310d98159eb6fe36eb2868bac2ab6ea985972b:    done           |[32m++++++++++++++++++++++++++++++++++++++[0m| 
elapsed: 30.9s                                                                    total:  12.4 G (410.2 MiB/s)                                     
172.31.67.78:5000/model-ballast:A-14g:                                            resolved       |[32m++++++++++++++++++++++++++++++++++++++[0m| 
index-sha256:093fc1a5143440a3ba8cb6cdc582edbfe183ca86bdd4db3f165c170f18ddddf4:    done           |[32m++++++++++++++++++++++++++++++++++++++[0m| 
manifest-sha256:774ef59b0c94679c2695f0c05e2bc0b21d44f5d1339ab17b6e3323bf28d39f66: done           |[32m++++++++++++++++++++++++++++++++++++++[0m| 
manifest-sha256:d8cbd2948553ac2bc682b20626e09f9e897e31ea05ded4deff1ad81c79b3f2b4: done           |[32m++++++++++++++++++++++++++++++++++++++[0m| 
config-sha256:318f2319125641580710a110c1ae28c8a91e224c7c2e4e69627d68fa9c332ab0:   done           |[32m++++++++++++++++++++++++++++++++++++++[0m| 
layer-sha256:034d6572bf287fa79604fee9be062f0683809ae3a3685bc7b0e17bd1c48c50e8:    done           |[32m++++++++++++++++++++++++++++++++++++++[0m| 
layer-sha256:c8577ccb98d6af2b56cb43790454d142c1bfbee15c59b6b44c8278ca9b65baaa:    downloading    |[32m+++++++++++++++++++++++++++++++++[0m-----| 12.4 GiB/14.0 GiB 
layer-sha256:dab186ad61c8543a52a8cb5cef310d98159eb6fe36eb2868bac2ab6ea985972b:    done           |[32m++++++++++++++++++++++++++++++++++++++[0m| 
elapsed: 31.0s                                                                    total:  12.4 G (410.2 MiB/s)                                     
172.31.67.78:5000/model-ballast:A-14g:                                            resolved       |[32m++++++++++++++++++++++++++++++++++++++[0m| 
index-sha256:093fc1a5143440a3ba8cb6cdc582edbfe183ca86bdd4db3f165c170f18ddddf4:    done           |[32m++++++++++++++++++++++++++++++++++++++[0m| 
manifest-sha256:774ef59b0c94679c2695f0c05e2bc0b21d44f5d1339ab17b6e3323bf28d39f66: done           |[32m++++++++++++++++++++++++++++++++++++++[0m| 
manifest-sha256:d8cbd2948553ac2bc682b20626e09f9e897e31ea05ded4deff1ad81c79b3f2b4: done           |[32m++++++++++++++++++++++++++++++++++++++[0m| 
config-sha256:318f2319125641580710a110c1ae28c8a91e224c7c2e4e69627d68fa9c332ab0:   done           |[32m++++++++++++++++++++++++++++++++++++++[0m| 
layer-sha256:034d6572bf287fa79604fee9be062f0683809ae3a3685bc7b0e17bd1c48c50e8:    done           |[32m++++++++++++++++++++++++++++++++++++++[0m| 
layer-sha256:c8577ccb98d6af2b56cb43790454d142c1bfbee15c59b6b44c8278ca9b65baaa:    downloading    |[32m+++++++++++++++++++++++++++++++++[0m-----| 12.5 GiB/14.0 GiB 
layer-sha256:dab186ad61c8543a52a8cb5cef310d98159eb6fe36eb2868bac2ab6ea985972b:    done           |[32m++++++++++++++++++++++++++++++++++++++[0m| 
elapsed: 31.1s                                                                    total:  12.5 G (410.3 MiB/s)                                     
172.31.67.78:5000/model-ballast:A-14g:                                            resolved       |[32m++++++++++++++++++++++++++++++++++++++[0m| 
index-sha256:093fc1a5143440a3ba8cb6cdc582edbfe183ca86bdd4db3f165c170f18ddddf4:    done           |[32m++++++++++++++++++++++++++++++++++++++[0m| 
manifest-sha256:774ef59b0c94679c2695f0c05e2bc0b21d44f5d1339ab17b6e3323bf28d39f66: done           |[32m++++++++++++++++++++++++++++++++++++++[0m| 
manifest-sha256:d8cbd2948553ac2bc682b20626e09f9e897e31ea05ded4deff1ad81c79b3f2b4: done           |[32m++++++++++++++++++++++++++++++++++++++[0m| 
config-sha256:318f2319125641580710a110c1ae28c8a91e224c7c2e4e69627d68fa9c332ab0:   done           |[32m++++++++++++++++++++++++++++++++++++++[0m| 
layer-sha256:034d6572bf287fa79604fee9be062f0683809ae3a3685bc7b0e17bd1c48c50e8:    done           |[32m++++++++++++++++++++++++++++++++++++++[0m| 
layer-sha256:c8577ccb98d6af2b56cb43790454d142c1bfbee15c59b6b44c8278ca9b65baaa:    downloading    |[32m+++++++++++++++++++++++++++++++++[0m-----| 12.5 GiB/14.0 GiB 
layer-sha256:dab186ad61c8543a52a8cb5cef310d98159eb6fe36eb2868bac2ab6ea985972b:    done           |[32m++++++++++++++++++++++++++++++++++++++[0m| 
elapsed: 31.2s                                                                    total:  12.5 G (410.3 MiB/s)                                     
172.31.67.78:5000/model-ballast:A-14g:                                            resolved       |[32m++++++++++++++++++++++++++++++++++++++[0m| 
index-sha256:093fc1a5143440a3ba8cb6cdc582edbfe183ca86bdd4db3f165c170f18ddddf4:    done           |[32m++++++++++++++++++++++++++++++++++++++[0m| 
manifest-sha256:774ef59b0c94679c2695f0c05e2bc0b21d44f5d1339ab17b6e3323bf28d39f66: done           |[32m++++++++++++++++++++++++++++++++++++++[0m| 
manifest-sha256:d8cbd2948553ac2bc682b20626e09f9e897e31ea05ded4deff1ad81c79b3f2b4: done           |[32m++++++++++++++++++++++++++++++++++++++[0m| 
config-sha256:318f2319125641580710a110c1ae28c8a91e224c7c2e4e69627d68fa9c332ab0:   done           |[32m++++++++++++++++++++++++++++++++++++++[0m| 
layer-sha256:034d6572bf287fa79604fee9be062f0683809ae3a3685bc7b0e17bd1c48c50e8:    done           |[32m++++++++++++++++++++++++++++++++++++++[0m| 
layer-sha256:c8577ccb98d6af2b56cb43790454d142c1bfbee15c59b6b44c8278ca9b65baaa:    downloading    |[32m++++++++++++++++++++++++++++++++++[0m----| 12.5 GiB/14.0 GiB 
layer-sha256:dab186ad61c8543a52a8cb5cef310d98159eb6fe36eb2868bac2ab6ea985972b:    done           |[32m++++++++++++++++++++++++++++++++++++++[0m| 
elapsed: 31.3s                                                                    total:  12.5 G (410.3 MiB/s)                                     
172.31.67.78:5000/model-ballast:A-14g:                                            resolved       |[32m++++++++++++++++++++++++++++++++++++++[0m| 
index-sha256:093fc1a5143440a3ba8cb6cdc582edbfe183ca86bdd4db3f165c170f18ddddf4:    done           |[32m++++++++++++++++++++++++++++++++++++++[0m| 
manifest-sha256:774ef59b0c94679c2695f0c05e2bc0b21d44f5d1339ab17b6e3323bf28d39f66: done           |[32m++++++++++++++++++++++++++++++++++++++[0m| 
manifest-sha256:d8cbd2948553ac2bc682b20626e09f9e897e31ea05ded4deff1ad81c79b3f2b4: done           |[32m++++++++++++++++++++++++++++++++++++++[0m| 
config-sha256:318f2319125641580710a110c1ae28c8a91e224c7c2e4e69627d68fa9c332ab0:   done           |[32m++++++++++++++++++++++++++++++++++++++[0m| 
layer-sha256:034d6572bf287fa79604fee9be062f0683809ae3a3685bc7b0e17bd1c48c50e8:    done           |[32m++++++++++++++++++++++++++++++++++++++[0m| 
layer-sha256:c8577ccb98d6af2b56cb43790454d142c1bfbee15c59b6b44c8278ca9b65baaa:    downloading    |[32m++++++++++++++++++++++++++++++++++[0m----| 12.6 GiB/14.0 GiB 
layer-sha256:dab186ad61c8543a52a8cb5cef310d98159eb6fe36eb2868bac2ab6ea985972b:    done           |[32m++++++++++++++++++++++++++++++++++++++[0m| 
elapsed: 31.4s                                                                    total:  12.6 G (410.3 MiB/s)                                     
172.31.67.78:5000/model-ballast:A-14g:                                            resolved       |[32m++++++++++++++++++++++++++++++++++++++[0m| 
index-sha256:093fc1a5143440a3ba8cb6cdc582edbfe183ca86bdd4db3f165c170f18ddddf4:    done           |[32m++++++++++++++++++++++++++++++++++++++[0m| 
manifest-sha256:774ef59b0c94679c2695f0c05e2bc0b21d44f5d1339ab17b6e3323bf28d39f66: done           |[32m++++++++++++++++++++++++++++++++++++++[0m| 
manifest-sha256:d8cbd2948553ac2bc682b20626e09f9e897e31ea05ded4deff1ad81c79b3f2b4: done           |[32m++++++++++++++++++++++++++++++++++++++[0m| 
config-sha256:318f2319125641580710a110c1ae28c8a91e224c7c2e4e69627d68fa9c332ab0:   done           |[32m++++++++++++++++++++++++++++++++++++++[0m| 
layer-sha256:034d6572bf287fa79604fee9be062f0683809ae3a3685bc7b0e17bd1c48c50e8:    done           |[32m++++++++++++++++++++++++++++++++++++++[0m| 
layer-sha256:c8577ccb98d6af2b56cb43790454d142c1bfbee15c59b6b44c8278ca9b65baaa:    downloading    |[32m++++++++++++++++++++++++++++++++++[0m----| 12.6 GiB/14.0 GiB 
layer-sha256:dab186ad61c8543a52a8cb5cef310d98159eb6fe36eb2868bac2ab6ea985972b:    done           |[32m++++++++++++++++++++++++++++++++++++++[0m| 
elapsed: 31.5s                                                                    total:  12.6 G (410.3 MiB/s)                                     
172.31.67.78:5000/model-ballast:A-14g:                                            resolved       |[32m++++++++++++++++++++++++++++++++++++++[0m| 
index-sha256:093fc1a5143440a3ba8cb6cdc582edbfe183ca86bdd4db3f165c170f18ddddf4:    done           |[32m++++++++++++++++++++++++++++++++++++++[0m| 
manifest-sha256:774ef59b0c94679c2695f0c05e2bc0b21d44f5d1339ab17b6e3323bf28d39f66: done           |[32m++++++++++++++++++++++++++++++++++++++[0m| 
manifest-sha256:d8cbd2948553ac2bc682b20626e09f9e897e31ea05ded4deff1ad81c79b3f2b4: done           |[32m++++++++++++++++++++++++++++++++++++++[0m| 
config-sha256:318f2319125641580710a110c1ae28c8a91e224c7c2e4e69627d68fa9c332ab0:   done           |[32m++++++++++++++++++++++++++++++++++++++[0m| 
layer-sha256:034d6572bf287fa79604fee9be062f0683809ae3a3685bc7b0e17bd1c48c50e8:    done           |[32m++++++++++++++++++++++++++++++++++++++[0m| 
layer-sha256:c8577ccb98d6af2b56cb43790454d142c1bfbee15c59b6b44c8278ca9b65baaa:    downloading    |[32m++++++++++++++++++++++++++++++++++[0m----| 12.7 GiB/14.0 GiB 
layer-sha256:dab186ad61c8543a52a8cb5cef310d98159eb6fe36eb2868bac2ab6ea985972b:    done           |[32m++++++++++++++++++++++++++++++++++++++[0m| 
elapsed: 31.6s                                                                    total:  12.7 G (410.3 MiB/s)                                     
172.31.67.78:5000/model-ballast:A-14g:                                            resolved       |[32m++++++++++++++++++++++++++++++++++++++[0m| 
index-sha256:093fc1a5143440a3ba8cb6cdc582edbfe183ca86bdd4db3f165c170f18ddddf4:    done           |[32m++++++++++++++++++++++++++++++++++++++[0m| 
manifest-sha256:774ef59b0c94679c2695f0c05e2bc0b21d44f5d1339ab17b6e3323bf28d39f66: done           |[32m++++++++++++++++++++++++++++++++++++++[0m| 
manifest-sha256:d8cbd2948553ac2bc682b20626e09f9e897e31ea05ded4deff1ad81c79b3f2b4: done           |[32m++++++++++++++++++++++++++++++++++++++[0m| 
config-sha256:318f2319125641580710a110c1ae28c8a91e224c7c2e4e69627d68fa9c332ab0:   done           |[32m++++++++++++++++++++++++++++++++++++++[0m| 
layer-sha256:034d6572bf287fa79604fee9be062f0683809ae3a3685bc7b0e17bd1c48c50e8:    done           |[32m++++++++++++++++++++++++++++++++++++++[0m| 
layer-sha256:c8577ccb98d6af2b56cb43790454d142c1bfbee15c59b6b44c8278ca9b65baaa:    downloading    |[32m++++++++++++++++++++++++++++++++++[0m----| 12.7 GiB/14.0 GiB 
layer-sha256:dab186ad61c8543a52a8cb5cef310d98159eb6fe36eb2868bac2ab6ea985972b:    done           |[32m++++++++++++++++++++++++++++++++++++++[0m| 
elapsed: 31.7s                                                                    total:  12.7 G (410.3 MiB/s)                                     
172.31.67.78:5000/model-ballast:A-14g:                                            resolved       |[32m++++++++++++++++++++++++++++++++++++++[0m| 
index-sha256:093fc1a5143440a3ba8cb6cdc582edbfe183ca86bdd4db3f165c170f18ddddf4:    done           |[32m++++++++++++++++++++++++++++++++++++++[0m| 
manifest-sha256:774ef59b0c94679c2695f0c05e2bc0b21d44f5d1339ab17b6e3323bf28d39f66: done           |[32m++++++++++++++++++++++++++++++++++++++[0m| 
manifest-sha256:d8cbd2948553ac2bc682b20626e09f9e897e31ea05ded4deff1ad81c79b3f2b4: done           |[32m++++++++++++++++++++++++++++++++++++++[0m| 
config-sha256:318f2319125641580710a110c1ae28c8a91e224c7c2e4e69627d68fa9c332ab0:   done           |[32m++++++++++++++++++++++++++++++++++++++[0m| 
layer-sha256:034d6572bf287fa79604fee9be062f0683809ae3a3685bc7b0e17bd1c48c50e8:    done           |[32m++++++++++++++++++++++++++++++++++++++[0m| 
layer-sha256:c8577ccb98d6af2b56cb43790454d142c1bfbee15c59b6b44c8278ca9b65baaa:    downloading    |[32m++++++++++++++++++++++++++++++++++[0m----| 12.7 GiB/14.0 GiB 
layer-sha256:dab186ad61c8543a52a8cb5cef310d98159eb6fe36eb2868bac2ab6ea985972b:    done           |[32m++++++++++++++++++++++++++++++++++++++[0m| 
elapsed: 31.8s                                                                    total:  12.7 G (410.3 MiB/s)                                     
172.31.67.78:5000/model-ballast:A-14g:                                            resolved       |[32m++++++++++++++++++++++++++++++++++++++[0m| 
index-sha256:093fc1a5143440a3ba8cb6cdc582edbfe183ca86bdd4db3f165c170f18ddddf4:    done           |[32m++++++++++++++++++++++++++++++++++++++[0m| 
manifest-sha256:774ef59b0c94679c2695f0c05e2bc0b21d44f5d1339ab17b6e3323bf28d39f66: done           |[32m++++++++++++++++++++++++++++++++++++++[0m| 
manifest-sha256:d8cbd2948553ac2bc682b20626e09f9e897e31ea05ded4deff1ad81c79b3f2b4: done           |[32m++++++++++++++++++++++++++++++++++++++[0m| 
config-sha256:318f2319125641580710a110c1ae28c8a91e224c7c2e4e69627d68fa9c332ab0:   done           |[32m++++++++++++++++++++++++++++++++++++++[0m| 
layer-sha256:034d6572bf287fa79604fee9be062f0683809ae3a3685bc7b0e17bd1c48c50e8:    done           |[32m++++++++++++++++++++++++++++++++++++++[0m| 
layer-sha256:c8577ccb98d6af2b56cb43790454d142c1bfbee15c59b6b44c8278ca9b65baaa:    downloading    |[32m++++++++++++++++++++++++++++++++++[0m----| 12.8 GiB/14.0 GiB 
layer-sha256:dab186ad61c8543a52a8cb5cef310d98159eb6fe36eb2868bac2ab6ea985972b:    done           |[32m++++++++++++++++++++++++++++++++++++++[0m| 
elapsed: 31.9s                                                                    total:  12.8 G (410.2 MiB/s)                                     
172.31.67.78:5000/model-ballast:A-14g:                                            resolved       |[32m++++++++++++++++++++++++++++++++++++++[0m| 
index-sha256:093fc1a5143440a3ba8cb6cdc582edbfe183ca86bdd4db3f165c170f18ddddf4:    done           |[32m++++++++++++++++++++++++++++++++++++++[0m| 
manifest-sha256:774ef59b0c94679c2695f0c05e2bc0b21d44f5d1339ab17b6e3323bf28d39f66: done           |[32m++++++++++++++++++++++++++++++++++++++[0m| 
manifest-sha256:d8cbd2948553ac2bc682b20626e09f9e897e31ea05ded4deff1ad81c79b3f2b4: done           |[32m++++++++++++++++++++++++++++++++++++++[0m| 
config-sha256:318f2319125641580710a110c1ae28c8a91e224c7c2e4e69627d68fa9c332ab0:   done           |[32m++++++++++++++++++++++++++++++++++++++[0m| 
layer-sha256:034d6572bf287fa79604fee9be062f0683809ae3a3685bc7b0e17bd1c48c50e8:    done           |[32m++++++++++++++++++++++++++++++++++++++[0m| 
layer-sha256:c8577ccb98d6af2b56cb43790454d142c1bfbee15c59b6b44c8278ca9b65baaa:    downloading    |[32m++++++++++++++++++++++++++++++++++[0m----| 12.8 GiB/14.0 GiB 
layer-sha256:dab186ad61c8543a52a8cb5cef310d98159eb6fe36eb2868bac2ab6ea985972b:    done           |[32m++++++++++++++++++++++++++++++++++++++[0m| 
elapsed: 32.0s                                                                    total:  12.8 G (410.3 MiB/s)                                     
172.31.67.78:5000/model-ballast:A-14g:                                            resolved       |[32m++++++++++++++++++++++++++++++++++++++[0m| 
index-sha256:093fc1a5143440a3ba8cb6cdc582edbfe183ca86bdd4db3f165c170f18ddddf4:    done           |[32m++++++++++++++++++++++++++++++++++++++[0m| 
manifest-sha256:774ef59b0c94679c2695f0c05e2bc0b21d44f5d1339ab17b6e3323bf28d39f66: done           |[32m++++++++++++++++++++++++++++++++++++++[0m| 
manifest-sha256:d8cbd2948553ac2bc682b20626e09f9e897e31ea05ded4deff1ad81c79b3f2b4: done           |[32m++++++++++++++++++++++++++++++++++++++[0m| 
config-sha256:318f2319125641580710a110c1ae28c8a91e224c7c2e4e69627d68fa9c332ab0:   done           |[32m++++++++++++++++++++++++++++++++++++++[0m| 
layer-sha256:034d6572bf287fa79604fee9be062f0683809ae3a3685bc7b0e17bd1c48c50e8:    done           |[32m++++++++++++++++++++++++++++++++++++++[0m| 
layer-sha256:c8577ccb98d6af2b56cb43790454d142c1bfbee15c59b6b44c8278ca9b65baaa:    downloading    |[32m++++++++++++++++++++++++++++++++++[0m----| 12.9 GiB/14.0 GiB 
layer-sha256:dab186ad61c8543a52a8cb5cef310d98159eb6fe36eb2868bac2ab6ea985972b:    done           |[32m++++++++++++++++++++++++++++++++++++++[0m| 
elapsed: 32.1s                                                                    total:  12.9 G (410.4 MiB/s)                                     
172.31.67.78:5000/model-ballast:A-14g:                                            resolved       |[32m++++++++++++++++++++++++++++++++++++++[0m| 
index-sha256:093fc1a5143440a3ba8cb6cdc582edbfe183ca86bdd4db3f165c170f18ddddf4:    done           |[32m++++++++++++++++++++++++++++++++++++++[0m| 
manifest-sha256:774ef59b0c94679c2695f0c05e2bc0b21d44f5d1339ab17b6e3323bf28d39f66: done           |[32m++++++++++++++++++++++++++++++++++++++[0m| 
manifest-sha256:d8cbd2948553ac2bc682b20626e09f9e897e31ea05ded4deff1ad81c79b3f2b4: done           |[32m++++++++++++++++++++++++++++++++++++++[0m| 
config-sha256:318f2319125641580710a110c1ae28c8a91e224c7c2e4e69627d68fa9c332ab0:   done           |[32m++++++++++++++++++++++++++++++++++++++[0m| 
layer-sha256:034d6572bf287fa79604fee9be062f0683809ae3a3685bc7b0e17bd1c48c50e8:    done           |[32m++++++++++++++++++++++++++++++++++++++[0m| 
layer-sha256:c8577ccb98d6af2b56cb43790454d142c1bfbee15c59b6b44c8278ca9b65baaa:    downloading    |[32m+++++++++++++++++++++++++++++++++++[0m---| 12.9 GiB/14.0 GiB 
layer-sha256:dab186ad61c8543a52a8cb5cef310d98159eb6fe36eb2868bac2ab6ea985972b:    done           |[32m++++++++++++++++++++++++++++++++++++++[0m| 
elapsed: 32.2s                                                                    total:  12.9 G (410.4 MiB/s)                                     
172.31.67.78:5000/model-ballast:A-14g:                                            resolved       |[32m++++++++++++++++++++++++++++++++++++++[0m| 
index-sha256:093fc1a5143440a3ba8cb6cdc582edbfe183ca86bdd4db3f165c170f18ddddf4:    done           |[32m++++++++++++++++++++++++++++++++++++++[0m| 
manifest-sha256:774ef59b0c94679c2695f0c05e2bc0b21d44f5d1339ab17b6e3323bf28d39f66: done           |[32m++++++++++++++++++++++++++++++++++++++[0m| 
manifest-sha256:d8cbd2948553ac2bc682b20626e09f9e897e31ea05ded4deff1ad81c79b3f2b4: done           |[32m++++++++++++++++++++++++++++++++++++++[0m| 
config-sha256:318f2319125641580710a110c1ae28c8a91e224c7c2e4e69627d68fa9c332ab0:   done           |[32m++++++++++++++++++++++++++++++++++++++[0m| 
layer-sha256:034d6572bf287fa79604fee9be062f0683809ae3a3685bc7b0e17bd1c48c50e8:    done           |[32m++++++++++++++++++++++++++++++++++++++[0m| 
layer-sha256:c8577ccb98d6af2b56cb43790454d142c1bfbee15c59b6b44c8278ca9b65baaa:    downloading    |[32m+++++++++++++++++++++++++++++++++++[0m---| 12.9 GiB/14.0 GiB 
layer-sha256:dab186ad61c8543a52a8cb5cef310d98159eb6fe36eb2868bac2ab6ea985972b:    done           |[32m++++++++++++++++++++++++++++++++++++++[0m| 
elapsed: 32.3s                                                                    total:  12.9 G (410.3 MiB/s)                                     
172.31.67.78:5000/model-ballast:A-14g:                                            resolved       |[32m++++++++++++++++++++++++++++++++++++++[0m| 
index-sha256:093fc1a5143440a3ba8cb6cdc582edbfe183ca86bdd4db3f165c170f18ddddf4:    done           |[32m++++++++++++++++++++++++++++++++++++++[0m| 
manifest-sha256:774ef59b0c94679c2695f0c05e2bc0b21d44f5d1339ab17b6e3323bf28d39f66: done           |[32m++++++++++++++++++++++++++++++++++++++[0m| 
manifest-sha256:d8cbd2948553ac2bc682b20626e09f9e897e31ea05ded4deff1ad81c79b3f2b4: done           |[32m++++++++++++++++++++++++++++++++++++++[0m| 
config-sha256:318f2319125641580710a110c1ae28c8a91e224c7c2e4e69627d68fa9c332ab0:   done           |[32m++++++++++++++++++++++++++++++++++++++[0m| 
layer-sha256:034d6572bf287fa79604fee9be062f0683809ae3a3685bc7b0e17bd1c48c50e8:    done           |[32m++++++++++++++++++++++++++++++++++++++[0m| 
layer-sha256:c8577ccb98d6af2b56cb43790454d142c1bfbee15c59b6b44c8278ca9b65baaa:    downloading    |[32m+++++++++++++++++++++++++++++++++++[0m---| 13.0 GiB/14.0 GiB 
layer-sha256:dab186ad61c8543a52a8cb5cef310d98159eb6fe36eb2868bac2ab6ea985972b:    done           |[32m++++++++++++++++++++++++++++++++++++++[0m| 
elapsed: 32.4s                                                                    total:  13.0 G (410.3 MiB/s)                                     
172.31.67.78:5000/model-ballast:A-14g:                                            resolved       |[32m++++++++++++++++++++++++++++++++++++++[0m| 
index-sha256:093fc1a5143440a3ba8cb6cdc582edbfe183ca86bdd4db3f165c170f18ddddf4:    done           |[32m++++++++++++++++++++++++++++++++++++++[0m| 
manifest-sha256:774ef59b0c94679c2695f0c05e2bc0b21d44f5d1339ab17b6e3323bf28d39f66: done           |[32m++++++++++++++++++++++++++++++++++++++[0m| 
manifest-sha256:d8cbd2948553ac2bc682b20626e09f9e897e31ea05ded4deff1ad81c79b3f2b4: done           |[32m++++++++++++++++++++++++++++++++++++++[0m| 
config-sha256:318f2319125641580710a110c1ae28c8a91e224c7c2e4e69627d68fa9c332ab0:   done           |[32m++++++++++++++++++++++++++++++++++++++[0m| 
layer-sha256:034d6572bf287fa79604fee9be062f0683809ae3a3685bc7b0e17bd1c48c50e8:    done           |[32m++++++++++++++++++++++++++++++++++++++[0m| 
layer-sha256:c8577ccb98d6af2b56cb43790454d142c1bfbee15c59b6b44c8278ca9b65baaa:    downloading    |[32m+++++++++++++++++++++++++++++++++++[0m---| 13.0 GiB/14.0 GiB 
layer-sha256:dab186ad61c8543a52a8cb5cef310d98159eb6fe36eb2868bac2ab6ea985972b:    done           |[32m++++++++++++++++++++++++++++++++++++++[0m| 
elapsed: 32.5s                                                                    total:  13.0 G (410.3 MiB/s)                                     
172.31.67.78:5000/model-ballast:A-14g:                                            resolved       |[32m++++++++++++++++++++++++++++++++++++++[0m| 
index-sha256:093fc1a5143440a3ba8cb6cdc582edbfe183ca86bdd4db3f165c170f18ddddf4:    done           |[32m++++++++++++++++++++++++++++++++++++++[0m| 
manifest-sha256:774ef59b0c94679c2695f0c05e2bc0b21d44f5d1339ab17b6e3323bf28d39f66: done           |[32m++++++++++++++++++++++++++++++++++++++[0m| 
manifest-sha256:d8cbd2948553ac2bc682b20626e09f9e897e31ea05ded4deff1ad81c79b3f2b4: done           |[32m++++++++++++++++++++++++++++++++++++++[0m| 
config-sha256:318f2319125641580710a110c1ae28c8a91e224c7c2e4e69627d68fa9c332ab0:   done           |[32m++++++++++++++++++++++++++++++++++++++[0m| 
layer-sha256:034d6572bf287fa79604fee9be062f0683809ae3a3685bc7b0e17bd1c48c50e8:    done           |[32m++++++++++++++++++++++++++++++++++++++[0m| 
layer-sha256:c8577ccb98d6af2b56cb43790454d142c1bfbee15c59b6b44c8278ca9b65baaa:    downloading    |[32m+++++++++++++++++++++++++++++++++++[0m---| 13.1 GiB/14.0 GiB 
layer-sha256:dab186ad61c8543a52a8cb5cef310d98159eb6fe36eb2868bac2ab6ea985972b:    done           |[32m++++++++++++++++++++++++++++++++++++++[0m| 
elapsed: 32.6s                                                                    total:  13.1 G (410.3 MiB/s)                                     
172.31.67.78:5000/model-ballast:A-14g:                                            resolved       |[32m++++++++++++++++++++++++++++++++++++++[0m| 
index-sha256:093fc1a5143440a3ba8cb6cdc582edbfe183ca86bdd4db3f165c170f18ddddf4:    done           |[32m++++++++++++++++++++++++++++++++++++++[0m| 
manifest-sha256:774ef59b0c94679c2695f0c05e2bc0b21d44f5d1339ab17b6e3323bf28d39f66: done           |[32m++++++++++++++++++++++++++++++++++++++[0m| 
manifest-sha256:d8cbd2948553ac2bc682b20626e09f9e897e31ea05ded4deff1ad81c79b3f2b4: done           |[32m++++++++++++++++++++++++++++++++++++++[0m| 
config-sha256:318f2319125641580710a110c1ae28c8a91e224c7c2e4e69627d68fa9c332ab0:   done           |[32m++++++++++++++++++++++++++++++++++++++[0m| 
layer-sha256:034d6572bf287fa79604fee9be062f0683809ae3a3685bc7b0e17bd1c48c50e8:    done           |[32m++++++++++++++++++++++++++++++++++++++[0m| 
layer-sha256:c8577ccb98d6af2b56cb43790454d142c1bfbee15c59b6b44c8278ca9b65baaa:    downloading    |[32m+++++++++++++++++++++++++++++++++++[0m---| 13.1 GiB/14.0 GiB 
layer-sha256:dab186ad61c8543a52a8cb5cef310d98159eb6fe36eb2868bac2ab6ea985972b:    done           |[32m++++++++++++++++++++++++++++++++++++++[0m| 
elapsed: 32.7s                                                                    total:  13.1 G (410.2 MiB/s)                                     
172.31.67.78:5000/model-ballast:A-14g:                                            resolved       |[32m++++++++++++++++++++++++++++++++++++++[0m| 
index-sha256:093fc1a5143440a3ba8cb6cdc582edbfe183ca86bdd4db3f165c170f18ddddf4:    done           |[32m++++++++++++++++++++++++++++++++++++++[0m| 
manifest-sha256:774ef59b0c94679c2695f0c05e2bc0b21d44f5d1339ab17b6e3323bf28d39f66: done           |[32m++++++++++++++++++++++++++++++++++++++[0m| 
manifest-sha256:d8cbd2948553ac2bc682b20626e09f9e897e31ea05ded4deff1ad81c79b3f2b4: done           |[32m++++++++++++++++++++++++++++++++++++++[0m| 
config-sha256:318f2319125641580710a110c1ae28c8a91e224c7c2e4e69627d68fa9c332ab0:   done           |[32m++++++++++++++++++++++++++++++++++++++[0m| 
layer-sha256:034d6572bf287fa79604fee9be062f0683809ae3a3685bc7b0e17bd1c48c50e8:    done           |[32m++++++++++++++++++++++++++++++++++++++[0m| 
layer-sha256:c8577ccb98d6af2b56cb43790454d142c1bfbee15c59b6b44c8278ca9b65baaa:    downloading    |[32m+++++++++++++++++++++++++++++++++++[0m---| 13.1 GiB/14.0 GiB 
layer-sha256:dab186ad61c8543a52a8cb5cef310d98159eb6fe36eb2868bac2ab6ea985972b:    done           |[32m++++++++++++++++++++++++++++++++++++++[0m| 
elapsed: 32.8s                                                                    total:  13.1 G (410.1 MiB/s)                                     
172.31.67.78:5000/model-ballast:A-14g:                                            resolved       |[32m++++++++++++++++++++++++++++++++++++++[0m| 
index-sha256:093fc1a5143440a3ba8cb6cdc582edbfe183ca86bdd4db3f165c170f18ddddf4:    done           |[32m++++++++++++++++++++++++++++++++++++++[0m| 
manifest-sha256:774ef59b0c94679c2695f0c05e2bc0b21d44f5d1339ab17b6e3323bf28d39f66: done           |[32m++++++++++++++++++++++++++++++++++++++[0m| 
manifest-sha256:d8cbd2948553ac2bc682b20626e09f9e897e31ea05ded4deff1ad81c79b3f2b4: done           |[32m++++++++++++++++++++++++++++++++++++++[0m| 
config-sha256:318f2319125641580710a110c1ae28c8a91e224c7c2e4e69627d68fa9c332ab0:   done           |[32m++++++++++++++++++++++++++++++++++++++[0m| 
layer-sha256:034d6572bf287fa79604fee9be062f0683809ae3a3685bc7b0e17bd1c48c50e8:    done           |[32m++++++++++++++++++++++++++++++++++++++[0m| 
layer-sha256:c8577ccb98d6af2b56cb43790454d142c1bfbee15c59b6b44c8278ca9b65baaa:    downloading    |[32m+++++++++++++++++++++++++++++++++++[0m---| 13.2 GiB/14.0 GiB 
layer-sha256:dab186ad61c8543a52a8cb5cef310d98159eb6fe36eb2868bac2ab6ea985972b:    done           |[32m++++++++++++++++++++++++++++++++++++++[0m| 
elapsed: 32.9s                                                                    total:  13.2 G (410.1 MiB/s)                                     
172.31.67.78:5000/model-ballast:A-14g:                                            resolved       |[32m++++++++++++++++++++++++++++++++++++++[0m| 
index-sha256:093fc1a5143440a3ba8cb6cdc582edbfe183ca86bdd4db3f165c170f18ddddf4:    done           |[32m++++++++++++++++++++++++++++++++++++++[0m| 
manifest-sha256:774ef59b0c94679c2695f0c05e2bc0b21d44f5d1339ab17b6e3323bf28d39f66: done           |[32m++++++++++++++++++++++++++++++++++++++[0m| 
manifest-sha256:d8cbd2948553ac2bc682b20626e09f9e897e31ea05ded4deff1ad81c79b3f2b4: done           |[32m++++++++++++++++++++++++++++++++++++++[0m| 
config-sha256:318f2319125641580710a110c1ae28c8a91e224c7c2e4e69627d68fa9c332ab0:   done           |[32m++++++++++++++++++++++++++++++++++++++[0m| 
layer-sha256:034d6572bf287fa79604fee9be062f0683809ae3a3685bc7b0e17bd1c48c50e8:    done           |[32m++++++++++++++++++++++++++++++++++++++[0m| 
layer-sha256:c8577ccb98d6af2b56cb43790454d142c1bfbee15c59b6b44c8278ca9b65baaa:    downloading    |[32m+++++++++++++++++++++++++++++++++++[0m---| 13.2 GiB/14.0 GiB 
layer-sha256:dab186ad61c8543a52a8cb5cef310d98159eb6fe36eb2868bac2ab6ea985972b:    done           |[32m++++++++++++++++++++++++++++++++++++++[0m| 
elapsed: 33.0s                                                                    total:  13.2 G (410.1 MiB/s)                                     
172.31.67.78:5000/model-ballast:A-14g:                                            resolved       |[32m++++++++++++++++++++++++++++++++++++++[0m| 
index-sha256:093fc1a5143440a3ba8cb6cdc582edbfe183ca86bdd4db3f165c170f18ddddf4:    done           |[32m++++++++++++++++++++++++++++++++++++++[0m| 
manifest-sha256:774ef59b0c94679c2695f0c05e2bc0b21d44f5d1339ab17b6e3323bf28d39f66: done           |[32m++++++++++++++++++++++++++++++++++++++[0m| 
manifest-sha256:d8cbd2948553ac2bc682b20626e09f9e897e31ea05ded4deff1ad81c79b3f2b4: done           |[32m++++++++++++++++++++++++++++++++++++++[0m| 
config-sha256:318f2319125641580710a110c1ae28c8a91e224c7c2e4e69627d68fa9c332ab0:   done           |[32m++++++++++++++++++++++++++++++++++++++[0m| 
layer-sha256:034d6572bf287fa79604fee9be062f0683809ae3a3685bc7b0e17bd1c48c50e8:    done           |[32m++++++++++++++++++++++++++++++++++++++[0m| 
layer-sha256:c8577ccb98d6af2b56cb43790454d142c1bfbee15c59b6b44c8278ca9b65baaa:    downloading    |[32m+++++++++++++++++++++++++++++++++++[0m---| 13.3 GiB/14.0 GiB 
layer-sha256:dab186ad61c8543a52a8cb5cef310d98159eb6fe36eb2868bac2ab6ea985972b:    done           |[32m++++++++++++++++++++++++++++++++++++++[0m| 
elapsed: 33.1s                                                                    total:  13.3 G (410.0 MiB/s)                                     
172.31.67.78:5000/model-ballast:A-14g:                                            resolved       |[32m++++++++++++++++++++++++++++++++++++++[0m| 
index-sha256:093fc1a5143440a3ba8cb6cdc582edbfe183ca86bdd4db3f165c170f18ddddf4:    done           |[32m++++++++++++++++++++++++++++++++++++++[0m| 
manifest-sha256:774ef59b0c94679c2695f0c05e2bc0b21d44f5d1339ab17b6e3323bf28d39f66: done           |[32m++++++++++++++++++++++++++++++++++++++[0m| 
manifest-sha256:d8cbd2948553ac2bc682b20626e09f9e897e31ea05ded4deff1ad81c79b3f2b4: done           |[32m++++++++++++++++++++++++++++++++++++++[0m| 
config-sha256:318f2319125641580710a110c1ae28c8a91e224c7c2e4e69627d68fa9c332ab0:   done           |[32m++++++++++++++++++++++++++++++++++++++[0m| 
layer-sha256:034d6572bf287fa79604fee9be062f0683809ae3a3685bc7b0e17bd1c48c50e8:    done           |[32m++++++++++++++++++++++++++++++++++++++[0m| 
layer-sha256:c8577ccb98d6af2b56cb43790454d142c1bfbee15c59b6b44c8278ca9b65baaa:    downloading    |[32m++++++++++++++++++++++++++++++++++++[0m--| 13.3 GiB/14.0 GiB 
layer-sha256:dab186ad61c8543a52a8cb5cef310d98159eb6fe36eb2868bac2ab6ea985972b:    done           |[32m++++++++++++++++++++++++++++++++++++++[0m| 
elapsed: 33.2s                                                                    total:  13.3 G (410.0 MiB/s)                                     
172.31.67.78:5000/model-ballast:A-14g:                                            resolved       |[32m++++++++++++++++++++++++++++++++++++++[0m| 
index-sha256:093fc1a5143440a3ba8cb6cdc582edbfe183ca86bdd4db3f165c170f18ddddf4:    done           |[32m++++++++++++++++++++++++++++++++++++++[0m| 
manifest-sha256:774ef59b0c94679c2695f0c05e2bc0b21d44f5d1339ab17b6e3323bf28d39f66: done           |[32m++++++++++++++++++++++++++++++++++++++[0m| 
manifest-sha256:d8cbd2948553ac2bc682b20626e09f9e897e31ea05ded4deff1ad81c79b3f2b4: done           |[32m++++++++++++++++++++++++++++++++++++++[0m| 
config-sha256:318f2319125641580710a110c1ae28c8a91e224c7c2e4e69627d68fa9c332ab0:   done           |[32m++++++++++++++++++++++++++++++++++++++[0m| 
layer-sha256:034d6572bf287fa79604fee9be062f0683809ae3a3685bc7b0e17bd1c48c50e8:    done           |[32m++++++++++++++++++++++++++++++++++++++[0m| 
layer-sha256:c8577ccb98d6af2b56cb43790454d142c1bfbee15c59b6b44c8278ca9b65baaa:    downloading    |[32m++++++++++++++++++++++++++++++++++++[0m--| 13.3 GiB/14.0 GiB 
layer-sha256:dab186ad61c8543a52a8cb5cef310d98159eb6fe36eb2868bac2ab6ea985972b:    done           |[32m++++++++++++++++++++++++++++++++++++++[0m| 
elapsed: 33.3s                                                                    total:  13.3 G (410.0 MiB/s)                                     
172.31.67.78:5000/model-ballast:A-14g:                                            resolved       |[32m++++++++++++++++++++++++++++++++++++++[0m| 
index-sha256:093fc1a5143440a3ba8cb6cdc582edbfe183ca86bdd4db3f165c170f18ddddf4:    done           |[32m++++++++++++++++++++++++++++++++++++++[0m| 
manifest-sha256:774ef59b0c94679c2695f0c05e2bc0b21d44f5d1339ab17b6e3323bf28d39f66: done           |[32m++++++++++++++++++++++++++++++++++++++[0m| 
manifest-sha256:d8cbd2948553ac2bc682b20626e09f9e897e31ea05ded4deff1ad81c79b3f2b4: done           |[32m++++++++++++++++++++++++++++++++++++++[0m| 
config-sha256:318f2319125641580710a110c1ae28c8a91e224c7c2e4e69627d68fa9c332ab0:   done           |[32m++++++++++++++++++++++++++++++++++++++[0m| 
layer-sha256:034d6572bf287fa79604fee9be062f0683809ae3a3685bc7b0e17bd1c48c50e8:    done           |[32m++++++++++++++++++++++++++++++++++++++[0m| 
layer-sha256:c8577ccb98d6af2b56cb43790454d142c1bfbee15c59b6b44c8278ca9b65baaa:    downloading    |[32m++++++++++++++++++++++++++++++++++++[0m--| 13.4 GiB/14.0 GiB 
layer-sha256:dab186ad61c8543a52a8cb5cef310d98159eb6fe36eb2868bac2ab6ea985972b:    done           |[32m++++++++++++++++++++++++++++++++++++++[0m| 
elapsed: 33.4s                                                                    total:  13.4 G (410.0 MiB/s)                                     
172.31.67.78:5000/model-ballast:A-14g:                                            resolved       |[32m++++++++++++++++++++++++++++++++++++++[0m| 
index-sha256:093fc1a5143440a3ba8cb6cdc582edbfe183ca86bdd4db3f165c170f18ddddf4:    done           |[32m++++++++++++++++++++++++++++++++++++++[0m| 
manifest-sha256:774ef59b0c94679c2695f0c05e2bc0b21d44f5d1339ab17b6e3323bf28d39f66: done           |[32m++++++++++++++++++++++++++++++++++++++[0m| 
manifest-sha256:d8cbd2948553ac2bc682b20626e09f9e897e31ea05ded4deff1ad81c79b3f2b4: done           |[32m++++++++++++++++++++++++++++++++++++++[0m| 
config-sha256:318f2319125641580710a110c1ae28c8a91e224c7c2e4e69627d68fa9c332ab0:   done           |[32m++++++++++++++++++++++++++++++++++++++[0m| 
layer-sha256:034d6572bf287fa79604fee9be062f0683809ae3a3685bc7b0e17bd1c48c50e8:    done           |[32m++++++++++++++++++++++++++++++++++++++[0m| 
layer-sha256:c8577ccb98d6af2b56cb43790454d142c1bfbee15c59b6b44c8278ca9b65baaa:    downloading    |[32m++++++++++++++++++++++++++++++++++++[0m--| 13.4 GiB/14.0 GiB 
layer-sha256:dab186ad61c8543a52a8cb5cef310d98159eb6fe36eb2868bac2ab6ea985972b:    done           |[32m++++++++++++++++++++++++++++++++++++++[0m| 
elapsed: 33.5s                                                                    total:  13.4 G (410.0 MiB/s)                                     
172.31.67.78:5000/model-ballast:A-14g:                                            resolved       |[32m++++++++++++++++++++++++++++++++++++++[0m| 
index-sha256:093fc1a5143440a3ba8cb6cdc582edbfe183ca86bdd4db3f165c170f18ddddf4:    done           |[32m++++++++++++++++++++++++++++++++++++++[0m| 
manifest-sha256:774ef59b0c94679c2695f0c05e2bc0b21d44f5d1339ab17b6e3323bf28d39f66: done           |[32m++++++++++++++++++++++++++++++++++++++[0m| 
manifest-sha256:d8cbd2948553ac2bc682b20626e09f9e897e31ea05ded4deff1ad81c79b3f2b4: done           |[32m++++++++++++++++++++++++++++++++++++++[0m| 
config-sha256:318f2319125641580710a110c1ae28c8a91e224c7c2e4e69627d68fa9c332ab0:   done           |[32m++++++++++++++++++++++++++++++++++++++[0m| 
layer-sha256:034d6572bf287fa79604fee9be062f0683809ae3a3685bc7b0e17bd1c48c50e8:    done           |[32m++++++++++++++++++++++++++++++++++++++[0m| 
layer-sha256:c8577ccb98d6af2b56cb43790454d142c1bfbee15c59b6b44c8278ca9b65baaa:    downloading    |[32m++++++++++++++++++++++++++++++++++++[0m--| 13.5 GiB/14.0 GiB 
layer-sha256:dab186ad61c8543a52a8cb5cef310d98159eb6fe36eb2868bac2ab6ea985972b:    done           |[32m++++++++++++++++++++++++++++++++++++++[0m| 
elapsed: 33.6s                                                                    total:  13.5 G (410.0 MiB/s)                                     
172.31.67.78:5000/model-ballast:A-14g:                                            resolved       |[32m++++++++++++++++++++++++++++++++++++++[0m| 
index-sha256:093fc1a5143440a3ba8cb6cdc582edbfe183ca86bdd4db3f165c170f18ddddf4:    done           |[32m++++++++++++++++++++++++++++++++++++++[0m| 
manifest-sha256:774ef59b0c94679c2695f0c05e2bc0b21d44f5d1339ab17b6e3323bf28d39f66: done           |[32m++++++++++++++++++++++++++++++++++++++[0m| 
manifest-sha256:d8cbd2948553ac2bc682b20626e09f9e897e31ea05ded4deff1ad81c79b3f2b4: done           |[32m++++++++++++++++++++++++++++++++++++++[0m| 
config-sha256:318f2319125641580710a110c1ae28c8a91e224c7c2e4e69627d68fa9c332ab0:   done           |[32m++++++++++++++++++++++++++++++++++++++[0m| 
layer-sha256:034d6572bf287fa79604fee9be062f0683809ae3a3685bc7b0e17bd1c48c50e8:    done           |[32m++++++++++++++++++++++++++++++++++++++[0m| 
layer-sha256:c8577ccb98d6af2b56cb43790454d142c1bfbee15c59b6b44c8278ca9b65baaa:    downloading    |[32m++++++++++++++++++++++++++++++++++++[0m--| 13.5 GiB/14.0 GiB 
layer-sha256:dab186ad61c8543a52a8cb5cef310d98159eb6fe36eb2868bac2ab6ea985972b:    done           |[32m++++++++++++++++++++++++++++++++++++++[0m| 
elapsed: 33.7s                                                                    total:  13.5 G (410.0 MiB/s)                                     
172.31.67.78:5000/model-ballast:A-14g:                                            resolved       |[32m++++++++++++++++++++++++++++++++++++++[0m| 
index-sha256:093fc1a5143440a3ba8cb6cdc582edbfe183ca86bdd4db3f165c170f18ddddf4:    done           |[32m++++++++++++++++++++++++++++++++++++++[0m| 
manifest-sha256:774ef59b0c94679c2695f0c05e2bc0b21d44f5d1339ab17b6e3323bf28d39f66: done           |[32m++++++++++++++++++++++++++++++++++++++[0m| 
manifest-sha256:d8cbd2948553ac2bc682b20626e09f9e897e31ea05ded4deff1ad81c79b3f2b4: done           |[32m++++++++++++++++++++++++++++++++++++++[0m| 
config-sha256:318f2319125641580710a110c1ae28c8a91e224c7c2e4e69627d68fa9c332ab0:   done           |[32m++++++++++++++++++++++++++++++++++++++[0m| 
layer-sha256:034d6572bf287fa79604fee9be062f0683809ae3a3685bc7b0e17bd1c48c50e8:    done           |[32m++++++++++++++++++++++++++++++++++++++[0m| 
layer-sha256:c8577ccb98d6af2b56cb43790454d142c1bfbee15c59b6b44c8278ca9b65baaa:    downloading    |[32m++++++++++++++++++++++++++++++++++++[0m--| 13.5 GiB/14.0 GiB 
layer-sha256:dab186ad61c8543a52a8cb5cef310d98159eb6fe36eb2868bac2ab6ea985972b:    done           |[32m++++++++++++++++++++++++++++++++++++++[0m| 
elapsed: 33.8s                                                                    total:  13.5 G (409.9 MiB/s)                                     
172.31.67.78:5000/model-ballast:A-14g:                                            resolved       |[32m++++++++++++++++++++++++++++++++++++++[0m| 
index-sha256:093fc1a5143440a3ba8cb6cdc582edbfe183ca86bdd4db3f165c170f18ddddf4:    done           |[32m++++++++++++++++++++++++++++++++++++++[0m| 
manifest-sha256:774ef59b0c94679c2695f0c05e2bc0b21d44f5d1339ab17b6e3323bf28d39f66: done           |[32m++++++++++++++++++++++++++++++++++++++[0m| 
manifest-sha256:d8cbd2948553ac2bc682b20626e09f9e897e31ea05ded4deff1ad81c79b3f2b4: done           |[32m++++++++++++++++++++++++++++++++++++++[0m| 
config-sha256:318f2319125641580710a110c1ae28c8a91e224c7c2e4e69627d68fa9c332ab0:   done           |[32m++++++++++++++++++++++++++++++++++++++[0m| 
layer-sha256:034d6572bf287fa79604fee9be062f0683809ae3a3685bc7b0e17bd1c48c50e8:    done           |[32m++++++++++++++++++++++++++++++++++++++[0m| 
layer-sha256:c8577ccb98d6af2b56cb43790454d142c1bfbee15c59b6b44c8278ca9b65baaa:    downloading    |[32m++++++++++++++++++++++++++++++++++++[0m--| 13.6 GiB/14.0 GiB 
layer-sha256:dab186ad61c8543a52a8cb5cef310d98159eb6fe36eb2868bac2ab6ea985972b:    done           |[32m++++++++++++++++++++++++++++++++++++++[0m| 
elapsed: 33.9s                                                                    total:  13.6 G (409.9 MiB/s)                                     
172.31.67.78:5000/model-ballast:A-14g:                                            resolved       |[32m++++++++++++++++++++++++++++++++++++++[0m| 
index-sha256:093fc1a5143440a3ba8cb6cdc582edbfe183ca86bdd4db3f165c170f18ddddf4:    done           |[32m++++++++++++++++++++++++++++++++++++++[0m| 
manifest-sha256:774ef59b0c94679c2695f0c05e2bc0b21d44f5d1339ab17b6e3323bf28d39f66: done           |[32m++++++++++++++++++++++++++++++++++++++[0m| 
manifest-sha256:d8cbd2948553ac2bc682b20626e09f9e897e31ea05ded4deff1ad81c79b3f2b4: done           |[32m++++++++++++++++++++++++++++++++++++++[0m| 
config-sha256:318f2319125641580710a110c1ae28c8a91e224c7c2e4e69627d68fa9c332ab0:   done           |[32m++++++++++++++++++++++++++++++++++++++[0m| 
layer-sha256:034d6572bf287fa79604fee9be062f0683809ae3a3685bc7b0e17bd1c48c50e8:    done           |[32m++++++++++++++++++++++++++++++++++++++[0m| 
layer-sha256:c8577ccb98d6af2b56cb43790454d142c1bfbee15c59b6b44c8278ca9b65baaa:    downloading    |[32m++++++++++++++++++++++++++++++++++++[0m--| 13.6 GiB/14.0 GiB 
layer-sha256:dab186ad61c8543a52a8cb5cef310d98159eb6fe36eb2868bac2ab6ea985972b:    done           |[32m++++++++++++++++++++++++++++++++++++++[0m| 
elapsed: 34.0s                                                                    total:  13.6 G (409.9 MiB/s)                                     
172.31.67.78:5000/model-ballast:A-14g:                                            resolved       |[32m++++++++++++++++++++++++++++++++++++++[0m| 
index-sha256:093fc1a5143440a3ba8cb6cdc582edbfe183ca86bdd4db3f165c170f18ddddf4:    done           |[32m++++++++++++++++++++++++++++++++++++++[0m| 
manifest-sha256:774ef59b0c94679c2695f0c05e2bc0b21d44f5d1339ab17b6e3323bf28d39f66: done           |[32m++++++++++++++++++++++++++++++++++++++[0m| 
manifest-sha256:d8cbd2948553ac2bc682b20626e09f9e897e31ea05ded4deff1ad81c79b3f2b4: done           |[32m++++++++++++++++++++++++++++++++++++++[0m| 
config-sha256:318f2319125641580710a110c1ae28c8a91e224c7c2e4e69627d68fa9c332ab0:   done           |[32m++++++++++++++++++++++++++++++++++++++[0m| 
layer-sha256:034d6572bf287fa79604fee9be062f0683809ae3a3685bc7b0e17bd1c48c50e8:    done           |[32m++++++++++++++++++++++++++++++++++++++[0m| 
layer-sha256:c8577ccb98d6af2b56cb43790454d142c1bfbee15c59b6b44c8278ca9b65baaa:    downloading    |[32m+++++++++++++++++++++++++++++++++++++[0m-| 13.7 GiB/14.0 GiB 
layer-sha256:dab186ad61c8543a52a8cb5cef310d98159eb6fe36eb2868bac2ab6ea985972b:    done           |[32m++++++++++++++++++++++++++++++++++++++[0m| 
elapsed: 34.1s                                                                    total:  13.7 G (410.0 MiB/s)                                     
172.31.67.78:5000/model-ballast:A-14g:                                            resolved       |[32m++++++++++++++++++++++++++++++++++++++[0m| 
index-sha256:093fc1a5143440a3ba8cb6cdc582edbfe183ca86bdd4db3f165c170f18ddddf4:    done           |[32m++++++++++++++++++++++++++++++++++++++[0m| 
manifest-sha256:774ef59b0c94679c2695f0c05e2bc0b21d44f5d1339ab17b6e3323bf28d39f66: done           |[32m++++++++++++++++++++++++++++++++++++++[0m| 
manifest-sha256:d8cbd2948553ac2bc682b20626e09f9e897e31ea05ded4deff1ad81c79b3f2b4: done           |[32m++++++++++++++++++++++++++++++++++++++[0m| 
config-sha256:318f2319125641580710a110c1ae28c8a91e224c7c2e4e69627d68fa9c332ab0:   done           |[32m++++++++++++++++++++++++++++++++++++++[0m| 
layer-sha256:034d6572bf287fa79604fee9be062f0683809ae3a3685bc7b0e17bd1c48c50e8:    done           |[32m++++++++++++++++++++++++++++++++++++++[0m| 
layer-sha256:c8577ccb98d6af2b56cb43790454d142c1bfbee15c59b6b44c8278ca9b65baaa:    downloading    |[32m+++++++++++++++++++++++++++++++++++++[0m-| 13.7 GiB/14.0 GiB 
layer-sha256:dab186ad61c8543a52a8cb5cef310d98159eb6fe36eb2868bac2ab6ea985972b:    done           |[32m++++++++++++++++++++++++++++++++++++++[0m| 
elapsed: 34.2s                                                                    total:  13.7 G (410.0 MiB/s)                                     
172.31.67.78:5000/model-ballast:A-14g:                                            resolved       |[32m++++++++++++++++++++++++++++++++++++++[0m| 
index-sha256:093fc1a5143440a3ba8cb6cdc582edbfe183ca86bdd4db3f165c170f18ddddf4:    done           |[32m++++++++++++++++++++++++++++++++++++++[0m| 
manifest-sha256:774ef59b0c94679c2695f0c05e2bc0b21d44f5d1339ab17b6e3323bf28d39f66: done           |[32m++++++++++++++++++++++++++++++++++++++[0m| 
manifest-sha256:d8cbd2948553ac2bc682b20626e09f9e897e31ea05ded4deff1ad81c79b3f2b4: done           |[32m++++++++++++++++++++++++++++++++++++++[0m| 
config-sha256:318f2319125641580710a110c1ae28c8a91e224c7c2e4e69627d68fa9c332ab0:   done           |[32m++++++++++++++++++++++++++++++++++++++[0m| 
layer-sha256:034d6572bf287fa79604fee9be062f0683809ae3a3685bc7b0e17bd1c48c50e8:    done           |[32m++++++++++++++++++++++++++++++++++++++[0m| 
layer-sha256:c8577ccb98d6af2b56cb43790454d142c1bfbee15c59b6b44c8278ca9b65baaa:    downloading    |[32m+++++++++++++++++++++++++++++++++++++[0m-| 13.7 GiB/14.0 GiB 
layer-sha256:dab186ad61c8543a52a8cb5cef310d98159eb6fe36eb2868bac2ab6ea985972b:    done           |[32m++++++++++++++++++++++++++++++++++++++[0m| 
elapsed: 34.3s                                                                    total:  13.7 G (410.0 MiB/s)                                     
172.31.67.78:5000/model-ballast:A-14g:                                            resolved       |[32m++++++++++++++++++++++++++++++++++++++[0m| 
index-sha256:093fc1a5143440a3ba8cb6cdc582edbfe183ca86bdd4db3f165c170f18ddddf4:    done           |[32m++++++++++++++++++++++++++++++++++++++[0m| 
manifest-sha256:774ef59b0c94679c2695f0c05e2bc0b21d44f5d1339ab17b6e3323bf28d39f66: done           |[32m++++++++++++++++++++++++++++++++++++++[0m| 
manifest-sha256:d8cbd2948553ac2bc682b20626e09f9e897e31ea05ded4deff1ad81c79b3f2b4: done           |[32m++++++++++++++++++++++++++++++++++++++[0m| 
config-sha256:318f2319125641580710a110c1ae28c8a91e224c7c2e4e69627d68fa9c332ab0:   done           |[32m++++++++++++++++++++++++++++++++++++++[0m| 
layer-sha256:034d6572bf287fa79604fee9be062f0683809ae3a3685bc7b0e17bd1c48c50e8:    done           |[32m++++++++++++++++++++++++++++++++++++++[0m| 
layer-sha256:c8577ccb98d6af2b56cb43790454d142c1bfbee15c59b6b44c8278ca9b65baaa:    downloading    |[32m+++++++++++++++++++++++++++++++++++++[0m-| 13.8 GiB/14.0 GiB 
layer-sha256:dab186ad61c8543a52a8cb5cef310d98159eb6fe36eb2868bac2ab6ea985972b:    done           |[32m++++++++++++++++++++++++++++++++++++++[0m| 
elapsed: 34.4s                                                                    total:  13.8 G (410.0 MiB/s)                                     
172.31.67.78:5000/model-ballast:A-14g:                                            resolved       |[32m++++++++++++++++++++++++++++++++++++++[0m| 
index-sha256:093fc1a5143440a3ba8cb6cdc582edbfe183ca86bdd4db3f165c170f18ddddf4:    done           |[32m++++++++++++++++++++++++++++++++++++++[0m| 
manifest-sha256:774ef59b0c94679c2695f0c05e2bc0b21d44f5d1339ab17b6e3323bf28d39f66: done           |[32m++++++++++++++++++++++++++++++++++++++[0m| 
manifest-sha256:d8cbd2948553ac2bc682b20626e09f9e897e31ea05ded4deff1ad81c79b3f2b4: done           |[32m++++++++++++++++++++++++++++++++++++++[0m| 
config-sha256:318f2319125641580710a110c1ae28c8a91e224c7c2e4e69627d68fa9c332ab0:   done           |[32m++++++++++++++++++++++++++++++++++++++[0m| 
layer-sha256:034d6572bf287fa79604fee9be062f0683809ae3a3685bc7b0e17bd1c48c50e8:    done           |[32m++++++++++++++++++++++++++++++++++++++[0m| 
layer-sha256:c8577ccb98d6af2b56cb43790454d142c1bfbee15c59b6b44c8278ca9b65baaa:    downloading    |[32m+++++++++++++++++++++++++++++++++++++[0m-| 13.8 GiB/14.0 GiB 
layer-sha256:dab186ad61c8543a52a8cb5cef310d98159eb6fe36eb2868bac2ab6ea985972b:    done           |[32m++++++++++++++++++++++++++++++++++++++[0m| 
elapsed: 34.5s                                                                    total:  13.8 G (410.0 MiB/s)                                     
172.31.67.78:5000/model-ballast:A-14g:                                            resolved       |[32m++++++++++++++++++++++++++++++++++++++[0m| 
index-sha256:093fc1a5143440a3ba8cb6cdc582edbfe183ca86bdd4db3f165c170f18ddddf4:    done           |[32m++++++++++++++++++++++++++++++++++++++[0m| 
manifest-sha256:774ef59b0c94679c2695f0c05e2bc0b21d44f5d1339ab17b6e3323bf28d39f66: done           |[32m++++++++++++++++++++++++++++++++++++++[0m| 
manifest-sha256:d8cbd2948553ac2bc682b20626e09f9e897e31ea05ded4deff1ad81c79b3f2b4: done           |[32m++++++++++++++++++++++++++++++++++++++[0m| 
config-sha256:318f2319125641580710a110c1ae28c8a91e224c7c2e4e69627d68fa9c332ab0:   done           |[32m++++++++++++++++++++++++++++++++++++++[0m| 
layer-sha256:034d6572bf287fa79604fee9be062f0683809ae3a3685bc7b0e17bd1c48c50e8:    done           |[32m++++++++++++++++++++++++++++++++++++++[0m| 
layer-sha256:c8577ccb98d6af2b56cb43790454d142c1bfbee15c59b6b44c8278ca9b65baaa:    downloading    |[32m+++++++++++++++++++++++++++++++++++++[0m-| 13.9 GiB/14.0 GiB 
layer-sha256:dab186ad61c8543a52a8cb5cef310d98159eb6fe36eb2868bac2ab6ea985972b:    done           |[32m++++++++++++++++++++++++++++++++++++++[0m| 
elapsed: 34.6s                                                                    total:  13.9 G (410.1 MiB/s)                                     
172.31.67.78:5000/model-ballast:A-14g:                                            resolved       |[32m++++++++++++++++++++++++++++++++++++++[0m| 
index-sha256:093fc1a5143440a3ba8cb6cdc582edbfe183ca86bdd4db3f165c170f18ddddf4:    done           |[32m++++++++++++++++++++++++++++++++++++++[0m| 
manifest-sha256:774ef59b0c94679c2695f0c05e2bc0b21d44f5d1339ab17b6e3323bf28d39f66: done           |[32m++++++++++++++++++++++++++++++++++++++[0m| 
manifest-sha256:d8cbd2948553ac2bc682b20626e09f9e897e31ea05ded4deff1ad81c79b3f2b4: done           |[32m++++++++++++++++++++++++++++++++++++++[0m| 
config-sha256:318f2319125641580710a110c1ae28c8a91e224c7c2e4e69627d68fa9c332ab0:   done           |[32m++++++++++++++++++++++++++++++++++++++[0m| 
layer-sha256:034d6572bf287fa79604fee9be062f0683809ae3a3685bc7b0e17bd1c48c50e8:    done           |[32m++++++++++++++++++++++++++++++++++++++[0m| 
layer-sha256:c8577ccb98d6af2b56cb43790454d142c1bfbee15c59b6b44c8278ca9b65baaa:    downloading    |[32m+++++++++++++++++++++++++++++++++++++[0m-| 13.9 GiB/14.0 GiB 
layer-sha256:dab186ad61c8543a52a8cb5cef310d98159eb6fe36eb2868bac2ab6ea985972b:    done           |[32m++++++++++++++++++++++++++++++++++++++[0m| 
elapsed: 34.7s                                                                    total:  13.9 G (410.1 MiB/s)                                     
172.31.67.78:5000/model-ballast:A-14g:                                            resolved       |[32m++++++++++++++++++++++++++++++++++++++[0m| 
index-sha256:093fc1a5143440a3ba8cb6cdc582edbfe183ca86bdd4db3f165c170f18ddddf4:    done           |[32m++++++++++++++++++++++++++++++++++++++[0m| 
manifest-sha256:774ef59b0c94679c2695f0c05e2bc0b21d44f5d1339ab17b6e3323bf28d39f66: done           |[32m++++++++++++++++++++++++++++++++++++++[0m| 
manifest-sha256:d8cbd2948553ac2bc682b20626e09f9e897e31ea05ded4deff1ad81c79b3f2b4: done           |[32m++++++++++++++++++++++++++++++++++++++[0m| 
config-sha256:318f2319125641580710a110c1ae28c8a91e224c7c2e4e69627d68fa9c332ab0:   done           |[32m++++++++++++++++++++++++++++++++++++++[0m| 
layer-sha256:034d6572bf287fa79604fee9be062f0683809ae3a3685bc7b0e17bd1c48c50e8:    done           |[32m++++++++++++++++++++++++++++++++++++++[0m| 
layer-sha256:c8577ccb98d6af2b56cb43790454d142c1bfbee15c59b6b44c8278ca9b65baaa:    downloading    |[32m+++++++++++++++++++++++++++++++++++++[0m-| 13.9 GiB/14.0 GiB 
layer-sha256:dab186ad61c8543a52a8cb5cef310d98159eb6fe36eb2868bac2ab6ea985972b:    done           |[32m++++++++++++++++++++++++++++++++++++++[0m| 
elapsed: 34.8s                                                                    total:  13.9 G (410.1 MiB/s)                                     
172.31.67.78:5000/model-ballast:A-14g:                                            resolved       |[32m++++++++++++++++++++++++++++++++++++++[0m| 
index-sha256:093fc1a5143440a3ba8cb6cdc582edbfe183ca86bdd4db3f165c170f18ddddf4:    done           |[32m++++++++++++++++++++++++++++++++++++++[0m| 
manifest-sha256:774ef59b0c94679c2695f0c05e2bc0b21d44f5d1339ab17b6e3323bf28d39f66: done           |[32m++++++++++++++++++++++++++++++++++++++[0m| 
manifest-sha256:d8cbd2948553ac2bc682b20626e09f9e897e31ea05ded4deff1ad81c79b3f2b4: done           |[32m++++++++++++++++++++++++++++++++++++++[0m| 
config-sha256:318f2319125641580710a110c1ae28c8a91e224c7c2e4e69627d68fa9c332ab0:   done           |[32m++++++++++++++++++++++++++++++++++++++[0m| 
layer-sha256:034d6572bf287fa79604fee9be062f0683809ae3a3685bc7b0e17bd1c48c50e8:    done           |[32m++++++++++++++++++++++++++++++++++++++[0m| 
layer-sha256:c8577ccb98d6af2b56cb43790454d142c1bfbee15c59b6b44c8278ca9b65baaa:    downloading    |[32m+++++++++++++++++++++++++++++++++++++[0m-| 14.0 GiB/14.0 GiB 
layer-sha256:dab186ad61c8543a52a8cb5cef310d98159eb6fe36eb2868bac2ab6ea985972b:    done           |[32m++++++++++++++++++++++++++++++++++++++[0m| 
elapsed: 34.9s                                                                    total:  14.0 G (410.1 MiB/s)                                     
172.31.67.78:5000/model-ballast:A-14g:                                            resolved       |[32m++++++++++++++++++++++++++++++++++++++[0m| 
index-sha256:093fc1a5143440a3ba8cb6cdc582edbfe183ca86bdd4db3f165c170f18ddddf4:    done           |[32m++++++++++++++++++++++++++++++++++++++[0m| 
manifest-sha256:774ef59b0c94679c2695f0c05e2bc0b21d44f5d1339ab17b6e3323bf28d39f66: done           |[32m++++++++++++++++++++++++++++++++++++++[0m| 
manifest-sha256:d8cbd2948553ac2bc682b20626e09f9e897e31ea05ded4deff1ad81c79b3f2b4: done           |[32m++++++++++++++++++++++++++++++++++++++[0m| 
config-sha256:318f2319125641580710a110c1ae28c8a91e224c7c2e4e69627d68fa9c332ab0:   done           |[32m++++++++++++++++++++++++++++++++++++++[0m| 
layer-sha256:034d6572bf287fa79604fee9be062f0683809ae3a3685bc7b0e17bd1c48c50e8:    done           |[32m++++++++++++++++++++++++++++++++++++++[0m| 
layer-sha256:c8577ccb98d6af2b56cb43790454d142c1bfbee15c59b6b44c8278ca9b65baaa:    downloading    |[32m++++++++++++++++++++++++++++++++++++++[0m| 14.0 GiB/14.0 GiB 
layer-sha256:dab186ad61c8543a52a8cb5cef310d98159eb6fe36eb2868bac2ab6ea985972b:    done           |[32m++++++++++++++++++++++++++++++++++++++[0m| 
elapsed: 35.0s                                                                    total:  14.0 G (409.8 MiB/s)                                     
172.31.67.78:5000/model-ballast:A-14g:                                            resolved       |[32m++++++++++++++++++++++++++++++++++++++[0m| 
index-sha256:093fc1a5143440a3ba8cb6cdc582edbfe183ca86bdd4db3f165c170f18ddddf4:    done           |[32m++++++++++++++++++++++++++++++++++++++[0m| 
manifest-sha256:774ef59b0c94679c2695f0c05e2bc0b21d44f5d1339ab17b6e3323bf28d39f66: done           |[32m++++++++++++++++++++++++++++++++++++++[0m| 
manifest-sha256:d8cbd2948553ac2bc682b20626e09f9e897e31ea05ded4deff1ad81c79b3f2b4: done           |[32m++++++++++++++++++++++++++++++++++++++[0m| 
config-sha256:318f2319125641580710a110c1ae28c8a91e224c7c2e4e69627d68fa9c332ab0:   done           |[32m++++++++++++++++++++++++++++++++++++++[0m| 
layer-sha256:034d6572bf287fa79604fee9be062f0683809ae3a3685bc7b0e17bd1c48c50e8:    done           |[32m++++++++++++++++++++++++++++++++++++++[0m| 
layer-sha256:c8577ccb98d6af2b56cb43790454d142c1bfbee15c59b6b44c8278ca9b65baaa:    downloading    |[32m++++++++++++++++++++++++++++++++++++++[0m| 14.0 GiB/14.0 GiB 
layer-sha256:dab186ad61c8543a52a8cb5cef310d98159eb6fe36eb2868bac2ab6ea985972b:    done           |[32m++++++++++++++++++++++++++++++++++++++[0m| 
elapsed: 35.1s                                                                    total:  14.0 G (408.6 MiB/s)                                     
172.31.67.78:5000/model-ballast:A-14g:                                            resolved       |[32m++++++++++++++++++++++++++++++++++++++[0m| 
index-sha256:093fc1a5143440a3ba8cb6cdc582edbfe183ca86bdd4db3f165c170f18ddddf4:    done           |[32m++++++++++++++++++++++++++++++++++++++[0m| 
manifest-sha256:774ef59b0c94679c2695f0c05e2bc0b21d44f5d1339ab17b6e3323bf28d39f66: done           |[32m++++++++++++++++++++++++++++++++++++++[0m| 
manifest-sha256:d8cbd2948553ac2bc682b20626e09f9e897e31ea05ded4deff1ad81c79b3f2b4: done           |[32m++++++++++++++++++++++++++++++++++++++[0m| 
config-sha256:318f2319125641580710a110c1ae28c8a91e224c7c2e4e69627d68fa9c332ab0:   done           |[32m++++++++++++++++++++++++++++++++++++++[0m| 
layer-sha256:034d6572bf287fa79604fee9be062f0683809ae3a3685bc7b0e17bd1c48c50e8:    done           |[32m++++++++++++++++++++++++++++++++++++++[0m| 
layer-sha256:c8577ccb98d6af2b56cb43790454d142c1bfbee15c59b6b44c8278ca9b65baaa:    downloading    |[32m++++++++++++++++++++++++++++++++++++++[0m| 14.0 GiB/14.0 GiB 
layer-sha256:dab186ad61c8543a52a8cb5cef310d98159eb6fe36eb2868bac2ab6ea985972b:    done           |[32m++++++++++++++++++++++++++++++++++++++[0m| 
elapsed: 35.2s                                                                    total:  14.0 G (407.4 MiB/s)                                     
172.31.67.78:5000/model-ballast:A-14g:                                            resolved       |[32m++++++++++++++++++++++++++++++++++++++[0m| 
index-sha256:093fc1a5143440a3ba8cb6cdc582edbfe183ca86bdd4db3f165c170f18ddddf4:    done           |[32m++++++++++++++++++++++++++++++++++++++[0m| 
manifest-sha256:774ef59b0c94679c2695f0c05e2bc0b21d44f5d1339ab17b6e3323bf28d39f66: done           |[32m++++++++++++++++++++++++++++++++++++++[0m| 
manifest-sha256:d8cbd2948553ac2bc682b20626e09f9e897e31ea05ded4deff1ad81c79b3f2b4: done           |[32m++++++++++++++++++++++++++++++++++++++[0m| 
config-sha256:318f2319125641580710a110c1ae28c8a91e224c7c2e4e69627d68fa9c332ab0:   done           |[32m++++++++++++++++++++++++++++++++++++++[0m| 
layer-sha256:034d6572bf287fa79604fee9be062f0683809ae3a3685bc7b0e17bd1c48c50e8:    done           |[32m++++++++++++++++++++++++++++++++++++++[0m| 
layer-sha256:c8577ccb98d6af2b56cb43790454d142c1bfbee15c59b6b44c8278ca9b65baaa:    downloading    |[32m++++++++++++++++++++++++++++++++++++++[0m| 14.0 GiB/14.0 GiB 
layer-sha256:dab186ad61c8543a52a8cb5cef310d98159eb6fe36eb2868bac2ab6ea985972b:    done           |[32m++++++++++++++++++++++++++++++++++++++[0m| 
elapsed: 35.3s                                                                    total:  14.0 G (406.3 MiB/s)                                     
172.31.67.78:5000/model-ballast:A-14g:                                            resolved       |[32m++++++++++++++++++++++++++++++++++++++[0m| 
index-sha256:093fc1a5143440a3ba8cb6cdc582edbfe183ca86bdd4db3f165c170f18ddddf4:    done           |[32m++++++++++++++++++++++++++++++++++++++[0m| 
manifest-sha256:774ef59b0c94679c2695f0c05e2bc0b21d44f5d1339ab17b6e3323bf28d39f66: done           |[32m++++++++++++++++++++++++++++++++++++++[0m| 
manifest-sha256:d8cbd2948553ac2bc682b20626e09f9e897e31ea05ded4deff1ad81c79b3f2b4: done           |[32m++++++++++++++++++++++++++++++++++++++[0m| 
config-sha256:318f2319125641580710a110c1ae28c8a91e224c7c2e4e69627d68fa9c332ab0:   done           |[32m++++++++++++++++++++++++++++++++++++++[0m| 
layer-sha256:034d6572bf287fa79604fee9be062f0683809ae3a3685bc7b0e17bd1c48c50e8:    done           |[32m++++++++++++++++++++++++++++++++++++++[0m| 
layer-sha256:c8577ccb98d6af2b56cb43790454d142c1bfbee15c59b6b44c8278ca9b65baaa:    downloading    |[32m++++++++++++++++++++++++++++++++++++++[0m| 14.0 GiB/14.0 GiB 
layer-sha256:dab186ad61c8543a52a8cb5cef310d98159eb6fe36eb2868bac2ab6ea985972b:    done           |[32m++++++++++++++++++++++++++++++++++++++[0m| 
elapsed: 35.4s                                                                    total:  14.0 G (405.1 MiB/s)                                     
172.31.67.78:5000/model-ballast:A-14g:                                            resolved       |[32m++++++++++++++++++++++++++++++++++++++[0m| 
index-sha256:093fc1a5143440a3ba8cb6cdc582edbfe183ca86bdd4db3f165c170f18ddddf4:    done           |[32m++++++++++++++++++++++++++++++++++++++[0m| 
manifest-sha256:774ef59b0c94679c2695f0c05e2bc0b21d44f5d1339ab17b6e3323bf28d39f66: done           |[32m++++++++++++++++++++++++++++++++++++++[0m| 
manifest-sha256:d8cbd2948553ac2bc682b20626e09f9e897e31ea05ded4deff1ad81c79b3f2b4: done           |[32m++++++++++++++++++++++++++++++++++++++[0m| 
config-sha256:318f2319125641580710a110c1ae28c8a91e224c7c2e4e69627d68fa9c332ab0:   done           |[32m++++++++++++++++++++++++++++++++++++++[0m| 
layer-sha256:034d6572bf287fa79604fee9be062f0683809ae3a3685bc7b0e17bd1c48c50e8:    done           |[32m++++++++++++++++++++++++++++++++++++++[0m| 
layer-sha256:c8577ccb98d6af2b56cb43790454d142c1bfbee15c59b6b44c8278ca9b65baaa:    downloading    |[32m++++++++++++++++++++++++++++++++++++++[0m| 14.0 GiB/14.0 GiB 
layer-sha256:dab186ad61c8543a52a8cb5cef310d98159eb6fe36eb2868bac2ab6ea985972b:    done           |[32m++++++++++++++++++++++++++++++++++++++[0m| 
elapsed: 35.5s                                                                    total:  14.0 G (404.0 MiB/s)                                     
172.31.67.78:5000/model-ballast:A-14g:                                            resolved       |[32m++++++++++++++++++++++++++++++++++++++[0m| 
index-sha256:093fc1a5143440a3ba8cb6cdc582edbfe183ca86bdd4db3f165c170f18ddddf4:    done           |[32m++++++++++++++++++++++++++++++++++++++[0m| 
manifest-sha256:774ef59b0c94679c2695f0c05e2bc0b21d44f5d1339ab17b6e3323bf28d39f66: done           |[32m++++++++++++++++++++++++++++++++++++++[0m| 
manifest-sha256:d8cbd2948553ac2bc682b20626e09f9e897e31ea05ded4deff1ad81c79b3f2b4: done           |[32m++++++++++++++++++++++++++++++++++++++[0m| 
config-sha256:318f2319125641580710a110c1ae28c8a91e224c7c2e4e69627d68fa9c332ab0:   done           |[32m++++++++++++++++++++++++++++++++++++++[0m| 
layer-sha256:034d6572bf287fa79604fee9be062f0683809ae3a3685bc7b0e17bd1c48c50e8:    done           |[32m++++++++++++++++++++++++++++++++++++++[0m| 
layer-sha256:c8577ccb98d6af2b56cb43790454d142c1bfbee15c59b6b44c8278ca9b65baaa:    downloading    |[32m++++++++++++++++++++++++++++++++++++++[0m| 14.0 GiB/14.0 GiB 
layer-sha256:dab186ad61c8543a52a8cb5cef310d98159eb6fe36eb2868bac2ab6ea985972b:    done           |[32m++++++++++++++++++++++++++++++++++++++[0m| 
elapsed: 35.6s                                                                    total:  14.0 G (402.9 MiB/s)                                     
172.31.67.78:5000/model-ballast:A-14g:                                            resolved       |[32m++++++++++++++++++++++++++++++++++++++[0m| 
index-sha256:093fc1a5143440a3ba8cb6cdc582edbfe183ca86bdd4db3f165c170f18ddddf4:    done           |[32m++++++++++++++++++++++++++++++++++++++[0m| 
manifest-sha256:774ef59b0c94679c2695f0c05e2bc0b21d44f5d1339ab17b6e3323bf28d39f66: done           |[32m++++++++++++++++++++++++++++++++++++++[0m| 
manifest-sha256:d8cbd2948553ac2bc682b20626e09f9e897e31ea05ded4deff1ad81c79b3f2b4: done           |[32m++++++++++++++++++++++++++++++++++++++[0m| 
config-sha256:318f2319125641580710a110c1ae28c8a91e224c7c2e4e69627d68fa9c332ab0:   done           |[32m++++++++++++++++++++++++++++++++++++++[0m| 
layer-sha256:034d6572bf287fa79604fee9be062f0683809ae3a3685bc7b0e17bd1c48c50e8:    done           |[32m++++++++++++++++++++++++++++++++++++++[0m| 
layer-sha256:c8577ccb98d6af2b56cb43790454d142c1bfbee15c59b6b44c8278ca9b65baaa:    downloading    |[32m++++++++++++++++++++++++++++++++++++++[0m| 14.0 GiB/14.0 GiB 
layer-sha256:dab186ad61c8543a52a8cb5cef310d98159eb6fe36eb2868bac2ab6ea985972b:    done           |[32m++++++++++++++++++++++++++++++++++++++[0m| 
elapsed: 35.7s                                                                    total:  14.0 G (401.7 MiB/s)                                     
172.31.67.78:5000/model-ballast:A-14g:                                            resolved       |[32m++++++++++++++++++++++++++++++++++++++[0m| 
index-sha256:093fc1a5143440a3ba8cb6cdc582edbfe183ca86bdd4db3f165c170f18ddddf4:    done           |[32m++++++++++++++++++++++++++++++++++++++[0m| 
manifest-sha256:774ef59b0c94679c2695f0c05e2bc0b21d44f5d1339ab17b6e3323bf28d39f66: done           |[32m++++++++++++++++++++++++++++++++++++++[0m| 
manifest-sha256:d8cbd2948553ac2bc682b20626e09f9e897e31ea05ded4deff1ad81c79b3f2b4: done           |[32m++++++++++++++++++++++++++++++++++++++[0m| 
config-sha256:318f2319125641580710a110c1ae28c8a91e224c7c2e4e69627d68fa9c332ab0:   done           |[32m++++++++++++++++++++++++++++++++++++++[0m| 
layer-sha256:034d6572bf287fa79604fee9be062f0683809ae3a3685bc7b0e17bd1c48c50e8:    done           |[32m++++++++++++++++++++++++++++++++++++++[0m| 
layer-sha256:c8577ccb98d6af2b56cb43790454d142c1bfbee15c59b6b44c8278ca9b65baaa:    downloading    |[32m++++++++++++++++++++++++++++++++++++++[0m| 14.0 GiB/14.0 GiB 
layer-sha256:dab186ad61c8543a52a8cb5cef310d98159eb6fe36eb2868bac2ab6ea985972b:    done           |[32m++++++++++++++++++++++++++++++++++++++[0m| 
elapsed: 35.8s                                                                    total:  14.0 G (400.6 MiB/s)                                     
172.31.67.78:5000/model-ballast:A-14g:                                            resolved       |[32m++++++++++++++++++++++++++++++++++++++[0m| 
index-sha256:093fc1a5143440a3ba8cb6cdc582edbfe183ca86bdd4db3f165c170f18ddddf4:    done           |[32m++++++++++++++++++++++++++++++++++++++[0m| 
manifest-sha256:774ef59b0c94679c2695f0c05e2bc0b21d44f5d1339ab17b6e3323bf28d39f66: done           |[32m++++++++++++++++++++++++++++++++++++++[0m| 
manifest-sha256:d8cbd2948553ac2bc682b20626e09f9e897e31ea05ded4deff1ad81c79b3f2b4: done           |[32m++++++++++++++++++++++++++++++++++++++[0m| 
config-sha256:318f2319125641580710a110c1ae28c8a91e224c7c2e4e69627d68fa9c332ab0:   done           |[32m++++++++++++++++++++++++++++++++++++++[0m| 
layer-sha256:034d6572bf287fa79604fee9be062f0683809ae3a3685bc7b0e17bd1c48c50e8:    done           |[32m++++++++++++++++++++++++++++++++++++++[0m| 
layer-sha256:c8577ccb98d6af2b56cb43790454d142c1bfbee15c59b6b44c8278ca9b65baaa:    downloading    |[32m++++++++++++++++++++++++++++++++++++++[0m| 14.0 GiB/14.0 GiB 
layer-sha256:dab186ad61c8543a52a8cb5cef310d98159eb6fe36eb2868bac2ab6ea985972b:    done           |[32m++++++++++++++++++++++++++++++++++++++[0m| 
elapsed: 35.9s                                                                    total:  14.0 G (399.5 MiB/s)                                     
172.31.67.78:5000/model-ballast:A-14g:                                            resolved       |[32m++++++++++++++++++++++++++++++++++++++[0m| 
index-sha256:093fc1a5143440a3ba8cb6cdc582edbfe183ca86bdd4db3f165c170f18ddddf4:    done           |[32m++++++++++++++++++++++++++++++++++++++[0m| 
manifest-sha256:774ef59b0c94679c2695f0c05e2bc0b21d44f5d1339ab17b6e3323bf28d39f66: done           |[32m++++++++++++++++++++++++++++++++++++++[0m| 
manifest-sha256:d8cbd2948553ac2bc682b20626e09f9e897e31ea05ded4deff1ad81c79b3f2b4: done           |[32m++++++++++++++++++++++++++++++++++++++[0m| 
config-sha256:318f2319125641580710a110c1ae28c8a91e224c7c2e4e69627d68fa9c332ab0:   done           |[32m++++++++++++++++++++++++++++++++++++++[0m| 
layer-sha256:034d6572bf287fa79604fee9be062f0683809ae3a3685bc7b0e17bd1c48c50e8:    done           |[32m++++++++++++++++++++++++++++++++++++++[0m| 
layer-sha256:c8577ccb98d6af2b56cb43790454d142c1bfbee15c59b6b44c8278ca9b65baaa:    downloading    |[32m++++++++++++++++++++++++++++++++++++++[0m| 14.0 GiB/14.0 GiB 
layer-sha256:dab186ad61c8543a52a8cb5cef310d98159eb6fe36eb2868bac2ab6ea985972b:    done           |[32m++++++++++++++++++++++++++++++++++++++[0m| 
elapsed: 36.0s                                                                    total:  14.0 G (398.4 MiB/s)                                     
172.31.67.78:5000/model-ballast:A-14g:                                            resolved       |[32m++++++++++++++++++++++++++++++++++++++[0m| 
index-sha256:093fc1a5143440a3ba8cb6cdc582edbfe183ca86bdd4db3f165c170f18ddddf4:    done           |[32m++++++++++++++++++++++++++++++++++++++[0m| 
manifest-sha256:774ef59b0c94679c2695f0c05e2bc0b21d44f5d1339ab17b6e3323bf28d39f66: done           |[32m++++++++++++++++++++++++++++++++++++++[0m| 
manifest-sha256:d8cbd2948553ac2bc682b20626e09f9e897e31ea05ded4deff1ad81c79b3f2b4: done           |[32m++++++++++++++++++++++++++++++++++++++[0m| 
config-sha256:318f2319125641580710a110c1ae28c8a91e224c7c2e4e69627d68fa9c332ab0:   done           |[32m++++++++++++++++++++++++++++++++++++++[0m| 
layer-sha256:034d6572bf287fa79604fee9be062f0683809ae3a3685bc7b0e17bd1c48c50e8:    done           |[32m++++++++++++++++++++++++++++++++++++++[0m| 
layer-sha256:c8577ccb98d6af2b56cb43790454d142c1bfbee15c59b6b44c8278ca9b65baaa:    downloading    |[32m++++++++++++++++++++++++++++++++++++++[0m| 14.0 GiB/14.0 GiB 
layer-sha256:dab186ad61c8543a52a8cb5cef310d98159eb6fe36eb2868bac2ab6ea985972b:    done           |[32m++++++++++++++++++++++++++++++++++++++[0m| 
elapsed: 36.1s                                                                    total:  14.0 G (397.3 MiB/s)                                     
172.31.67.78:5000/model-ballast:A-14g:                                            resolved       |[32m++++++++++++++++++++++++++++++++++++++[0m| 
index-sha256:093fc1a5143440a3ba8cb6cdc582edbfe183ca86bdd4db3f165c170f18ddddf4:    done           |[32m++++++++++++++++++++++++++++++++++++++[0m| 
manifest-sha256:774ef59b0c94679c2695f0c05e2bc0b21d44f5d1339ab17b6e3323bf28d39f66: done           |[32m++++++++++++++++++++++++++++++++++++++[0m| 
manifest-sha256:d8cbd2948553ac2bc682b20626e09f9e897e31ea05ded4deff1ad81c79b3f2b4: done           |[32m++++++++++++++++++++++++++++++++++++++[0m| 
config-sha256:318f2319125641580710a110c1ae28c8a91e224c7c2e4e69627d68fa9c332ab0:   done           |[32m++++++++++++++++++++++++++++++++++++++[0m| 
layer-sha256:034d6572bf287fa79604fee9be062f0683809ae3a3685bc7b0e17bd1c48c50e8:    done           |[32m++++++++++++++++++++++++++++++++++++++[0m| 
layer-sha256:c8577ccb98d6af2b56cb43790454d142c1bfbee15c59b6b44c8278ca9b65baaa:    downloading    |[32m++++++++++++++++++++++++++++++++++++++[0m| 14.0 GiB/14.0 GiB 
layer-sha256:dab186ad61c8543a52a8cb5cef310d98159eb6fe36eb2868bac2ab6ea985972b:    done           |[32m++++++++++++++++++++++++++++++++++++++[0m| 
elapsed: 36.2s                                                                    total:  14.0 G (396.2 MiB/s)                                     
172.31.67.78:5000/model-ballast:A-14g:                                            resolved       |[32m++++++++++++++++++++++++++++++++++++++[0m| 
index-sha256:093fc1a5143440a3ba8cb6cdc582edbfe183ca86bdd4db3f165c170f18ddddf4:    done           |[32m++++++++++++++++++++++++++++++++++++++[0m| 
manifest-sha256:774ef59b0c94679c2695f0c05e2bc0b21d44f5d1339ab17b6e3323bf28d39f66: done           |[32m++++++++++++++++++++++++++++++++++++++[0m| 
manifest-sha256:d8cbd2948553ac2bc682b20626e09f9e897e31ea05ded4deff1ad81c79b3f2b4: done           |[32m++++++++++++++++++++++++++++++++++++++[0m| 
config-sha256:318f2319125641580710a110c1ae28c8a91e224c7c2e4e69627d68fa9c332ab0:   done           |[32m++++++++++++++++++++++++++++++++++++++[0m| 
layer-sha256:034d6572bf287fa79604fee9be062f0683809ae3a3685bc7b0e17bd1c48c50e8:    done           |[32m++++++++++++++++++++++++++++++++++++++[0m| 
layer-sha256:c8577ccb98d6af2b56cb43790454d142c1bfbee15c59b6b44c8278ca9b65baaa:    downloading    |[32m++++++++++++++++++++++++++++++++++++++[0m| 14.0 GiB/14.0 GiB 
layer-sha256:dab186ad61c8543a52a8cb5cef310d98159eb6fe36eb2868bac2ab6ea985972b:    done           |[32m++++++++++++++++++++++++++++++++++++++[0m| 
elapsed: 36.3s                                                                    total:  14.0 G (395.1 MiB/s)                                     
172.31.67.78:5000/model-ballast:A-14g:                                            resolved       |[32m++++++++++++++++++++++++++++++++++++++[0m| 
index-sha256:093fc1a5143440a3ba8cb6cdc582edbfe183ca86bdd4db3f165c170f18ddddf4:    done           |[32m++++++++++++++++++++++++++++++++++++++[0m| 
manifest-sha256:774ef59b0c94679c2695f0c05e2bc0b21d44f5d1339ab17b6e3323bf28d39f66: done           |[32m++++++++++++++++++++++++++++++++++++++[0m| 
manifest-sha256:d8cbd2948553ac2bc682b20626e09f9e897e31ea05ded4deff1ad81c79b3f2b4: done           |[32m++++++++++++++++++++++++++++++++++++++[0m| 
config-sha256:318f2319125641580710a110c1ae28c8a91e224c7c2e4e69627d68fa9c332ab0:   done           |[32m++++++++++++++++++++++++++++++++++++++[0m| 
layer-sha256:034d6572bf287fa79604fee9be062f0683809ae3a3685bc7b0e17bd1c48c50e8:    done           |[32m++++++++++++++++++++++++++++++++++++++[0m| 
layer-sha256:c8577ccb98d6af2b56cb43790454d142c1bfbee15c59b6b44c8278ca9b65baaa:    downloading    |[32m++++++++++++++++++++++++++++++++++++++[0m| 14.0 GiB/14.0 GiB 
layer-sha256:dab186ad61c8543a52a8cb5cef310d98159eb6fe36eb2868bac2ab6ea985972b:    done           |[32m++++++++++++++++++++++++++++++++++++++[0m| 
elapsed: 36.4s                                                                    total:  14.0 G (394.0 MiB/s)                                     
172.31.67.78:5000/model-ballast:A-14g:                                            resolved       |[32m++++++++++++++++++++++++++++++++++++++[0m| 
index-sha256:093fc1a5143440a3ba8cb6cdc582edbfe183ca86bdd4db3f165c170f18ddddf4:    done           |[32m++++++++++++++++++++++++++++++++++++++[0m| 
manifest-sha256:774ef59b0c94679c2695f0c05e2bc0b21d44f5d1339ab17b6e3323bf28d39f66: done           |[32m++++++++++++++++++++++++++++++++++++++[0m| 
manifest-sha256:d8cbd2948553ac2bc682b20626e09f9e897e31ea05ded4deff1ad81c79b3f2b4: done           |[32m++++++++++++++++++++++++++++++++++++++[0m| 
config-sha256:318f2319125641580710a110c1ae28c8a91e224c7c2e4e69627d68fa9c332ab0:   done           |[32m++++++++++++++++++++++++++++++++++++++[0m| 
layer-sha256:034d6572bf287fa79604fee9be062f0683809ae3a3685bc7b0e17bd1c48c50e8:    done           |[32m++++++++++++++++++++++++++++++++++++++[0m| 
layer-sha256:c8577ccb98d6af2b56cb43790454d142c1bfbee15c59b6b44c8278ca9b65baaa:    downloading    |[32m++++++++++++++++++++++++++++++++++++++[0m| 14.0 GiB/14.0 GiB 
layer-sha256:dab186ad61c8543a52a8cb5cef310d98159eb6fe36eb2868bac2ab6ea985972b:    done           |[32m++++++++++++++++++++++++++++++++++++++[0m| 
elapsed: 36.5s                                                                    total:  14.0 G (392.9 MiB/s)                                     
172.31.67.78:5000/model-ballast:A-14g:                                            resolved       |[32m++++++++++++++++++++++++++++++++++++++[0m| 
index-sha256:093fc1a5143440a3ba8cb6cdc582edbfe183ca86bdd4db3f165c170f18ddddf4:    done           |[32m++++++++++++++++++++++++++++++++++++++[0m| 
manifest-sha256:774ef59b0c94679c2695f0c05e2bc0b21d44f5d1339ab17b6e3323bf28d39f66: done           |[32m++++++++++++++++++++++++++++++++++++++[0m| 
manifest-sha256:d8cbd2948553ac2bc682b20626e09f9e897e31ea05ded4deff1ad81c79b3f2b4: done           |[32m++++++++++++++++++++++++++++++++++++++[0m| 
config-sha256:318f2319125641580710a110c1ae28c8a91e224c7c2e4e69627d68fa9c332ab0:   done           |[32m++++++++++++++++++++++++++++++++++++++[0m| 
layer-sha256:034d6572bf287fa79604fee9be062f0683809ae3a3685bc7b0e17bd1c48c50e8:    done           |[32m++++++++++++++++++++++++++++++++++++++[0m| 
layer-sha256:c8577ccb98d6af2b56cb43790454d142c1bfbee15c59b6b44c8278ca9b65baaa:    downloading    |[32m++++++++++++++++++++++++++++++++++++++[0m| 14.0 GiB/14.0 GiB 
layer-sha256:dab186ad61c8543a52a8cb5cef310d98159eb6fe36eb2868bac2ab6ea985972b:    done           |[32m++++++++++++++++++++++++++++++++++++++[0m| 
elapsed: 36.6s                                                                    total:  14.0 G (391.9 MiB/s)                                     
172.31.67.78:5000/model-ballast:A-14g:                                            resolved       |[32m++++++++++++++++++++++++++++++++++++++[0m| 
index-sha256:093fc1a5143440a3ba8cb6cdc582edbfe183ca86bdd4db3f165c170f18ddddf4:    done           |[32m++++++++++++++++++++++++++++++++++++++[0m| 
manifest-sha256:774ef59b0c94679c2695f0c05e2bc0b21d44f5d1339ab17b6e3323bf28d39f66: done           |[32m++++++++++++++++++++++++++++++++++++++[0m| 
manifest-sha256:d8cbd2948553ac2bc682b20626e09f9e897e31ea05ded4deff1ad81c79b3f2b4: done           |[32m++++++++++++++++++++++++++++++++++++++[0m| 
config-sha256:318f2319125641580710a110c1ae28c8a91e224c7c2e4e69627d68fa9c332ab0:   done           |[32m++++++++++++++++++++++++++++++++++++++[0m| 
layer-sha256:034d6572bf287fa79604fee9be062f0683809ae3a3685bc7b0e17bd1c48c50e8:    done           |[32m++++++++++++++++++++++++++++++++++++++[0m| 
layer-sha256:c8577ccb98d6af2b56cb43790454d142c1bfbee15c59b6b44c8278ca9b65baaa:    downloading    |[32m++++++++++++++++++++++++++++++++++++++[0m| 14.0 GiB/14.0 GiB 
layer-sha256:dab186ad61c8543a52a8cb5cef310d98159eb6fe36eb2868bac2ab6ea985972b:    done           |[32m++++++++++++++++++++++++++++++++++++++[0m| 
elapsed: 36.7s                                                                    total:  14.0 G (390.8 MiB/s)                                     
172.31.67.78:5000/model-ballast:A-14g:                                            resolved       |[32m++++++++++++++++++++++++++++++++++++++[0m| 
index-sha256:093fc1a5143440a3ba8cb6cdc582edbfe183ca86bdd4db3f165c170f18ddddf4:    done           |[32m++++++++++++++++++++++++++++++++++++++[0m| 
manifest-sha256:774ef59b0c94679c2695f0c05e2bc0b21d44f5d1339ab17b6e3323bf28d39f66: done           |[32m++++++++++++++++++++++++++++++++++++++[0m| 
manifest-sha256:d8cbd2948553ac2bc682b20626e09f9e897e31ea05ded4deff1ad81c79b3f2b4: done           |[32m++++++++++++++++++++++++++++++++++++++[0m| 
config-sha256:318f2319125641580710a110c1ae28c8a91e224c7c2e4e69627d68fa9c332ab0:   done           |[32m++++++++++++++++++++++++++++++++++++++[0m| 
layer-sha256:034d6572bf287fa79604fee9be062f0683809ae3a3685bc7b0e17bd1c48c50e8:    done           |[32m++++++++++++++++++++++++++++++++++++++[0m| 
layer-sha256:c8577ccb98d6af2b56cb43790454d142c1bfbee15c59b6b44c8278ca9b65baaa:    downloading    |[32m++++++++++++++++++++++++++++++++++++++[0m| 14.0 GiB/14.0 GiB 
layer-sha256:dab186ad61c8543a52a8cb5cef310d98159eb6fe36eb2868bac2ab6ea985972b:    done           |[32m++++++++++++++++++++++++++++++++++++++[0m| 
elapsed: 36.8s                                                                    total:  14.0 G (389.7 MiB/s)                                     
172.31.67.78:5000/model-ballast:A-14g:                                            resolved       |[32m++++++++++++++++++++++++++++++++++++++[0m| 
index-sha256:093fc1a5143440a3ba8cb6cdc582edbfe183ca86bdd4db3f165c170f18ddddf4:    done           |[32m++++++++++++++++++++++++++++++++++++++[0m| 
manifest-sha256:774ef59b0c94679c2695f0c05e2bc0b21d44f5d1339ab17b6e3323bf28d39f66: done           |[32m++++++++++++++++++++++++++++++++++++++[0m| 
manifest-sha256:d8cbd2948553ac2bc682b20626e09f9e897e31ea05ded4deff1ad81c79b3f2b4: done           |[32m++++++++++++++++++++++++++++++++++++++[0m| 
config-sha256:318f2319125641580710a110c1ae28c8a91e224c7c2e4e69627d68fa9c332ab0:   done           |[32m++++++++++++++++++++++++++++++++++++++[0m| 
layer-sha256:034d6572bf287fa79604fee9be062f0683809ae3a3685bc7b0e17bd1c48c50e8:    done           |[32m++++++++++++++++++++++++++++++++++++++[0m| 
layer-sha256:c8577ccb98d6af2b56cb43790454d142c1bfbee15c59b6b44c8278ca9b65baaa:    downloading    |[32m++++++++++++++++++++++++++++++++++++++[0m| 14.0 GiB/14.0 GiB 
layer-sha256:dab186ad61c8543a52a8cb5cef310d98159eb6fe36eb2868bac2ab6ea985972b:    done           |[32m++++++++++++++++++++++++++++++++++++++[0m| 
elapsed: 36.9s                                                                    total:  14.0 G (388.7 MiB/s)                                     
172.31.67.78:5000/model-ballast:A-14g:                                            resolved       |[32m++++++++++++++++++++++++++++++++++++++[0m| 
index-sha256:093fc1a5143440a3ba8cb6cdc582edbfe183ca86bdd4db3f165c170f18ddddf4:    done           |[32m++++++++++++++++++++++++++++++++++++++[0m| 
manifest-sha256:774ef59b0c94679c2695f0c05e2bc0b21d44f5d1339ab17b6e3323bf28d39f66: done           |[32m++++++++++++++++++++++++++++++++++++++[0m| 
manifest-sha256:d8cbd2948553ac2bc682b20626e09f9e897e31ea05ded4deff1ad81c79b3f2b4: done           |[32m++++++++++++++++++++++++++++++++++++++[0m| 
config-sha256:318f2319125641580710a110c1ae28c8a91e224c7c2e4e69627d68fa9c332ab0:   done           |[32m++++++++++++++++++++++++++++++++++++++[0m| 
layer-sha256:034d6572bf287fa79604fee9be062f0683809ae3a3685bc7b0e17bd1c48c50e8:    done           |[32m++++++++++++++++++++++++++++++++++++++[0m| 
layer-sha256:c8577ccb98d6af2b56cb43790454d142c1bfbee15c59b6b44c8278ca9b65baaa:    downloading    |[32m++++++++++++++++++++++++++++++++++++++[0m| 14.0 GiB/14.0 GiB 
layer-sha256:dab186ad61c8543a52a8cb5cef310d98159eb6fe36eb2868bac2ab6ea985972b:    done           |[32m++++++++++++++++++++++++++++++++++++++[0m| 
elapsed: 37.0s                                                                    total:  14.0 G (387.6 MiB/s)                                     
172.31.67.78:5000/model-ballast:A-14g:                                            resolved       |[32m++++++++++++++++++++++++++++++++++++++[0m| 
index-sha256:093fc1a5143440a3ba8cb6cdc582edbfe183ca86bdd4db3f165c170f18ddddf4:    done           |[32m++++++++++++++++++++++++++++++++++++++[0m| 
manifest-sha256:774ef59b0c94679c2695f0c05e2bc0b21d44f5d1339ab17b6e3323bf28d39f66: done           |[32m++++++++++++++++++++++++++++++++++++++[0m| 
manifest-sha256:d8cbd2948553ac2bc682b20626e09f9e897e31ea05ded4deff1ad81c79b3f2b4: done           |[32m++++++++++++++++++++++++++++++++++++++[0m| 
config-sha256:318f2319125641580710a110c1ae28c8a91e224c7c2e4e69627d68fa9c332ab0:   done           |[32m++++++++++++++++++++++++++++++++++++++[0m| 
layer-sha256:034d6572bf287fa79604fee9be062f0683809ae3a3685bc7b0e17bd1c48c50e8:    done           |[32m++++++++++++++++++++++++++++++++++++++[0m| 
layer-sha256:c8577ccb98d6af2b56cb43790454d142c1bfbee15c59b6b44c8278ca9b65baaa:    downloading    |[32m++++++++++++++++++++++++++++++++++++++[0m| 14.0 GiB/14.0 GiB 
layer-sha256:dab186ad61c8543a52a8cb5cef310d98159eb6fe36eb2868bac2ab6ea985972b:    done           |[32m++++++++++++++++++++++++++++++++++++++[0m| 
elapsed: 37.1s                                                                    total:  14.0 G (386.6 MiB/s)                                     
172.31.67.78:5000/model-ballast:A-14g:                                            resolved       |[32m++++++++++++++++++++++++++++++++++++++[0m| 
index-sha256:093fc1a5143440a3ba8cb6cdc582edbfe183ca86bdd4db3f165c170f18ddddf4:    done           |[32m++++++++++++++++++++++++++++++++++++++[0m| 
manifest-sha256:774ef59b0c94679c2695f0c05e2bc0b21d44f5d1339ab17b6e3323bf28d39f66: done           |[32m++++++++++++++++++++++++++++++++++++++[0m| 
manifest-sha256:d8cbd2948553ac2bc682b20626e09f9e897e31ea05ded4deff1ad81c79b3f2b4: done           |[32m++++++++++++++++++++++++++++++++++++++[0m| 
config-sha256:318f2319125641580710a110c1ae28c8a91e224c7c2e4e69627d68fa9c332ab0:   done           |[32m++++++++++++++++++++++++++++++++++++++[0m| 
layer-sha256:034d6572bf287fa79604fee9be062f0683809ae3a3685bc7b0e17bd1c48c50e8:    done           |[32m++++++++++++++++++++++++++++++++++++++[0m| 
layer-sha256:c8577ccb98d6af2b56cb43790454d142c1bfbee15c59b6b44c8278ca9b65baaa:    downloading    |[32m++++++++++++++++++++++++++++++++++++++[0m| 14.0 GiB/14.0 GiB 
layer-sha256:dab186ad61c8543a52a8cb5cef310d98159eb6fe36eb2868bac2ab6ea985972b:    done           |[32m++++++++++++++++++++++++++++++++++++++[0m| 
elapsed: 37.2s                                                                    total:  14.0 G (385.5 MiB/s)                                     
172.31.67.78:5000/model-ballast:A-14g:                                            resolved       |[32m++++++++++++++++++++++++++++++++++++++[0m| 
index-sha256:093fc1a5143440a3ba8cb6cdc582edbfe183ca86bdd4db3f165c170f18ddddf4:    done           |[32m++++++++++++++++++++++++++++++++++++++[0m| 
manifest-sha256:774ef59b0c94679c2695f0c05e2bc0b21d44f5d1339ab17b6e3323bf28d39f66: done           |[32m++++++++++++++++++++++++++++++++++++++[0m| 
manifest-sha256:d8cbd2948553ac2bc682b20626e09f9e897e31ea05ded4deff1ad81c79b3f2b4: done           |[32m++++++++++++++++++++++++++++++++++++++[0m| 
config-sha256:318f2319125641580710a110c1ae28c8a91e224c7c2e4e69627d68fa9c332ab0:   done           |[32m++++++++++++++++++++++++++++++++++++++[0m| 
layer-sha256:034d6572bf287fa79604fee9be062f0683809ae3a3685bc7b0e17bd1c48c50e8:    done           |[32m++++++++++++++++++++++++++++++++++++++[0m| 
layer-sha256:c8577ccb98d6af2b56cb43790454d142c1bfbee15c59b6b44c8278ca9b65baaa:    downloading    |[32m++++++++++++++++++++++++++++++++++++++[0m| 14.0 GiB/14.0 GiB 
layer-sha256:dab186ad61c8543a52a8cb5cef310d98159eb6fe36eb2868bac2ab6ea985972b:    done           |[32m++++++++++++++++++++++++++++++++++++++[0m| 
elapsed: 37.3s                                                                    total:  14.0 G (384.5 MiB/s)                                     
172.31.67.78:5000/model-ballast:A-14g:                                            resolved       |[32m++++++++++++++++++++++++++++++++++++++[0m| 
index-sha256:093fc1a5143440a3ba8cb6cdc582edbfe183ca86bdd4db3f165c170f18ddddf4:    done           |[32m++++++++++++++++++++++++++++++++++++++[0m| 
manifest-sha256:774ef59b0c94679c2695f0c05e2bc0b21d44f5d1339ab17b6e3323bf28d39f66: done           |[32m++++++++++++++++++++++++++++++++++++++[0m| 
manifest-sha256:d8cbd2948553ac2bc682b20626e09f9e897e31ea05ded4deff1ad81c79b3f2b4: done           |[32m++++++++++++++++++++++++++++++++++++++[0m| 
config-sha256:318f2319125641580710a110c1ae28c8a91e224c7c2e4e69627d68fa9c332ab0:   done           |[32m++++++++++++++++++++++++++++++++++++++[0m| 
layer-sha256:034d6572bf287fa79604fee9be062f0683809ae3a3685bc7b0e17bd1c48c50e8:    done           |[32m++++++++++++++++++++++++++++++++++++++[0m| 
layer-sha256:c8577ccb98d6af2b56cb43790454d142c1bfbee15c59b6b44c8278ca9b65baaa:    downloading    |[32m++++++++++++++++++++++++++++++++++++++[0m| 14.0 GiB/14.0 GiB 
layer-sha256:dab186ad61c8543a52a8cb5cef310d98159eb6fe36eb2868bac2ab6ea985972b:    done           |[32m++++++++++++++++++++++++++++++++++++++[0m| 
elapsed: 37.4s                                                                    total:  14.0 G (383.5 MiB/s)                                     
172.31.67.78:5000/model-ballast:A-14g:                                            resolved       |[32m++++++++++++++++++++++++++++++++++++++[0m| 
index-sha256:093fc1a5143440a3ba8cb6cdc582edbfe183ca86bdd4db3f165c170f18ddddf4:    done           |[32m++++++++++++++++++++++++++++++++++++++[0m| 
manifest-sha256:774ef59b0c94679c2695f0c05e2bc0b21d44f5d1339ab17b6e3323bf28d39f66: done           |[32m++++++++++++++++++++++++++++++++++++++[0m| 
manifest-sha256:d8cbd2948553ac2bc682b20626e09f9e897e31ea05ded4deff1ad81c79b3f2b4: done           |[32m++++++++++++++++++++++++++++++++++++++[0m| 
config-sha256:318f2319125641580710a110c1ae28c8a91e224c7c2e4e69627d68fa9c332ab0:   done           |[32m++++++++++++++++++++++++++++++++++++++[0m| 
layer-sha256:034d6572bf287fa79604fee9be062f0683809ae3a3685bc7b0e17bd1c48c50e8:    done           |[32m++++++++++++++++++++++++++++++++++++++[0m| 
layer-sha256:c8577ccb98d6af2b56cb43790454d142c1bfbee15c59b6b44c8278ca9b65baaa:    downloading    |[32m++++++++++++++++++++++++++++++++++++++[0m| 14.0 GiB/14.0 GiB 
layer-sha256:dab186ad61c8543a52a8cb5cef310d98159eb6fe36eb2868bac2ab6ea985972b:    done           |[32m++++++++++++++++++++++++++++++++++++++[0m| 
elapsed: 37.5s                                                                    total:  14.0 G (382.5 MiB/s)                                     
172.31.67.78:5000/model-ballast:A-14g:                                            resolved       |[32m++++++++++++++++++++++++++++++++++++++[0m| 
index-sha256:093fc1a5143440a3ba8cb6cdc582edbfe183ca86bdd4db3f165c170f18ddddf4:    done           |[32m++++++++++++++++++++++++++++++++++++++[0m| 
manifest-sha256:774ef59b0c94679c2695f0c05e2bc0b21d44f5d1339ab17b6e3323bf28d39f66: done           |[32m++++++++++++++++++++++++++++++++++++++[0m| 
manifest-sha256:d8cbd2948553ac2bc682b20626e09f9e897e31ea05ded4deff1ad81c79b3f2b4: done           |[32m++++++++++++++++++++++++++++++++++++++[0m| 
config-sha256:318f2319125641580710a110c1ae28c8a91e224c7c2e4e69627d68fa9c332ab0:   done           |[32m++++++++++++++++++++++++++++++++++++++[0m| 
layer-sha256:034d6572bf287fa79604fee9be062f0683809ae3a3685bc7b0e17bd1c48c50e8:    done           |[32m++++++++++++++++++++++++++++++++++++++[0m| 
layer-sha256:c8577ccb98d6af2b56cb43790454d142c1bfbee15c59b6b44c8278ca9b65baaa:    downloading    |[32m++++++++++++++++++++++++++++++++++++++[0m| 14.0 GiB/14.0 GiB 
layer-sha256:dab186ad61c8543a52a8cb5cef310d98159eb6fe36eb2868bac2ab6ea985972b:    done           |[32m++++++++++++++++++++++++++++++++++++++[0m| 
elapsed: 37.6s                                                                    total:  14.0 G (381.4 MiB/s)                                     
172.31.67.78:5000/model-ballast:A-14g:                                            resolved       |[32m++++++++++++++++++++++++++++++++++++++[0m| 
index-sha256:093fc1a5143440a3ba8cb6cdc582edbfe183ca86bdd4db3f165c170f18ddddf4:    done           |[32m++++++++++++++++++++++++++++++++++++++[0m| 
manifest-sha256:774ef59b0c94679c2695f0c05e2bc0b21d44f5d1339ab17b6e3323bf28d39f66: done           |[32m++++++++++++++++++++++++++++++++++++++[0m| 
manifest-sha256:d8cbd2948553ac2bc682b20626e09f9e897e31ea05ded4deff1ad81c79b3f2b4: done           |[32m++++++++++++++++++++++++++++++++++++++[0m| 
config-sha256:318f2319125641580710a110c1ae28c8a91e224c7c2e4e69627d68fa9c332ab0:   done           |[32m++++++++++++++++++++++++++++++++++++++[0m| 
layer-sha256:034d6572bf287fa79604fee9be062f0683809ae3a3685bc7b0e17bd1c48c50e8:    done           |[32m++++++++++++++++++++++++++++++++++++++[0m| 
layer-sha256:c8577ccb98d6af2b56cb43790454d142c1bfbee15c59b6b44c8278ca9b65baaa:    downloading    |[32m++++++++++++++++++++++++++++++++++++++[0m| 14.0 GiB/14.0 GiB 
layer-sha256:dab186ad61c8543a52a8cb5cef310d98159eb6fe36eb2868bac2ab6ea985972b:    done           |[32m++++++++++++++++++++++++++++++++++++++[0m| 
elapsed: 37.7s                                                                    total:  14.0 G (380.4 MiB/s)                                     
172.31.67.78:5000/model-ballast:A-14g:                                            resolved       |[32m++++++++++++++++++++++++++++++++++++++[0m| 
index-sha256:093fc1a5143440a3ba8cb6cdc582edbfe183ca86bdd4db3f165c170f18ddddf4:    done           |[32m++++++++++++++++++++++++++++++++++++++[0m| 
manifest-sha256:774ef59b0c94679c2695f0c05e2bc0b21d44f5d1339ab17b6e3323bf28d39f66: done           |[32m++++++++++++++++++++++++++++++++++++++[0m| 
manifest-sha256:d8cbd2948553ac2bc682b20626e09f9e897e31ea05ded4deff1ad81c79b3f2b4: done           |[32m++++++++++++++++++++++++++++++++++++++[0m| 
config-sha256:318f2319125641580710a110c1ae28c8a91e224c7c2e4e69627d68fa9c332ab0:   done           |[32m++++++++++++++++++++++++++++++++++++++[0m| 
layer-sha256:034d6572bf287fa79604fee9be062f0683809ae3a3685bc7b0e17bd1c48c50e8:    done           |[32m++++++++++++++++++++++++++++++++++++++[0m| 
layer-sha256:c8577ccb98d6af2b56cb43790454d142c1bfbee15c59b6b44c8278ca9b65baaa:    downloading    |[32m++++++++++++++++++++++++++++++++++++++[0m| 14.0 GiB/14.0 GiB 
layer-sha256:dab186ad61c8543a52a8cb5cef310d98159eb6fe36eb2868bac2ab6ea985972b:    done           |[32m++++++++++++++++++++++++++++++++++++++[0m| 
elapsed: 37.8s                                                                    total:  14.0 G (379.4 MiB/s)                                     
172.31.67.78:5000/model-ballast:A-14g:                                            resolved       |[32m++++++++++++++++++++++++++++++++++++++[0m| 
index-sha256:093fc1a5143440a3ba8cb6cdc582edbfe183ca86bdd4db3f165c170f18ddddf4:    done           |[32m++++++++++++++++++++++++++++++++++++++[0m| 
manifest-sha256:774ef59b0c94679c2695f0c05e2bc0b21d44f5d1339ab17b6e3323bf28d39f66: done           |[32m++++++++++++++++++++++++++++++++++++++[0m| 
manifest-sha256:d8cbd2948553ac2bc682b20626e09f9e897e31ea05ded4deff1ad81c79b3f2b4: done           |[32m++++++++++++++++++++++++++++++++++++++[0m| 
config-sha256:318f2319125641580710a110c1ae28c8a91e224c7c2e4e69627d68fa9c332ab0:   done           |[32m++++++++++++++++++++++++++++++++++++++[0m| 
layer-sha256:034d6572bf287fa79604fee9be062f0683809ae3a3685bc7b0e17bd1c48c50e8:    done           |[32m++++++++++++++++++++++++++++++++++++++[0m| 
layer-sha256:c8577ccb98d6af2b56cb43790454d142c1bfbee15c59b6b44c8278ca9b65baaa:    downloading    |[32m++++++++++++++++++++++++++++++++++++++[0m| 14.0 GiB/14.0 GiB 
layer-sha256:dab186ad61c8543a52a8cb5cef310d98159eb6fe36eb2868bac2ab6ea985972b:    done           |[32m++++++++++++++++++++++++++++++++++++++[0m| 
elapsed: 37.9s                                                                    total:  14.0 G (378.4 MiB/s)                                     
172.31.67.78:5000/model-ballast:A-14g:                                            resolved       |[32m++++++++++++++++++++++++++++++++++++++[0m| 
index-sha256:093fc1a5143440a3ba8cb6cdc582edbfe183ca86bdd4db3f165c170f18ddddf4:    done           |[32m++++++++++++++++++++++++++++++++++++++[0m| 
manifest-sha256:774ef59b0c94679c2695f0c05e2bc0b21d44f5d1339ab17b6e3323bf28d39f66: done           |[32m++++++++++++++++++++++++++++++++++++++[0m| 
manifest-sha256:d8cbd2948553ac2bc682b20626e09f9e897e31ea05ded4deff1ad81c79b3f2b4: done           |[32m++++++++++++++++++++++++++++++++++++++[0m| 
config-sha256:318f2319125641580710a110c1ae28c8a91e224c7c2e4e69627d68fa9c332ab0:   done           |[32m++++++++++++++++++++++++++++++++++++++[0m| 
layer-sha256:034d6572bf287fa79604fee9be062f0683809ae3a3685bc7b0e17bd1c48c50e8:    done           |[32m++++++++++++++++++++++++++++++++++++++[0m| 
layer-sha256:c8577ccb98d6af2b56cb43790454d142c1bfbee15c59b6b44c8278ca9b65baaa:    downloading    |[32m++++++++++++++++++++++++++++++++++++++[0m| 14.0 GiB/14.0 GiB 
layer-sha256:dab186ad61c8543a52a8cb5cef310d98159eb6fe36eb2868bac2ab6ea985972b:    done           |[32m++++++++++++++++++++++++++++++++++++++[0m| 
elapsed: 38.0s                                                                    total:  14.0 G (377.4 MiB/s)                                     
172.31.67.78:5000/model-ballast:A-14g:                                            resolved       |[32m++++++++++++++++++++++++++++++++++++++[0m| 
index-sha256:093fc1a5143440a3ba8cb6cdc582edbfe183ca86bdd4db3f165c170f18ddddf4:    done           |[32m++++++++++++++++++++++++++++++++++++++[0m| 
manifest-sha256:774ef59b0c94679c2695f0c05e2bc0b21d44f5d1339ab17b6e3323bf28d39f66: done           |[32m++++++++++++++++++++++++++++++++++++++[0m| 
manifest-sha256:d8cbd2948553ac2bc682b20626e09f9e897e31ea05ded4deff1ad81c79b3f2b4: done           |[32m++++++++++++++++++++++++++++++++++++++[0m| 
config-sha256:318f2319125641580710a110c1ae28c8a91e224c7c2e4e69627d68fa9c332ab0:   done           |[32m++++++++++++++++++++++++++++++++++++++[0m| 
layer-sha256:034d6572bf287fa79604fee9be062f0683809ae3a3685bc7b0e17bd1c48c50e8:    done           |[32m++++++++++++++++++++++++++++++++++++++[0m| 
layer-sha256:c8577ccb98d6af2b56cb43790454d142c1bfbee15c59b6b44c8278ca9b65baaa:    downloading    |[32m++++++++++++++++++++++++++++++++++++++[0m| 14.0 GiB/14.0 GiB 
layer-sha256:dab186ad61c8543a52a8cb5cef310d98159eb6fe36eb2868bac2ab6ea985972b:    done           |[32m++++++++++++++++++++++++++++++++++++++[0m| 
elapsed: 38.1s                                                                    total:  14.0 G (376.4 MiB/s)                                     
172.31.67.78:5000/model-ballast:A-14g:                                            resolved       |[32m++++++++++++++++++++++++++++++++++++++[0m| 
index-sha256:093fc1a5143440a3ba8cb6cdc582edbfe183ca86bdd4db3f165c170f18ddddf4:    done           |[32m++++++++++++++++++++++++++++++++++++++[0m| 
manifest-sha256:774ef59b0c94679c2695f0c05e2bc0b21d44f5d1339ab17b6e3323bf28d39f66: done           |[32m++++++++++++++++++++++++++++++++++++++[0m| 
manifest-sha256:d8cbd2948553ac2bc682b20626e09f9e897e31ea05ded4deff1ad81c79b3f2b4: done           |[32m++++++++++++++++++++++++++++++++++++++[0m| 
config-sha256:318f2319125641580710a110c1ae28c8a91e224c7c2e4e69627d68fa9c332ab0:   done           |[32m++++++++++++++++++++++++++++++++++++++[0m| 
layer-sha256:034d6572bf287fa79604fee9be062f0683809ae3a3685bc7b0e17bd1c48c50e8:    done           |[32m++++++++++++++++++++++++++++++++++++++[0m| 
layer-sha256:c8577ccb98d6af2b56cb43790454d142c1bfbee15c59b6b44c8278ca9b65baaa:    downloading    |[32m++++++++++++++++++++++++++++++++++++++[0m| 14.0 GiB/14.0 GiB 
layer-sha256:dab186ad61c8543a52a8cb5cef310d98159eb6fe36eb2868bac2ab6ea985972b:    done           |[32m++++++++++++++++++++++++++++++++++++++[0m| 
elapsed: 38.2s                                                                    total:  14.0 G (375.4 MiB/s)                                     
172.31.67.78:5000/model-ballast:A-14g:                                            resolved       |[32m++++++++++++++++++++++++++++++++++++++[0m| 
index-sha256:093fc1a5143440a3ba8cb6cdc582edbfe183ca86bdd4db3f165c170f18ddddf4:    done           |[32m++++++++++++++++++++++++++++++++++++++[0m| 
manifest-sha256:774ef59b0c94679c2695f0c05e2bc0b21d44f5d1339ab17b6e3323bf28d39f66: done           |[32m++++++++++++++++++++++++++++++++++++++[0m| 
manifest-sha256:d8cbd2948553ac2bc682b20626e09f9e897e31ea05ded4deff1ad81c79b3f2b4: done           |[32m++++++++++++++++++++++++++++++++++++++[0m| 
config-sha256:318f2319125641580710a110c1ae28c8a91e224c7c2e4e69627d68fa9c332ab0:   done           |[32m++++++++++++++++++++++++++++++++++++++[0m| 
layer-sha256:034d6572bf287fa79604fee9be062f0683809ae3a3685bc7b0e17bd1c48c50e8:    done           |[32m++++++++++++++++++++++++++++++++++++++[0m| 
layer-sha256:c8577ccb98d6af2b56cb43790454d142c1bfbee15c59b6b44c8278ca9b65baaa:    downloading    |[32m++++++++++++++++++++++++++++++++++++++[0m| 14.0 GiB/14.0 GiB 
layer-sha256:dab186ad61c8543a52a8cb5cef310d98159eb6fe36eb2868bac2ab6ea985972b:    done           |[32m++++++++++++++++++++++++++++++++++++++[0m| 
elapsed: 38.3s                                                                    total:  14.0 G (374.5 MiB/s)                                     
172.31.67.78:5000/model-ballast:A-14g:                                            resolved       |[32m++++++++++++++++++++++++++++++++++++++[0m| 
index-sha256:093fc1a5143440a3ba8cb6cdc582edbfe183ca86bdd4db3f165c170f18ddddf4:    done           |[32m++++++++++++++++++++++++++++++++++++++[0m| 
manifest-sha256:774ef59b0c94679c2695f0c05e2bc0b21d44f5d1339ab17b6e3323bf28d39f66: done           |[32m++++++++++++++++++++++++++++++++++++++[0m| 
manifest-sha256:d8cbd2948553ac2bc682b20626e09f9e897e31ea05ded4deff1ad81c79b3f2b4: done           |[32m++++++++++++++++++++++++++++++++++++++[0m| 
config-sha256:318f2319125641580710a110c1ae28c8a91e224c7c2e4e69627d68fa9c332ab0:   done           |[32m++++++++++++++++++++++++++++++++++++++[0m| 
layer-sha256:034d6572bf287fa79604fee9be062f0683809ae3a3685bc7b0e17bd1c48c50e8:    done           |[32m++++++++++++++++++++++++++++++++++++++[0m| 
layer-sha256:c8577ccb98d6af2b56cb43790454d142c1bfbee15c59b6b44c8278ca9b65baaa:    downloading    |[32m++++++++++++++++++++++++++++++++++++++[0m| 14.0 GiB/14.0 GiB 
layer-sha256:dab186ad61c8543a52a8cb5cef310d98159eb6fe36eb2868bac2ab6ea985972b:    done           |[32m++++++++++++++++++++++++++++++++++++++[0m| 
elapsed: 38.4s                                                                    total:  14.0 G (373.5 MiB/s)                                     
172.31.67.78:5000/model-ballast:A-14g:                                            resolved       |[32m++++++++++++++++++++++++++++++++++++++[0m| 
index-sha256:093fc1a5143440a3ba8cb6cdc582edbfe183ca86bdd4db3f165c170f18ddddf4:    done           |[32m++++++++++++++++++++++++++++++++++++++[0m| 
manifest-sha256:774ef59b0c94679c2695f0c05e2bc0b21d44f5d1339ab17b6e3323bf28d39f66: done           |[32m++++++++++++++++++++++++++++++++++++++[0m| 
manifest-sha256:d8cbd2948553ac2bc682b20626e09f9e897e31ea05ded4deff1ad81c79b3f2b4: done           |[32m++++++++++++++++++++++++++++++++++++++[0m| 
config-sha256:318f2319125641580710a110c1ae28c8a91e224c7c2e4e69627d68fa9c332ab0:   done           |[32m++++++++++++++++++++++++++++++++++++++[0m| 
layer-sha256:034d6572bf287fa79604fee9be062f0683809ae3a3685bc7b0e17bd1c48c50e8:    done           |[32m++++++++++++++++++++++++++++++++++++++[0m| 
layer-sha256:c8577ccb98d6af2b56cb43790454d142c1bfbee15c59b6b44c8278ca9b65baaa:    downloading    |[32m++++++++++++++++++++++++++++++++++++++[0m| 14.0 GiB/14.0 GiB 
layer-sha256:dab186ad61c8543a52a8cb5cef310d98159eb6fe36eb2868bac2ab6ea985972b:    done           |[32m++++++++++++++++++++++++++++++++++++++[0m| 
elapsed: 38.5s                                                                    total:  14.0 G (372.5 MiB/s)                                     
172.31.67.78:5000/model-ballast:A-14g:                                            resolved       |[32m++++++++++++++++++++++++++++++++++++++[0m| 
index-sha256:093fc1a5143440a3ba8cb6cdc582edbfe183ca86bdd4db3f165c170f18ddddf4:    done           |[32m++++++++++++++++++++++++++++++++++++++[0m| 
manifest-sha256:774ef59b0c94679c2695f0c05e2bc0b21d44f5d1339ab17b6e3323bf28d39f66: done           |[32m++++++++++++++++++++++++++++++++++++++[0m| 
manifest-sha256:d8cbd2948553ac2bc682b20626e09f9e897e31ea05ded4deff1ad81c79b3f2b4: done           |[32m++++++++++++++++++++++++++++++++++++++[0m| 
config-sha256:318f2319125641580710a110c1ae28c8a91e224c7c2e4e69627d68fa9c332ab0:   done           |[32m++++++++++++++++++++++++++++++++++++++[0m| 
layer-sha256:034d6572bf287fa79604fee9be062f0683809ae3a3685bc7b0e17bd1c48c50e8:    done           |[32m++++++++++++++++++++++++++++++++++++++[0m| 
layer-sha256:c8577ccb98d6af2b56cb43790454d142c1bfbee15c59b6b44c8278ca9b65baaa:    downloading    |[32m++++++++++++++++++++++++++++++++++++++[0m| 14.0 GiB/14.0 GiB 
layer-sha256:dab186ad61c8543a52a8cb5cef310d98159eb6fe36eb2868bac2ab6ea985972b:    done           |[32m++++++++++++++++++++++++++++++++++++++[0m| 
elapsed: 38.6s                                                                    total:  14.0 G (371.6 MiB/s)                                     
172.31.67.78:5000/model-ballast:A-14g:                                            resolved       |[32m++++++++++++++++++++++++++++++++++++++[0m| 
index-sha256:093fc1a5143440a3ba8cb6cdc582edbfe183ca86bdd4db3f165c170f18ddddf4:    done           |[32m++++++++++++++++++++++++++++++++++++++[0m| 
manifest-sha256:774ef59b0c94679c2695f0c05e2bc0b21d44f5d1339ab17b6e3323bf28d39f66: done           |[32m++++++++++++++++++++++++++++++++++++++[0m| 
manifest-sha256:d8cbd2948553ac2bc682b20626e09f9e897e31ea05ded4deff1ad81c79b3f2b4: done           |[32m++++++++++++++++++++++++++++++++++++++[0m| 
config-sha256:318f2319125641580710a110c1ae28c8a91e224c7c2e4e69627d68fa9c332ab0:   done           |[32m++++++++++++++++++++++++++++++++++++++[0m| 
layer-sha256:034d6572bf287fa79604fee9be062f0683809ae3a3685bc7b0e17bd1c48c50e8:    done           |[32m++++++++++++++++++++++++++++++++++++++[0m| 
layer-sha256:c8577ccb98d6af2b56cb43790454d142c1bfbee15c59b6b44c8278ca9b65baaa:    downloading    |[32m++++++++++++++++++++++++++++++++++++++[0m| 14.0 GiB/14.0 GiB 
layer-sha256:dab186ad61c8543a52a8cb5cef310d98159eb6fe36eb2868bac2ab6ea985972b:    done           |[32m++++++++++++++++++++++++++++++++++++++[0m| 
elapsed: 38.7s                                                                    total:  14.0 G (370.6 MiB/s)                                     
172.31.67.78:5000/model-ballast:A-14g:                                            resolved       |[32m++++++++++++++++++++++++++++++++++++++[0m| 
index-sha256:093fc1a5143440a3ba8cb6cdc582edbfe183ca86bdd4db3f165c170f18ddddf4:    done           |[32m++++++++++++++++++++++++++++++++++++++[0m| 
manifest-sha256:774ef59b0c94679c2695f0c05e2bc0b21d44f5d1339ab17b6e3323bf28d39f66: done           |[32m++++++++++++++++++++++++++++++++++++++[0m| 
manifest-sha256:d8cbd2948553ac2bc682b20626e09f9e897e31ea05ded4deff1ad81c79b3f2b4: done           |[32m++++++++++++++++++++++++++++++++++++++[0m| 
config-sha256:318f2319125641580710a110c1ae28c8a91e224c7c2e4e69627d68fa9c332ab0:   done           |[32m++++++++++++++++++++++++++++++++++++++[0m| 
layer-sha256:034d6572bf287fa79604fee9be062f0683809ae3a3685bc7b0e17bd1c48c50e8:    done           |[32m++++++++++++++++++++++++++++++++++++++[0m| 
layer-sha256:c8577ccb98d6af2b56cb43790454d142c1bfbee15c59b6b44c8278ca9b65baaa:    downloading    |[32m++++++++++++++++++++++++++++++++++++++[0m| 14.0 GiB/14.0 GiB 
layer-sha256:dab186ad61c8543a52a8cb5cef310d98159eb6fe36eb2868bac2ab6ea985972b:    done           |[32m++++++++++++++++++++++++++++++++++++++[0m| 
elapsed: 38.8s                                                                    total:  14.0 G (369.6 MiB/s)                                     
172.31.67.78:5000/model-ballast:A-14g:                                            resolved       |[32m++++++++++++++++++++++++++++++++++++++[0m| 
index-sha256:093fc1a5143440a3ba8cb6cdc582edbfe183ca86bdd4db3f165c170f18ddddf4:    done           |[32m++++++++++++++++++++++++++++++++++++++[0m| 
manifest-sha256:774ef59b0c94679c2695f0c05e2bc0b21d44f5d1339ab17b6e3323bf28d39f66: done           |[32m++++++++++++++++++++++++++++++++++++++[0m| 
manifest-sha256:d8cbd2948553ac2bc682b20626e09f9e897e31ea05ded4deff1ad81c79b3f2b4: done           |[32m++++++++++++++++++++++++++++++++++++++[0m| 
config-sha256:318f2319125641580710a110c1ae28c8a91e224c7c2e4e69627d68fa9c332ab0:   done           |[32m++++++++++++++++++++++++++++++++++++++[0m| 
layer-sha256:034d6572bf287fa79604fee9be062f0683809ae3a3685bc7b0e17bd1c48c50e8:    done           |[32m++++++++++++++++++++++++++++++++++++++[0m| 
layer-sha256:c8577ccb98d6af2b56cb43790454d142c1bfbee15c59b6b44c8278ca9b65baaa:    downloading    |[32m++++++++++++++++++++++++++++++++++++++[0m| 14.0 GiB/14.0 GiB 
layer-sha256:dab186ad61c8543a52a8cb5cef310d98159eb6fe36eb2868bac2ab6ea985972b:    done           |[32m++++++++++++++++++++++++++++++++++++++[0m| 
elapsed: 38.9s                                                                    total:  14.0 G (368.7 MiB/s)                                     
172.31.67.78:5000/model-ballast:A-14g:                                            resolved       |[32m++++++++++++++++++++++++++++++++++++++[0m| 
index-sha256:093fc1a5143440a3ba8cb6cdc582edbfe183ca86bdd4db3f165c170f18ddddf4:    done           |[32m++++++++++++++++++++++++++++++++++++++[0m| 
manifest-sha256:774ef59b0c94679c2695f0c05e2bc0b21d44f5d1339ab17b6e3323bf28d39f66: done           |[32m++++++++++++++++++++++++++++++++++++++[0m| 
manifest-sha256:d8cbd2948553ac2bc682b20626e09f9e897e31ea05ded4deff1ad81c79b3f2b4: done           |[32m++++++++++++++++++++++++++++++++++++++[0m| 
config-sha256:318f2319125641580710a110c1ae28c8a91e224c7c2e4e69627d68fa9c332ab0:   done           |[32m++++++++++++++++++++++++++++++++++++++[0m| 
layer-sha256:034d6572bf287fa79604fee9be062f0683809ae3a3685bc7b0e17bd1c48c50e8:    done           |[32m++++++++++++++++++++++++++++++++++++++[0m| 
layer-sha256:c8577ccb98d6af2b56cb43790454d142c1bfbee15c59b6b44c8278ca9b65baaa:    downloading    |[32m++++++++++++++++++++++++++++++++++++++[0m| 14.0 GiB/14.0 GiB 
layer-sha256:dab186ad61c8543a52a8cb5cef310d98159eb6fe36eb2868bac2ab6ea985972b:    done           |[32m++++++++++++++++++++++++++++++++++++++[0m| 
elapsed: 39.0s                                                                    total:  14.0 G (367.7 MiB/s)                                     
172.31.67.78:5000/model-ballast:A-14g:                                            resolved       |[32m++++++++++++++++++++++++++++++++++++++[0m| 
index-sha256:093fc1a5143440a3ba8cb6cdc582edbfe183ca86bdd4db3f165c170f18ddddf4:    done           |[32m++++++++++++++++++++++++++++++++++++++[0m| 
manifest-sha256:774ef59b0c94679c2695f0c05e2bc0b21d44f5d1339ab17b6e3323bf28d39f66: done           |[32m++++++++++++++++++++++++++++++++++++++[0m| 
manifest-sha256:d8cbd2948553ac2bc682b20626e09f9e897e31ea05ded4deff1ad81c79b3f2b4: done           |[32m++++++++++++++++++++++++++++++++++++++[0m| 
config-sha256:318f2319125641580710a110c1ae28c8a91e224c7c2e4e69627d68fa9c332ab0:   done           |[32m++++++++++++++++++++++++++++++++++++++[0m| 
layer-sha256:034d6572bf287fa79604fee9be062f0683809ae3a3685bc7b0e17bd1c48c50e8:    done           |[32m++++++++++++++++++++++++++++++++++++++[0m| 
layer-sha256:c8577ccb98d6af2b56cb43790454d142c1bfbee15c59b6b44c8278ca9b65baaa:    downloading    |[32m++++++++++++++++++++++++++++++++++++++[0m| 14.0 GiB/14.0 GiB 
layer-sha256:dab186ad61c8543a52a8cb5cef310d98159eb6fe36eb2868bac2ab6ea985972b:    done           |[32m++++++++++++++++++++++++++++++++++++++[0m| 
elapsed: 39.1s                                                                    total:  14.0 G (366.8 MiB/s)                                     
172.31.67.78:5000/model-ballast:A-14g:                                            resolved       |[32m++++++++++++++++++++++++++++++++++++++[0m| 
index-sha256:093fc1a5143440a3ba8cb6cdc582edbfe183ca86bdd4db3f165c170f18ddddf4:    done           |[32m++++++++++++++++++++++++++++++++++++++[0m| 
manifest-sha256:774ef59b0c94679c2695f0c05e2bc0b21d44f5d1339ab17b6e3323bf28d39f66: done           |[32m++++++++++++++++++++++++++++++++++++++[0m| 
manifest-sha256:d8cbd2948553ac2bc682b20626e09f9e897e31ea05ded4deff1ad81c79b3f2b4: done           |[32m++++++++++++++++++++++++++++++++++++++[0m| 
config-sha256:318f2319125641580710a110c1ae28c8a91e224c7c2e4e69627d68fa9c332ab0:   done           |[32m++++++++++++++++++++++++++++++++++++++[0m| 
layer-sha256:034d6572bf287fa79604fee9be062f0683809ae3a3685bc7b0e17bd1c48c50e8:    done           |[32m++++++++++++++++++++++++++++++++++++++[0m| 
layer-sha256:c8577ccb98d6af2b56cb43790454d142c1bfbee15c59b6b44c8278ca9b65baaa:    downloading    |[32m++++++++++++++++++++++++++++++++++++++[0m| 14.0 GiB/14.0 GiB 
layer-sha256:dab186ad61c8543a52a8cb5cef310d98159eb6fe36eb2868bac2ab6ea985972b:    done           |[32m++++++++++++++++++++++++++++++++++++++[0m| 
elapsed: 39.2s                                                                    total:  14.0 G (365.9 MiB/s)                                     
172.31.67.78:5000/model-ballast:A-14g:                                            resolved       |[32m++++++++++++++++++++++++++++++++++++++[0m| 
index-sha256:093fc1a5143440a3ba8cb6cdc582edbfe183ca86bdd4db3f165c170f18ddddf4:    done           |[32m++++++++++++++++++++++++++++++++++++++[0m| 
manifest-sha256:774ef59b0c94679c2695f0c05e2bc0b21d44f5d1339ab17b6e3323bf28d39f66: done           |[32m++++++++++++++++++++++++++++++++++++++[0m| 
manifest-sha256:d8cbd2948553ac2bc682b20626e09f9e897e31ea05ded4deff1ad81c79b3f2b4: done           |[32m++++++++++++++++++++++++++++++++++++++[0m| 
config-sha256:318f2319125641580710a110c1ae28c8a91e224c7c2e4e69627d68fa9c332ab0:   done           |[32m++++++++++++++++++++++++++++++++++++++[0m| 
layer-sha256:034d6572bf287fa79604fee9be062f0683809ae3a3685bc7b0e17bd1c48c50e8:    done           |[32m++++++++++++++++++++++++++++++++++++++[0m| 
layer-sha256:c8577ccb98d6af2b56cb43790454d142c1bfbee15c59b6b44c8278ca9b65baaa:    done           |[32m++++++++++++++++++++++++++++++++++++++[0m| 
layer-sha256:dab186ad61c8543a52a8cb5cef310d98159eb6fe36eb2868bac2ab6ea985972b:    done           |[32m++++++++++++++++++++++++++++++++++++++[0m| 
elapsed: 39.3s                                                                    total:  14.0 G (364.9 MiB/s)                                     
+ soci --address /run/containerd/containerd.sock create 172.31.67.78:5000/model-ballast:A-14g --platform linux/amd64
ztoc skipped - layer sha256:034d6572bf287fa79604fee9be062f0683809ae3a3685bc7b0e17bd1c48c50e8 (application/vnd.oci.image.layer.v1.tar+gzip) size 2206402 is less than min-layer-size 10485760
ztoc skipped - layer sha256:dab186ad61c8543a52a8cb5cef310d98159eb6fe36eb2868bac2ab6ea985972b (application/vnd.oci.image.layer.v1.tar+gzip) size 332 is less than min-layer-size 10485760
layer sha256:c8577ccb98d6af2b56cb43790454d142c1bfbee15c59b6b44c8278ca9b65baaa -> ztoc sha256:46e4b68b4b5594d55455f8acf6f885ab79afe20574f733e781b223a2cb520031
+ soci --address /run/containerd/containerd.sock push --plain-http 172.31.67.78:5000/model-ballast:A-14g
checking if a soci index already exists in remote repository...
pushing soci index with digest: sha256:f1fecfee1c532943cede8fda6d3b22040a524cdf54cb3c7adf1b3c7e536fc3c9
skipped artifact with digest: sha256:d8cbd2948553ac2bc682b20626e09f9e897e31ea05ded4deff1ad81c79b3f2b4
pushing artifact with digest: sha256:46e4b68b4b5594d55455f8acf6f885ab79afe20574f733e781b223a2cb520031
skipped artifact with digest: sha256:44136fa355b3678a1146ad16f7e8649e94fb4fc21fe77e8310c060f61caaff8a
successfully pushed artifact with digest: sha256:46e4b68b4b5594d55455f8acf6f885ab79afe20574f733e781b223a2cb520031
pushing artifact with digest: sha256:f1fecfee1c532943cede8fda6d3b22040a524cdf54cb3c7adf1b3c7e536fc3c9
successfully pushed artifact with digest: sha256:f1fecfee1c532943cede8fda6d3b22040a524cdf54cb3c7adf1b3c7e536fc3c9
+ ctr-remote content fetch --plain-http 172.31.67.78:5000/model-ballast:B-14g
172.31.67.78:5000/model-ballast:B-14g:                                            resolved       |[32m++++++++++++++++++++++++++++++++++++++[0m| 
index-sha256:c39e2205f87b997d16ca3c252f0a9b6a707dd0bdbe178e3d0eb13f9633d84cc2:    done           |[32m++++++++++++++++++++++++++++++++++++++[0m| 
manifest-sha256:d57ca3414327bce6dabd46ea9ab71afc31aab5bff26208abe8589742c7c184d1: done           |[32m++++++++++++++++++++++++++++++++++++++[0m| 
manifest-sha256:0bf2f4ab1dec7aec500c0ddce00938c939819314daef83c5149e1acb7daf02ad: done           |[32m++++++++++++++++++++++++++++++++++++++[0m| 
layer-sha256:034d6572bf287fa79604fee9be062f0683809ae3a3685bc7b0e17bd1c48c50e8:    exists         |[32m++++++++++++++++++++++++++++++++++++++[0m| 
config-sha256:289bbe53944238bc5ba75ce18f6f7da47babdff9fd29aa9e989ec16d3680d022:   done           |[32m++++++++++++++++++++++++++++++++++++++[0m| 
layer-sha256:50f8c1b424f1f26e8e279fcfb5e3af1d2e8a7c1494f08744bb4bcbdab285f3d4:    downloading    |[32m[0m--------------------------------------|  8.0 MiB/2.0 GiB 
layer-sha256:dd482d345ef78a72e54dc96c818ad2ec5d6c318e392e07029816546a3089ee77:    downloading    |[32m[0m--------------------------------------|  9.0 MiB/1.5 GiB 
layer-sha256:7b9be9eb4297c96c698f5bcdc5a885e322fe6817fc511afc7b09799cfa9d6886:    downloading    |[32m[0m--------------------------------------| 10.0 MiB/1.5 GiB 
layer-sha256:4738c92e4322db8a8bd534eab5bb762acc4a19df4bb96dbb3f5ef3ef77963f0f:    downloading    |[32m[0m--------------------------------------|  8.0 MiB/1.5 GiB 
layer-sha256:dfc90b51dbfaca11daa5562dadaef30c0d48125494e5211a8bf63f4da84e3945:    done           |[32m++++++++++++++++++++++++++++++++++++++[0m| 
layer-sha256:f69f10a900dbee5e29001282c43abef608a5528e1c64d1e29a48bb1da441fe6e:    downloading    |[32m[0m--------------------------------------|  8.0 MiB/1.5 GiB 
layer-sha256:9f45c515d089d32a0760f312e9f5ce2f981ddcebae6136c141414e8e53081413:    downloading    |[32m[0m--------------------------------------|  8.0 MiB/2.0 GiB 
layer-sha256:ae5ac74cdbd9a821bf37a75fd5dd70c83d17c173c1d4de3ac17e58e43198f988:    downloading    |[32m[0m--------------------------------------|  8.0 MiB/2.0 GiB 
layer-sha256:ae19d20d2fa6efc21aec50f6587d04a4c9ec9f4b43b5879baf4de03fa219c523:    downloading    |[32m[0m--------------------------------------| 10.0 MiB/2.0 GiB 
elapsed: 0.1 s                                                                    total:  69.0 M (628.6 MiB/s)                                     
172.31.67.78:5000/model-ballast:B-14g:                                            resolved       |[32m++++++++++++++++++++++++++++++++++++++[0m| 
index-sha256:c39e2205f87b997d16ca3c252f0a9b6a707dd0bdbe178e3d0eb13f9633d84cc2:    done           |[32m++++++++++++++++++++++++++++++++++++++[0m| 
manifest-sha256:d57ca3414327bce6dabd46ea9ab71afc31aab5bff26208abe8589742c7c184d1: done           |[32m++++++++++++++++++++++++++++++++++++++[0m| 
manifest-sha256:0bf2f4ab1dec7aec500c0ddce00938c939819314daef83c5149e1acb7daf02ad: done           |[32m++++++++++++++++++++++++++++++++++++++[0m| 
layer-sha256:034d6572bf287fa79604fee9be062f0683809ae3a3685bc7b0e17bd1c48c50e8:    exists         |[32m++++++++++++++++++++++++++++++++++++++[0m| 
config-sha256:289bbe53944238bc5ba75ce18f6f7da47babdff9fd29aa9e989ec16d3680d022:   done           |[32m++++++++++++++++++++++++++++++++++++++[0m| 
layer-sha256:50f8c1b424f1f26e8e279fcfb5e3af1d2e8a7c1494f08744bb4bcbdab285f3d4:    downloading    |[32m[0m--------------------------------------| 20.0 MiB/2.0 GiB 
layer-sha256:dd482d345ef78a72e54dc96c818ad2ec5d6c318e392e07029816546a3089ee77:    downloading    |[32m[0m--------------------------------------| 20.0 MiB/1.5 GiB 
layer-sha256:7b9be9eb4297c96c698f5bcdc5a885e322fe6817fc511afc7b09799cfa9d6886:    downloading    |[32m[0m--------------------------------------| 22.0 MiB/1.5 GiB 
layer-sha256:4738c92e4322db8a8bd534eab5bb762acc4a19df4bb96dbb3f5ef3ef77963f0f:    downloading    |[32m[0m--------------------------------------| 23.0 MiB/1.5 GiB 
layer-sha256:dfc90b51dbfaca11daa5562dadaef30c0d48125494e5211a8bf63f4da84e3945:    done           |[32m++++++++++++++++++++++++++++++++++++++[0m| 
layer-sha256:f69f10a900dbee5e29001282c43abef608a5528e1c64d1e29a48bb1da441fe6e:    downloading    |[32m[0m--------------------------------------| 22.0 MiB/1.5 GiB 
layer-sha256:9f45c515d089d32a0760f312e9f5ce2f981ddcebae6136c141414e8e53081413:    downloading    |[32m[0m--------------------------------------| 21.0 MiB/2.0 GiB 
layer-sha256:ae5ac74cdbd9a821bf37a75fd5dd70c83d17c173c1d4de3ac17e58e43198f988:    downloading    |[32m[0m--------------------------------------| 21.0 MiB/2.0 GiB 
layer-sha256:ae19d20d2fa6efc21aec50f6587d04a4c9ec9f4b43b5879baf4de03fa219c523:    downloading    |[32m[0m--------------------------------------| 24.0 MiB/2.0 GiB 
elapsed: 0.2 s                                                                    total:  173.0  (854.3 MiB/s)                                     
172.31.67.78:5000/model-ballast:B-14g:                                            resolved       |[32m++++++++++++++++++++++++++++++++++++++[0m| 
index-sha256:c39e2205f87b997d16ca3c252f0a9b6a707dd0bdbe178e3d0eb13f9633d84cc2:    done           |[32m++++++++++++++++++++++++++++++++++++++[0m| 
manifest-sha256:d57ca3414327bce6dabd46ea9ab71afc31aab5bff26208abe8589742c7c184d1: done           |[32m++++++++++++++++++++++++++++++++++++++[0m| 
manifest-sha256:0bf2f4ab1dec7aec500c0ddce00938c939819314daef83c5149e1acb7daf02ad: done           |[32m++++++++++++++++++++++++++++++++++++++[0m| 
layer-sha256:034d6572bf287fa79604fee9be062f0683809ae3a3685bc7b0e17bd1c48c50e8:    exists         |[32m++++++++++++++++++++++++++++++++++++++[0m| 
config-sha256:289bbe53944238bc5ba75ce18f6f7da47babdff9fd29aa9e989ec16d3680d022:   done           |[32m++++++++++++++++++++++++++++++++++++++[0m| 
layer-sha256:50f8c1b424f1f26e8e279fcfb5e3af1d2e8a7c1494f08744bb4bcbdab285f3d4:    downloading    |[32m[0m--------------------------------------| 34.0 MiB/2.0 GiB 
layer-sha256:dd482d345ef78a72e54dc96c818ad2ec5d6c318e392e07029816546a3089ee77:    downloading    |[32m[0m--------------------------------------| 33.0 MiB/1.5 GiB 
layer-sha256:7b9be9eb4297c96c698f5bcdc5a885e322fe6817fc511afc7b09799cfa9d6886:    downloading    |[32m[0m--------------------------------------| 36.0 MiB/1.5 GiB 
layer-sha256:4738c92e4322db8a8bd534eab5bb762acc4a19df4bb96dbb3f5ef3ef77963f0f:    downloading    |[32m[0m--------------------------------------| 40.0 MiB/1.5 GiB 
layer-sha256:dfc90b51dbfaca11daa5562dadaef30c0d48125494e5211a8bf63f4da84e3945:    done           |[32m++++++++++++++++++++++++++++++++++++++[0m| 
layer-sha256:f69f10a900dbee5e29001282c43abef608a5528e1c64d1e29a48bb1da441fe6e:    downloading    |[32m[0m--------------------------------------| 37.0 MiB/1.5 GiB 
layer-sha256:9f45c515d089d32a0760f312e9f5ce2f981ddcebae6136c141414e8e53081413:    downloading    |[32m[0m--------------------------------------| 35.0 MiB/2.0 GiB 
layer-sha256:ae5ac74cdbd9a821bf37a75fd5dd70c83d17c173c1d4de3ac17e58e43198f988:    downloading    |[32m[0m--------------------------------------| 35.0 MiB/2.0 GiB 
layer-sha256:ae19d20d2fa6efc21aec50f6587d04a4c9ec9f4b43b5879baf4de03fa219c523:    downloading    |[32m[0m--------------------------------------| 39.0 MiB/2.0 GiB 
elapsed: 0.3 s                                                                    total:  289.0  (950.1 MiB/s)                                     
172.31.67.78:5000/model-ballast:B-14g:                                            resolved       |[32m++++++++++++++++++++++++++++++++++++++[0m| 
index-sha256:c39e2205f87b997d16ca3c252f0a9b6a707dd0bdbe178e3d0eb13f9633d84cc2:    done           |[32m++++++++++++++++++++++++++++++++++++++[0m| 
manifest-sha256:d57ca3414327bce6dabd46ea9ab71afc31aab5bff26208abe8589742c7c184d1: done           |[32m++++++++++++++++++++++++++++++++++++++[0m| 
manifest-sha256:0bf2f4ab1dec7aec500c0ddce00938c939819314daef83c5149e1acb7daf02ad: done           |[32m++++++++++++++++++++++++++++++++++++++[0m| 
layer-sha256:034d6572bf287fa79604fee9be062f0683809ae3a3685bc7b0e17bd1c48c50e8:    exists         |[32m++++++++++++++++++++++++++++++++++++++[0m| 
config-sha256:289bbe53944238bc5ba75ce18f6f7da47babdff9fd29aa9e989ec16d3680d022:   done           |[32m++++++++++++++++++++++++++++++++++++++[0m| 
layer-sha256:50f8c1b424f1f26e8e279fcfb5e3af1d2e8a7c1494f08744bb4bcbdab285f3d4:    downloading    |[32m[0m--------------------------------------| 48.0 MiB/2.0 GiB 
layer-sha256:dd482d345ef78a72e54dc96c818ad2ec5d6c318e392e07029816546a3089ee77:    downloading    |[32m+[0m-------------------------------------| 46.0 MiB/1.5 GiB 
layer-sha256:7b9be9eb4297c96c698f5bcdc5a885e322fe6817fc511afc7b09799cfa9d6886:    downloading    |[32m+[0m-------------------------------------| 49.0 MiB/1.5 GiB 
layer-sha256:4738c92e4322db8a8bd534eab5bb762acc4a19df4bb96dbb3f5ef3ef77963f0f:    downloading    |[32m+[0m-------------------------------------| 57.0 MiB/1.5 GiB 
layer-sha256:dfc90b51dbfaca11daa5562dadaef30c0d48125494e5211a8bf63f4da84e3945:    done           |[32m++++++++++++++++++++++++++++++++++++++[0m| 
layer-sha256:f69f10a900dbee5e29001282c43abef608a5528e1c64d1e29a48bb1da441fe6e:    downloading    |[32m+[0m-------------------------------------| 52.0 MiB/1.5 GiB 
layer-sha256:9f45c515d089d32a0760f312e9f5ce2f981ddcebae6136c141414e8e53081413:    downloading    |[32m[0m--------------------------------------| 47.0 MiB/2.0 GiB 
layer-sha256:ae5ac74cdbd9a821bf37a75fd5dd70c83d17c173c1d4de3ac17e58e43198f988:    downloading    |[32m[0m--------------------------------------| 48.0 MiB/2.0 GiB 
layer-sha256:ae19d20d2fa6efc21aec50f6587d04a4c9ec9f4b43b5879baf4de03fa219c523:    downloading    |[32m[0m--------------------------------------| 53.0 MiB/2.0 GiB 
elapsed: 0.4 s                                                                    total:  400.0  (991.8 MiB/s)                                     
172.31.67.78:5000/model-ballast:B-14g:                                            resolved       |[32m++++++++++++++++++++++++++++++++++++++[0m| 
index-sha256:c39e2205f87b997d16ca3c252f0a9b6a707dd0bdbe178e3d0eb13f9633d84cc2:    done           |[32m++++++++++++++++++++++++++++++++++++++[0m| 
manifest-sha256:d57ca3414327bce6dabd46ea9ab71afc31aab5bff26208abe8589742c7c184d1: done           |[32m++++++++++++++++++++++++++++++++++++++[0m| 
manifest-sha256:0bf2f4ab1dec7aec500c0ddce00938c939819314daef83c5149e1acb7daf02ad: done           |[32m++++++++++++++++++++++++++++++++++++++[0m| 
layer-sha256:034d6572bf287fa79604fee9be062f0683809ae3a3685bc7b0e17bd1c48c50e8:    exists         |[32m++++++++++++++++++++++++++++++++++++++[0m| 
config-sha256:289bbe53944238bc5ba75ce18f6f7da47babdff9fd29aa9e989ec16d3680d022:   done           |[32m++++++++++++++++++++++++++++++++++++++[0m| 
layer-sha256:50f8c1b424f1f26e8e279fcfb5e3af1d2e8a7c1494f08744bb4bcbdab285f3d4:    downloading    |[32m+[0m-------------------------------------| 62.0 MiB/2.0 GiB 
layer-sha256:dd482d345ef78a72e54dc96c818ad2ec5d6c318e392e07029816546a3089ee77:    downloading    |[32m+[0m-------------------------------------| 60.0 MiB/1.5 GiB 
layer-sha256:7b9be9eb4297c96c698f5bcdc5a885e322fe6817fc511afc7b09799cfa9d6886:    downloading    |[32m+[0m-------------------------------------| 61.0 MiB/1.5 GiB 
layer-sha256:4738c92e4322db8a8bd534eab5bb762acc4a19df4bb96dbb3f5ef3ef77963f0f:    downloading    |[32m+[0m-------------------------------------| 74.0 MiB/1.5 GiB 
layer-sha256:dfc90b51dbfaca11daa5562dadaef30c0d48125494e5211a8bf63f4da84e3945:    done           |[32m++++++++++++++++++++++++++++++++++++++[0m| 
layer-sha256:f69f10a900dbee5e29001282c43abef608a5528e1c64d1e29a48bb1da441fe6e:    downloading    |[32m+[0m-------------------------------------| 67.0 MiB/1.5 GiB 
layer-sha256:9f45c515d089d32a0760f312e9f5ce2f981ddcebae6136c141414e8e53081413:    downloading    |[32m+[0m-------------------------------------| 61.0 MiB/2.0 GiB 
layer-sha256:ae5ac74cdbd9a821bf37a75fd5dd70c83d17c173c1d4de3ac17e58e43198f988:    downloading    |[32m+[0m-------------------------------------| 60.0 MiB/2.0 GiB 
layer-sha256:ae19d20d2fa6efc21aec50f6587d04a4c9ec9f4b43b5879baf4de03fa219c523:    downloading    |[32m+[0m-------------------------------------| 68.0 MiB/2.0 GiB 
elapsed: 0.5 s                                                                    total:  513.0  (1022.2 MiB/s)                                    
172.31.67.78:5000/model-ballast:B-14g:                                            resolved       |[32m++++++++++++++++++++++++++++++++++++++[0m| 
index-sha256:c39e2205f87b997d16ca3c252f0a9b6a707dd0bdbe178e3d0eb13f9633d84cc2:    done           |[32m++++++++++++++++++++++++++++++++++++++[0m| 
manifest-sha256:d57ca3414327bce6dabd46ea9ab71afc31aab5bff26208abe8589742c7c184d1: done           |[32m++++++++++++++++++++++++++++++++++++++[0m| 
manifest-sha256:0bf2f4ab1dec7aec500c0ddce00938c939819314daef83c5149e1acb7daf02ad: done           |[32m++++++++++++++++++++++++++++++++++++++[0m| 
layer-sha256:034d6572bf287fa79604fee9be062f0683809ae3a3685bc7b0e17bd1c48c50e8:    exists         |[32m++++++++++++++++++++++++++++++++++++++[0m| 
config-sha256:289bbe53944238bc5ba75ce18f6f7da47babdff9fd29aa9e989ec16d3680d022:   done           |[32m++++++++++++++++++++++++++++++++++++++[0m| 
layer-sha256:50f8c1b424f1f26e8e279fcfb5e3af1d2e8a7c1494f08744bb4bcbdab285f3d4:    downloading    |[32m+[0m-------------------------------------| 75.0 MiB/2.0 GiB 
layer-sha256:dd482d345ef78a72e54dc96c818ad2ec5d6c318e392e07029816546a3089ee77:    downloading    |[32m+[0m-------------------------------------| 72.0 MiB/1.5 GiB 
layer-sha256:7b9be9eb4297c96c698f5bcdc5a885e322fe6817fc511afc7b09799cfa9d6886:    downloading    |[32m+[0m-------------------------------------| 74.0 MiB/1.5 GiB 
layer-sha256:4738c92e4322db8a8bd534eab5bb762acc4a19df4bb96dbb3f5ef3ef77963f0f:    downloading    |[32m++[0m------------------------------------| 90.0 MiB/1.5 GiB 
layer-sha256:dfc90b51dbfaca11daa5562dadaef30c0d48125494e5211a8bf63f4da84e3945:    done           |[32m++++++++++++++++++++++++++++++++++++++[0m| 
layer-sha256:f69f10a900dbee5e29001282c43abef608a5528e1c64d1e29a48bb1da441fe6e:    downloading    |[32m+[0m-------------------------------------| 80.0 MiB/1.5 GiB 
layer-sha256:9f45c515d089d32a0760f312e9f5ce2f981ddcebae6136c141414e8e53081413:    downloading    |[32m+[0m-------------------------------------| 74.0 MiB/2.0 GiB 
layer-sha256:ae5ac74cdbd9a821bf37a75fd5dd70c83d17c173c1d4de3ac17e58e43198f988:    downloading    |[32m+[0m-------------------------------------| 72.0 MiB/2.0 GiB 
layer-sha256:ae19d20d2fa6efc21aec50f6587d04a4c9ec9f4b43b5879baf4de03fa219c523:    downloading    |[32m+[0m-------------------------------------| 83.0 MiB/2.0 GiB 
elapsed: 0.6 s                                                                    total:  620.0  (1.0 GiB/s)                                       
172.31.67.78:5000/model-ballast:B-14g:                                            resolved       |[32m++++++++++++++++++++++++++++++++++++++[0m| 
index-sha256:c39e2205f87b997d16ca3c252f0a9b6a707dd0bdbe178e3d0eb13f9633d84cc2:    done           |[32m++++++++++++++++++++++++++++++++++++++[0m| 
manifest-sha256:d57ca3414327bce6dabd46ea9ab71afc31aab5bff26208abe8589742c7c184d1: done           |[32m++++++++++++++++++++++++++++++++++++++[0m| 
manifest-sha256:0bf2f4ab1dec7aec500c0ddce00938c939819314daef83c5149e1acb7daf02ad: done           |[32m++++++++++++++++++++++++++++++++++++++[0m| 
layer-sha256:034d6572bf287fa79604fee9be062f0683809ae3a3685bc7b0e17bd1c48c50e8:    exists         |[32m++++++++++++++++++++++++++++++++++++++[0m| 
config-sha256:289bbe53944238bc5ba75ce18f6f7da47babdff9fd29aa9e989ec16d3680d022:   done           |[32m++++++++++++++++++++++++++++++++++++++[0m| 
layer-sha256:50f8c1b424f1f26e8e279fcfb5e3af1d2e8a7c1494f08744bb4bcbdab285f3d4:    downloading    |[32m+[0m-------------------------------------| 88.0 MiB/2.0 GiB 
layer-sha256:dd482d345ef78a72e54dc96c818ad2ec5d6c318e392e07029816546a3089ee77:    downloading    |[32m++[0m------------------------------------| 85.0 MiB/1.5 GiB 
layer-sha256:7b9be9eb4297c96c698f5bcdc5a885e322fe6817fc511afc7b09799cfa9d6886:    downloading    |[32m++[0m------------------------------------| 85.0 MiB/1.5 GiB 
layer-sha256:4738c92e4322db8a8bd534eab5bb762acc4a19df4bb96dbb3f5ef3ef77963f0f:    downloading    |[32m++[0m------------------------------------| 106.0 Mi/1.5 GiB 
layer-sha256:dfc90b51dbfaca11daa5562dadaef30c0d48125494e5211a8bf63f4da84e3945:    done           |[32m++++++++++++++++++++++++++++++++++++++[0m| 
layer-sha256:f69f10a900dbee5e29001282c43abef608a5528e1c64d1e29a48bb1da441fe6e:    downloading    |[32m++[0m------------------------------------| 93.0 MiB/1.5 GiB 
layer-sha256:9f45c515d089d32a0760f312e9f5ce2f981ddcebae6136c141414e8e53081413:    downloading    |[32m+[0m-------------------------------------| 86.0 MiB/2.0 GiB 
layer-sha256:ae5ac74cdbd9a821bf37a75fd5dd70c83d17c173c1d4de3ac17e58e43198f988:    downloading    |[32m+[0m-------------------------------------| 84.0 MiB/2.0 GiB 
layer-sha256:ae19d20d2fa6efc21aec50f6587d04a4c9ec9f4b43b5879baf4de03fa219c523:    downloading    |[32m+[0m-------------------------------------| 98.0 MiB/2.0 GiB 
elapsed: 0.7 s                                                                    total:  725.0  (1.0 GiB/s)                                       
172.31.67.78:5000/model-ballast:B-14g:                                            resolved       |[32m++++++++++++++++++++++++++++++++++++++[0m| 
index-sha256:c39e2205f87b997d16ca3c252f0a9b6a707dd0bdbe178e3d0eb13f9633d84cc2:    done           |[32m++++++++++++++++++++++++++++++++++++++[0m| 
manifest-sha256:d57ca3414327bce6dabd46ea9ab71afc31aab5bff26208abe8589742c7c184d1: done           |[32m++++++++++++++++++++++++++++++++++++++[0m| 
manifest-sha256:0bf2f4ab1dec7aec500c0ddce00938c939819314daef83c5149e1acb7daf02ad: done           |[32m++++++++++++++++++++++++++++++++++++++[0m| 
layer-sha256:034d6572bf287fa79604fee9be062f0683809ae3a3685bc7b0e17bd1c48c50e8:    exists         |[32m++++++++++++++++++++++++++++++++++++++[0m| 
config-sha256:289bbe53944238bc5ba75ce18f6f7da47babdff9fd29aa9e989ec16d3680d022:   done           |[32m++++++++++++++++++++++++++++++++++++++[0m| 
layer-sha256:50f8c1b424f1f26e8e279fcfb5e3af1d2e8a7c1494f08744bb4bcbdab285f3d4:    downloading    |[32m+[0m-------------------------------------| 102.0 Mi/2.0 GiB 
layer-sha256:dd482d345ef78a72e54dc96c818ad2ec5d6c318e392e07029816546a3089ee77:    downloading    |[32m++[0m------------------------------------| 97.0 MiB/1.5 GiB 
layer-sha256:7b9be9eb4297c96c698f5bcdc5a885e322fe6817fc511afc7b09799cfa9d6886:    downloading    |[32m++[0m------------------------------------| 97.0 MiB/1.5 GiB 
layer-sha256:4738c92e4322db8a8bd534eab5bb762acc4a19df4bb96dbb3f5ef3ef77963f0f:    downloading    |[32m++[0m------------------------------------| 121.0 Mi/1.5 GiB 
layer-sha256:dfc90b51dbfaca11daa5562dadaef30c0d48125494e5211a8bf63f4da84e3945:    done           |[32m++++++++++++++++++++++++++++++++++++++[0m| 
layer-sha256:f69f10a900dbee5e29001282c43abef608a5528e1c64d1e29a48bb1da441fe6e:    downloading    |[32m++[0m------------------------------------| 107.0 Mi/1.5 GiB 
layer-sha256:9f45c515d089d32a0760f312e9f5ce2f981ddcebae6136c141414e8e53081413:    downloading    |[32m+[0m-------------------------------------| 98.0 MiB/2.0 GiB 
layer-sha256:ae5ac74cdbd9a821bf37a75fd5dd70c83d17c173c1d4de3ac17e58e43198f988:    downloading    |[32m+[0m-------------------------------------| 96.0 MiB/2.0 GiB 
layer-sha256:ae19d20d2fa6efc21aec50f6587d04a4c9ec9f4b43b5879baf4de03fa219c523:    downloading    |[32m++[0m------------------------------------| 113.0 Mi/2.0 GiB 
elapsed: 0.8 s                                                                    total:  831.0  (1.0 GiB/s)                                       
172.31.67.78:5000/model-ballast:B-14g:                                            resolved       |[32m++++++++++++++++++++++++++++++++++++++[0m| 
index-sha256:c39e2205f87b997d16ca3c252f0a9b6a707dd0bdbe178e3d0eb13f9633d84cc2:    done           |[32m++++++++++++++++++++++++++++++++++++++[0m| 
manifest-sha256:d57ca3414327bce6dabd46ea9ab71afc31aab5bff26208abe8589742c7c184d1: done           |[32m++++++++++++++++++++++++++++++++++++++[0m| 
manifest-sha256:0bf2f4ab1dec7aec500c0ddce00938c939819314daef83c5149e1acb7daf02ad: done           |[32m++++++++++++++++++++++++++++++++++++++[0m| 
layer-sha256:034d6572bf287fa79604fee9be062f0683809ae3a3685bc7b0e17bd1c48c50e8:    exists         |[32m++++++++++++++++++++++++++++++++++++++[0m| 
config-sha256:289bbe53944238bc5ba75ce18f6f7da47babdff9fd29aa9e989ec16d3680d022:   done           |[32m++++++++++++++++++++++++++++++++++++++[0m| 
layer-sha256:50f8c1b424f1f26e8e279fcfb5e3af1d2e8a7c1494f08744bb4bcbdab285f3d4:    downloading    |[32m++[0m------------------------------------| 116.0 Mi/2.0 GiB 
layer-sha256:dd482d345ef78a72e54dc96c818ad2ec5d6c318e392e07029816546a3089ee77:    downloading    |[32m++[0m------------------------------------| 112.0 Mi/1.5 GiB 
layer-sha256:7b9be9eb4297c96c698f5bcdc5a885e322fe6817fc511afc7b09799cfa9d6886:    downloading    |[32m++[0m------------------------------------| 108.0 Mi/1.5 GiB 
layer-sha256:4738c92e4322db8a8bd534eab5bb762acc4a19df4bb96dbb3f5ef3ef77963f0f:    downloading    |[32m+++[0m-----------------------------------| 137.0 Mi/1.5 GiB 
layer-sha256:dfc90b51dbfaca11daa5562dadaef30c0d48125494e5211a8bf63f4da84e3945:    done           |[32m++++++++++++++++++++++++++++++++++++++[0m| 
layer-sha256:f69f10a900dbee5e29001282c43abef608a5528e1c64d1e29a48bb1da441fe6e:    downloading    |[32m+++[0m-----------------------------------| 122.0 Mi/1.5 GiB 
layer-sha256:9f45c515d089d32a0760f312e9f5ce2f981ddcebae6136c141414e8e53081413:    downloading    |[32m++[0m------------------------------------| 111.0 Mi/2.0 GiB 
layer-sha256:ae5ac74cdbd9a821bf37a75fd5dd70c83d17c173c1d4de3ac17e58e43198f988:    downloading    |[32m++[0m------------------------------------| 108.0 Mi/2.0 GiB 
layer-sha256:ae19d20d2fa6efc21aec50f6587d04a4c9ec9f4b43b5879baf4de03fa219c523:    downloading    |[32m++[0m------------------------------------| 126.0 Mi/2.0 GiB 
elapsed: 0.9 s                                                                    total:  940.0  (1.0 GiB/s)                                       
172.31.67.78:5000/model-ballast:B-14g:                                            resolved       |[32m++++++++++++++++++++++++++++++++++++++[0m| 
index-sha256:c39e2205f87b997d16ca3c252f0a9b6a707dd0bdbe178e3d0eb13f9633d84cc2:    done           |[32m++++++++++++++++++++++++++++++++++++++[0m| 
manifest-sha256:d57ca3414327bce6dabd46ea9ab71afc31aab5bff26208abe8589742c7c184d1: done           |[32m++++++++++++++++++++++++++++++++++++++[0m| 
manifest-sha256:0bf2f4ab1dec7aec500c0ddce00938c939819314daef83c5149e1acb7daf02ad: done           |[32m++++++++++++++++++++++++++++++++++++++[0m| 
layer-sha256:034d6572bf287fa79604fee9be062f0683809ae3a3685bc7b0e17bd1c48c50e8:    exists         |[32m++++++++++++++++++++++++++++++++++++++[0m| 
config-sha256:289bbe53944238bc5ba75ce18f6f7da47babdff9fd29aa9e989ec16d3680d022:   done           |[32m++++++++++++++++++++++++++++++++++++++[0m| 
layer-sha256:50f8c1b424f1f26e8e279fcfb5e3af1d2e8a7c1494f08744bb4bcbdab285f3d4:    downloading    |[32m++[0m------------------------------------| 129.0 Mi/2.0 GiB 
layer-sha256:dd482d345ef78a72e54dc96c818ad2ec5d6c318e392e07029816546a3089ee77:    downloading    |[32m+++[0m-----------------------------------| 125.0 Mi/1.5 GiB 
layer-sha256:7b9be9eb4297c96c698f5bcdc5a885e322fe6817fc511afc7b09799cfa9d6886:    downloading    |[32m++[0m------------------------------------| 120.0 Mi/1.5 GiB 
layer-sha256:4738c92e4322db8a8bd534eab5bb762acc4a19df4bb96dbb3f5ef3ef77963f0f:    downloading    |[32m+++[0m-----------------------------------| 154.0 Mi/1.5 GiB 
layer-sha256:dfc90b51dbfaca11daa5562dadaef30c0d48125494e5211a8bf63f4da84e3945:    done           |[32m++++++++++++++++++++++++++++++++++++++[0m| 
layer-sha256:f69f10a900dbee5e29001282c43abef608a5528e1c64d1e29a48bb1da441fe6e:    downloading    |[32m+++[0m-----------------------------------| 137.0 Mi/1.5 GiB 
layer-sha256:9f45c515d089d32a0760f312e9f5ce2f981ddcebae6136c141414e8e53081413:    downloading    |[32m++[0m------------------------------------| 124.0 Mi/2.0 GiB 
layer-sha256:ae5ac74cdbd9a821bf37a75fd5dd70c83d17c173c1d4de3ac17e58e43198f988:    downloading    |[32m++[0m------------------------------------| 120.0 Mi/2.0 GiB 
layer-sha256:ae19d20d2fa6efc21aec50f6587d04a4c9ec9f4b43b5879baf4de03fa219c523:    downloading    |[32m++[0m------------------------------------| 141.0 Mi/2.0 GiB 
elapsed: 1.0 s                                                                    total:  1.0 Gi (1.0 GiB/s)                                       
172.31.67.78:5000/model-ballast:B-14g:                                            resolved       |[32m++++++++++++++++++++++++++++++++++++++[0m| 
index-sha256:c39e2205f87b997d16ca3c252f0a9b6a707dd0bdbe178e3d0eb13f9633d84cc2:    done           |[32m++++++++++++++++++++++++++++++++++++++[0m| 
manifest-sha256:d57ca3414327bce6dabd46ea9ab71afc31aab5bff26208abe8589742c7c184d1: done           |[32m++++++++++++++++++++++++++++++++++++++[0m| 
manifest-sha256:0bf2f4ab1dec7aec500c0ddce00938c939819314daef83c5149e1acb7daf02ad: done           |[32m++++++++++++++++++++++++++++++++++++++[0m| 
layer-sha256:034d6572bf287fa79604fee9be062f0683809ae3a3685bc7b0e17bd1c48c50e8:    exists         |[32m++++++++++++++++++++++++++++++++++++++[0m| 
config-sha256:289bbe53944238bc5ba75ce18f6f7da47babdff9fd29aa9e989ec16d3680d022:   done           |[32m++++++++++++++++++++++++++++++++++++++[0m| 
layer-sha256:50f8c1b424f1f26e8e279fcfb5e3af1d2e8a7c1494f08744bb4bcbdab285f3d4:    downloading    |[32m++[0m------------------------------------| 143.0 Mi/2.0 GiB 
layer-sha256:dd482d345ef78a72e54dc96c818ad2ec5d6c318e392e07029816546a3089ee77:    downloading    |[32m+++[0m-----------------------------------| 138.0 Mi/1.5 GiB 
layer-sha256:7b9be9eb4297c96c698f5bcdc5a885e322fe6817fc511afc7b09799cfa9d6886:    downloading    |[32m+++[0m-----------------------------------| 131.0 Mi/1.5 GiB 
layer-sha256:4738c92e4322db8a8bd534eab5bb762acc4a19df4bb96dbb3f5ef3ef77963f0f:    downloading    |[32m++++[0m----------------------------------| 169.0 Mi/1.5 GiB 
layer-sha256:dfc90b51dbfaca11daa5562dadaef30c0d48125494e5211a8bf63f4da84e3945:    done           |[32m++++++++++++++++++++++++++++++++++++++[0m| 
layer-sha256:f69f10a900dbee5e29001282c43abef608a5528e1c64d1e29a48bb1da441fe6e:    downloading    |[32m+++[0m-----------------------------------| 152.0 Mi/1.5 GiB 
layer-sha256:9f45c515d089d32a0760f312e9f5ce2f981ddcebae6136c141414e8e53081413:    downloading    |[32m++[0m------------------------------------| 138.0 Mi/2.0 GiB 
layer-sha256:ae5ac74cdbd9a821bf37a75fd5dd70c83d17c173c1d4de3ac17e58e43198f988:    downloading    |[32m++[0m------------------------------------| 132.0 Mi/2.0 GiB 
layer-sha256:ae19d20d2fa6efc21aec50f6587d04a4c9ec9f4b43b5879baf4de03fa219c523:    downloading    |[32m++[0m------------------------------------| 156.0 Mi/2.0 GiB 
elapsed: 1.1 s                                                                    total:  1.1 Gi (1.0 GiB/s)                                       
172.31.67.78:5000/model-ballast:B-14g:                                            resolved       |[32m++++++++++++++++++++++++++++++++++++++[0m| 
index-sha256:c39e2205f87b997d16ca3c252f0a9b6a707dd0bdbe178e3d0eb13f9633d84cc2:    done           |[32m++++++++++++++++++++++++++++++++++++++[0m| 
manifest-sha256:d57ca3414327bce6dabd46ea9ab71afc31aab5bff26208abe8589742c7c184d1: done           |[32m++++++++++++++++++++++++++++++++++++++[0m| 
manifest-sha256:0bf2f4ab1dec7aec500c0ddce00938c939819314daef83c5149e1acb7daf02ad: done           |[32m++++++++++++++++++++++++++++++++++++++[0m| 
layer-sha256:034d6572bf287fa79604fee9be062f0683809ae3a3685bc7b0e17bd1c48c50e8:    exists         |[32m++++++++++++++++++++++++++++++++++++++[0m| 
config-sha256:289bbe53944238bc5ba75ce18f6f7da47babdff9fd29aa9e989ec16d3680d022:   done           |[32m++++++++++++++++++++++++++++++++++++++[0m| 
layer-sha256:50f8c1b424f1f26e8e279fcfb5e3af1d2e8a7c1494f08744bb4bcbdab285f3d4:    downloading    |[32m++[0m------------------------------------| 156.0 Mi/2.0 GiB 
layer-sha256:dd482d345ef78a72e54dc96c818ad2ec5d6c318e392e07029816546a3089ee77:    downloading    |[32m+++[0m-----------------------------------| 150.0 Mi/1.5 GiB 
layer-sha256:7b9be9eb4297c96c698f5bcdc5a885e322fe6817fc511afc7b09799cfa9d6886:    downloading    |[32m+++[0m-----------------------------------| 142.0 Mi/1.5 GiB 
layer-sha256:4738c92e4322db8a8bd534eab5bb762acc4a19df4bb96dbb3f5ef3ef77963f0f:    downloading    |[32m++++[0m----------------------------------| 182.0 Mi/1.5 GiB 
layer-sha256:dfc90b51dbfaca11daa5562dadaef30c0d48125494e5211a8bf63f4da84e3945:    done           |[32m++++++++++++++++++++++++++++++++++++++[0m| 
layer-sha256:f69f10a900dbee5e29001282c43abef608a5528e1c64d1e29a48bb1da441fe6e:    downloading    |[32m++++[0m----------------------------------| 167.0 Mi/1.5 GiB 
layer-sha256:9f45c515d089d32a0760f312e9f5ce2f981ddcebae6136c141414e8e53081413:    downloading    |[32m++[0m------------------------------------| 151.0 Mi/2.0 GiB 
layer-sha256:ae5ac74cdbd9a821bf37a75fd5dd70c83d17c173c1d4de3ac17e58e43198f988:    downloading    |[32m++[0m------------------------------------| 147.0 Mi/2.0 GiB 
layer-sha256:ae19d20d2fa6efc21aec50f6587d04a4c9ec9f4b43b5879baf4de03fa219c523:    downloading    |[32m+++[0m-----------------------------------| 169.0 Mi/2.0 GiB 
elapsed: 1.2 s                                                                    total:  1.2 Gi (1.0 GiB/s)                                       
172.31.67.78:5000/model-ballast:B-14g:                                            resolved       |[32m++++++++++++++++++++++++++++++++++++++[0m| 
index-sha256:c39e2205f87b997d16ca3c252f0a9b6a707dd0bdbe178e3d0eb13f9633d84cc2:    done           |[32m++++++++++++++++++++++++++++++++++++++[0m| 
manifest-sha256:d57ca3414327bce6dabd46ea9ab71afc31aab5bff26208abe8589742c7c184d1: done           |[32m++++++++++++++++++++++++++++++++++++++[0m| 
manifest-sha256:0bf2f4ab1dec7aec500c0ddce00938c939819314daef83c5149e1acb7daf02ad: done           |[32m++++++++++++++++++++++++++++++++++++++[0m| 
layer-sha256:034d6572bf287fa79604fee9be062f0683809ae3a3685bc7b0e17bd1c48c50e8:    exists         |[32m++++++++++++++++++++++++++++++++++++++[0m| 
config-sha256:289bbe53944238bc5ba75ce18f6f7da47babdff9fd29aa9e989ec16d3680d022:   done           |[32m++++++++++++++++++++++++++++++++++++++[0m| 
layer-sha256:50f8c1b424f1f26e8e279fcfb5e3af1d2e8a7c1494f08744bb4bcbdab285f3d4:    downloading    |[32m+++[0m-----------------------------------| 169.0 Mi/2.0 GiB 
layer-sha256:dd482d345ef78a72e54dc96c818ad2ec5d6c318e392e07029816546a3089ee77:    downloading    |[32m++++[0m----------------------------------| 165.0 Mi/1.5 GiB 
layer-sha256:7b9be9eb4297c96c698f5bcdc5a885e322fe6817fc511afc7b09799cfa9d6886:    downloading    |[32m+++[0m-----------------------------------| 155.0 Mi/1.5 GiB 
layer-sha256:4738c92e4322db8a8bd534eab5bb762acc4a19df4bb96dbb3f5ef3ef77963f0f:    downloading    |[32m++++[0m----------------------------------| 197.0 Mi/1.5 GiB 
layer-sha256:dfc90b51dbfaca11daa5562dadaef30c0d48125494e5211a8bf63f4da84e3945:    done           |[32m++++++++++++++++++++++++++++++++++++++[0m| 
layer-sha256:f69f10a900dbee5e29001282c43abef608a5528e1c64d1e29a48bb1da441fe6e:    downloading    |[32m++++[0m----------------------------------| 180.0 Mi/1.5 GiB 
layer-sha256:9f45c515d089d32a0760f312e9f5ce2f981ddcebae6136c141414e8e53081413:    downloading    |[32m+++[0m-----------------------------------| 165.0 Mi/2.0 GiB 
layer-sha256:ae5ac74cdbd9a821bf37a75fd5dd70c83d17c173c1d4de3ac17e58e43198f988:    downloading    |[32m++[0m------------------------------------| 160.0 Mi/2.0 GiB 
layer-sha256:ae19d20d2fa6efc21aec50f6587d04a4c9ec9f4b43b5879baf4de03fa219c523:    downloading    |[32m+++[0m-----------------------------------| 183.0 Mi/2.0 GiB 
elapsed: 1.3 s                                                                    total:  1.3 Gi (1.0 GiB/s)                                       
172.31.67.78:5000/model-ballast:B-14g:                                            resolved       |[32m++++++++++++++++++++++++++++++++++++++[0m| 
index-sha256:c39e2205f87b997d16ca3c252f0a9b6a707dd0bdbe178e3d0eb13f9633d84cc2:    done           |[32m++++++++++++++++++++++++++++++++++++++[0m| 
manifest-sha256:d57ca3414327bce6dabd46ea9ab71afc31aab5bff26208abe8589742c7c184d1: done           |[32m++++++++++++++++++++++++++++++++++++++[0m| 
manifest-sha256:0bf2f4ab1dec7aec500c0ddce00938c939819314daef83c5149e1acb7daf02ad: done           |[32m++++++++++++++++++++++++++++++++++++++[0m| 
layer-sha256:034d6572bf287fa79604fee9be062f0683809ae3a3685bc7b0e17bd1c48c50e8:    exists         |[32m++++++++++++++++++++++++++++++++++++++[0m| 
config-sha256:289bbe53944238bc5ba75ce18f6f7da47babdff9fd29aa9e989ec16d3680d022:   done           |[32m++++++++++++++++++++++++++++++++++++++[0m| 
layer-sha256:50f8c1b424f1f26e8e279fcfb5e3af1d2e8a7c1494f08744bb4bcbdab285f3d4:    downloading    |[32m+++[0m-----------------------------------| 182.0 Mi/2.0 GiB 
layer-sha256:dd482d345ef78a72e54dc96c818ad2ec5d6c318e392e07029816546a3089ee77:    downloading    |[32m++++[0m----------------------------------| 177.0 Mi/1.5 GiB 
layer-sha256:7b9be9eb4297c96c698f5bcdc5a885e322fe6817fc511afc7b09799cfa9d6886:    downloading    |[32m++++[0m----------------------------------| 169.0 Mi/1.5 GiB 
layer-sha256:4738c92e4322db8a8bd534eab5bb762acc4a19df4bb96dbb3f5ef3ef77963f0f:    downloading    |[32m+++++[0m---------------------------------| 211.0 Mi/1.5 GiB 
layer-sha256:dfc90b51dbfaca11daa5562dadaef30c0d48125494e5211a8bf63f4da84e3945:    done           |[32m++++++++++++++++++++++++++++++++++++++[0m| 
layer-sha256:f69f10a900dbee5e29001282c43abef608a5528e1c64d1e29a48bb1da441fe6e:    downloading    |[32m++++[0m----------------------------------| 194.0 Mi/1.5 GiB 
layer-sha256:9f45c515d089d32a0760f312e9f5ce2f981ddcebae6136c141414e8e53081413:    downloading    |[32m+++[0m-----------------------------------| 177.0 Mi/2.0 GiB 
layer-sha256:ae5ac74cdbd9a821bf37a75fd5dd70c83d17c173c1d4de3ac17e58e43198f988:    downloading    |[32m+++[0m-----------------------------------| 173.0 Mi/2.0 GiB 
layer-sha256:ae19d20d2fa6efc21aec50f6587d04a4c9ec9f4b43b5879baf4de03fa219c523:    downloading    |[32m+++[0m-----------------------------------| 197.0 Mi/2.0 GiB 
elapsed: 1.4 s                                                                    total:  1.4 Gi (1.0 GiB/s)                                       
172.31.67.78:5000/model-ballast:B-14g:                                            resolved       |[32m++++++++++++++++++++++++++++++++++++++[0m| 
index-sha256:c39e2205f87b997d16ca3c252f0a9b6a707dd0bdbe178e3d0eb13f9633d84cc2:    done           |[32m++++++++++++++++++++++++++++++++++++++[0m| 
manifest-sha256:d57ca3414327bce6dabd46ea9ab71afc31aab5bff26208abe8589742c7c184d1: done           |[32m++++++++++++++++++++++++++++++++++++++[0m| 
manifest-sha256:0bf2f4ab1dec7aec500c0ddce00938c939819314daef83c5149e1acb7daf02ad: done           |[32m++++++++++++++++++++++++++++++++++++++[0m| 
layer-sha256:034d6572bf287fa79604fee9be062f0683809ae3a3685bc7b0e17bd1c48c50e8:    exists         |[32m++++++++++++++++++++++++++++++++++++++[0m| 
config-sha256:289bbe53944238bc5ba75ce18f6f7da47babdff9fd29aa9e989ec16d3680d022:   done           |[32m++++++++++++++++++++++++++++++++++++++[0m| 
layer-sha256:50f8c1b424f1f26e8e279fcfb5e3af1d2e8a7c1494f08744bb4bcbdab285f3d4:    downloading    |[32m+++[0m-----------------------------------| 196.0 Mi/2.0 GiB 
layer-sha256:dd482d345ef78a72e54dc96c818ad2ec5d6c318e392e07029816546a3089ee77:    downloading    |[32m++++[0m----------------------------------| 191.0 Mi/1.5 GiB 
layer-sha256:7b9be9eb4297c96c698f5bcdc5a885e322fe6817fc511afc7b09799cfa9d6886:    downloading    |[32m++++[0m----------------------------------| 182.0 Mi/1.5 GiB 
layer-sha256:4738c92e4322db8a8bd534eab5bb762acc4a19df4bb96dbb3f5ef3ef77963f0f:    downloading    |[32m+++++[0m---------------------------------| 225.0 Mi/1.5 GiB 
layer-sha256:dfc90b51dbfaca11daa5562dadaef30c0d48125494e5211a8bf63f4da84e3945:    done           |[32m++++++++++++++++++++++++++++++++++++++[0m| 
layer-sha256:f69f10a900dbee5e29001282c43abef608a5528e1c64d1e29a48bb1da441fe6e:    downloading    |[32m+++++[0m---------------------------------| 208.0 Mi/1.5 GiB 
layer-sha256:9f45c515d089d32a0760f312e9f5ce2f981ddcebae6136c141414e8e53081413:    downloading    |[32m+++[0m-----------------------------------| 190.0 Mi/2.0 GiB 
layer-sha256:ae5ac74cdbd9a821bf37a75fd5dd70c83d17c173c1d4de3ac17e58e43198f988:    downloading    |[32m+++[0m-----------------------------------| 187.0 Mi/2.0 GiB 
layer-sha256:ae19d20d2fa6efc21aec50f6587d04a4c9ec9f4b43b5879baf4de03fa219c523:    downloading    |[32m+++[0m-----------------------------------| 210.0 Mi/2.0 GiB 
elapsed: 1.5 s                                                                    total:  1.6 Gi (1.0 GiB/s)                                       
172.31.67.78:5000/model-ballast:B-14g:                                            resolved       |[32m++++++++++++++++++++++++++++++++++++++[0m| 
index-sha256:c39e2205f87b997d16ca3c252f0a9b6a707dd0bdbe178e3d0eb13f9633d84cc2:    done           |[32m++++++++++++++++++++++++++++++++++++++[0m| 
manifest-sha256:d57ca3414327bce6dabd46ea9ab71afc31aab5bff26208abe8589742c7c184d1: done           |[32m++++++++++++++++++++++++++++++++++++++[0m| 
manifest-sha256:0bf2f4ab1dec7aec500c0ddce00938c939819314daef83c5149e1acb7daf02ad: done           |[32m++++++++++++++++++++++++++++++++++++++[0m| 
layer-sha256:034d6572bf287fa79604fee9be062f0683809ae3a3685bc7b0e17bd1c48c50e8:    exists         |[32m++++++++++++++++++++++++++++++++++++++[0m| 
config-sha256:289bbe53944238bc5ba75ce18f6f7da47babdff9fd29aa9e989ec16d3680d022:   done           |[32m++++++++++++++++++++++++++++++++++++++[0m| 
layer-sha256:50f8c1b424f1f26e8e279fcfb5e3af1d2e8a7c1494f08744bb4bcbdab285f3d4:    downloading    |[32m+++[0m-----------------------------------| 209.0 Mi/2.0 GiB 
layer-sha256:dd482d345ef78a72e54dc96c818ad2ec5d6c318e392e07029816546a3089ee77:    downloading    |[32m+++++[0m---------------------------------| 204.0 Mi/1.5 GiB 
layer-sha256:7b9be9eb4297c96c698f5bcdc5a885e322fe6817fc511afc7b09799cfa9d6886:    downloading    |[32m++++[0m----------------------------------| 192.0 Mi/1.5 GiB 
layer-sha256:4738c92e4322db8a8bd534eab5bb762acc4a19df4bb96dbb3f5ef3ef77963f0f:    downloading    |[32m+++++[0m---------------------------------| 238.0 Mi/1.5 GiB 
layer-sha256:dfc90b51dbfaca11daa5562dadaef30c0d48125494e5211a8bf63f4da84e3945:    done           |[32m++++++++++++++++++++++++++++++++++++++[0m| 
layer-sha256:f69f10a900dbee5e29001282c43abef608a5528e1c64d1e29a48bb1da441fe6e:    downloading    |[32m+++++[0m---------------------------------| 222.0 Mi/1.5 GiB 
layer-sha256:9f45c515d089d32a0760f312e9f5ce2f981ddcebae6136c141414e8e53081413:    downloading    |[32m+++[0m-----------------------------------| 203.0 Mi/2.0 GiB 
layer-sha256:ae5ac74cdbd9a821bf37a75fd5dd70c83d17c173c1d4de3ac17e58e43198f988:    downloading    |[32m+++[0m-----------------------------------| 199.0 Mi/2.0 GiB 
layer-sha256:ae19d20d2fa6efc21aec50f6587d04a4c9ec9f4b43b5879baf4de03fa219c523:    downloading    |[32m++++[0m----------------------------------| 224.0 Mi/2.0 GiB 
elapsed: 1.6 s                                                                    total:  1.7 Gi (1.0 GiB/s)                                       
172.31.67.78:5000/model-ballast:B-14g:                                            resolved       |[32m++++++++++++++++++++++++++++++++++++++[0m| 
index-sha256:c39e2205f87b997d16ca3c252f0a9b6a707dd0bdbe178e3d0eb13f9633d84cc2:    done           |[32m++++++++++++++++++++++++++++++++++++++[0m| 
manifest-sha256:d57ca3414327bce6dabd46ea9ab71afc31aab5bff26208abe8589742c7c184d1: done           |[32m++++++++++++++++++++++++++++++++++++++[0m| 
manifest-sha256:0bf2f4ab1dec7aec500c0ddce00938c939819314daef83c5149e1acb7daf02ad: done           |[32m++++++++++++++++++++++++++++++++++++++[0m| 
layer-sha256:034d6572bf287fa79604fee9be062f0683809ae3a3685bc7b0e17bd1c48c50e8:    exists         |[32m++++++++++++++++++++++++++++++++++++++[0m| 
config-sha256:289bbe53944238bc5ba75ce18f6f7da47babdff9fd29aa9e989ec16d3680d022:   done           |[32m++++++++++++++++++++++++++++++++++++++[0m| 
layer-sha256:50f8c1b424f1f26e8e279fcfb5e3af1d2e8a7c1494f08744bb4bcbdab285f3d4:    downloading    |[32m++++[0m----------------------------------| 222.0 Mi/2.0 GiB 
layer-sha256:dd482d345ef78a72e54dc96c818ad2ec5d6c318e392e07029816546a3089ee77:    downloading    |[32m+++++[0m---------------------------------| 218.0 Mi/1.5 GiB 
layer-sha256:7b9be9eb4297c96c698f5bcdc5a885e322fe6817fc511afc7b09799cfa9d6886:    downloading    |[32m+++++[0m---------------------------------| 204.0 Mi/1.5 GiB 
layer-sha256:4738c92e4322db8a8bd534eab5bb762acc4a19df4bb96dbb3f5ef3ef77963f0f:    downloading    |[32m++++++[0m--------------------------------| 252.0 Mi/1.5 GiB 
layer-sha256:dfc90b51dbfaca11daa5562dadaef30c0d48125494e5211a8bf63f4da84e3945:    done           |[32m++++++++++++++++++++++++++++++++++++++[0m| 
layer-sha256:f69f10a900dbee5e29001282c43abef608a5528e1c64d1e29a48bb1da441fe6e:    downloading    |[32m+++++[0m---------------------------------| 236.0 Mi/1.5 GiB 
layer-sha256:9f45c515d089d32a0760f312e9f5ce2f981ddcebae6136c141414e8e53081413:    downloading    |[32m++++[0m----------------------------------| 218.0 Mi/2.0 GiB 
layer-sha256:ae5ac74cdbd9a821bf37a75fd5dd70c83d17c173c1d4de3ac17e58e43198f988:    downloading    |[32m+++[0m-----------------------------------| 215.0 Mi/2.0 GiB 
layer-sha256:ae19d20d2fa6efc21aec50f6587d04a4c9ec9f4b43b5879baf4de03fa219c523:    downloading    |[32m++++[0m----------------------------------| 240.0 Mi/2.0 GiB 
elapsed: 1.7 s                                                                    total:  1.8 Gi (1.0 GiB/s)                                       
172.31.67.78:5000/model-ballast:B-14g:                                            resolved       |[32m++++++++++++++++++++++++++++++++++++++[0m| 
index-sha256:c39e2205f87b997d16ca3c252f0a9b6a707dd0bdbe178e3d0eb13f9633d84cc2:    done           |[32m++++++++++++++++++++++++++++++++++++++[0m| 
manifest-sha256:d57ca3414327bce6dabd46ea9ab71afc31aab5bff26208abe8589742c7c184d1: done           |[32m++++++++++++++++++++++++++++++++++++++[0m| 
manifest-sha256:0bf2f4ab1dec7aec500c0ddce00938c939819314daef83c5149e1acb7daf02ad: done           |[32m++++++++++++++++++++++++++++++++++++++[0m| 
layer-sha256:034d6572bf287fa79604fee9be062f0683809ae3a3685bc7b0e17bd1c48c50e8:    exists         |[32m++++++++++++++++++++++++++++++++++++++[0m| 
config-sha256:289bbe53944238bc5ba75ce18f6f7da47babdff9fd29aa9e989ec16d3680d022:   done           |[32m++++++++++++++++++++++++++++++++++++++[0m| 
layer-sha256:50f8c1b424f1f26e8e279fcfb5e3af1d2e8a7c1494f08744bb4bcbdab285f3d4:    downloading    |[32m++++[0m----------------------------------| 238.0 Mi/2.0 GiB 
layer-sha256:dd482d345ef78a72e54dc96c818ad2ec5d6c318e392e07029816546a3089ee77:    downloading    |[32m+++++[0m---------------------------------| 233.0 Mi/1.5 GiB 
layer-sha256:7b9be9eb4297c96c698f5bcdc5a885e322fe6817fc511afc7b09799cfa9d6886:    downloading    |[32m+++++[0m---------------------------------| 215.0 Mi/1.5 GiB 
layer-sha256:4738c92e4322db8a8bd534eab5bb762acc4a19df4bb96dbb3f5ef3ef77963f0f:    downloading    |[32m++++++[0m--------------------------------| 266.0 Mi/1.5 GiB 
layer-sha256:dfc90b51dbfaca11daa5562dadaef30c0d48125494e5211a8bf63f4da84e3945:    done           |[32m++++++++++++++++++++++++++++++++++++++[0m| 
layer-sha256:f69f10a900dbee5e29001282c43abef608a5528e1c64d1e29a48bb1da441fe6e:    downloading    |[32m++++++[0m--------------------------------| 252.0 Mi/1.5 GiB 
layer-sha256:9f45c515d089d32a0760f312e9f5ce2f981ddcebae6136c141414e8e53081413:    downloading    |[32m++++[0m----------------------------------| 233.0 Mi/2.0 GiB 
layer-sha256:ae5ac74cdbd9a821bf37a75fd5dd70c83d17c173c1d4de3ac17e58e43198f988:    downloading    |[32m++++[0m----------------------------------| 229.0 Mi/2.0 GiB 
layer-sha256:ae19d20d2fa6efc21aec50f6587d04a4c9ec9f4b43b5879baf4de03fa219c523:    downloading    |[32m++++[0m----------------------------------| 255.0 Mi/2.0 GiB 
elapsed: 1.8 s                                                                    total:  1.9 Gi (1.0 GiB/s)                                       
172.31.67.78:5000/model-ballast:B-14g:                                            resolved       |[32m++++++++++++++++++++++++++++++++++++++[0m| 
index-sha256:c39e2205f87b997d16ca3c252f0a9b6a707dd0bdbe178e3d0eb13f9633d84cc2:    done           |[32m++++++++++++++++++++++++++++++++++++++[0m| 
manifest-sha256:d57ca3414327bce6dabd46ea9ab71afc31aab5bff26208abe8589742c7c184d1: done           |[32m++++++++++++++++++++++++++++++++++++++[0m| 
manifest-sha256:0bf2f4ab1dec7aec500c0ddce00938c939819314daef83c5149e1acb7daf02ad: done           |[32m++++++++++++++++++++++++++++++++++++++[0m| 
layer-sha256:034d6572bf287fa79604fee9be062f0683809ae3a3685bc7b0e17bd1c48c50e8:    exists         |[32m++++++++++++++++++++++++++++++++++++++[0m| 
config-sha256:289bbe53944238bc5ba75ce18f6f7da47babdff9fd29aa9e989ec16d3680d022:   done           |[32m++++++++++++++++++++++++++++++++++++++[0m| 
layer-sha256:50f8c1b424f1f26e8e279fcfb5e3af1d2e8a7c1494f08744bb4bcbdab285f3d4:    downloading    |[32m++++[0m----------------------------------| 252.0 Mi/2.0 GiB 
layer-sha256:dd482d345ef78a72e54dc96c818ad2ec5d6c318e392e07029816546a3089ee77:    downloading    |[32m++++++[0m--------------------------------| 246.0 Mi/1.5 GiB 
layer-sha256:7b9be9eb4297c96c698f5bcdc5a885e322fe6817fc511afc7b09799cfa9d6886:    downloading    |[32m+++++[0m---------------------------------| 227.0 Mi/1.5 GiB 
layer-sha256:4738c92e4322db8a8bd534eab5bb762acc4a19df4bb96dbb3f5ef3ef77963f0f:    downloading    |[32m++++++[0m--------------------------------| 281.0 Mi/1.5 GiB 
layer-sha256:dfc90b51dbfaca11daa5562dadaef30c0d48125494e5211a8bf63f4da84e3945:    done           |[32m++++++++++++++++++++++++++++++++++++++[0m| 
layer-sha256:f69f10a900dbee5e29001282c43abef608a5528e1c64d1e29a48bb1da441fe6e:    downloading    |[32m++++++[0m--------------------------------| 266.0 Mi/1.5 GiB 
layer-sha256:9f45c515d089d32a0760f312e9f5ce2f981ddcebae6136c141414e8e53081413:    downloading    |[32m++++[0m----------------------------------| 248.0 Mi/2.0 GiB 
layer-sha256:ae5ac74cdbd9a821bf37a75fd5dd70c83d17c173c1d4de3ac17e58e43198f988:    downloading    |[32m++++[0m----------------------------------| 241.0 Mi/2.0 GiB 
layer-sha256:ae19d20d2fa6efc21aec50f6587d04a4c9ec9f4b43b5879baf4de03fa219c523:    downloading    |[32m++++[0m----------------------------------| 269.0 Mi/2.0 GiB 
elapsed: 1.9 s                                                                    total:  2.0 Gi (1.0 GiB/s)                                       
172.31.67.78:5000/model-ballast:B-14g:                                            resolved       |[32m++++++++++++++++++++++++++++++++++++++[0m| 
index-sha256:c39e2205f87b997d16ca3c252f0a9b6a707dd0bdbe178e3d0eb13f9633d84cc2:    done           |[32m++++++++++++++++++++++++++++++++++++++[0m| 
manifest-sha256:d57ca3414327bce6dabd46ea9ab71afc31aab5bff26208abe8589742c7c184d1: done           |[32m++++++++++++++++++++++++++++++++++++++[0m| 
manifest-sha256:0bf2f4ab1dec7aec500c0ddce00938c939819314daef83c5149e1acb7daf02ad: done           |[32m++++++++++++++++++++++++++++++++++++++[0m| 
layer-sha256:034d6572bf287fa79604fee9be062f0683809ae3a3685bc7b0e17bd1c48c50e8:    exists         |[32m++++++++++++++++++++++++++++++++++++++[0m| 
config-sha256:289bbe53944238bc5ba75ce18f6f7da47babdff9fd29aa9e989ec16d3680d022:   done           |[32m++++++++++++++++++++++++++++++++++++++[0m| 
layer-sha256:50f8c1b424f1f26e8e279fcfb5e3af1d2e8a7c1494f08744bb4bcbdab285f3d4:    downloading    |[32m++++[0m----------------------------------| 268.0 Mi/2.0 GiB 
layer-sha256:dd482d345ef78a72e54dc96c818ad2ec5d6c318e392e07029816546a3089ee77:    downloading    |[32m++++++[0m--------------------------------| 261.0 Mi/1.5 GiB 
layer-sha256:7b9be9eb4297c96c698f5bcdc5a885e322fe6817fc511afc7b09799cfa9d6886:    downloading    |[32m+++++[0m---------------------------------| 240.0 Mi/1.5 GiB 
layer-sha256:4738c92e4322db8a8bd534eab5bb762acc4a19df4bb96dbb3f5ef3ef77963f0f:    downloading    |[32m+++++++[0m-------------------------------| 295.0 Mi/1.5 GiB 
layer-sha256:dfc90b51dbfaca11daa5562dadaef30c0d48125494e5211a8bf63f4da84e3945:    done           |[32m++++++++++++++++++++++++++++++++++++++[0m| 
layer-sha256:f69f10a900dbee5e29001282c43abef608a5528e1c64d1e29a48bb1da441fe6e:    downloading    |[32m++++++[0m--------------------------------| 281.0 Mi/1.5 GiB 
layer-sha256:9f45c515d089d32a0760f312e9f5ce2f981ddcebae6136c141414e8e53081413:    downloading    |[32m++++[0m----------------------------------| 263.0 Mi/2.0 GiB 
layer-sha256:ae5ac74cdbd9a821bf37a75fd5dd70c83d17c173c1d4de3ac17e58e43198f988:    downloading    |[32m++++[0m----------------------------------| 255.0 Mi/2.0 GiB 
layer-sha256:ae19d20d2fa6efc21aec50f6587d04a4c9ec9f4b43b5879baf4de03fa219c523:    downloading    |[32m+++++[0m---------------------------------| 284.0 Mi/2.0 GiB 
elapsed: 2.0 s                                                                    total:  2.1 Gi (1.0 GiB/s)                                       
172.31.67.78:5000/model-ballast:B-14g:                                            resolved       |[32m++++++++++++++++++++++++++++++++++++++[0m| 
index-sha256:c39e2205f87b997d16ca3c252f0a9b6a707dd0bdbe178e3d0eb13f9633d84cc2:    done           |[32m++++++++++++++++++++++++++++++++++++++[0m| 
manifest-sha256:d57ca3414327bce6dabd46ea9ab71afc31aab5bff26208abe8589742c7c184d1: done           |[32m++++++++++++++++++++++++++++++++++++++[0m| 
manifest-sha256:0bf2f4ab1dec7aec500c0ddce00938c939819314daef83c5149e1acb7daf02ad: done           |[32m++++++++++++++++++++++++++++++++++++++[0m| 
layer-sha256:034d6572bf287fa79604fee9be062f0683809ae3a3685bc7b0e17bd1c48c50e8:    exists         |[32m++++++++++++++++++++++++++++++++++++++[0m| 
config-sha256:289bbe53944238bc5ba75ce18f6f7da47babdff9fd29aa9e989ec16d3680d022:   done           |[32m++++++++++++++++++++++++++++++++++++++[0m| 
layer-sha256:50f8c1b424f1f26e8e279fcfb5e3af1d2e8a7c1494f08744bb4bcbdab285f3d4:    downloading    |[32m+++++[0m---------------------------------| 282.0 Mi/2.0 GiB 
layer-sha256:dd482d345ef78a72e54dc96c818ad2ec5d6c318e392e07029816546a3089ee77:    downloading    |[32m++++++[0m--------------------------------| 276.0 Mi/1.5 GiB 
layer-sha256:7b9be9eb4297c96c698f5bcdc5a885e322fe6817fc511afc7b09799cfa9d6886:    downloading    |[32m++++++[0m--------------------------------| 253.0 Mi/1.5 GiB 
layer-sha256:4738c92e4322db8a8bd534eab5bb762acc4a19df4bb96dbb3f5ef3ef77963f0f:    downloading    |[32m+++++++[0m-------------------------------| 308.0 Mi/1.5 GiB 
layer-sha256:dfc90b51dbfaca11daa5562dadaef30c0d48125494e5211a8bf63f4da84e3945:    done           |[32m++++++++++++++++++++++++++++++++++++++[0m| 
layer-sha256:f69f10a900dbee5e29001282c43abef608a5528e1c64d1e29a48bb1da441fe6e:    downloading    |[32m+++++++[0m-------------------------------| 295.0 Mi/1.5 GiB 
layer-sha256:9f45c515d089d32a0760f312e9f5ce2f981ddcebae6136c141414e8e53081413:    downloading    |[32m+++++[0m---------------------------------| 276.0 Mi/2.0 GiB 
layer-sha256:ae5ac74cdbd9a821bf37a75fd5dd70c83d17c173c1d4de3ac17e58e43198f988:    downloading    |[32m++++[0m----------------------------------| 269.0 Mi/2.0 GiB 
layer-sha256:ae19d20d2fa6efc21aec50f6587d04a4c9ec9f4b43b5879baf4de03fa219c523:    downloading    |[32m+++++[0m---------------------------------| 299.0 Mi/2.0 GiB 
elapsed: 2.1 s                                                                    total:  2.2 Gi (1.0 GiB/s)                                       
172.31.67.78:5000/model-ballast:B-14g:                                            resolved       |[32m++++++++++++++++++++++++++++++++++++++[0m| 
index-sha256:c39e2205f87b997d16ca3c252f0a9b6a707dd0bdbe178e3d0eb13f9633d84cc2:    done           |[32m++++++++++++++++++++++++++++++++++++++[0m| 
manifest-sha256:d57ca3414327bce6dabd46ea9ab71afc31aab5bff26208abe8589742c7c184d1: done           |[32m++++++++++++++++++++++++++++++++++++++[0m| 
manifest-sha256:0bf2f4ab1dec7aec500c0ddce00938c939819314daef83c5149e1acb7daf02ad: done           |[32m++++++++++++++++++++++++++++++++++++++[0m| 
layer-sha256:034d6572bf287fa79604fee9be062f0683809ae3a3685bc7b0e17bd1c48c50e8:    exists         |[32m++++++++++++++++++++++++++++++++++++++[0m| 
config-sha256:289bbe53944238bc5ba75ce18f6f7da47babdff9fd29aa9e989ec16d3680d022:   done           |[32m++++++++++++++++++++++++++++++++++++++[0m| 
layer-sha256:50f8c1b424f1f26e8e279fcfb5e3af1d2e8a7c1494f08744bb4bcbdab285f3d4:    downloading    |[32m+++++[0m---------------------------------| 297.0 Mi/2.0 GiB 
layer-sha256:dd482d345ef78a72e54dc96c818ad2ec5d6c318e392e07029816546a3089ee77:    downloading    |[32m+++++++[0m-------------------------------| 290.0 Mi/1.5 GiB 
layer-sha256:7b9be9eb4297c96c698f5bcdc5a885e322fe6817fc511afc7b09799cfa9d6886:    downloading    |[32m++++++[0m--------------------------------| 265.0 Mi/1.5 GiB 
layer-sha256:4738c92e4322db8a8bd534eab5bb762acc4a19df4bb96dbb3f5ef3ef77963f0f:    downloading    |[32m+++++++[0m-------------------------------| 323.0 Mi/1.5 GiB 
layer-sha256:dfc90b51dbfaca11daa5562dadaef30c0d48125494e5211a8bf63f4da84e3945:    done           |[32m++++++++++++++++++++++++++++++++++++++[0m| 
layer-sha256:f69f10a900dbee5e29001282c43abef608a5528e1c64d1e29a48bb1da441fe6e:    downloading    |[32m+++++++[0m-------------------------------| 310.0 Mi/1.5 GiB 
layer-sha256:9f45c515d089d32a0760f312e9f5ce2f981ddcebae6136c141414e8e53081413:    downloading    |[32m+++++[0m---------------------------------| 290.0 Mi/2.0 GiB 
layer-sha256:ae5ac74cdbd9a821bf37a75fd5dd70c83d17c173c1d4de3ac17e58e43198f988:    downloading    |[32m+++++[0m---------------------------------| 282.0 Mi/2.0 GiB 
layer-sha256:ae19d20d2fa6efc21aec50f6587d04a4c9ec9f4b43b5879baf4de03fa219c523:    downloading    |[32m+++++[0m---------------------------------| 313.0 Mi/2.0 GiB 
elapsed: 2.2 s                                                                    total:  2.3 Gi (1.1 GiB/s)                                       
172.31.67.78:5000/model-ballast:B-14g:                                            resolved       |[32m++++++++++++++++++++++++++++++++++++++[0m| 
index-sha256:c39e2205f87b997d16ca3c252f0a9b6a707dd0bdbe178e3d0eb13f9633d84cc2:    done           |[32m++++++++++++++++++++++++++++++++++++++[0m| 
manifest-sha256:d57ca3414327bce6dabd46ea9ab71afc31aab5bff26208abe8589742c7c184d1: done           |[32m++++++++++++++++++++++++++++++++++++++[0m| 
manifest-sha256:0bf2f4ab1dec7aec500c0ddce00938c939819314daef83c5149e1acb7daf02ad: done           |[32m++++++++++++++++++++++++++++++++++++++[0m| 
layer-sha256:034d6572bf287fa79604fee9be062f0683809ae3a3685bc7b0e17bd1c48c50e8:    exists         |[32m++++++++++++++++++++++++++++++++++++++[0m| 
config-sha256:289bbe53944238bc5ba75ce18f6f7da47babdff9fd29aa9e989ec16d3680d022:   done           |[32m++++++++++++++++++++++++++++++++++++++[0m| 
layer-sha256:50f8c1b424f1f26e8e279fcfb5e3af1d2e8a7c1494f08744bb4bcbdab285f3d4:    downloading    |[32m+++++[0m---------------------------------| 309.0 Mi/2.0 GiB 
layer-sha256:dd482d345ef78a72e54dc96c818ad2ec5d6c318e392e07029816546a3089ee77:    downloading    |[32m+++++++[0m-------------------------------| 303.0 Mi/1.5 GiB 
layer-sha256:7b9be9eb4297c96c698f5bcdc5a885e322fe6817fc511afc7b09799cfa9d6886:    downloading    |[32m++++++[0m--------------------------------| 277.0 Mi/1.5 GiB 
layer-sha256:4738c92e4322db8a8bd534eab5bb762acc4a19df4bb96dbb3f5ef3ef77963f0f:    downloading    |[32m++++++++[0m------------------------------| 338.0 Mi/1.5 GiB 
layer-sha256:dfc90b51dbfaca11daa5562dadaef30c0d48125494e5211a8bf63f4da84e3945:    done           |[32m++++++++++++++++++++++++++++++++++++++[0m| 
layer-sha256:f69f10a900dbee5e29001282c43abef608a5528e1c64d1e29a48bb1da441fe6e:    downloading    |[32m+++++++[0m-------------------------------| 323.0 Mi/1.5 GiB 
layer-sha256:9f45c515d089d32a0760f312e9f5ce2f981ddcebae6136c141414e8e53081413:    downloading    |[32m+++++[0m---------------------------------| 304.0 Mi/2.0 GiB 
layer-sha256:ae5ac74cdbd9a821bf37a75fd5dd70c83d17c173c1d4de3ac17e58e43198f988:    downloading    |[32m+++++[0m---------------------------------| 295.0 Mi/2.0 GiB 
layer-sha256:ae19d20d2fa6efc21aec50f6587d04a4c9ec9f4b43b5879baf4de03fa219c523:    downloading    |[32m++++++[0m--------------------------------| 326.0 Mi/2.0 GiB 
elapsed: 2.3 s                                                                    total:  2.4 Gi (1.1 GiB/s)                                       
172.31.67.78:5000/model-ballast:B-14g:                                            resolved       |[32m++++++++++++++++++++++++++++++++++++++[0m| 
index-sha256:c39e2205f87b997d16ca3c252f0a9b6a707dd0bdbe178e3d0eb13f9633d84cc2:    done           |[32m++++++++++++++++++++++++++++++++++++++[0m| 
manifest-sha256:d57ca3414327bce6dabd46ea9ab71afc31aab5bff26208abe8589742c7c184d1: done           |[32m++++++++++++++++++++++++++++++++++++++[0m| 
manifest-sha256:0bf2f4ab1dec7aec500c0ddce00938c939819314daef83c5149e1acb7daf02ad: done           |[32m++++++++++++++++++++++++++++++++++++++[0m| 
layer-sha256:034d6572bf287fa79604fee9be062f0683809ae3a3685bc7b0e17bd1c48c50e8:    exists         |[32m++++++++++++++++++++++++++++++++++++++[0m| 
config-sha256:289bbe53944238bc5ba75ce18f6f7da47babdff9fd29aa9e989ec16d3680d022:   done           |[32m++++++++++++++++++++++++++++++++++++++[0m| 
layer-sha256:50f8c1b424f1f26e8e279fcfb5e3af1d2e8a7c1494f08744bb4bcbdab285f3d4:    downloading    |[32m+++++[0m---------------------------------| 321.0 Mi/2.0 GiB 
layer-sha256:dd482d345ef78a72e54dc96c818ad2ec5d6c318e392e07029816546a3089ee77:    downloading    |[32m+++++++[0m-------------------------------| 316.0 Mi/1.5 GiB 
layer-sha256:7b9be9eb4297c96c698f5bcdc5a885e322fe6817fc511afc7b09799cfa9d6886:    downloading    |[32m+++++++[0m-------------------------------| 290.0 Mi/1.5 GiB 
layer-sha256:4738c92e4322db8a8bd534eab5bb762acc4a19df4bb96dbb3f5ef3ef77963f0f:    downloading    |[32m++++++++[0m------------------------------| 353.0 Mi/1.5 GiB 
layer-sha256:dfc90b51dbfaca11daa5562dadaef30c0d48125494e5211a8bf63f4da84e3945:    done           |[32m++++++++++++++++++++++++++++++++++++++[0m| 
layer-sha256:f69f10a900dbee5e29001282c43abef608a5528e1c64d1e29a48bb1da441fe6e:    downloading    |[32m++++++++[0m------------------------------| 336.0 Mi/1.5 GiB 
layer-sha256:9f45c515d089d32a0760f312e9f5ce2f981ddcebae6136c141414e8e53081413:    downloading    |[32m+++++[0m---------------------------------| 318.0 Mi/2.0 GiB 
layer-sha256:ae5ac74cdbd9a821bf37a75fd5dd70c83d17c173c1d4de3ac17e58e43198f988:    downloading    |[32m+++++[0m---------------------------------| 309.0 Mi/2.0 GiB 
layer-sha256:ae19d20d2fa6efc21aec50f6587d04a4c9ec9f4b43b5879baf4de03fa219c523:    downloading    |[32m++++++[0m--------------------------------| 340.0 Mi/2.0 GiB 
elapsed: 2.4 s                                                                    total:  2.5 Gi (1.1 GiB/s)                                       
172.31.67.78:5000/model-ballast:B-14g:                                            resolved       |[32m++++++++++++++++++++++++++++++++++++++[0m| 
index-sha256:c39e2205f87b997d16ca3c252f0a9b6a707dd0bdbe178e3d0eb13f9633d84cc2:    done           |[32m++++++++++++++++++++++++++++++++++++++[0m| 
manifest-sha256:d57ca3414327bce6dabd46ea9ab71afc31aab5bff26208abe8589742c7c184d1: done           |[32m++++++++++++++++++++++++++++++++++++++[0m| 
manifest-sha256:0bf2f4ab1dec7aec500c0ddce00938c939819314daef83c5149e1acb7daf02ad: done           |[32m++++++++++++++++++++++++++++++++++++++[0m| 
layer-sha256:034d6572bf287fa79604fee9be062f0683809ae3a3685bc7b0e17bd1c48c50e8:    exists         |[32m++++++++++++++++++++++++++++++++++++++[0m| 
config-sha256:289bbe53944238bc5ba75ce18f6f7da47babdff9fd29aa9e989ec16d3680d022:   done           |[32m++++++++++++++++++++++++++++++++++++++[0m| 
layer-sha256:50f8c1b424f1f26e8e279fcfb5e3af1d2e8a7c1494f08744bb4bcbdab285f3d4:    downloading    |[32m++++++[0m--------------------------------| 334.0 Mi/2.0 GiB 
layer-sha256:dd482d345ef78a72e54dc96c818ad2ec5d6c318e392e07029816546a3089ee77:    downloading    |[32m++++++++[0m------------------------------| 329.0 Mi/1.5 GiB 
layer-sha256:7b9be9eb4297c96c698f5bcdc5a885e322fe6817fc511afc7b09799cfa9d6886:    downloading    |[32m+++++++[0m-------------------------------| 303.0 Mi/1.5 GiB 
layer-sha256:4738c92e4322db8a8bd534eab5bb762acc4a19df4bb96dbb3f5ef3ef77963f0f:    downloading    |[32m+++++++++[0m-----------------------------| 368.0 Mi/1.5 GiB 
layer-sha256:dfc90b51dbfaca11daa5562dadaef30c0d48125494e5211a8bf63f4da84e3945:    done           |[32m++++++++++++++++++++++++++++++++++++++[0m| 
layer-sha256:f69f10a900dbee5e29001282c43abef608a5528e1c64d1e29a48bb1da441fe6e:    downloading    |[32m++++++++[0m------------------------------| 351.0 Mi/1.5 GiB 
layer-sha256:9f45c515d089d32a0760f312e9f5ce2f981ddcebae6136c141414e8e53081413:    downloading    |[32m++++++[0m--------------------------------| 334.0 Mi/2.0 GiB 
layer-sha256:ae5ac74cdbd9a821bf37a75fd5dd70c83d17c173c1d4de3ac17e58e43198f988:    downloading    |[32m+++++[0m---------------------------------| 323.0 Mi/2.0 GiB 
layer-sha256:ae19d20d2fa6efc21aec50f6587d04a4c9ec9f4b43b5879baf4de03fa219c523:    downloading    |[32m++++++[0m--------------------------------| 356.0 Mi/2.0 GiB 
elapsed: 2.5 s                                                                    total:  2.6 Gi (1.1 GiB/s)                                       
172.31.67.78:5000/model-ballast:B-14g:                                            resolved       |[32m++++++++++++++++++++++++++++++++++++++[0m| 
index-sha256:c39e2205f87b997d16ca3c252f0a9b6a707dd0bdbe178e3d0eb13f9633d84cc2:    done           |[32m++++++++++++++++++++++++++++++++++++++[0m| 
manifest-sha256:d57ca3414327bce6dabd46ea9ab71afc31aab5bff26208abe8589742c7c184d1: done           |[32m++++++++++++++++++++++++++++++++++++++[0m| 
manifest-sha256:0bf2f4ab1dec7aec500c0ddce00938c939819314daef83c5149e1acb7daf02ad: done           |[32m++++++++++++++++++++++++++++++++++++++[0m| 
layer-sha256:034d6572bf287fa79604fee9be062f0683809ae3a3685bc7b0e17bd1c48c50e8:    exists         |[32m++++++++++++++++++++++++++++++++++++++[0m| 
config-sha256:289bbe53944238bc5ba75ce18f6f7da47babdff9fd29aa9e989ec16d3680d022:   done           |[32m++++++++++++++++++++++++++++++++++++++[0m| 
layer-sha256:50f8c1b424f1f26e8e279fcfb5e3af1d2e8a7c1494f08744bb4bcbdab285f3d4:    downloading    |[32m++++++[0m--------------------------------| 347.0 Mi/2.0 GiB 
layer-sha256:dd482d345ef78a72e54dc96c818ad2ec5d6c318e392e07029816546a3089ee77:    downloading    |[32m++++++++[0m------------------------------| 343.0 Mi/1.5 GiB 
layer-sha256:7b9be9eb4297c96c698f5bcdc5a885e322fe6817fc511afc7b09799cfa9d6886:    downloading    |[32m+++++++[0m-------------------------------| 313.0 Mi/1.5 GiB 
layer-sha256:4738c92e4322db8a8bd534eab5bb762acc4a19df4bb96dbb3f5ef3ef77963f0f:    downloading    |[32m+++++++++[0m-----------------------------| 380.0 Mi/1.5 GiB 
layer-sha256:dfc90b51dbfaca11daa5562dadaef30c0d48125494e5211a8bf63f4da84e3945:    done           |[32m++++++++++++++++++++++++++++++++++++++[0m| 
layer-sha256:f69f10a900dbee5e29001282c43abef608a5528e1c64d1e29a48bb1da441fe6e:    downloading    |[32m+++++++++[0m-----------------------------| 364.0 Mi/1.5 GiB 
layer-sha256:9f45c515d089d32a0760f312e9f5ce2f981ddcebae6136c141414e8e53081413:    downloading    |[32m++++++[0m--------------------------------| 347.0 Mi/2.0 GiB 
layer-sha256:ae5ac74cdbd9a821bf37a75fd5dd70c83d17c173c1d4de3ac17e58e43198f988:    downloading    |[32m++++++[0m--------------------------------| 335.0 Mi/2.0 GiB 
layer-sha256:ae19d20d2fa6efc21aec50f6587d04a4c9ec9f4b43b5879baf4de03fa219c523:    downloading    |[32m++++++[0m--------------------------------| 370.0 Mi/2.0 GiB 
elapsed: 2.6 s                                                                    total:  2.7 Gi (1.1 GiB/s)                                       
172.31.67.78:5000/model-ballast:B-14g:                                            resolved       |[32m++++++++++++++++++++++++++++++++++++++[0m| 
index-sha256:c39e2205f87b997d16ca3c252f0a9b6a707dd0bdbe178e3d0eb13f9633d84cc2:    done           |[32m++++++++++++++++++++++++++++++++++++++[0m| 
manifest-sha256:d57ca3414327bce6dabd46ea9ab71afc31aab5bff26208abe8589742c7c184d1: done           |[32m++++++++++++++++++++++++++++++++++++++[0m| 
manifest-sha256:0bf2f4ab1dec7aec500c0ddce00938c939819314daef83c5149e1acb7daf02ad: done           |[32m++++++++++++++++++++++++++++++++++++++[0m| 
layer-sha256:034d6572bf287fa79604fee9be062f0683809ae3a3685bc7b0e17bd1c48c50e8:    exists         |[32m++++++++++++++++++++++++++++++++++++++[0m| 
config-sha256:289bbe53944238bc5ba75ce18f6f7da47babdff9fd29aa9e989ec16d3680d022:   done           |[32m++++++++++++++++++++++++++++++++++++++[0m| 
layer-sha256:50f8c1b424f1f26e8e279fcfb5e3af1d2e8a7c1494f08744bb4bcbdab285f3d4:    downloading    |[32m++++++[0m--------------------------------| 363.0 Mi/2.0 GiB 
layer-sha256:dd482d345ef78a72e54dc96c818ad2ec5d6c318e392e07029816546a3089ee77:    downloading    |[32m++++++++[0m------------------------------| 357.0 Mi/1.5 GiB 
layer-sha256:7b9be9eb4297c96c698f5bcdc5a885e322fe6817fc511afc7b09799cfa9d6886:    downloading    |[32m++++++++[0m------------------------------| 324.0 Mi/1.5 GiB 
layer-sha256:4738c92e4322db8a8bd534eab5bb762acc4a19df4bb96dbb3f5ef3ef77963f0f:    downloading    |[32m+++++++++[0m-----------------------------| 396.0 Mi/1.5 GiB 
layer-sha256:dfc90b51dbfaca11daa5562dadaef30c0d48125494e5211a8bf63f4da84e3945:    done           |[32m++++++++++++++++++++++++++++++++++++++[0m| 
layer-sha256:f69f10a900dbee5e29001282c43abef608a5528e1c64d1e29a48bb1da441fe6e:    downloading    |[32m+++++++++[0m-----------------------------| 379.0 Mi/1.5 GiB 
layer-sha256:9f45c515d089d32a0760f312e9f5ce2f981ddcebae6136c141414e8e53081413:    downloading    |[32m++++++[0m--------------------------------| 362.0 Mi/2.0 GiB 
layer-sha256:ae5ac74cdbd9a821bf37a75fd5dd70c83d17c173c1d4de3ac17e58e43198f988:    downloading    |[32m++++++[0m--------------------------------| 349.0 Mi/2.0 GiB 
layer-sha256:ae19d20d2fa6efc21aec50f6587d04a4c9ec9f4b43b5879baf4de03fa219c523:    downloading    |[32m+++++++[0m-------------------------------| 385.0 Mi/2.0 GiB 
elapsed: 2.7 s                                                                    total:  2.8 Gi (1.1 GiB/s)                                       
172.31.67.78:5000/model-ballast:B-14g:                                            resolved       |[32m++++++++++++++++++++++++++++++++++++++[0m| 
index-sha256:c39e2205f87b997d16ca3c252f0a9b6a707dd0bdbe178e3d0eb13f9633d84cc2:    done           |[32m++++++++++++++++++++++++++++++++++++++[0m| 
manifest-sha256:d57ca3414327bce6dabd46ea9ab71afc31aab5bff26208abe8589742c7c184d1: done           |[32m++++++++++++++++++++++++++++++++++++++[0m| 
manifest-sha256:0bf2f4ab1dec7aec500c0ddce00938c939819314daef83c5149e1acb7daf02ad: done           |[32m++++++++++++++++++++++++++++++++++++++[0m| 
layer-sha256:034d6572bf287fa79604fee9be062f0683809ae3a3685bc7b0e17bd1c48c50e8:    exists         |[32m++++++++++++++++++++++++++++++++++++++[0m| 
config-sha256:289bbe53944238bc5ba75ce18f6f7da47babdff9fd29aa9e989ec16d3680d022:   done           |[32m++++++++++++++++++++++++++++++++++++++[0m| 
layer-sha256:50f8c1b424f1f26e8e279fcfb5e3af1d2e8a7c1494f08744bb4bcbdab285f3d4:    downloading    |[32m++++++[0m--------------------------------| 376.0 Mi/2.0 GiB 
layer-sha256:dd482d345ef78a72e54dc96c818ad2ec5d6c318e392e07029816546a3089ee77:    downloading    |[32m+++++++++[0m-----------------------------| 372.0 Mi/1.5 GiB 
layer-sha256:7b9be9eb4297c96c698f5bcdc5a885e322fe6817fc511afc7b09799cfa9d6886:    downloading    |[32m++++++++[0m------------------------------| 336.0 Mi/1.5 GiB 
layer-sha256:4738c92e4322db8a8bd534eab5bb762acc4a19df4bb96dbb3f5ef3ef77963f0f:    downloading    |[32m++++++++++[0m----------------------------| 408.0 Mi/1.5 GiB 
layer-sha256:dfc90b51dbfaca11daa5562dadaef30c0d48125494e5211a8bf63f4da84e3945:    done           |[32m++++++++++++++++++++++++++++++++++++++[0m| 
layer-sha256:f69f10a900dbee5e29001282c43abef608a5528e1c64d1e29a48bb1da441fe6e:    downloading    |[32m+++++++++[0m-----------------------------| 394.0 Mi/1.5 GiB 
layer-sha256:9f45c515d089d32a0760f312e9f5ce2f981ddcebae6136c141414e8e53081413:    downloading    |[32m++++++[0m--------------------------------| 375.0 Mi/2.0 GiB 
layer-sha256:ae5ac74cdbd9a821bf37a75fd5dd70c83d17c173c1d4de3ac17e58e43198f988:    downloading    |[32m++++++[0m--------------------------------| 361.0 Mi/2.0 GiB 
layer-sha256:ae19d20d2fa6efc21aec50f6587d04a4c9ec9f4b43b5879baf4de03fa219c523:    downloading    |[32m+++++++[0m-------------------------------| 398.0 Mi/2.0 GiB 
elapsed: 2.8 s                                                                    total:  2.9 Gi (1.1 GiB/s)                                       
172.31.67.78:5000/model-ballast:B-14g:                                            resolved       |[32m++++++++++++++++++++++++++++++++++++++[0m| 
index-sha256:c39e2205f87b997d16ca3c252f0a9b6a707dd0bdbe178e3d0eb13f9633d84cc2:    done           |[32m++++++++++++++++++++++++++++++++++++++[0m| 
manifest-sha256:d57ca3414327bce6dabd46ea9ab71afc31aab5bff26208abe8589742c7c184d1: done           |[32m++++++++++++++++++++++++++++++++++++++[0m| 
manifest-sha256:0bf2f4ab1dec7aec500c0ddce00938c939819314daef83c5149e1acb7daf02ad: done           |[32m++++++++++++++++++++++++++++++++++++++[0m| 
layer-sha256:034d6572bf287fa79604fee9be062f0683809ae3a3685bc7b0e17bd1c48c50e8:    exists         |[32m++++++++++++++++++++++++++++++++++++++[0m| 
config-sha256:289bbe53944238bc5ba75ce18f6f7da47babdff9fd29aa9e989ec16d3680d022:   done           |[32m++++++++++++++++++++++++++++++++++++++[0m| 
layer-sha256:50f8c1b424f1f26e8e279fcfb5e3af1d2e8a7c1494f08744bb4bcbdab285f3d4:    downloading    |[32m+++++++[0m-------------------------------| 390.0 Mi/2.0 GiB 
layer-sha256:dd482d345ef78a72e54dc96c818ad2ec5d6c318e392e07029816546a3089ee77:    downloading    |[32m+++++++++[0m-----------------------------| 388.0 Mi/1.5 GiB 
layer-sha256:7b9be9eb4297c96c698f5bcdc5a885e322fe6817fc511afc7b09799cfa9d6886:    downloading    |[32m++++++++[0m------------------------------| 349.0 Mi/1.5 GiB 
layer-sha256:4738c92e4322db8a8bd534eab5bb762acc4a19df4bb96dbb3f5ef3ef77963f0f:    downloading    |[32m++++++++++[0m----------------------------| 423.0 Mi/1.5 GiB 
layer-sha256:dfc90b51dbfaca11daa5562dadaef30c0d48125494e5211a8bf63f4da84e3945:    done           |[32m++++++++++++++++++++++++++++++++++++++[0m| 
layer-sha256:f69f10a900dbee5e29001282c43abef608a5528e1c64d1e29a48bb1da441fe6e:    downloading    |[32m++++++++++[0m----------------------------| 409.0 Mi/1.5 GiB 
layer-sha256:9f45c515d089d32a0760f312e9f5ce2f981ddcebae6136c141414e8e53081413:    downloading    |[32m+++++++[0m-------------------------------| 389.0 Mi/2.0 GiB 
layer-sha256:ae5ac74cdbd9a821bf37a75fd5dd70c83d17c173c1d4de3ac17e58e43198f988:    downloading    |[32m++++++[0m--------------------------------| 373.0 Mi/2.0 GiB 
layer-sha256:ae19d20d2fa6efc21aec50f6587d04a4c9ec9f4b43b5879baf4de03fa219c523:    downloading    |[32m+++++++[0m-------------------------------| 411.0 Mi/2.0 GiB 
elapsed: 2.9 s                                                                    total:  3.1 Gi (1.1 GiB/s)                                       
172.31.67.78:5000/model-ballast:B-14g:                                            resolved       |[32m++++++++++++++++++++++++++++++++++++++[0m| 
index-sha256:c39e2205f87b997d16ca3c252f0a9b6a707dd0bdbe178e3d0eb13f9633d84cc2:    done           |[32m++++++++++++++++++++++++++++++++++++++[0m| 
manifest-sha256:d57ca3414327bce6dabd46ea9ab71afc31aab5bff26208abe8589742c7c184d1: done           |[32m++++++++++++++++++++++++++++++++++++++[0m| 
manifest-sha256:0bf2f4ab1dec7aec500c0ddce00938c939819314daef83c5149e1acb7daf02ad: done           |[32m++++++++++++++++++++++++++++++++++++++[0m| 
layer-sha256:034d6572bf287fa79604fee9be062f0683809ae3a3685bc7b0e17bd1c48c50e8:    exists         |[32m++++++++++++++++++++++++++++++++++++++[0m| 
config-sha256:289bbe53944238bc5ba75ce18f6f7da47babdff9fd29aa9e989ec16d3680d022:   done           |[32m++++++++++++++++++++++++++++++++++++++[0m| 
layer-sha256:50f8c1b424f1f26e8e279fcfb5e3af1d2e8a7c1494f08744bb4bcbdab285f3d4:    downloading    |[32m+++++++[0m-------------------------------| 404.0 Mi/2.0 GiB 
layer-sha256:dd482d345ef78a72e54dc96c818ad2ec5d6c318e392e07029816546a3089ee77:    downloading    |[32m+++++++++[0m-----------------------------| 402.0 Mi/1.5 GiB 
layer-sha256:7b9be9eb4297c96c698f5bcdc5a885e322fe6817fc511afc7b09799cfa9d6886:    downloading    |[32m++++++++[0m------------------------------| 363.0 Mi/1.5 GiB 
layer-sha256:4738c92e4322db8a8bd534eab5bb762acc4a19df4bb96dbb3f5ef3ef77963f0f:    downloading    |[32m++++++++++[0m----------------------------| 437.0 Mi/1.5 GiB 
layer-sha256:dfc90b51dbfaca11daa5562dadaef30c0d48125494e5211a8bf63f4da84e3945:    done           |[32m++++++++++++++++++++++++++++++++++++++[0m| 
layer-sha256:f69f10a900dbee5e29001282c43abef608a5528e1c64d1e29a48bb1da441fe6e:    downloading    |[32m++++++++++[0m----------------------------| 423.0 Mi/1.5 GiB 
layer-sha256:9f45c515d089d32a0760f312e9f5ce2f981ddcebae6136c141414e8e53081413:    downloading    |[32m+++++++[0m-------------------------------| 403.0 Mi/2.0 GiB 
layer-sha256:ae5ac74cdbd9a821bf37a75fd5dd70c83d17c173c1d4de3ac17e58e43198f988:    downloading    |[32m+++++++[0m-------------------------------| 386.0 Mi/2.0 GiB 
layer-sha256:ae19d20d2fa6efc21aec50f6587d04a4c9ec9f4b43b5879baf4de03fa219c523:    downloading    |[32m+++++++[0m-------------------------------| 426.0 Mi/2.0 GiB 
elapsed: 3.0 s                                                                    total:  3.2 Gi (1.1 GiB/s)                                       
172.31.67.78:5000/model-ballast:B-14g:                                            resolved       |[32m++++++++++++++++++++++++++++++++++++++[0m| 
index-sha256:c39e2205f87b997d16ca3c252f0a9b6a707dd0bdbe178e3d0eb13f9633d84cc2:    done           |[32m++++++++++++++++++++++++++++++++++++++[0m| 
manifest-sha256:d57ca3414327bce6dabd46ea9ab71afc31aab5bff26208abe8589742c7c184d1: done           |[32m++++++++++++++++++++++++++++++++++++++[0m| 
manifest-sha256:0bf2f4ab1dec7aec500c0ddce00938c939819314daef83c5149e1acb7daf02ad: done           |[32m++++++++++++++++++++++++++++++++++++++[0m| 
layer-sha256:034d6572bf287fa79604fee9be062f0683809ae3a3685bc7b0e17bd1c48c50e8:    exists         |[32m++++++++++++++++++++++++++++++++++++++[0m| 
config-sha256:289bbe53944238bc5ba75ce18f6f7da47babdff9fd29aa9e989ec16d3680d022:   done           |[32m++++++++++++++++++++++++++++++++++++++[0m| 
layer-sha256:50f8c1b424f1f26e8e279fcfb5e3af1d2e8a7c1494f08744bb4bcbdab285f3d4:    downloading    |[32m+++++++[0m-------------------------------| 419.0 Mi/2.0 GiB 
layer-sha256:dd482d345ef78a72e54dc96c818ad2ec5d6c318e392e07029816546a3089ee77:    downloading    |[32m++++++++++[0m----------------------------| 418.0 Mi/1.5 GiB 
layer-sha256:7b9be9eb4297c96c698f5bcdc5a885e322fe6817fc511afc7b09799cfa9d6886:    downloading    |[32m+++++++++[0m-----------------------------| 377.0 Mi/1.5 GiB 
layer-sha256:4738c92e4322db8a8bd534eab5bb762acc4a19df4bb96dbb3f5ef3ef77963f0f:    downloading    |[32m+++++++++++[0m---------------------------| 449.0 Mi/1.5 GiB 
layer-sha256:dfc90b51dbfaca11daa5562dadaef30c0d48125494e5211a8bf63f4da84e3945:    done           |[32m++++++++++++++++++++++++++++++++++++++[0m| 
layer-sha256:f69f10a900dbee5e29001282c43abef608a5528e1c64d1e29a48bb1da441fe6e:    downloading    |[32m++++++++++[0m----------------------------| 437.0 Mi/1.5 GiB 
layer-sha256:9f45c515d089d32a0760f312e9f5ce2f981ddcebae6136c141414e8e53081413:    downloading    |[32m+++++++[0m-------------------------------| 418.0 Mi/2.0 GiB 
layer-sha256:ae5ac74cdbd9a821bf37a75fd5dd70c83d17c173c1d4de3ac17e58e43198f988:    downloading    |[32m+++++++[0m-------------------------------| 399.0 Mi/2.0 GiB 
layer-sha256:ae19d20d2fa6efc21aec50f6587d04a4c9ec9f4b43b5879baf4de03fa219c523:    downloading    |[32m++++++++[0m------------------------------| 441.0 Mi/2.0 GiB 
elapsed: 3.1 s                                                                    total:  3.3 Gi (1.1 GiB/s)                                       
172.31.67.78:5000/model-ballast:B-14g:                                            resolved       |[32m++++++++++++++++++++++++++++++++++++++[0m| 
index-sha256:c39e2205f87b997d16ca3c252f0a9b6a707dd0bdbe178e3d0eb13f9633d84cc2:    done           |[32m++++++++++++++++++++++++++++++++++++++[0m| 
manifest-sha256:d57ca3414327bce6dabd46ea9ab71afc31aab5bff26208abe8589742c7c184d1: done           |[32m++++++++++++++++++++++++++++++++++++++[0m| 
manifest-sha256:0bf2f4ab1dec7aec500c0ddce00938c939819314daef83c5149e1acb7daf02ad: done           |[32m++++++++++++++++++++++++++++++++++++++[0m| 
layer-sha256:034d6572bf287fa79604fee9be062f0683809ae3a3685bc7b0e17bd1c48c50e8:    exists         |[32m++++++++++++++++++++++++++++++++++++++[0m| 
config-sha256:289bbe53944238bc5ba75ce18f6f7da47babdff9fd29aa9e989ec16d3680d022:   done           |[32m++++++++++++++++++++++++++++++++++++++[0m| 
layer-sha256:50f8c1b424f1f26e8e279fcfb5e3af1d2e8a7c1494f08744bb4bcbdab285f3d4:    downloading    |[32m++++++++[0m------------------------------| 432.0 Mi/2.0 GiB 
layer-sha256:dd482d345ef78a72e54dc96c818ad2ec5d6c318e392e07029816546a3089ee77:    downloading    |[32m++++++++++[0m----------------------------| 430.0 Mi/1.5 GiB 
layer-sha256:7b9be9eb4297c96c698f5bcdc5a885e322fe6817fc511afc7b09799cfa9d6886:    downloading    |[32m+++++++++[0m-----------------------------| 390.0 Mi/1.5 GiB 
layer-sha256:4738c92e4322db8a8bd534eab5bb762acc4a19df4bb96dbb3f5ef3ef77963f0f:    downloading    |[32m+++++++++++[0m---------------------------| 463.0 Mi/1.5 GiB 
layer-sha256:dfc90b51dbfaca11daa5562dadaef30c0d48125494e5211a8bf63f4da84e3945:    done           |[32m++++++++++++++++++++++++++++++++++++++[0m| 
layer-sha256:f69f10a900dbee5e29001282c43abef608a5528e1c64d1e29a48bb1da441fe6e:    downloading    |[32m+++++++++++[0m---------------------------| 451.0 Mi/1.5 GiB 
layer-sha256:9f45c515d089d32a0760f312e9f5ce2f981ddcebae6136c141414e8e53081413:    downloading    |[32m+++++++[0m-------------------------------| 431.0 Mi/2.0 GiB 
layer-sha256:ae5ac74cdbd9a821bf37a75fd5dd70c83d17c173c1d4de3ac17e58e43198f988:    downloading    |[32m+++++++[0m-------------------------------| 412.0 Mi/2.0 GiB 
layer-sha256:ae19d20d2fa6efc21aec50f6587d04a4c9ec9f4b43b5879baf4de03fa219c523:    downloading    |[32m++++++++[0m------------------------------| 455.0 Mi/2.0 GiB 
elapsed: 3.2 s                                                                    total:  3.4 Gi (1.1 GiB/s)                                       
172.31.67.78:5000/model-ballast:B-14g:                                            resolved       |[32m++++++++++++++++++++++++++++++++++++++[0m| 
index-sha256:c39e2205f87b997d16ca3c252f0a9b6a707dd0bdbe178e3d0eb13f9633d84cc2:    done           |[32m++++++++++++++++++++++++++++++++++++++[0m| 
manifest-sha256:d57ca3414327bce6dabd46ea9ab71afc31aab5bff26208abe8589742c7c184d1: done           |[32m++++++++++++++++++++++++++++++++++++++[0m| 
manifest-sha256:0bf2f4ab1dec7aec500c0ddce00938c939819314daef83c5149e1acb7daf02ad: done           |[32m++++++++++++++++++++++++++++++++++++++[0m| 
layer-sha256:034d6572bf287fa79604fee9be062f0683809ae3a3685bc7b0e17bd1c48c50e8:    exists         |[32m++++++++++++++++++++++++++++++++++++++[0m| 
config-sha256:289bbe53944238bc5ba75ce18f6f7da47babdff9fd29aa9e989ec16d3680d022:   done           |[32m++++++++++++++++++++++++++++++++++++++[0m| 
layer-sha256:50f8c1b424f1f26e8e279fcfb5e3af1d2e8a7c1494f08744bb4bcbdab285f3d4:    downloading    |[32m++++++++[0m------------------------------| 446.0 Mi/2.0 GiB 
layer-sha256:dd482d345ef78a72e54dc96c818ad2ec5d6c318e392e07029816546a3089ee77:    downloading    |[32m+++++++++++[0m---------------------------| 446.0 Mi/1.5 GiB 
layer-sha256:7b9be9eb4297c96c698f5bcdc5a885e322fe6817fc511afc7b09799cfa9d6886:    downloading    |[32m+++++++++[0m-----------------------------| 401.0 Mi/1.5 GiB 
layer-sha256:4738c92e4322db8a8bd534eab5bb762acc4a19df4bb96dbb3f5ef3ef77963f0f:    downloading    |[32m+++++++++++[0m---------------------------| 477.0 Mi/1.5 GiB 
layer-sha256:dfc90b51dbfaca11daa5562dadaef30c0d48125494e5211a8bf63f4da84e3945:    done           |[32m++++++++++++++++++++++++++++++++++++++[0m| 
layer-sha256:f69f10a900dbee5e29001282c43abef608a5528e1c64d1e29a48bb1da441fe6e:    downloading    |[32m+++++++++++[0m---------------------------| 464.0 Mi/1.5 GiB 
layer-sha256:9f45c515d089d32a0760f312e9f5ce2f981ddcebae6136c141414e8e53081413:    downloading    |[32m++++++++[0m------------------------------| 445.0 Mi/2.0 GiB 
layer-sha256:ae5ac74cdbd9a821bf37a75fd5dd70c83d17c173c1d4de3ac17e58e43198f988:    downloading    |[32m+++++++[0m-------------------------------| 424.0 Mi/2.0 GiB 
layer-sha256:ae19d20d2fa6efc21aec50f6587d04a4c9ec9f4b43b5879baf4de03fa219c523:    downloading    |[32m++++++++[0m------------------------------| 471.0 Mi/2.0 GiB 
elapsed: 3.3 s                                                                    total:  3.5 Gi (1.1 GiB/s)                                       
172.31.67.78:5000/model-ballast:B-14g:                                            resolved       |[32m++++++++++++++++++++++++++++++++++++++[0m| 
index-sha256:c39e2205f87b997d16ca3c252f0a9b6a707dd0bdbe178e3d0eb13f9633d84cc2:    done           |[32m++++++++++++++++++++++++++++++++++++++[0m| 
manifest-sha256:d57ca3414327bce6dabd46ea9ab71afc31aab5bff26208abe8589742c7c184d1: done           |[32m++++++++++++++++++++++++++++++++++++++[0m| 
manifest-sha256:0bf2f4ab1dec7aec500c0ddce00938c939819314daef83c5149e1acb7daf02ad: done           |[32m++++++++++++++++++++++++++++++++++++++[0m| 
layer-sha256:034d6572bf287fa79604fee9be062f0683809ae3a3685bc7b0e17bd1c48c50e8:    exists         |[32m++++++++++++++++++++++++++++++++++++++[0m| 
config-sha256:289bbe53944238bc5ba75ce18f6f7da47babdff9fd29aa9e989ec16d3680d022:   done           |[32m++++++++++++++++++++++++++++++++++++++[0m| 
layer-sha256:50f8c1b424f1f26e8e279fcfb5e3af1d2e8a7c1494f08744bb4bcbdab285f3d4:    downloading    |[32m++++++++[0m------------------------------| 462.0 Mi/2.0 GiB 
layer-sha256:dd482d345ef78a72e54dc96c818ad2ec5d6c318e392e07029816546a3089ee77:    downloading    |[32m+++++++++++[0m---------------------------| 459.0 Mi/1.5 GiB 
layer-sha256:7b9be9eb4297c96c698f5bcdc5a885e322fe6817fc511afc7b09799cfa9d6886:    downloading    |[32m++++++++++[0m----------------------------| 414.0 Mi/1.5 GiB 
layer-sha256:4738c92e4322db8a8bd534eab5bb762acc4a19df4bb96dbb3f5ef3ef77963f0f:    downloading    |[32m++++++++++++[0m--------------------------| 489.0 Mi/1.5 GiB 
layer-sha256:dfc90b51dbfaca11daa5562dadaef30c0d48125494e5211a8bf63f4da84e3945:    done           |[32m++++++++++++++++++++++++++++++++++++++[0m| 
layer-sha256:f69f10a900dbee5e29001282c43abef608a5528e1c64d1e29a48bb1da441fe6e:    downloading    |[32m+++++++++++[0m---------------------------| 478.0 Mi/1.5 GiB 
layer-sha256:9f45c515d089d32a0760f312e9f5ce2f981ddcebae6136c141414e8e53081413:    downloading    |[32m++++++++[0m------------------------------| 459.0 Mi/2.0 GiB 
layer-sha256:ae5ac74cdbd9a821bf37a75fd5dd70c83d17c173c1d4de3ac17e58e43198f988:    downloading    |[32m++++++++[0m------------------------------| 437.0 Mi/2.0 GiB 
layer-sha256:ae19d20d2fa6efc21aec50f6587d04a4c9ec9f4b43b5879baf4de03fa219c523:    downloading    |[32m+++++++++[0m-----------------------------| 487.0 Mi/2.0 GiB 
elapsed: 3.4 s                                                                    total:  3.6 Gi (1.1 GiB/s)                                       
172.31.67.78:5000/model-ballast:B-14g:                                            resolved       |[32m++++++++++++++++++++++++++++++++++++++[0m| 
index-sha256:c39e2205f87b997d16ca3c252f0a9b6a707dd0bdbe178e3d0eb13f9633d84cc2:    done           |[32m++++++++++++++++++++++++++++++++++++++[0m| 
manifest-sha256:d57ca3414327bce6dabd46ea9ab71afc31aab5bff26208abe8589742c7c184d1: done           |[32m++++++++++++++++++++++++++++++++++++++[0m| 
manifest-sha256:0bf2f4ab1dec7aec500c0ddce00938c939819314daef83c5149e1acb7daf02ad: done           |[32m++++++++++++++++++++++++++++++++++++++[0m| 
layer-sha256:034d6572bf287fa79604fee9be062f0683809ae3a3685bc7b0e17bd1c48c50e8:    exists         |[32m++++++++++++++++++++++++++++++++++++++[0m| 
config-sha256:289bbe53944238bc5ba75ce18f6f7da47babdff9fd29aa9e989ec16d3680d022:   done           |[32m++++++++++++++++++++++++++++++++++++++[0m| 
layer-sha256:50f8c1b424f1f26e8e279fcfb5e3af1d2e8a7c1494f08744bb4bcbdab285f3d4:    downloading    |[32m++++++++[0m------------------------------| 474.0 Mi/2.0 GiB 
layer-sha256:dd482d345ef78a72e54dc96c818ad2ec5d6c318e392e07029816546a3089ee77:    downloading    |[32m+++++++++++[0m---------------------------| 471.0 Mi/1.5 GiB 
layer-sha256:7b9be9eb4297c96c698f5bcdc5a885e322fe6817fc511afc7b09799cfa9d6886:    downloading    |[32m++++++++++[0m----------------------------| 426.0 Mi/1.5 GiB 
layer-sha256:4738c92e4322db8a8bd534eab5bb762acc4a19df4bb96dbb3f5ef3ef77963f0f:    downloading    |[32m++++++++++++[0m--------------------------| 504.0 Mi/1.5 GiB 
layer-sha256:dfc90b51dbfaca11daa5562dadaef30c0d48125494e5211a8bf63f4da84e3945:    done           |[32m++++++++++++++++++++++++++++++++++++++[0m| 
layer-sha256:f69f10a900dbee5e29001282c43abef608a5528e1c64d1e29a48bb1da441fe6e:    downloading    |[32m++++++++++++[0m--------------------------| 494.0 Mi/1.5 GiB 
layer-sha256:9f45c515d089d32a0760f312e9f5ce2f981ddcebae6136c141414e8e53081413:    downloading    |[32m++++++++[0m------------------------------| 471.0 Mi/2.0 GiB 
layer-sha256:ae5ac74cdbd9a821bf37a75fd5dd70c83d17c173c1d4de3ac17e58e43198f988:    downloading    |[32m++++++++[0m------------------------------| 451.0 Mi/2.0 GiB 
layer-sha256:ae19d20d2fa6efc21aec50f6587d04a4c9ec9f4b43b5879baf4de03fa219c523:    downloading    |[32m+++++++++[0m-----------------------------| 501.0 Mi/2.0 GiB 
elapsed: 3.5 s                                                                    total:  3.7 Gi (1.1 GiB/s)                                       
172.31.67.78:5000/model-ballast:B-14g:                                            resolved       |[32m++++++++++++++++++++++++++++++++++++++[0m| 
index-sha256:c39e2205f87b997d16ca3c252f0a9b6a707dd0bdbe178e3d0eb13f9633d84cc2:    done           |[32m++++++++++++++++++++++++++++++++++++++[0m| 
manifest-sha256:d57ca3414327bce6dabd46ea9ab71afc31aab5bff26208abe8589742c7c184d1: done           |[32m++++++++++++++++++++++++++++++++++++++[0m| 
manifest-sha256:0bf2f4ab1dec7aec500c0ddce00938c939819314daef83c5149e1acb7daf02ad: done           |[32m++++++++++++++++++++++++++++++++++++++[0m| 
layer-sha256:034d6572bf287fa79604fee9be062f0683809ae3a3685bc7b0e17bd1c48c50e8:    exists         |[32m++++++++++++++++++++++++++++++++++++++[0m| 
config-sha256:289bbe53944238bc5ba75ce18f6f7da47babdff9fd29aa9e989ec16d3680d022:   done           |[32m++++++++++++++++++++++++++++++++++++++[0m| 
layer-sha256:50f8c1b424f1f26e8e279fcfb5e3af1d2e8a7c1494f08744bb4bcbdab285f3d4:    downloading    |[32m+++++++++[0m-----------------------------| 488.0 Mi/2.0 GiB 
layer-sha256:dd482d345ef78a72e54dc96c818ad2ec5d6c318e392e07029816546a3089ee77:    downloading    |[32m++++++++++++[0m--------------------------| 486.0 Mi/1.5 GiB 
layer-sha256:7b9be9eb4297c96c698f5bcdc5a885e322fe6817fc511afc7b09799cfa9d6886:    downloading    |[32m++++++++++[0m----------------------------| 438.0 Mi/1.5 GiB 
layer-sha256:4738c92e4322db8a8bd534eab5bb762acc4a19df4bb96dbb3f5ef3ef77963f0f:    downloading    |[32m++++++++++++[0m--------------------------| 519.0 Mi/1.5 GiB 
layer-sha256:dfc90b51dbfaca11daa5562dadaef30c0d48125494e5211a8bf63f4da84e3945:    done           |[32m++++++++++++++++++++++++++++++++++++++[0m| 
layer-sha256:f69f10a900dbee5e29001282c43abef608a5528e1c64d1e29a48bb1da441fe6e:    downloading    |[32m++++++++++++[0m--------------------------| 508.0 Mi/1.5 GiB 
layer-sha256:9f45c515d089d32a0760f312e9f5ce2f981ddcebae6136c141414e8e53081413:    downloading    |[32m++++++++[0m------------------------------| 484.0 Mi/2.0 GiB 
layer-sha256:ae5ac74cdbd9a821bf37a75fd5dd70c83d17c173c1d4de3ac17e58e43198f988:    downloading    |[32m++++++++[0m------------------------------| 465.0 Mi/2.0 GiB 
layer-sha256:ae19d20d2fa6efc21aec50f6587d04a4c9ec9f4b43b5879baf4de03fa219c523:    downloading    |[32m+++++++++[0m-----------------------------| 515.0 Mi/2.0 GiB 
elapsed: 3.6 s                                                                    total:  3.8 Gi (1.1 GiB/s)                                       
172.31.67.78:5000/model-ballast:B-14g:                                            resolved       |[32m++++++++++++++++++++++++++++++++++++++[0m| 
index-sha256:c39e2205f87b997d16ca3c252f0a9b6a707dd0bdbe178e3d0eb13f9633d84cc2:    done           |[32m++++++++++++++++++++++++++++++++++++++[0m| 
manifest-sha256:d57ca3414327bce6dabd46ea9ab71afc31aab5bff26208abe8589742c7c184d1: done           |[32m++++++++++++++++++++++++++++++++++++++[0m| 
manifest-sha256:0bf2f4ab1dec7aec500c0ddce00938c939819314daef83c5149e1acb7daf02ad: done           |[32m++++++++++++++++++++++++++++++++++++++[0m| 
layer-sha256:034d6572bf287fa79604fee9be062f0683809ae3a3685bc7b0e17bd1c48c50e8:    exists         |[32m++++++++++++++++++++++++++++++++++++++[0m| 
config-sha256:289bbe53944238bc5ba75ce18f6f7da47babdff9fd29aa9e989ec16d3680d022:   done           |[32m++++++++++++++++++++++++++++++++++++++[0m| 
layer-sha256:50f8c1b424f1f26e8e279fcfb5e3af1d2e8a7c1494f08744bb4bcbdab285f3d4:    downloading    |[32m+++++++++[0m-----------------------------| 500.0 Mi/2.0 GiB 
layer-sha256:dd482d345ef78a72e54dc96c818ad2ec5d6c318e392e07029816546a3089ee77:    downloading    |[32m++++++++++++[0m--------------------------| 499.0 Mi/1.5 GiB 
layer-sha256:7b9be9eb4297c96c698f5bcdc5a885e322fe6817fc511afc7b09799cfa9d6886:    downloading    |[32m+++++++++++[0m---------------------------| 449.0 Mi/1.5 GiB 
layer-sha256:4738c92e4322db8a8bd534eab5bb762acc4a19df4bb96dbb3f5ef3ef77963f0f:    downloading    |[32m+++++++++++++[0m-------------------------| 533.0 Mi/1.5 GiB 
layer-sha256:dfc90b51dbfaca11daa5562dadaef30c0d48125494e5211a8bf63f4da84e3945:    done           |[32m++++++++++++++++++++++++++++++++++++++[0m| 
layer-sha256:f69f10a900dbee5e29001282c43abef608a5528e1c64d1e29a48bb1da441fe6e:    downloading    |[32m++++++++++++[0m--------------------------| 523.0 Mi/1.5 GiB 
layer-sha256:9f45c515d089d32a0760f312e9f5ce2f981ddcebae6136c141414e8e53081413:    downloading    |[32m+++++++++[0m-----------------------------| 496.0 Mi/2.0 GiB 
layer-sha256:ae5ac74cdbd9a821bf37a75fd5dd70c83d17c173c1d4de3ac17e58e43198f988:    downloading    |[32m++++++++[0m------------------------------| 478.0 Mi/2.0 GiB 
layer-sha256:ae19d20d2fa6efc21aec50f6587d04a4c9ec9f4b43b5879baf4de03fa219c523:    downloading    |[32m+++++++++[0m-----------------------------| 529.0 Mi/2.0 GiB 
elapsed: 3.7 s                                                                    total:  3.9 Gi (1.1 GiB/s)                                       
172.31.67.78:5000/model-ballast:B-14g:                                            resolved       |[32m++++++++++++++++++++++++++++++++++++++[0m| 
index-sha256:c39e2205f87b997d16ca3c252f0a9b6a707dd0bdbe178e3d0eb13f9633d84cc2:    done           |[32m++++++++++++++++++++++++++++++++++++++[0m| 
manifest-sha256:d57ca3414327bce6dabd46ea9ab71afc31aab5bff26208abe8589742c7c184d1: done           |[32m++++++++++++++++++++++++++++++++++++++[0m| 
manifest-sha256:0bf2f4ab1dec7aec500c0ddce00938c939819314daef83c5149e1acb7daf02ad: done           |[32m++++++++++++++++++++++++++++++++++++++[0m| 
layer-sha256:034d6572bf287fa79604fee9be062f0683809ae3a3685bc7b0e17bd1c48c50e8:    exists         |[32m++++++++++++++++++++++++++++++++++++++[0m| 
config-sha256:289bbe53944238bc5ba75ce18f6f7da47babdff9fd29aa9e989ec16d3680d022:   done           |[32m++++++++++++++++++++++++++++++++++++++[0m| 
layer-sha256:50f8c1b424f1f26e8e279fcfb5e3af1d2e8a7c1494f08744bb4bcbdab285f3d4:    downloading    |[32m+++++++++[0m-----------------------------| 512.0 Mi/2.0 GiB 
layer-sha256:dd482d345ef78a72e54dc96c818ad2ec5d6c318e392e07029816546a3089ee77:    downloading    |[32m++++++++++++[0m--------------------------| 513.0 Mi/1.5 GiB 
layer-sha256:7b9be9eb4297c96c698f5bcdc5a885e322fe6817fc511afc7b09799cfa9d6886:    downloading    |[32m+++++++++++[0m---------------------------| 461.0 Mi/1.5 GiB 
layer-sha256:4738c92e4322db8a8bd534eab5bb762acc4a19df4bb96dbb3f5ef3ef77963f0f:    downloading    |[32m+++++++++++++[0m-------------------------| 545.0 Mi/1.5 GiB 
layer-sha256:dfc90b51dbfaca11daa5562dadaef30c0d48125494e5211a8bf63f4da84e3945:    done           |[32m++++++++++++++++++++++++++++++++++++++[0m| 
layer-sha256:f69f10a900dbee5e29001282c43abef608a5528e1c64d1e29a48bb1da441fe6e:    downloading    |[32m+++++++++++++[0m-------------------------| 535.0 Mi/1.5 GiB 
layer-sha256:9f45c515d089d32a0760f312e9f5ce2f981ddcebae6136c141414e8e53081413:    downloading    |[32m+++++++++[0m-----------------------------| 507.0 Mi/2.0 GiB 
layer-sha256:ae5ac74cdbd9a821bf37a75fd5dd70c83d17c173c1d4de3ac17e58e43198f988:    downloading    |[32m+++++++++[0m-----------------------------| 491.0 Mi/2.0 GiB 
layer-sha256:ae19d20d2fa6efc21aec50f6587d04a4c9ec9f4b43b5879baf4de03fa219c523:    downloading    |[32m++++++++++[0m----------------------------| 541.0 Mi/2.0 GiB 
elapsed: 3.8 s                                                                    total:  4.0 Gi (1.1 GiB/s)                                       
172.31.67.78:5000/model-ballast:B-14g:                                            resolved       |[32m++++++++++++++++++++++++++++++++++++++[0m| 
index-sha256:c39e2205f87b997d16ca3c252f0a9b6a707dd0bdbe178e3d0eb13f9633d84cc2:    done           |[32m++++++++++++++++++++++++++++++++++++++[0m| 
manifest-sha256:d57ca3414327bce6dabd46ea9ab71afc31aab5bff26208abe8589742c7c184d1: done           |[32m++++++++++++++++++++++++++++++++++++++[0m| 
manifest-sha256:0bf2f4ab1dec7aec500c0ddce00938c939819314daef83c5149e1acb7daf02ad: done           |[32m++++++++++++++++++++++++++++++++++++++[0m| 
layer-sha256:034d6572bf287fa79604fee9be062f0683809ae3a3685bc7b0e17bd1c48c50e8:    exists         |[32m++++++++++++++++++++++++++++++++++++++[0m| 
config-sha256:289bbe53944238bc5ba75ce18f6f7da47babdff9fd29aa9e989ec16d3680d022:   done           |[32m++++++++++++++++++++++++++++++++++++++[0m| 
layer-sha256:50f8c1b424f1f26e8e279fcfb5e3af1d2e8a7c1494f08744bb4bcbdab285f3d4:    downloading    |[32m+++++++++[0m-----------------------------| 525.0 Mi/2.0 GiB 
layer-sha256:dd482d345ef78a72e54dc96c818ad2ec5d6c318e392e07029816546a3089ee77:    downloading    |[32m+++++++++++++[0m-------------------------| 526.0 Mi/1.5 GiB 
layer-sha256:7b9be9eb4297c96c698f5bcdc5a885e322fe6817fc511afc7b09799cfa9d6886:    downloading    |[32m+++++++++++[0m---------------------------| 473.0 Mi/1.5 GiB 
layer-sha256:4738c92e4322db8a8bd534eab5bb762acc4a19df4bb96dbb3f5ef3ef77963f0f:    downloading    |[32m+++++++++++++[0m-------------------------| 558.0 Mi/1.5 GiB 
layer-sha256:dfc90b51dbfaca11daa5562dadaef30c0d48125494e5211a8bf63f4da84e3945:    done           |[32m++++++++++++++++++++++++++++++++++++++[0m| 
layer-sha256:f69f10a900dbee5e29001282c43abef608a5528e1c64d1e29a48bb1da441fe6e:    downloading    |[32m+++++++++++++[0m-------------------------| 550.0 Mi/1.5 GiB 
layer-sha256:9f45c515d089d32a0760f312e9f5ce2f981ddcebae6136c141414e8e53081413:    downloading    |[32m+++++++++[0m-----------------------------| 520.0 Mi/2.0 GiB 
layer-sha256:ae5ac74cdbd9a821bf37a75fd5dd70c83d17c173c1d4de3ac17e58e43198f988:    downloading    |[32m+++++++++[0m-----------------------------| 504.0 Mi/2.0 GiB 
layer-sha256:ae19d20d2fa6efc21aec50f6587d04a4c9ec9f4b43b5879baf4de03fa219c523:    downloading    |[32m++++++++++[0m----------------------------| 555.0 Mi/2.0 GiB 
elapsed: 3.9 s                                                                    total:  4.1 Gi (1.1 GiB/s)                                       
172.31.67.78:5000/model-ballast:B-14g:                                            resolved       |[32m++++++++++++++++++++++++++++++++++++++[0m| 
index-sha256:c39e2205f87b997d16ca3c252f0a9b6a707dd0bdbe178e3d0eb13f9633d84cc2:    done           |[32m++++++++++++++++++++++++++++++++++++++[0m| 
manifest-sha256:d57ca3414327bce6dabd46ea9ab71afc31aab5bff26208abe8589742c7c184d1: done           |[32m++++++++++++++++++++++++++++++++++++++[0m| 
manifest-sha256:0bf2f4ab1dec7aec500c0ddce00938c939819314daef83c5149e1acb7daf02ad: done           |[32m++++++++++++++++++++++++++++++++++++++[0m| 
layer-sha256:034d6572bf287fa79604fee9be062f0683809ae3a3685bc7b0e17bd1c48c50e8:    exists         |[32m++++++++++++++++++++++++++++++++++++++[0m| 
config-sha256:289bbe53944238bc5ba75ce18f6f7da47babdff9fd29aa9e989ec16d3680d022:   done           |[32m++++++++++++++++++++++++++++++++++++++[0m| 
layer-sha256:50f8c1b424f1f26e8e279fcfb5e3af1d2e8a7c1494f08744bb4bcbdab285f3d4:    downloading    |[32m+++++++++[0m-----------------------------| 539.0 Mi/2.0 GiB 
layer-sha256:dd482d345ef78a72e54dc96c818ad2ec5d6c318e392e07029816546a3089ee77:    downloading    |[32m+++++++++++++[0m-------------------------| 539.0 Mi/1.5 GiB 
layer-sha256:7b9be9eb4297c96c698f5bcdc5a885e322fe6817fc511afc7b09799cfa9d6886:    downloading    |[32m+++++++++++[0m---------------------------| 485.0 Mi/1.5 GiB 
layer-sha256:4738c92e4322db8a8bd534eab5bb762acc4a19df4bb96dbb3f5ef3ef77963f0f:    downloading    |[32m++++++++++++++[0m------------------------| 572.0 Mi/1.5 GiB 
layer-sha256:dfc90b51dbfaca11daa5562dadaef30c0d48125494e5211a8bf63f4da84e3945:    done           |[32m++++++++++++++++++++++++++++++++++++++[0m| 
layer-sha256:f69f10a900dbee5e29001282c43abef608a5528e1c64d1e29a48bb1da441fe6e:    downloading    |[32m+++++++++++++[0m-------------------------| 563.0 Mi/1.5 GiB 
layer-sha256:9f45c515d089d32a0760f312e9f5ce2f981ddcebae6136c141414e8e53081413:    downloading    |[32m+++++++++[0m-----------------------------| 533.0 Mi/2.0 GiB 
layer-sha256:ae5ac74cdbd9a821bf37a75fd5dd70c83d17c173c1d4de3ac17e58e43198f988:    downloading    |[32m+++++++++[0m-----------------------------| 517.0 Mi/2.0 GiB 
layer-sha256:ae19d20d2fa6efc21aec50f6587d04a4c9ec9f4b43b5879baf4de03fa219c523:    downloading    |[32m++++++++++[0m----------------------------| 569.0 Mi/2.0 GiB 
elapsed: 4.0 s                                                                    total:  4.2 Gi (1.1 GiB/s)                                       
172.31.67.78:5000/model-ballast:B-14g:                                            resolved       |[32m++++++++++++++++++++++++++++++++++++++[0m| 
index-sha256:c39e2205f87b997d16ca3c252f0a9b6a707dd0bdbe178e3d0eb13f9633d84cc2:    done           |[32m++++++++++++++++++++++++++++++++++++++[0m| 
manifest-sha256:d57ca3414327bce6dabd46ea9ab71afc31aab5bff26208abe8589742c7c184d1: done           |[32m++++++++++++++++++++++++++++++++++++++[0m| 
manifest-sha256:0bf2f4ab1dec7aec500c0ddce00938c939819314daef83c5149e1acb7daf02ad: done           |[32m++++++++++++++++++++++++++++++++++++++[0m| 
layer-sha256:034d6572bf287fa79604fee9be062f0683809ae3a3685bc7b0e17bd1c48c50e8:    exists         |[32m++++++++++++++++++++++++++++++++++++++[0m| 
config-sha256:289bbe53944238bc5ba75ce18f6f7da47babdff9fd29aa9e989ec16d3680d022:   done           |[32m++++++++++++++++++++++++++++++++++++++[0m| 
layer-sha256:50f8c1b424f1f26e8e279fcfb5e3af1d2e8a7c1494f08744bb4bcbdab285f3d4:    downloading    |[32m++++++++++[0m----------------------------| 554.0 Mi/2.0 GiB 
layer-sha256:dd482d345ef78a72e54dc96c818ad2ec5d6c318e392e07029816546a3089ee77:    downloading    |[32m+++++++++++++[0m-------------------------| 552.0 Mi/1.5 GiB 
layer-sha256:7b9be9eb4297c96c698f5bcdc5a885e322fe6817fc511afc7b09799cfa9d6886:    downloading    |[32m++++++++++++[0m--------------------------| 497.0 Mi/1.5 GiB 
layer-sha256:4738c92e4322db8a8bd534eab5bb762acc4a19df4bb96dbb3f5ef3ef77963f0f:    downloading    |[32m++++++++++++++[0m------------------------| 586.0 Mi/1.5 GiB 
layer-sha256:dfc90b51dbfaca11daa5562dadaef30c0d48125494e5211a8bf63f4da84e3945:    done           |[32m++++++++++++++++++++++++++++++++++++++[0m| 
layer-sha256:f69f10a900dbee5e29001282c43abef608a5528e1c64d1e29a48bb1da441fe6e:    downloading    |[32m++++++++++++++[0m------------------------| 578.0 Mi/1.5 GiB 
layer-sha256:9f45c515d089d32a0760f312e9f5ce2f981ddcebae6136c141414e8e53081413:    downloading    |[32m++++++++++[0m----------------------------| 545.0 Mi/2.0 GiB 
layer-sha256:ae5ac74cdbd9a821bf37a75fd5dd70c83d17c173c1d4de3ac17e58e43198f988:    downloading    |[32m+++++++++[0m-----------------------------| 531.0 Mi/2.0 GiB 
layer-sha256:ae19d20d2fa6efc21aec50f6587d04a4c9ec9f4b43b5879baf4de03fa219c523:    downloading    |[32m++++++++++[0m----------------------------| 583.0 Mi/2.0 GiB 
elapsed: 4.1 s                                                                    total:  4.3 Gi (1.1 GiB/s)                                       
172.31.67.78:5000/model-ballast:B-14g:                                            resolved       |[32m++++++++++++++++++++++++++++++++++++++[0m| 
index-sha256:c39e2205f87b997d16ca3c252f0a9b6a707dd0bdbe178e3d0eb13f9633d84cc2:    done           |[32m++++++++++++++++++++++++++++++++++++++[0m| 
manifest-sha256:d57ca3414327bce6dabd46ea9ab71afc31aab5bff26208abe8589742c7c184d1: done           |[32m++++++++++++++++++++++++++++++++++++++[0m| 
manifest-sha256:0bf2f4ab1dec7aec500c0ddce00938c939819314daef83c5149e1acb7daf02ad: done           |[32m++++++++++++++++++++++++++++++++++++++[0m| 
layer-sha256:034d6572bf287fa79604fee9be062f0683809ae3a3685bc7b0e17bd1c48c50e8:    exists         |[32m++++++++++++++++++++++++++++++++++++++[0m| 
config-sha256:289bbe53944238bc5ba75ce18f6f7da47babdff9fd29aa9e989ec16d3680d022:   done           |[32m++++++++++++++++++++++++++++++++++++++[0m| 
layer-sha256:50f8c1b424f1f26e8e279fcfb5e3af1d2e8a7c1494f08744bb4bcbdab285f3d4:    downloading    |[32m++++++++++[0m----------------------------| 569.0 Mi/2.0 GiB 
layer-sha256:dd482d345ef78a72e54dc96c818ad2ec5d6c318e392e07029816546a3089ee77:    downloading    |[32m+++++++++++++[0m-------------------------| 565.0 Mi/1.5 GiB 
layer-sha256:7b9be9eb4297c96c698f5bcdc5a885e322fe6817fc511afc7b09799cfa9d6886:    downloading    |[32m++++++++++++[0m--------------------------| 510.0 Mi/1.5 GiB 
layer-sha256:4738c92e4322db8a8bd534eab5bb762acc4a19df4bb96dbb3f5ef3ef77963f0f:    downloading    |[32m++++++++++++++[0m------------------------| 599.0 Mi/1.5 GiB 
layer-sha256:dfc90b51dbfaca11daa5562dadaef30c0d48125494e5211a8bf63f4da84e3945:    done           |[32m++++++++++++++++++++++++++++++++++++++[0m| 
layer-sha256:f69f10a900dbee5e29001282c43abef608a5528e1c64d1e29a48bb1da441fe6e:    downloading    |[32m++++++++++++++[0m------------------------| 593.0 Mi/1.5 GiB 
layer-sha256:9f45c515d089d32a0760f312e9f5ce2f981ddcebae6136c141414e8e53081413:    downloading    |[32m++++++++++[0m----------------------------| 556.0 Mi/2.0 GiB 
layer-sha256:ae5ac74cdbd9a821bf37a75fd5dd70c83d17c173c1d4de3ac17e58e43198f988:    downloading    |[32m++++++++++[0m----------------------------| 545.0 Mi/2.0 GiB 
layer-sha256:ae19d20d2fa6efc21aec50f6587d04a4c9ec9f4b43b5879baf4de03fa219c523:    downloading    |[32m+++++++++++[0m---------------------------| 595.0 Mi/2.0 GiB 
elapsed: 4.2 s                                                                    total:  4.4 Gi (1.1 GiB/s)                                       
172.31.67.78:5000/model-ballast:B-14g:                                            resolved       |[32m++++++++++++++++++++++++++++++++++++++[0m| 
index-sha256:c39e2205f87b997d16ca3c252f0a9b6a707dd0bdbe178e3d0eb13f9633d84cc2:    done           |[32m++++++++++++++++++++++++++++++++++++++[0m| 
manifest-sha256:d57ca3414327bce6dabd46ea9ab71afc31aab5bff26208abe8589742c7c184d1: done           |[32m++++++++++++++++++++++++++++++++++++++[0m| 
manifest-sha256:0bf2f4ab1dec7aec500c0ddce00938c939819314daef83c5149e1acb7daf02ad: done           |[32m++++++++++++++++++++++++++++++++++++++[0m| 
layer-sha256:034d6572bf287fa79604fee9be062f0683809ae3a3685bc7b0e17bd1c48c50e8:    exists         |[32m++++++++++++++++++++++++++++++++++++++[0m| 
config-sha256:289bbe53944238bc5ba75ce18f6f7da47babdff9fd29aa9e989ec16d3680d022:   done           |[32m++++++++++++++++++++++++++++++++++++++[0m| 
layer-sha256:50f8c1b424f1f26e8e279fcfb5e3af1d2e8a7c1494f08744bb4bcbdab285f3d4:    downloading    |[32m++++++++++[0m----------------------------| 583.0 Mi/2.0 GiB 
layer-sha256:dd482d345ef78a72e54dc96c818ad2ec5d6c318e392e07029816546a3089ee77:    downloading    |[32m++++++++++++++[0m------------------------| 579.0 Mi/1.5 GiB 
layer-sha256:7b9be9eb4297c96c698f5bcdc5a885e322fe6817fc511afc7b09799cfa9d6886:    downloading    |[32m++++++++++++[0m--------------------------| 523.0 Mi/1.5 GiB 
layer-sha256:4738c92e4322db8a8bd534eab5bb762acc4a19df4bb96dbb3f5ef3ef77963f0f:    downloading    |[32m+++++++++++++++[0m-----------------------| 612.0 Mi/1.5 GiB 
layer-sha256:dfc90b51dbfaca11daa5562dadaef30c0d48125494e5211a8bf63f4da84e3945:    done           |[32m++++++++++++++++++++++++++++++++++++++[0m| 
layer-sha256:f69f10a900dbee5e29001282c43abef608a5528e1c64d1e29a48bb1da441fe6e:    downloading    |[32m+++++++++++++++[0m-----------------------| 607.0 Mi/1.5 GiB 
layer-sha256:9f45c515d089d32a0760f312e9f5ce2f981ddcebae6136c141414e8e53081413:    downloading    |[32m++++++++++[0m----------------------------| 567.0 Mi/2.0 GiB 
layer-sha256:ae5ac74cdbd9a821bf37a75fd5dd70c83d17c173c1d4de3ac17e58e43198f988:    downloading    |[32m++++++++++[0m----------------------------| 558.0 Mi/2.0 GiB 
layer-sha256:ae19d20d2fa6efc21aec50f6587d04a4c9ec9f4b43b5879baf4de03fa219c523:    downloading    |[32m+++++++++++[0m---------------------------| 608.0 Mi/2.0 GiB 
elapsed: 4.3 s                                                                    total:  4.5 Gi (1.1 GiB/s)                                       
172.31.67.78:5000/model-ballast:B-14g:                                            resolved       |[32m++++++++++++++++++++++++++++++++++++++[0m| 
index-sha256:c39e2205f87b997d16ca3c252f0a9b6a707dd0bdbe178e3d0eb13f9633d84cc2:    done           |[32m++++++++++++++++++++++++++++++++++++++[0m| 
manifest-sha256:d57ca3414327bce6dabd46ea9ab71afc31aab5bff26208abe8589742c7c184d1: done           |[32m++++++++++++++++++++++++++++++++++++++[0m| 
manifest-sha256:0bf2f4ab1dec7aec500c0ddce00938c939819314daef83c5149e1acb7daf02ad: done           |[32m++++++++++++++++++++++++++++++++++++++[0m| 
layer-sha256:034d6572bf287fa79604fee9be062f0683809ae3a3685bc7b0e17bd1c48c50e8:    exists         |[32m++++++++++++++++++++++++++++++++++++++[0m| 
config-sha256:289bbe53944238bc5ba75ce18f6f7da47babdff9fd29aa9e989ec16d3680d022:   done           |[32m++++++++++++++++++++++++++++++++++++++[0m| 
layer-sha256:50f8c1b424f1f26e8e279fcfb5e3af1d2e8a7c1494f08744bb4bcbdab285f3d4:    downloading    |[32m+++++++++++[0m---------------------------| 598.0 Mi/2.0 GiB 
layer-sha256:dd482d345ef78a72e54dc96c818ad2ec5d6c318e392e07029816546a3089ee77:    downloading    |[32m++++++++++++++[0m------------------------| 594.0 Mi/1.5 GiB 
layer-sha256:7b9be9eb4297c96c698f5bcdc5a885e322fe6817fc511afc7b09799cfa9d6886:    downloading    |[32m+++++++++++++[0m-------------------------| 535.0 Mi/1.5 GiB 
layer-sha256:4738c92e4322db8a8bd534eab5bb762acc4a19df4bb96dbb3f5ef3ef77963f0f:    downloading    |[32m+++++++++++++++[0m-----------------------| 624.0 Mi/1.5 GiB 
layer-sha256:dfc90b51dbfaca11daa5562dadaef30c0d48125494e5211a8bf63f4da84e3945:    done           |[32m++++++++++++++++++++++++++++++++++++++[0m| 
layer-sha256:f69f10a900dbee5e29001282c43abef608a5528e1c64d1e29a48bb1da441fe6e:    downloading    |[32m+++++++++++++++[0m-----------------------| 621.0 Mi/1.5 GiB 
layer-sha256:9f45c515d089d32a0760f312e9f5ce2f981ddcebae6136c141414e8e53081413:    downloading    |[32m++++++++++[0m----------------------------| 579.0 Mi/2.0 GiB 
layer-sha256:ae5ac74cdbd9a821bf37a75fd5dd70c83d17c173c1d4de3ac17e58e43198f988:    downloading    |[32m++++++++++[0m----------------------------| 572.0 Mi/2.0 GiB 
layer-sha256:ae19d20d2fa6efc21aec50f6587d04a4c9ec9f4b43b5879baf4de03fa219c523:    downloading    |[32m+++++++++++[0m---------------------------| 622.0 Mi/2.0 GiB 
elapsed: 4.4 s                                                                    total:  4.6 Gi (1.1 GiB/s)                                       
172.31.67.78:5000/model-ballast:B-14g:                                            resolved       |[32m++++++++++++++++++++++++++++++++++++++[0m| 
index-sha256:c39e2205f87b997d16ca3c252f0a9b6a707dd0bdbe178e3d0eb13f9633d84cc2:    done           |[32m++++++++++++++++++++++++++++++++++++++[0m| 
manifest-sha256:d57ca3414327bce6dabd46ea9ab71afc31aab5bff26208abe8589742c7c184d1: done           |[32m++++++++++++++++++++++++++++++++++++++[0m| 
manifest-sha256:0bf2f4ab1dec7aec500c0ddce00938c939819314daef83c5149e1acb7daf02ad: done           |[32m++++++++++++++++++++++++++++++++++++++[0m| 
layer-sha256:034d6572bf287fa79604fee9be062f0683809ae3a3685bc7b0e17bd1c48c50e8:    exists         |[32m++++++++++++++++++++++++++++++++++++++[0m| 
config-sha256:289bbe53944238bc5ba75ce18f6f7da47babdff9fd29aa9e989ec16d3680d022:   done           |[32m++++++++++++++++++++++++++++++++++++++[0m| 
layer-sha256:50f8c1b424f1f26e8e279fcfb5e3af1d2e8a7c1494f08744bb4bcbdab285f3d4:    downloading    |[32m+++++++++++[0m---------------------------| 611.0 Mi/2.0 GiB 
layer-sha256:dd482d345ef78a72e54dc96c818ad2ec5d6c318e392e07029816546a3089ee77:    downloading    |[32m+++++++++++++++[0m-----------------------| 608.0 Mi/1.5 GiB 
layer-sha256:7b9be9eb4297c96c698f5bcdc5a885e322fe6817fc511afc7b09799cfa9d6886:    downloading    |[32m+++++++++++++[0m-------------------------| 548.0 Mi/1.5 GiB 
layer-sha256:4738c92e4322db8a8bd534eab5bb762acc4a19df4bb96dbb3f5ef3ef77963f0f:    downloading    |[32m+++++++++++++++[0m-----------------------| 638.0 Mi/1.5 GiB 
layer-sha256:dfc90b51dbfaca11daa5562dadaef30c0d48125494e5211a8bf63f4da84e3945:    done           |[32m++++++++++++++++++++++++++++++++++++++[0m| 
layer-sha256:f69f10a900dbee5e29001282c43abef608a5528e1c64d1e29a48bb1da441fe6e:    downloading    |[32m+++++++++++++++[0m-----------------------| 636.0 Mi/1.5 GiB 
layer-sha256:9f45c515d089d32a0760f312e9f5ce2f981ddcebae6136c141414e8e53081413:    downloading    |[32m++++++++++[0m----------------------------| 591.0 Mi/2.0 GiB 
layer-sha256:ae5ac74cdbd9a821bf37a75fd5dd70c83d17c173c1d4de3ac17e58e43198f988:    downloading    |[32m++++++++++[0m----------------------------| 584.0 Mi/2.0 GiB 
layer-sha256:ae19d20d2fa6efc21aec50f6587d04a4c9ec9f4b43b5879baf4de03fa219c523:    downloading    |[32m+++++++++++[0m---------------------------| 635.0 Mi/2.0 GiB 
elapsed: 4.5 s                                                                    total:  4.7 Gi (1.1 GiB/s)                                       
172.31.67.78:5000/model-ballast:B-14g:                                            resolved       |[32m++++++++++++++++++++++++++++++++++++++[0m| 
index-sha256:c39e2205f87b997d16ca3c252f0a9b6a707dd0bdbe178e3d0eb13f9633d84cc2:    done           |[32m++++++++++++++++++++++++++++++++++++++[0m| 
manifest-sha256:d57ca3414327bce6dabd46ea9ab71afc31aab5bff26208abe8589742c7c184d1: done           |[32m++++++++++++++++++++++++++++++++++++++[0m| 
manifest-sha256:0bf2f4ab1dec7aec500c0ddce00938c939819314daef83c5149e1acb7daf02ad: done           |[32m++++++++++++++++++++++++++++++++++++++[0m| 
layer-sha256:034d6572bf287fa79604fee9be062f0683809ae3a3685bc7b0e17bd1c48c50e8:    exists         |[32m++++++++++++++++++++++++++++++++++++++[0m| 
config-sha256:289bbe53944238bc5ba75ce18f6f7da47babdff9fd29aa9e989ec16d3680d022:   done           |[32m++++++++++++++++++++++++++++++++++++++[0m| 
layer-sha256:50f8c1b424f1f26e8e279fcfb5e3af1d2e8a7c1494f08744bb4bcbdab285f3d4:    downloading    |[32m+++++++++++[0m---------------------------| 624.0 Mi/2.0 GiB 
layer-sha256:dd482d345ef78a72e54dc96c818ad2ec5d6c318e392e07029816546a3089ee77:    downloading    |[32m+++++++++++++++[0m-----------------------| 620.0 Mi/1.5 GiB 
layer-sha256:7b9be9eb4297c96c698f5bcdc5a885e322fe6817fc511afc7b09799cfa9d6886:    downloading    |[32m+++++++++++++[0m-------------------------| 558.0 Mi/1.5 GiB 
layer-sha256:4738c92e4322db8a8bd534eab5bb762acc4a19df4bb96dbb3f5ef3ef77963f0f:    downloading    |[32m++++++++++++++++[0m----------------------| 649.0 Mi/1.5 GiB 
layer-sha256:dfc90b51dbfaca11daa5562dadaef30c0d48125494e5211a8bf63f4da84e3945:    done           |[32m++++++++++++++++++++++++++++++++++++++[0m| 
layer-sha256:f69f10a900dbee5e29001282c43abef608a5528e1c64d1e29a48bb1da441fe6e:    downloading    |[32m++++++++++++++++[0m----------------------| 651.0 Mi/1.5 GiB 
layer-sha256:9f45c515d089d32a0760f312e9f5ce2f981ddcebae6136c141414e8e53081413:    downloading    |[32m+++++++++++[0m---------------------------| 604.0 Mi/2.0 GiB 
layer-sha256:ae5ac74cdbd9a821bf37a75fd5dd70c83d17c173c1d4de3ac17e58e43198f988:    downloading    |[32m+++++++++++[0m---------------------------| 596.0 Mi/2.0 GiB 
layer-sha256:ae19d20d2fa6efc21aec50f6587d04a4c9ec9f4b43b5879baf4de03fa219c523:    downloading    |[32m++++++++++++[0m--------------------------| 647.0 Mi/2.0 GiB 
elapsed: 4.6 s                                                                    total:  4.8 Gi (1.1 GiB/s)                                       
172.31.67.78:5000/model-ballast:B-14g:                                            resolved       |[32m++++++++++++++++++++++++++++++++++++++[0m| 
index-sha256:c39e2205f87b997d16ca3c252f0a9b6a707dd0bdbe178e3d0eb13f9633d84cc2:    done           |[32m++++++++++++++++++++++++++++++++++++++[0m| 
manifest-sha256:d57ca3414327bce6dabd46ea9ab71afc31aab5bff26208abe8589742c7c184d1: done           |[32m++++++++++++++++++++++++++++++++++++++[0m| 
manifest-sha256:0bf2f4ab1dec7aec500c0ddce00938c939819314daef83c5149e1acb7daf02ad: done           |[32m++++++++++++++++++++++++++++++++++++++[0m| 
layer-sha256:034d6572bf287fa79604fee9be062f0683809ae3a3685bc7b0e17bd1c48c50e8:    exists         |[32m++++++++++++++++++++++++++++++++++++++[0m| 
config-sha256:289bbe53944238bc5ba75ce18f6f7da47babdff9fd29aa9e989ec16d3680d022:   done           |[32m++++++++++++++++++++++++++++++++++++++[0m| 
layer-sha256:50f8c1b424f1f26e8e279fcfb5e3af1d2e8a7c1494f08744bb4bcbdab285f3d4:    downloading    |[32m+++++++++++[0m---------------------------| 638.0 Mi/2.0 GiB 
layer-sha256:dd482d345ef78a72e54dc96c818ad2ec5d6c318e392e07029816546a3089ee77:    downloading    |[32m+++++++++++++++[0m-----------------------| 635.0 Mi/1.5 GiB 
layer-sha256:7b9be9eb4297c96c698f5bcdc5a885e322fe6817fc511afc7b09799cfa9d6886:    downloading    |[32m++++++++++++++[0m------------------------| 569.0 Mi/1.5 GiB 
layer-sha256:4738c92e4322db8a8bd534eab5bb762acc4a19df4bb96dbb3f5ef3ef77963f0f:    downloading    |[32m++++++++++++++++[0m----------------------| 663.0 Mi/1.5 GiB 
layer-sha256:dfc90b51dbfaca11daa5562dadaef30c0d48125494e5211a8bf63f4da84e3945:    done           |[32m++++++++++++++++++++++++++++++++++++++[0m| 
layer-sha256:f69f10a900dbee5e29001282c43abef608a5528e1c64d1e29a48bb1da441fe6e:    downloading    |[32m++++++++++++++++[0m----------------------| 665.0 Mi/1.5 GiB 
layer-sha256:9f45c515d089d32a0760f312e9f5ce2f981ddcebae6136c141414e8e53081413:    downloading    |[32m+++++++++++[0m---------------------------| 617.0 Mi/2.0 GiB 
layer-sha256:ae5ac74cdbd9a821bf37a75fd5dd70c83d17c173c1d4de3ac17e58e43198f988:    downloading    |[32m+++++++++++[0m---------------------------| 610.0 Mi/2.0 GiB 
layer-sha256:ae19d20d2fa6efc21aec50f6587d04a4c9ec9f4b43b5879baf4de03fa219c523:    downloading    |[32m++++++++++++[0m--------------------------| 661.0 Mi/2.0 GiB 
elapsed: 4.7 s                                                                    total:  4.9 Gi (1.1 GiB/s)                                       
172.31.67.78:5000/model-ballast:B-14g:                                            resolved       |[32m++++++++++++++++++++++++++++++++++++++[0m| 
index-sha256:c39e2205f87b997d16ca3c252f0a9b6a707dd0bdbe178e3d0eb13f9633d84cc2:    done           |[32m++++++++++++++++++++++++++++++++++++++[0m| 
manifest-sha256:d57ca3414327bce6dabd46ea9ab71afc31aab5bff26208abe8589742c7c184d1: done           |[32m++++++++++++++++++++++++++++++++++++++[0m| 
manifest-sha256:0bf2f4ab1dec7aec500c0ddce00938c939819314daef83c5149e1acb7daf02ad: done           |[32m++++++++++++++++++++++++++++++++++++++[0m| 
layer-sha256:034d6572bf287fa79604fee9be062f0683809ae3a3685bc7b0e17bd1c48c50e8:    exists         |[32m++++++++++++++++++++++++++++++++++++++[0m| 
config-sha256:289bbe53944238bc5ba75ce18f6f7da47babdff9fd29aa9e989ec16d3680d022:   done           |[32m++++++++++++++++++++++++++++++++++++++[0m| 
layer-sha256:50f8c1b424f1f26e8e279fcfb5e3af1d2e8a7c1494f08744bb4bcbdab285f3d4:    downloading    |[32m++++++++++++[0m--------------------------| 652.0 Mi/2.0 GiB 
layer-sha256:dd482d345ef78a72e54dc96c818ad2ec5d6c318e392e07029816546a3089ee77:    downloading    |[32m++++++++++++++++[0m----------------------| 649.0 Mi/1.5 GiB 
layer-sha256:7b9be9eb4297c96c698f5bcdc5a885e322fe6817fc511afc7b09799cfa9d6886:    downloading    |[32m++++++++++++++[0m------------------------| 582.0 Mi/1.5 GiB 
layer-sha256:4738c92e4322db8a8bd534eab5bb762acc4a19df4bb96dbb3f5ef3ef77963f0f:    downloading    |[32m++++++++++++++++[0m----------------------| 677.0 Mi/1.5 GiB 
layer-sha256:dfc90b51dbfaca11daa5562dadaef30c0d48125494e5211a8bf63f4da84e3945:    done           |[32m++++++++++++++++++++++++++++++++++++++[0m| 
layer-sha256:f69f10a900dbee5e29001282c43abef608a5528e1c64d1e29a48bb1da441fe6e:    downloading    |[32m++++++++++++++++[0m----------------------| 680.0 Mi/1.5 GiB 
layer-sha256:9f45c515d089d32a0760f312e9f5ce2f981ddcebae6136c141414e8e53081413:    downloading    |[32m+++++++++++[0m---------------------------| 630.0 Mi/2.0 GiB 
layer-sha256:ae5ac74cdbd9a821bf37a75fd5dd70c83d17c173c1d4de3ac17e58e43198f988:    downloading    |[32m+++++++++++[0m---------------------------| 624.0 Mi/2.0 GiB 
layer-sha256:ae19d20d2fa6efc21aec50f6587d04a4c9ec9f4b43b5879baf4de03fa219c523:    downloading    |[32m++++++++++++[0m--------------------------| 676.0 Mi/2.0 GiB 
elapsed: 4.8 s                                                                    total:  5.0 Gi (1.1 GiB/s)                                       
172.31.67.78:5000/model-ballast:B-14g:                                            resolved       |[32m++++++++++++++++++++++++++++++++++++++[0m| 
index-sha256:c39e2205f87b997d16ca3c252f0a9b6a707dd0bdbe178e3d0eb13f9633d84cc2:    done           |[32m++++++++++++++++++++++++++++++++++++++[0m| 
manifest-sha256:d57ca3414327bce6dabd46ea9ab71afc31aab5bff26208abe8589742c7c184d1: done           |[32m++++++++++++++++++++++++++++++++++++++[0m| 
manifest-sha256:0bf2f4ab1dec7aec500c0ddce00938c939819314daef83c5149e1acb7daf02ad: done           |[32m++++++++++++++++++++++++++++++++++++++[0m| 
layer-sha256:034d6572bf287fa79604fee9be062f0683809ae3a3685bc7b0e17bd1c48c50e8:    exists         |[32m++++++++++++++++++++++++++++++++++++++[0m| 
config-sha256:289bbe53944238bc5ba75ce18f6f7da47babdff9fd29aa9e989ec16d3680d022:   done           |[32m++++++++++++++++++++++++++++++++++++++[0m| 
layer-sha256:50f8c1b424f1f26e8e279fcfb5e3af1d2e8a7c1494f08744bb4bcbdab285f3d4:    downloading    |[32m++++++++++++[0m--------------------------| 664.0 Mi/2.0 GiB 
layer-sha256:dd482d345ef78a72e54dc96c818ad2ec5d6c318e392e07029816546a3089ee77:    downloading    |[32m++++++++++++++++[0m----------------------| 661.0 Mi/1.5 GiB 
layer-sha256:7b9be9eb4297c96c698f5bcdc5a885e322fe6817fc511afc7b09799cfa9d6886:    downloading    |[32m++++++++++++++[0m------------------------| 595.0 Mi/1.5 GiB 
layer-sha256:4738c92e4322db8a8bd534eab5bb762acc4a19df4bb96dbb3f5ef3ef77963f0f:    downloading    |[32m+++++++++++++++++[0m---------------------| 692.0 Mi/1.5 GiB 
layer-sha256:dfc90b51dbfaca11daa5562dadaef30c0d48125494e5211a8bf63f4da84e3945:    done           |[32m++++++++++++++++++++++++++++++++++++++[0m| 
layer-sha256:f69f10a900dbee5e29001282c43abef608a5528e1c64d1e29a48bb1da441fe6e:    downloading    |[32m+++++++++++++++++[0m---------------------| 693.0 Mi/1.5 GiB 
layer-sha256:9f45c515d089d32a0760f312e9f5ce2f981ddcebae6136c141414e8e53081413:    downloading    |[32m+++++++++++[0m---------------------------| 641.0 Mi/2.0 GiB 
layer-sha256:ae5ac74cdbd9a821bf37a75fd5dd70c83d17c173c1d4de3ac17e58e43198f988:    downloading    |[32m+++++++++++[0m---------------------------| 636.0 Mi/2.0 GiB 
layer-sha256:ae19d20d2fa6efc21aec50f6587d04a4c9ec9f4b43b5879baf4de03fa219c523:    downloading    |[32m++++++++++++[0m--------------------------| 689.0 Mi/2.0 GiB 
elapsed: 4.9 s                                                                    total:  5.1 Gi (1.1 GiB/s)                                       
172.31.67.78:5000/model-ballast:B-14g:                                            resolved       |[32m++++++++++++++++++++++++++++++++++++++[0m| 
index-sha256:c39e2205f87b997d16ca3c252f0a9b6a707dd0bdbe178e3d0eb13f9633d84cc2:    done           |[32m++++++++++++++++++++++++++++++++++++++[0m| 
manifest-sha256:d57ca3414327bce6dabd46ea9ab71afc31aab5bff26208abe8589742c7c184d1: done           |[32m++++++++++++++++++++++++++++++++++++++[0m| 
manifest-sha256:0bf2f4ab1dec7aec500c0ddce00938c939819314daef83c5149e1acb7daf02ad: done           |[32m++++++++++++++++++++++++++++++++++++++[0m| 
layer-sha256:034d6572bf287fa79604fee9be062f0683809ae3a3685bc7b0e17bd1c48c50e8:    exists         |[32m++++++++++++++++++++++++++++++++++++++[0m| 
config-sha256:289bbe53944238bc5ba75ce18f6f7da47babdff9fd29aa9e989ec16d3680d022:   done           |[32m++++++++++++++++++++++++++++++++++++++[0m| 
layer-sha256:50f8c1b424f1f26e8e279fcfb5e3af1d2e8a7c1494f08744bb4bcbdab285f3d4:    downloading    |[32m++++++++++++[0m--------------------------| 677.0 Mi/2.0 GiB 
layer-sha256:dd482d345ef78a72e54dc96c818ad2ec5d6c318e392e07029816546a3089ee77:    downloading    |[32m++++++++++++++++[0m----------------------| 674.0 Mi/1.5 GiB 
layer-sha256:7b9be9eb4297c96c698f5bcdc5a885e322fe6817fc511afc7b09799cfa9d6886:    downloading    |[32m+++++++++++++++[0m-----------------------| 608.0 Mi/1.5 GiB 
layer-sha256:4738c92e4322db8a8bd534eab5bb762acc4a19df4bb96dbb3f5ef3ef77963f0f:    downloading    |[32m+++++++++++++++++[0m---------------------| 705.0 Mi/1.5 GiB 
layer-sha256:dfc90b51dbfaca11daa5562dadaef30c0d48125494e5211a8bf63f4da84e3945:    done           |[32m++++++++++++++++++++++++++++++++++++++[0m| 
layer-sha256:f69f10a900dbee5e29001282c43abef608a5528e1c64d1e29a48bb1da441fe6e:    downloading    |[32m+++++++++++++++++[0m---------------------| 706.0 Mi/1.5 GiB 
layer-sha256:9f45c515d089d32a0760f312e9f5ce2f981ddcebae6136c141414e8e53081413:    downloading    |[32m++++++++++++[0m--------------------------| 653.0 Mi/2.0 GiB 
layer-sha256:ae5ac74cdbd9a821bf37a75fd5dd70c83d17c173c1d4de3ac17e58e43198f988:    downloading    |[32m++++++++++++[0m--------------------------| 651.0 Mi/2.0 GiB 
layer-sha256:ae19d20d2fa6efc21aec50f6587d04a4c9ec9f4b43b5879baf4de03fa219c523:    downloading    |[32m+++++++++++++[0m-------------------------| 702.0 Mi/2.0 GiB 
elapsed: 5.0 s                                                                    total:  5.3 Gi (1.0 GiB/s)                                       
172.31.67.78:5000/model-ballast:B-14g:                                            resolved       |[32m++++++++++++++++++++++++++++++++++++++[0m| 
index-sha256:c39e2205f87b997d16ca3c252f0a9b6a707dd0bdbe178e3d0eb13f9633d84cc2:    done           |[32m++++++++++++++++++++++++++++++++++++++[0m| 
manifest-sha256:d57ca3414327bce6dabd46ea9ab71afc31aab5bff26208abe8589742c7c184d1: done           |[32m++++++++++++++++++++++++++++++++++++++[0m| 
manifest-sha256:0bf2f4ab1dec7aec500c0ddce00938c939819314daef83c5149e1acb7daf02ad: done           |[32m++++++++++++++++++++++++++++++++++++++[0m| 
layer-sha256:034d6572bf287fa79604fee9be062f0683809ae3a3685bc7b0e17bd1c48c50e8:    exists         |[32m++++++++++++++++++++++++++++++++++++++[0m| 
config-sha256:289bbe53944238bc5ba75ce18f6f7da47babdff9fd29aa9e989ec16d3680d022:   done           |[32m++++++++++++++++++++++++++++++++++++++[0m| 
layer-sha256:50f8c1b424f1f26e8e279fcfb5e3af1d2e8a7c1494f08744bb4bcbdab285f3d4:    downloading    |[32m++++++++++++[0m--------------------------| 691.0 Mi/2.0 GiB 
layer-sha256:dd482d345ef78a72e54dc96c818ad2ec5d6c318e392e07029816546a3089ee77:    downloading    |[32m+++++++++++++++++[0m---------------------| 689.0 Mi/1.5 GiB 
layer-sha256:7b9be9eb4297c96c698f5bcdc5a885e322fe6817fc511afc7b09799cfa9d6886:    downloading    |[32m+++++++++++++++[0m-----------------------| 623.0 Mi/1.5 GiB 
layer-sha256:4738c92e4322db8a8bd534eab5bb762acc4a19df4bb96dbb3f5ef3ef77963f0f:    downloading    |[32m+++++++++++++++++[0m---------------------| 720.0 Mi/1.5 GiB 
layer-sha256:dfc90b51dbfaca11daa5562dadaef30c0d48125494e5211a8bf63f4da84e3945:    done           |[32m++++++++++++++++++++++++++++++++++++++[0m| 
layer-sha256:f69f10a900dbee5e29001282c43abef608a5528e1c64d1e29a48bb1da441fe6e:    downloading    |[32m+++++++++++++++++[0m---------------------| 723.0 Mi/1.5 GiB 
layer-sha256:9f45c515d089d32a0760f312e9f5ce2f981ddcebae6136c141414e8e53081413:    downloading    |[32m++++++++++++[0m--------------------------| 668.0 Mi/2.0 GiB 
layer-sha256:ae5ac74cdbd9a821bf37a75fd5dd70c83d17c173c1d4de3ac17e58e43198f988:    downloading    |[32m++++++++++++[0m--------------------------| 667.0 Mi/2.0 GiB 
layer-sha256:ae19d20d2fa6efc21aec50f6587d04a4c9ec9f4b43b5879baf4de03fa219c523:    downloading    |[32m+++++++++++++[0m-------------------------| 717.0 Mi/2.0 GiB 
elapsed: 5.1 s                                                                    total:  5.4 Gi (1.1 GiB/s)                                       
172.31.67.78:5000/model-ballast:B-14g:                                            resolved       |[32m++++++++++++++++++++++++++++++++++++++[0m| 
index-sha256:c39e2205f87b997d16ca3c252f0a9b6a707dd0bdbe178e3d0eb13f9633d84cc2:    done           |[32m++++++++++++++++++++++++++++++++++++++[0m| 
manifest-sha256:d57ca3414327bce6dabd46ea9ab71afc31aab5bff26208abe8589742c7c184d1: done           |[32m++++++++++++++++++++++++++++++++++++++[0m| 
manifest-sha256:0bf2f4ab1dec7aec500c0ddce00938c939819314daef83c5149e1acb7daf02ad: done           |[32m++++++++++++++++++++++++++++++++++++++[0m| 
layer-sha256:034d6572bf287fa79604fee9be062f0683809ae3a3685bc7b0e17bd1c48c50e8:    exists         |[32m++++++++++++++++++++++++++++++++++++++[0m| 
config-sha256:289bbe53944238bc5ba75ce18f6f7da47babdff9fd29aa9e989ec16d3680d022:   done           |[32m++++++++++++++++++++++++++++++++++++++[0m| 
layer-sha256:50f8c1b424f1f26e8e279fcfb5e3af1d2e8a7c1494f08744bb4bcbdab285f3d4:    downloading    |[32m+++++++++++++[0m-------------------------| 703.0 Mi/2.0 GiB 
layer-sha256:dd482d345ef78a72e54dc96c818ad2ec5d6c318e392e07029816546a3089ee77:    downloading    |[32m+++++++++++++++++[0m---------------------| 702.0 Mi/1.5 GiB 
layer-sha256:7b9be9eb4297c96c698f5bcdc5a885e322fe6817fc511afc7b09799cfa9d6886:    downloading    |[32m+++++++++++++++[0m-----------------------| 634.0 Mi/1.5 GiB 
layer-sha256:4738c92e4322db8a8bd534eab5bb762acc4a19df4bb96dbb3f5ef3ef77963f0f:    downloading    |[32m++++++++++++++++++[0m--------------------| 733.0 Mi/1.5 GiB 
layer-sha256:dfc90b51dbfaca11daa5562dadaef30c0d48125494e5211a8bf63f4da84e3945:    done           |[32m++++++++++++++++++++++++++++++++++++++[0m| 
layer-sha256:f69f10a900dbee5e29001282c43abef608a5528e1c64d1e29a48bb1da441fe6e:    downloading    |[32m++++++++++++++++++[0m--------------------| 736.0 Mi/1.5 GiB 
layer-sha256:9f45c515d089d32a0760f312e9f5ce2f981ddcebae6136c141414e8e53081413:    downloading    |[32m++++++++++++[0m--------------------------| 679.0 Mi/2.0 GiB 
layer-sha256:ae5ac74cdbd9a821bf37a75fd5dd70c83d17c173c1d4de3ac17e58e43198f988:    downloading    |[32m++++++++++++[0m--------------------------| 681.0 Mi/2.0 GiB 
layer-sha256:ae19d20d2fa6efc21aec50f6587d04a4c9ec9f4b43b5879baf4de03fa219c523:    downloading    |[32m+++++++++++++[0m-------------------------| 730.0 Mi/2.0 GiB 
elapsed: 5.2 s                                                                    total:  5.5 Gi (1.1 GiB/s)                                       
172.31.67.78:5000/model-ballast:B-14g:                                            resolved       |[32m++++++++++++++++++++++++++++++++++++++[0m| 
index-sha256:c39e2205f87b997d16ca3c252f0a9b6a707dd0bdbe178e3d0eb13f9633d84cc2:    done           |[32m++++++++++++++++++++++++++++++++++++++[0m| 
manifest-sha256:d57ca3414327bce6dabd46ea9ab71afc31aab5bff26208abe8589742c7c184d1: done           |[32m++++++++++++++++++++++++++++++++++++++[0m| 
manifest-sha256:0bf2f4ab1dec7aec500c0ddce00938c939819314daef83c5149e1acb7daf02ad: done           |[32m++++++++++++++++++++++++++++++++++++++[0m| 
layer-sha256:034d6572bf287fa79604fee9be062f0683809ae3a3685bc7b0e17bd1c48c50e8:    exists         |[32m++++++++++++++++++++++++++++++++++++++[0m| 
config-sha256:289bbe53944238bc5ba75ce18f6f7da47babdff9fd29aa9e989ec16d3680d022:   done           |[32m++++++++++++++++++++++++++++++++++++++[0m| 
layer-sha256:50f8c1b424f1f26e8e279fcfb5e3af1d2e8a7c1494f08744bb4bcbdab285f3d4:    downloading    |[32m+++++++++++++[0m-------------------------| 717.0 Mi/2.0 GiB 
layer-sha256:dd482d345ef78a72e54dc96c818ad2ec5d6c318e392e07029816546a3089ee77:    downloading    |[32m+++++++++++++++++[0m---------------------| 717.0 Mi/1.5 GiB 
layer-sha256:7b9be9eb4297c96c698f5bcdc5a885e322fe6817fc511afc7b09799cfa9d6886:    downloading    |[32m++++++++++++++++[0m----------------------| 648.0 Mi/1.5 GiB 
layer-sha256:4738c92e4322db8a8bd534eab5bb762acc4a19df4bb96dbb3f5ef3ef77963f0f:    downloading    |[32m++++++++++++++++++[0m--------------------| 748.0 Mi/1.5 GiB 
layer-sha256:dfc90b51dbfaca11daa5562dadaef30c0d48125494e5211a8bf63f4da84e3945:    done           |[32m++++++++++++++++++++++++++++++++++++++[0m| 
layer-sha256:f69f10a900dbee5e29001282c43abef608a5528e1c64d1e29a48bb1da441fe6e:    downloading    |[32m++++++++++++++++++[0m--------------------| 750.0 Mi/1.5 GiB 
layer-sha256:9f45c515d089d32a0760f312e9f5ce2f981ddcebae6136c141414e8e53081413:    downloading    |[32m++++++++++++[0m--------------------------| 692.0 Mi/2.0 GiB 
layer-sha256:ae5ac74cdbd9a821bf37a75fd5dd70c83d17c173c1d4de3ac17e58e43198f988:    downloading    |[32m++++++++++++[0m--------------------------| 694.0 Mi/2.0 GiB 
layer-sha256:ae19d20d2fa6efc21aec50f6587d04a4c9ec9f4b43b5879baf4de03fa219c523:    downloading    |[32m+++++++++++++[0m-------------------------| 745.0 Mi/2.0 GiB 
elapsed: 5.3 s                                                                    total:  5.6 Gi (1.1 GiB/s)                                       
172.31.67.78:5000/model-ballast:B-14g:                                            resolved       |[32m++++++++++++++++++++++++++++++++++++++[0m| 
index-sha256:c39e2205f87b997d16ca3c252f0a9b6a707dd0bdbe178e3d0eb13f9633d84cc2:    done           |[32m++++++++++++++++++++++++++++++++++++++[0m| 
manifest-sha256:d57ca3414327bce6dabd46ea9ab71afc31aab5bff26208abe8589742c7c184d1: done           |[32m++++++++++++++++++++++++++++++++++++++[0m| 
manifest-sha256:0bf2f4ab1dec7aec500c0ddce00938c939819314daef83c5149e1acb7daf02ad: done           |[32m++++++++++++++++++++++++++++++++++++++[0m| 
layer-sha256:034d6572bf287fa79604fee9be062f0683809ae3a3685bc7b0e17bd1c48c50e8:    exists         |[32m++++++++++++++++++++++++++++++++++++++[0m| 
config-sha256:289bbe53944238bc5ba75ce18f6f7da47babdff9fd29aa9e989ec16d3680d022:   done           |[32m++++++++++++++++++++++++++++++++++++++[0m| 
layer-sha256:50f8c1b424f1f26e8e279fcfb5e3af1d2e8a7c1494f08744bb4bcbdab285f3d4:    downloading    |[32m+++++++++++++[0m-------------------------| 731.0 Mi/2.0 GiB 
layer-sha256:dd482d345ef78a72e54dc96c818ad2ec5d6c318e392e07029816546a3089ee77:    downloading    |[32m++++++++++++++++++[0m--------------------| 730.0 Mi/1.5 GiB 
layer-sha256:7b9be9eb4297c96c698f5bcdc5a885e322fe6817fc511afc7b09799cfa9d6886:    downloading    |[32m++++++++++++++++[0m----------------------| 661.0 Mi/1.5 GiB 
layer-sha256:4738c92e4322db8a8bd534eab5bb762acc4a19df4bb96dbb3f5ef3ef77963f0f:    downloading    |[32m++++++++++++++++++[0m--------------------| 760.0 Mi/1.5 GiB 
layer-sha256:dfc90b51dbfaca11daa5562dadaef30c0d48125494e5211a8bf63f4da84e3945:    done           |[32m++++++++++++++++++++++++++++++++++++++[0m| 
layer-sha256:f69f10a900dbee5e29001282c43abef608a5528e1c64d1e29a48bb1da441fe6e:    downloading    |[32m++++++++++++++++++[0m--------------------| 764.0 Mi/1.5 GiB 
layer-sha256:9f45c515d089d32a0760f312e9f5ce2f981ddcebae6136c141414e8e53081413:    downloading    |[32m+++++++++++++[0m-------------------------| 706.0 Mi/2.0 GiB 
layer-sha256:ae5ac74cdbd9a821bf37a75fd5dd70c83d17c173c1d4de3ac17e58e43198f988:    downloading    |[32m+++++++++++++[0m-------------------------| 707.0 Mi/2.0 GiB 
layer-sha256:ae19d20d2fa6efc21aec50f6587d04a4c9ec9f4b43b5879baf4de03fa219c523:    downloading    |[32m++++++++++++++[0m------------------------| 758.0 Mi/2.0 GiB 
elapsed: 5.4 s                                                                    total:  5.7 Gi (1.1 GiB/s)                                       
172.31.67.78:5000/model-ballast:B-14g:                                            resolved       |[32m++++++++++++++++++++++++++++++++++++++[0m| 
index-sha256:c39e2205f87b997d16ca3c252f0a9b6a707dd0bdbe178e3d0eb13f9633d84cc2:    done           |[32m++++++++++++++++++++++++++++++++++++++[0m| 
manifest-sha256:d57ca3414327bce6dabd46ea9ab71afc31aab5bff26208abe8589742c7c184d1: done           |[32m++++++++++++++++++++++++++++++++++++++[0m| 
manifest-sha256:0bf2f4ab1dec7aec500c0ddce00938c939819314daef83c5149e1acb7daf02ad: done           |[32m++++++++++++++++++++++++++++++++++++++[0m| 
layer-sha256:034d6572bf287fa79604fee9be062f0683809ae3a3685bc7b0e17bd1c48c50e8:    exists         |[32m++++++++++++++++++++++++++++++++++++++[0m| 
config-sha256:289bbe53944238bc5ba75ce18f6f7da47babdff9fd29aa9e989ec16d3680d022:   done           |[32m++++++++++++++++++++++++++++++++++++++[0m| 
layer-sha256:50f8c1b424f1f26e8e279fcfb5e3af1d2e8a7c1494f08744bb4bcbdab285f3d4:    downloading    |[32m+++++++++++++[0m-------------------------| 744.0 Mi/2.0 GiB 
layer-sha256:dd482d345ef78a72e54dc96c818ad2ec5d6c318e392e07029816546a3089ee77:    downloading    |[32m++++++++++++++++++[0m--------------------| 743.0 Mi/1.5 GiB 
layer-sha256:7b9be9eb4297c96c698f5bcdc5a885e322fe6817fc511afc7b09799cfa9d6886:    downloading    |[32m++++++++++++++++[0m----------------------| 674.0 Mi/1.5 GiB 
layer-sha256:4738c92e4322db8a8bd534eab5bb762acc4a19df4bb96dbb3f5ef3ef77963f0f:    downloading    |[32m+++++++++++++++++++[0m-------------------| 774.0 Mi/1.5 GiB 
layer-sha256:dfc90b51dbfaca11daa5562dadaef30c0d48125494e5211a8bf63f4da84e3945:    done           |[32m++++++++++++++++++++++++++++++++++++++[0m| 
layer-sha256:f69f10a900dbee5e29001282c43abef608a5528e1c64d1e29a48bb1da441fe6e:    downloading    |[32m+++++++++++++++++++[0m-------------------| 778.0 Mi/1.5 GiB 
layer-sha256:9f45c515d089d32a0760f312e9f5ce2f981ddcebae6136c141414e8e53081413:    downloading    |[32m+++++++++++++[0m-------------------------| 718.0 Mi/2.0 GiB 
layer-sha256:ae5ac74cdbd9a821bf37a75fd5dd70c83d17c173c1d4de3ac17e58e43198f988:    downloading    |[32m+++++++++++++[0m-------------------------| 721.0 Mi/2.0 GiB 
layer-sha256:ae19d20d2fa6efc21aec50f6587d04a4c9ec9f4b43b5879baf4de03fa219c523:    downloading    |[32m++++++++++++++[0m------------------------| 772.0 Mi/2.0 GiB 
elapsed: 5.5 s                                                                    total:  5.8 Gi (1.1 GiB/s)                                       
172.31.67.78:5000/model-ballast:B-14g:                                            resolved       |[32m++++++++++++++++++++++++++++++++++++++[0m| 
index-sha256:c39e2205f87b997d16ca3c252f0a9b6a707dd0bdbe178e3d0eb13f9633d84cc2:    done           |[32m++++++++++++++++++++++++++++++++++++++[0m| 
manifest-sha256:d57ca3414327bce6dabd46ea9ab71afc31aab5bff26208abe8589742c7c184d1: done           |[32m++++++++++++++++++++++++++++++++++++++[0m| 
manifest-sha256:0bf2f4ab1dec7aec500c0ddce00938c939819314daef83c5149e1acb7daf02ad: done           |[32m++++++++++++++++++++++++++++++++++++++[0m| 
layer-sha256:034d6572bf287fa79604fee9be062f0683809ae3a3685bc7b0e17bd1c48c50e8:    exists         |[32m++++++++++++++++++++++++++++++++++++++[0m| 
config-sha256:289bbe53944238bc5ba75ce18f6f7da47babdff9fd29aa9e989ec16d3680d022:   done           |[32m++++++++++++++++++++++++++++++++++++++[0m| 
layer-sha256:50f8c1b424f1f26e8e279fcfb5e3af1d2e8a7c1494f08744bb4bcbdab285f3d4:    downloading    |[32m++++++++++++++[0m------------------------| 758.0 Mi/2.0 GiB 
layer-sha256:dd482d345ef78a72e54dc96c818ad2ec5d6c318e392e07029816546a3089ee77:    downloading    |[32m++++++++++++++++++[0m--------------------| 756.0 Mi/1.5 GiB 
layer-sha256:7b9be9eb4297c96c698f5bcdc5a885e322fe6817fc511afc7b09799cfa9d6886:    downloading    |[32m++++++++++++++++[0m----------------------| 686.0 Mi/1.5 GiB 
layer-sha256:4738c92e4322db8a8bd534eab5bb762acc4a19df4bb96dbb3f5ef3ef77963f0f:    downloading    |[32m+++++++++++++++++++[0m-------------------| 788.0 Mi/1.5 GiB 
layer-sha256:dfc90b51dbfaca11daa5562dadaef30c0d48125494e5211a8bf63f4da84e3945:    done           |[32m++++++++++++++++++++++++++++++++++++++[0m| 
layer-sha256:f69f10a900dbee5e29001282c43abef608a5528e1c64d1e29a48bb1da441fe6e:    downloading    |[32m+++++++++++++++++++[0m-------------------| 792.0 Mi/1.5 GiB 
layer-sha256:9f45c515d089d32a0760f312e9f5ce2f981ddcebae6136c141414e8e53081413:    downloading    |[32m+++++++++++++[0m-------------------------| 731.0 Mi/2.0 GiB 
layer-sha256:ae5ac74cdbd9a821bf37a75fd5dd70c83d17c173c1d4de3ac17e58e43198f988:    downloading    |[32m+++++++++++++[0m-------------------------| 734.0 Mi/2.0 GiB 
layer-sha256:ae19d20d2fa6efc21aec50f6587d04a4c9ec9f4b43b5879baf4de03fa219c523:    downloading    |[32m++++++++++++++[0m------------------------| 785.0 Mi/2.0 GiB 
elapsed: 5.6 s                                                                    total:  5.9 Gi (1.1 GiB/s)                                       
172.31.67.78:5000/model-ballast:B-14g:                                            resolved       |[32m++++++++++++++++++++++++++++++++++++++[0m| 
index-sha256:c39e2205f87b997d16ca3c252f0a9b6a707dd0bdbe178e3d0eb13f9633d84cc2:    done           |[32m++++++++++++++++++++++++++++++++++++++[0m| 
manifest-sha256:d57ca3414327bce6dabd46ea9ab71afc31aab5bff26208abe8589742c7c184d1: done           |[32m++++++++++++++++++++++++++++++++++++++[0m| 
manifest-sha256:0bf2f4ab1dec7aec500c0ddce00938c939819314daef83c5149e1acb7daf02ad: done           |[32m++++++++++++++++++++++++++++++++++++++[0m| 
layer-sha256:034d6572bf287fa79604fee9be062f0683809ae3a3685bc7b0e17bd1c48c50e8:    exists         |[32m++++++++++++++++++++++++++++++++++++++[0m| 
config-sha256:289bbe53944238bc5ba75ce18f6f7da47babdff9fd29aa9e989ec16d3680d022:   done           |[32m++++++++++++++++++++++++++++++++++++++[0m| 
layer-sha256:50f8c1b424f1f26e8e279fcfb5e3af1d2e8a7c1494f08744bb4bcbdab285f3d4:    downloading    |[32m++++++++++++++[0m------------------------| 771.0 Mi/2.0 GiB 
layer-sha256:dd482d345ef78a72e54dc96c818ad2ec5d6c318e392e07029816546a3089ee77:    downloading    |[32m+++++++++++++++++++[0m-------------------| 770.0 Mi/1.5 GiB 
layer-sha256:7b9be9eb4297c96c698f5bcdc5a885e322fe6817fc511afc7b09799cfa9d6886:    downloading    |[32m+++++++++++++++++[0m---------------------| 699.0 Mi/1.5 GiB 
layer-sha256:4738c92e4322db8a8bd534eab5bb762acc4a19df4bb96dbb3f5ef3ef77963f0f:    downloading    |[32m+++++++++++++++++++[0m-------------------| 800.0 Mi/1.5 GiB 
layer-sha256:dfc90b51dbfaca11daa5562dadaef30c0d48125494e5211a8bf63f4da84e3945:    done           |[32m++++++++++++++++++++++++++++++++++++++[0m| 
layer-sha256:f69f10a900dbee5e29001282c43abef608a5528e1c64d1e29a48bb1da441fe6e:    downloading    |[32m+++++++++++++++++++[0m-------------------| 807.0 Mi/1.5 GiB 
layer-sha256:9f45c515d089d32a0760f312e9f5ce2f981ddcebae6136c141414e8e53081413:    downloading    |[32m+++++++++++++[0m-------------------------| 744.0 Mi/2.0 GiB 
layer-sha256:ae5ac74cdbd9a821bf37a75fd5dd70c83d17c173c1d4de3ac17e58e43198f988:    downloading    |[32m+++++++++++++[0m-------------------------| 747.0 Mi/2.0 GiB 
layer-sha256:ae19d20d2fa6efc21aec50f6587d04a4c9ec9f4b43b5879baf4de03fa219c523:    downloading    |[32m++++++++++++++[0m------------------------| 798.0 Mi/2.0 GiB 
elapsed: 5.7 s                                                                    total:  6.0 Gi (1.1 GiB/s)                                       
172.31.67.78:5000/model-ballast:B-14g:                                            resolved       |[32m++++++++++++++++++++++++++++++++++++++[0m| 
index-sha256:c39e2205f87b997d16ca3c252f0a9b6a707dd0bdbe178e3d0eb13f9633d84cc2:    done           |[32m++++++++++++++++++++++++++++++++++++++[0m| 
manifest-sha256:d57ca3414327bce6dabd46ea9ab71afc31aab5bff26208abe8589742c7c184d1: done           |[32m++++++++++++++++++++++++++++++++++++++[0m| 
manifest-sha256:0bf2f4ab1dec7aec500c0ddce00938c939819314daef83c5149e1acb7daf02ad: done           |[32m++++++++++++++++++++++++++++++++++++++[0m| 
layer-sha256:034d6572bf287fa79604fee9be062f0683809ae3a3685bc7b0e17bd1c48c50e8:    exists         |[32m++++++++++++++++++++++++++++++++++++++[0m| 
config-sha256:289bbe53944238bc5ba75ce18f6f7da47babdff9fd29aa9e989ec16d3680d022:   done           |[32m++++++++++++++++++++++++++++++++++++++[0m| 
layer-sha256:50f8c1b424f1f26e8e279fcfb5e3af1d2e8a7c1494f08744bb4bcbdab285f3d4:    downloading    |[32m++++++++++++++[0m------------------------| 785.0 Mi/2.0 GiB 
layer-sha256:dd482d345ef78a72e54dc96c818ad2ec5d6c318e392e07029816546a3089ee77:    downloading    |[32m+++++++++++++++++++[0m-------------------| 783.0 Mi/1.5 GiB 
layer-sha256:7b9be9eb4297c96c698f5bcdc5a885e322fe6817fc511afc7b09799cfa9d6886:    downloading    |[32m+++++++++++++++++[0m---------------------| 712.0 Mi/1.5 GiB 
layer-sha256:4738c92e4322db8a8bd534eab5bb762acc4a19df4bb96dbb3f5ef3ef77963f0f:    downloading    |[32m++++++++++++++++++++[0m------------------| 813.0 Mi/1.5 GiB 
layer-sha256:dfc90b51dbfaca11daa5562dadaef30c0d48125494e5211a8bf63f4da84e3945:    done           |[32m++++++++++++++++++++++++++++++++++++++[0m| 
layer-sha256:f69f10a900dbee5e29001282c43abef608a5528e1c64d1e29a48bb1da441fe6e:    downloading    |[32m++++++++++++++++++++[0m------------------| 822.0 Mi/1.5 GiB 
layer-sha256:9f45c515d089d32a0760f312e9f5ce2f981ddcebae6136c141414e8e53081413:    downloading    |[32m++++++++++++++[0m------------------------| 757.0 Mi/2.0 GiB 
layer-sha256:ae5ac74cdbd9a821bf37a75fd5dd70c83d17c173c1d4de3ac17e58e43198f988:    downloading    |[32m++++++++++++++[0m------------------------| 763.0 Mi/2.0 GiB 
layer-sha256:ae19d20d2fa6efc21aec50f6587d04a4c9ec9f4b43b5879baf4de03fa219c523:    downloading    |[32m+++++++++++++++[0m-----------------------| 811.0 Mi/2.0 GiB 
elapsed: 5.8 s                                                                    total:  6.1 Gi (1.1 GiB/s)                                       
172.31.67.78:5000/model-ballast:B-14g:                                            resolved       |[32m++++++++++++++++++++++++++++++++++++++[0m| 
index-sha256:c39e2205f87b997d16ca3c252f0a9b6a707dd0bdbe178e3d0eb13f9633d84cc2:    done           |[32m++++++++++++++++++++++++++++++++++++++[0m| 
manifest-sha256:d57ca3414327bce6dabd46ea9ab71afc31aab5bff26208abe8589742c7c184d1: done           |[32m++++++++++++++++++++++++++++++++++++++[0m| 
manifest-sha256:0bf2f4ab1dec7aec500c0ddce00938c939819314daef83c5149e1acb7daf02ad: done           |[32m++++++++++++++++++++++++++++++++++++++[0m| 
layer-sha256:034d6572bf287fa79604fee9be062f0683809ae3a3685bc7b0e17bd1c48c50e8:    exists         |[32m++++++++++++++++++++++++++++++++++++++[0m| 
config-sha256:289bbe53944238bc5ba75ce18f6f7da47babdff9fd29aa9e989ec16d3680d022:   done           |[32m++++++++++++++++++++++++++++++++++++++[0m| 
layer-sha256:50f8c1b424f1f26e8e279fcfb5e3af1d2e8a7c1494f08744bb4bcbdab285f3d4:    downloading    |[32m++++++++++++++[0m------------------------| 798.0 Mi/2.0 GiB 
layer-sha256:dd482d345ef78a72e54dc96c818ad2ec5d6c318e392e07029816546a3089ee77:    downloading    |[32m+++++++++++++++++++[0m-------------------| 796.0 Mi/1.5 GiB 
layer-sha256:7b9be9eb4297c96c698f5bcdc5a885e322fe6817fc511afc7b09799cfa9d6886:    downloading    |[32m+++++++++++++++++[0m---------------------| 724.0 Mi/1.5 GiB 
layer-sha256:4738c92e4322db8a8bd534eab5bb762acc4a19df4bb96dbb3f5ef3ef77963f0f:    downloading    |[32m++++++++++++++++++++[0m------------------| 826.0 Mi/1.5 GiB 
layer-sha256:dfc90b51dbfaca11daa5562dadaef30c0d48125494e5211a8bf63f4da84e3945:    done           |[32m++++++++++++++++++++++++++++++++++++++[0m| 
layer-sha256:f69f10a900dbee5e29001282c43abef608a5528e1c64d1e29a48bb1da441fe6e:    downloading    |[32m++++++++++++++++++++[0m------------------| 836.0 Mi/1.5 GiB 
layer-sha256:9f45c515d089d32a0760f312e9f5ce2f981ddcebae6136c141414e8e53081413:    downloading    |[32m++++++++++++++[0m------------------------| 770.0 Mi/2.0 GiB 
layer-sha256:ae5ac74cdbd9a821bf37a75fd5dd70c83d17c173c1d4de3ac17e58e43198f988:    downloading    |[32m++++++++++++++[0m------------------------| 777.0 Mi/2.0 GiB 
layer-sha256:ae19d20d2fa6efc21aec50f6587d04a4c9ec9f4b43b5879baf4de03fa219c523:    downloading    |[32m+++++++++++++++[0m-----------------------| 824.0 Mi/2.0 GiB 
elapsed: 5.9 s                                                                    total:  6.2 Gi (1.1 GiB/s)                                       
172.31.67.78:5000/model-ballast:B-14g:                                            resolved       |[32m++++++++++++++++++++++++++++++++++++++[0m| 
index-sha256:c39e2205f87b997d16ca3c252f0a9b6a707dd0bdbe178e3d0eb13f9633d84cc2:    done           |[32m++++++++++++++++++++++++++++++++++++++[0m| 
manifest-sha256:d57ca3414327bce6dabd46ea9ab71afc31aab5bff26208abe8589742c7c184d1: done           |[32m++++++++++++++++++++++++++++++++++++++[0m| 
manifest-sha256:0bf2f4ab1dec7aec500c0ddce00938c939819314daef83c5149e1acb7daf02ad: done           |[32m++++++++++++++++++++++++++++++++++++++[0m| 
layer-sha256:034d6572bf287fa79604fee9be062f0683809ae3a3685bc7b0e17bd1c48c50e8:    exists         |[32m++++++++++++++++++++++++++++++++++++++[0m| 
config-sha256:289bbe53944238bc5ba75ce18f6f7da47babdff9fd29aa9e989ec16d3680d022:   done           |[32m++++++++++++++++++++++++++++++++++++++[0m| 
layer-sha256:50f8c1b424f1f26e8e279fcfb5e3af1d2e8a7c1494f08744bb4bcbdab285f3d4:    downloading    |[32m+++++++++++++++[0m-----------------------| 811.0 Mi/2.0 GiB 
layer-sha256:dd482d345ef78a72e54dc96c818ad2ec5d6c318e392e07029816546a3089ee77:    downloading    |[32m++++++++++++++++++++[0m------------------| 810.0 Mi/1.5 GiB 
layer-sha256:7b9be9eb4297c96c698f5bcdc5a885e322fe6817fc511afc7b09799cfa9d6886:    downloading    |[32m++++++++++++++++++[0m--------------------| 737.0 Mi/1.5 GiB 
layer-sha256:4738c92e4322db8a8bd534eab5bb762acc4a19df4bb96dbb3f5ef3ef77963f0f:    downloading    |[32m++++++++++++++++++++[0m------------------| 840.0 Mi/1.5 GiB 
layer-sha256:dfc90b51dbfaca11daa5562dadaef30c0d48125494e5211a8bf63f4da84e3945:    done           |[32m++++++++++++++++++++++++++++++++++++++[0m| 
layer-sha256:f69f10a900dbee5e29001282c43abef608a5528e1c64d1e29a48bb1da441fe6e:    downloading    |[32m+++++++++++++++++++++[0m-----------------| 851.0 Mi/1.5 GiB 
layer-sha256:9f45c515d089d32a0760f312e9f5ce2f981ddcebae6136c141414e8e53081413:    downloading    |[32m++++++++++++++[0m------------------------| 782.0 Mi/2.0 GiB 
layer-sha256:ae5ac74cdbd9a821bf37a75fd5dd70c83d17c173c1d4de3ac17e58e43198f988:    downloading    |[32m++++++++++++++[0m------------------------| 790.0 Mi/2.0 GiB 
layer-sha256:ae19d20d2fa6efc21aec50f6587d04a4c9ec9f4b43b5879baf4de03fa219c523:    downloading    |[32m+++++++++++++++[0m-----------------------| 838.0 Mi/2.0 GiB 
elapsed: 6.0 s                                                                    total:  6.3 Gi (1.1 GiB/s)                                       
172.31.67.78:5000/model-ballast:B-14g:                                            resolved       |[32m++++++++++++++++++++++++++++++++++++++[0m| 
index-sha256:c39e2205f87b997d16ca3c252f0a9b6a707dd0bdbe178e3d0eb13f9633d84cc2:    done           |[32m++++++++++++++++++++++++++++++++++++++[0m| 
manifest-sha256:d57ca3414327bce6dabd46ea9ab71afc31aab5bff26208abe8589742c7c184d1: done           |[32m++++++++++++++++++++++++++++++++++++++[0m| 
manifest-sha256:0bf2f4ab1dec7aec500c0ddce00938c939819314daef83c5149e1acb7daf02ad: done           |[32m++++++++++++++++++++++++++++++++++++++[0m| 
layer-sha256:034d6572bf287fa79604fee9be062f0683809ae3a3685bc7b0e17bd1c48c50e8:    exists         |[32m++++++++++++++++++++++++++++++++++++++[0m| 
config-sha256:289bbe53944238bc5ba75ce18f6f7da47babdff9fd29aa9e989ec16d3680d022:   done           |[32m++++++++++++++++++++++++++++++++++++++[0m| 
layer-sha256:50f8c1b424f1f26e8e279fcfb5e3af1d2e8a7c1494f08744bb4bcbdab285f3d4:    downloading    |[32m+++++++++++++++[0m-----------------------| 826.0 Mi/2.0 GiB 
layer-sha256:dd482d345ef78a72e54dc96c818ad2ec5d6c318e392e07029816546a3089ee77:    downloading    |[32m++++++++++++++++++++[0m------------------| 824.0 Mi/1.5 GiB 
layer-sha256:7b9be9eb4297c96c698f5bcdc5a885e322fe6817fc511afc7b09799cfa9d6886:    downloading    |[32m++++++++++++++++++[0m--------------------| 749.0 Mi/1.5 GiB 
layer-sha256:4738c92e4322db8a8bd534eab5bb762acc4a19df4bb96dbb3f5ef3ef77963f0f:    downloading    |[32m+++++++++++++++++++++[0m-----------------| 853.0 Mi/1.5 GiB 
layer-sha256:dfc90b51dbfaca11daa5562dadaef30c0d48125494e5211a8bf63f4da84e3945:    done           |[32m++++++++++++++++++++++++++++++++++++++[0m| 
layer-sha256:f69f10a900dbee5e29001282c43abef608a5528e1c64d1e29a48bb1da441fe6e:    downloading    |[32m+++++++++++++++++++++[0m-----------------| 865.0 Mi/1.5 GiB 
layer-sha256:9f45c515d089d32a0760f312e9f5ce2f981ddcebae6136c141414e8e53081413:    downloading    |[32m++++++++++++++[0m------------------------| 796.0 Mi/2.0 GiB 
layer-sha256:ae5ac74cdbd9a821bf37a75fd5dd70c83d17c173c1d4de3ac17e58e43198f988:    downloading    |[32m++++++++++++++[0m------------------------| 804.0 Mi/2.0 GiB 
layer-sha256:ae19d20d2fa6efc21aec50f6587d04a4c9ec9f4b43b5879baf4de03fa219c523:    downloading    |[32m+++++++++++++++[0m-----------------------| 851.0 Mi/2.0 GiB 
elapsed: 6.1 s                                                                    total:  6.4 Gi (1.1 GiB/s)                                       
172.31.67.78:5000/model-ballast:B-14g:                                            resolved       |[32m++++++++++++++++++++++++++++++++++++++[0m| 
index-sha256:c39e2205f87b997d16ca3c252f0a9b6a707dd0bdbe178e3d0eb13f9633d84cc2:    done           |[32m++++++++++++++++++++++++++++++++++++++[0m| 
manifest-sha256:d57ca3414327bce6dabd46ea9ab71afc31aab5bff26208abe8589742c7c184d1: done           |[32m++++++++++++++++++++++++++++++++++++++[0m| 
manifest-sha256:0bf2f4ab1dec7aec500c0ddce00938c939819314daef83c5149e1acb7daf02ad: done           |[32m++++++++++++++++++++++++++++++++++++++[0m| 
layer-sha256:034d6572bf287fa79604fee9be062f0683809ae3a3685bc7b0e17bd1c48c50e8:    exists         |[32m++++++++++++++++++++++++++++++++++++++[0m| 
config-sha256:289bbe53944238bc5ba75ce18f6f7da47babdff9fd29aa9e989ec16d3680d022:   done           |[32m++++++++++++++++++++++++++++++++++++++[0m| 
layer-sha256:50f8c1b424f1f26e8e279fcfb5e3af1d2e8a7c1494f08744bb4bcbdab285f3d4:    downloading    |[32m+++++++++++++++[0m-----------------------| 839.0 Mi/2.0 GiB 
layer-sha256:dd482d345ef78a72e54dc96c818ad2ec5d6c318e392e07029816546a3089ee77:    downloading    |[32m++++++++++++++++++++[0m------------------| 836.0 Mi/1.5 GiB 
layer-sha256:7b9be9eb4297c96c698f5bcdc5a885e322fe6817fc511afc7b09799cfa9d6886:    downloading    |[32m++++++++++++++++++[0m--------------------| 761.0 Mi/1.5 GiB 
layer-sha256:4738c92e4322db8a8bd534eab5bb762acc4a19df4bb96dbb3f5ef3ef77963f0f:    downloading    |[32m+++++++++++++++++++++[0m-----------------| 866.0 Mi/1.5 GiB 
layer-sha256:dfc90b51dbfaca11daa5562dadaef30c0d48125494e5211a8bf63f4da84e3945:    done           |[32m++++++++++++++++++++++++++++++++++++++[0m| 
layer-sha256:f69f10a900dbee5e29001282c43abef608a5528e1c64d1e29a48bb1da441fe6e:    downloading    |[32m+++++++++++++++++++++[0m-----------------| 877.0 Mi/1.5 GiB 
layer-sha256:9f45c515d089d32a0760f312e9f5ce2f981ddcebae6136c141414e8e53081413:    downloading    |[32m+++++++++++++++[0m-----------------------| 809.0 Mi/2.0 GiB 
layer-sha256:ae5ac74cdbd9a821bf37a75fd5dd70c83d17c173c1d4de3ac17e58e43198f988:    downloading    |[32m+++++++++++++++[0m-----------------------| 817.0 Mi/2.0 GiB 
layer-sha256:ae19d20d2fa6efc21aec50f6587d04a4c9ec9f4b43b5879baf4de03fa219c523:    downloading    |[32m++++++++++++++++[0m----------------------| 863.0 Mi/2.0 GiB 
elapsed: 6.2 s                                                                    total:  6.5 Gi (1.1 GiB/s)                                       
172.31.67.78:5000/model-ballast:B-14g:                                            resolved       |[32m++++++++++++++++++++++++++++++++++++++[0m| 
index-sha256:c39e2205f87b997d16ca3c252f0a9b6a707dd0bdbe178e3d0eb13f9633d84cc2:    done           |[32m++++++++++++++++++++++++++++++++++++++[0m| 
manifest-sha256:d57ca3414327bce6dabd46ea9ab71afc31aab5bff26208abe8589742c7c184d1: done           |[32m++++++++++++++++++++++++++++++++++++++[0m| 
manifest-sha256:0bf2f4ab1dec7aec500c0ddce00938c939819314daef83c5149e1acb7daf02ad: done           |[32m++++++++++++++++++++++++++++++++++++++[0m| 
layer-sha256:034d6572bf287fa79604fee9be062f0683809ae3a3685bc7b0e17bd1c48c50e8:    exists         |[32m++++++++++++++++++++++++++++++++++++++[0m| 
config-sha256:289bbe53944238bc5ba75ce18f6f7da47babdff9fd29aa9e989ec16d3680d022:   done           |[32m++++++++++++++++++++++++++++++++++++++[0m| 
layer-sha256:50f8c1b424f1f26e8e279fcfb5e3af1d2e8a7c1494f08744bb4bcbdab285f3d4:    downloading    |[32m+++++++++++++++[0m-----------------------| 852.0 Mi/2.0 GiB 
layer-sha256:dd482d345ef78a72e54dc96c818ad2ec5d6c318e392e07029816546a3089ee77:    downloading    |[32m+++++++++++++++++++++[0m-----------------| 850.0 Mi/1.5 GiB 
layer-sha256:7b9be9eb4297c96c698f5bcdc5a885e322fe6817fc511afc7b09799cfa9d6886:    downloading    |[32m+++++++++++++++++++[0m-------------------| 774.0 Mi/1.5 GiB 
layer-sha256:4738c92e4322db8a8bd534eab5bb762acc4a19df4bb96dbb3f5ef3ef77963f0f:    downloading    |[32m+++++++++++++++++++++[0m-----------------| 879.0 Mi/1.5 GiB 
layer-sha256:dfc90b51dbfaca11daa5562dadaef30c0d48125494e5211a8bf63f4da84e3945:    done           |[32m++++++++++++++++++++++++++++++++++++++[0m| 
layer-sha256:f69f10a900dbee5e29001282c43abef608a5528e1c64d1e29a48bb1da441fe6e:    downloading    |[32m++++++++++++++++++++++[0m----------------| 891.0 Mi/1.5 GiB 
layer-sha256:9f45c515d089d32a0760f312e9f5ce2f981ddcebae6136c141414e8e53081413:    downloading    |[32m+++++++++++++++[0m-----------------------| 822.0 Mi/2.0 GiB 
layer-sha256:ae5ac74cdbd9a821bf37a75fd5dd70c83d17c173c1d4de3ac17e58e43198f988:    downloading    |[32m+++++++++++++++[0m-----------------------| 830.0 Mi/2.0 GiB 
layer-sha256:ae19d20d2fa6efc21aec50f6587d04a4c9ec9f4b43b5879baf4de03fa219c523:    downloading    |[32m++++++++++++++++[0m----------------------| 876.0 Mi/2.0 GiB 
elapsed: 6.3 s                                                                    total:  6.6 Gi (1.0 GiB/s)                                       
172.31.67.78:5000/model-ballast:B-14g:                                            resolved       |[32m++++++++++++++++++++++++++++++++++++++[0m| 
index-sha256:c39e2205f87b997d16ca3c252f0a9b6a707dd0bdbe178e3d0eb13f9633d84cc2:    done           |[32m++++++++++++++++++++++++++++++++++++++[0m| 
manifest-sha256:d57ca3414327bce6dabd46ea9ab71afc31aab5bff26208abe8589742c7c184d1: done           |[32m++++++++++++++++++++++++++++++++++++++[0m| 
manifest-sha256:0bf2f4ab1dec7aec500c0ddce00938c939819314daef83c5149e1acb7daf02ad: done           |[32m++++++++++++++++++++++++++++++++++++++[0m| 
layer-sha256:034d6572bf287fa79604fee9be062f0683809ae3a3685bc7b0e17bd1c48c50e8:    exists         |[32m++++++++++++++++++++++++++++++++++++++[0m| 
config-sha256:289bbe53944238bc5ba75ce18f6f7da47babdff9fd29aa9e989ec16d3680d022:   done           |[32m++++++++++++++++++++++++++++++++++++++[0m| 
layer-sha256:50f8c1b424f1f26e8e279fcfb5e3af1d2e8a7c1494f08744bb4bcbdab285f3d4:    downloading    |[32m++++++++++++++++[0m----------------------| 865.0 Mi/2.0 GiB 
layer-sha256:dd482d345ef78a72e54dc96c818ad2ec5d6c318e392e07029816546a3089ee77:    downloading    |[32m+++++++++++++++++++++[0m-----------------| 863.0 Mi/1.5 GiB 
layer-sha256:7b9be9eb4297c96c698f5bcdc5a885e322fe6817fc511afc7b09799cfa9d6886:    downloading    |[32m+++++++++++++++++++[0m-------------------| 787.0 Mi/1.5 GiB 
layer-sha256:4738c92e4322db8a8bd534eab5bb762acc4a19df4bb96dbb3f5ef3ef77963f0f:    downloading    |[32m++++++++++++++++++++++[0m----------------| 892.0 Mi/1.5 GiB 
layer-sha256:dfc90b51dbfaca11daa5562dadaef30c0d48125494e5211a8bf63f4da84e3945:    done           |[32m++++++++++++++++++++++++++++++++++++++[0m| 
layer-sha256:f69f10a900dbee5e29001282c43abef608a5528e1c64d1e29a48bb1da441fe6e:    downloading    |[32m++++++++++++++++++++++[0m----------------| 903.0 Mi/1.5 GiB 
layer-sha256:9f45c515d089d32a0760f312e9f5ce2f981ddcebae6136c141414e8e53081413:    downloading    |[32m+++++++++++++++[0m-----------------------| 836.0 Mi/2.0 GiB 
layer-sha256:ae5ac74cdbd9a821bf37a75fd5dd70c83d17c173c1d4de3ac17e58e43198f988:    downloading    |[32m+++++++++++++++[0m-----------------------| 845.0 Mi/2.0 GiB 
layer-sha256:ae19d20d2fa6efc21aec50f6587d04a4c9ec9f4b43b5879baf4de03fa219c523:    downloading    |[32m++++++++++++++++[0m----------------------| 890.0 Mi/2.0 GiB 
elapsed: 6.4 s                                                                    total:  6.7 Gi (1.0 GiB/s)                                       
172.31.67.78:5000/model-ballast:B-14g:                                            resolved       |[32m++++++++++++++++++++++++++++++++++++++[0m| 
index-sha256:c39e2205f87b997d16ca3c252f0a9b6a707dd0bdbe178e3d0eb13f9633d84cc2:    done           |[32m++++++++++++++++++++++++++++++++++++++[0m| 
manifest-sha256:d57ca3414327bce6dabd46ea9ab71afc31aab5bff26208abe8589742c7c184d1: done           |[32m++++++++++++++++++++++++++++++++++++++[0m| 
manifest-sha256:0bf2f4ab1dec7aec500c0ddce00938c939819314daef83c5149e1acb7daf02ad: done           |[32m++++++++++++++++++++++++++++++++++++++[0m| 
layer-sha256:034d6572bf287fa79604fee9be062f0683809ae3a3685bc7b0e17bd1c48c50e8:    exists         |[32m++++++++++++++++++++++++++++++++++++++[0m| 
config-sha256:289bbe53944238bc5ba75ce18f6f7da47babdff9fd29aa9e989ec16d3680d022:   done           |[32m++++++++++++++++++++++++++++++++++++++[0m| 
layer-sha256:50f8c1b424f1f26e8e279fcfb5e3af1d2e8a7c1494f08744bb4bcbdab285f3d4:    downloading    |[32m++++++++++++++++[0m----------------------| 878.0 Mi/2.0 GiB 
layer-sha256:dd482d345ef78a72e54dc96c818ad2ec5d6c318e392e07029816546a3089ee77:    downloading    |[32m+++++++++++++++++++++[0m-----------------| 876.0 Mi/1.5 GiB 
layer-sha256:7b9be9eb4297c96c698f5bcdc5a885e322fe6817fc511afc7b09799cfa9d6886:    downloading    |[32m+++++++++++++++++++[0m-------------------| 801.0 Mi/1.5 GiB 
layer-sha256:4738c92e4322db8a8bd534eab5bb762acc4a19df4bb96dbb3f5ef3ef77963f0f:    downloading    |[32m++++++++++++++++++++++[0m----------------| 904.0 Mi/1.5 GiB 
layer-sha256:dfc90b51dbfaca11daa5562dadaef30c0d48125494e5211a8bf63f4da84e3945:    done           |[32m++++++++++++++++++++++++++++++++++++++[0m| 
layer-sha256:f69f10a900dbee5e29001282c43abef608a5528e1c64d1e29a48bb1da441fe6e:    downloading    |[32m++++++++++++++++++++++[0m----------------| 916.0 Mi/1.5 GiB 
layer-sha256:9f45c515d089d32a0760f312e9f5ce2f981ddcebae6136c141414e8e53081413:    downloading    |[32m+++++++++++++++[0m-----------------------| 848.0 Mi/2.0 GiB 
layer-sha256:ae5ac74cdbd9a821bf37a75fd5dd70c83d17c173c1d4de3ac17e58e43198f988:    downloading    |[32m+++++++++++++++[0m-----------------------| 860.0 Mi/2.0 GiB 
layer-sha256:ae19d20d2fa6efc21aec50f6587d04a4c9ec9f4b43b5879baf4de03fa219c523:    downloading    |[32m++++++++++++++++[0m----------------------| 904.0 Mi/2.0 GiB 
elapsed: 6.5 s                                                                    total:  6.8 Gi (1.0 GiB/s)                                       
172.31.67.78:5000/model-ballast:B-14g:                                            resolved       |[32m++++++++++++++++++++++++++++++++++++++[0m| 
index-sha256:c39e2205f87b997d16ca3c252f0a9b6a707dd0bdbe178e3d0eb13f9633d84cc2:    done           |[32m++++++++++++++++++++++++++++++++++++++[0m| 
manifest-sha256:d57ca3414327bce6dabd46ea9ab71afc31aab5bff26208abe8589742c7c184d1: done           |[32m++++++++++++++++++++++++++++++++++++++[0m| 
manifest-sha256:0bf2f4ab1dec7aec500c0ddce00938c939819314daef83c5149e1acb7daf02ad: done           |[32m++++++++++++++++++++++++++++++++++++++[0m| 
layer-sha256:034d6572bf287fa79604fee9be062f0683809ae3a3685bc7b0e17bd1c48c50e8:    exists         |[32m++++++++++++++++++++++++++++++++++++++[0m| 
config-sha256:289bbe53944238bc5ba75ce18f6f7da47babdff9fd29aa9e989ec16d3680d022:   done           |[32m++++++++++++++++++++++++++++++++++++++[0m| 
layer-sha256:50f8c1b424f1f26e8e279fcfb5e3af1d2e8a7c1494f08744bb4bcbdab285f3d4:    downloading    |[32m++++++++++++++++[0m----------------------| 892.0 Mi/2.0 GiB 
layer-sha256:dd482d345ef78a72e54dc96c818ad2ec5d6c318e392e07029816546a3089ee77:    downloading    |[32m+++++++++++++++++++++[0m-----------------| 888.0 Mi/1.5 GiB 
layer-sha256:7b9be9eb4297c96c698f5bcdc5a885e322fe6817fc511afc7b09799cfa9d6886:    downloading    |[32m++++++++++++++++++++[0m------------------| 814.0 Mi/1.5 GiB 
layer-sha256:4738c92e4322db8a8bd534eab5bb762acc4a19df4bb96dbb3f5ef3ef77963f0f:    downloading    |[32m++++++++++++++++++++++[0m----------------| 918.0 Mi/1.5 GiB 
layer-sha256:dfc90b51dbfaca11daa5562dadaef30c0d48125494e5211a8bf63f4da84e3945:    done           |[32m++++++++++++++++++++++++++++++++++++++[0m| 
layer-sha256:f69f10a900dbee5e29001282c43abef608a5528e1c64d1e29a48bb1da441fe6e:    downloading    |[32m++++++++++++++++++++++[0m----------------| 928.0 Mi/1.5 GiB 
layer-sha256:9f45c515d089d32a0760f312e9f5ce2f981ddcebae6136c141414e8e53081413:    downloading    |[32m+++++++++++++++[0m-----------------------| 862.0 Mi/2.0 GiB 
layer-sha256:ae5ac74cdbd9a821bf37a75fd5dd70c83d17c173c1d4de3ac17e58e43198f988:    downloading    |[32m++++++++++++++++[0m----------------------| 871.0 Mi/2.0 GiB 
layer-sha256:ae19d20d2fa6efc21aec50f6587d04a4c9ec9f4b43b5879baf4de03fa219c523:    downloading    |[32m++++++++++++++++[0m----------------------| 916.0 Mi/2.0 GiB 
elapsed: 6.6 s                                                                    total:  6.9 Gi (1.0 GiB/s)                                       
172.31.67.78:5000/model-ballast:B-14g:                                            resolved       |[32m++++++++++++++++++++++++++++++++++++++[0m| 
index-sha256:c39e2205f87b997d16ca3c252f0a9b6a707dd0bdbe178e3d0eb13f9633d84cc2:    done           |[32m++++++++++++++++++++++++++++++++++++++[0m| 
manifest-sha256:d57ca3414327bce6dabd46ea9ab71afc31aab5bff26208abe8589742c7c184d1: done           |[32m++++++++++++++++++++++++++++++++++++++[0m| 
manifest-sha256:0bf2f4ab1dec7aec500c0ddce00938c939819314daef83c5149e1acb7daf02ad: done           |[32m++++++++++++++++++++++++++++++++++++++[0m| 
layer-sha256:034d6572bf287fa79604fee9be062f0683809ae3a3685bc7b0e17bd1c48c50e8:    exists         |[32m++++++++++++++++++++++++++++++++++++++[0m| 
config-sha256:289bbe53944238bc5ba75ce18f6f7da47babdff9fd29aa9e989ec16d3680d022:   done           |[32m++++++++++++++++++++++++++++++++++++++[0m| 
layer-sha256:50f8c1b424f1f26e8e279fcfb5e3af1d2e8a7c1494f08744bb4bcbdab285f3d4:    downloading    |[32m++++++++++++++++[0m----------------------| 906.0 Mi/2.0 GiB 
layer-sha256:dd482d345ef78a72e54dc96c818ad2ec5d6c318e392e07029816546a3089ee77:    downloading    |[32m++++++++++++++++++++++[0m----------------| 902.0 Mi/1.5 GiB 
layer-sha256:7b9be9eb4297c96c698f5bcdc5a885e322fe6817fc511afc7b09799cfa9d6886:    downloading    |[32m++++++++++++++++++++[0m------------------| 828.0 Mi/1.5 GiB 
layer-sha256:4738c92e4322db8a8bd534eab5bb762acc4a19df4bb96dbb3f5ef3ef77963f0f:    downloading    |[32m+++++++++++++++++++++++[0m---------------| 931.0 Mi/1.5 GiB 
layer-sha256:dfc90b51dbfaca11daa5562dadaef30c0d48125494e5211a8bf63f4da84e3945:    done           |[32m++++++++++++++++++++++++++++++++++++++[0m| 
layer-sha256:f69f10a900dbee5e29001282c43abef608a5528e1c64d1e29a48bb1da441fe6e:    downloading    |[32m+++++++++++++++++++++++[0m---------------| 941.0 Mi/1.5 GiB 
layer-sha256:9f45c515d089d32a0760f312e9f5ce2f981ddcebae6136c141414e8e53081413:    downloading    |[32m++++++++++++++++[0m----------------------| 875.0 Mi/2.0 GiB 
layer-sha256:ae5ac74cdbd9a821bf37a75fd5dd70c83d17c173c1d4de3ac17e58e43198f988:    downloading    |[32m++++++++++++++++[0m----------------------| 885.0 Mi/2.0 GiB 
layer-sha256:ae19d20d2fa6efc21aec50f6587d04a4c9ec9f4b43b5879baf4de03fa219c523:    downloading    |[32m+++++++++++++++++[0m---------------------| 929.0 Mi/2.0 GiB 
elapsed: 6.7 s                                                                    total:  7.0 Gi (1.0 GiB/s)                                       
172.31.67.78:5000/model-ballast:B-14g:                                            resolved       |[32m++++++++++++++++++++++++++++++++++++++[0m| 
index-sha256:c39e2205f87b997d16ca3c252f0a9b6a707dd0bdbe178e3d0eb13f9633d84cc2:    done           |[32m++++++++++++++++++++++++++++++++++++++[0m| 
manifest-sha256:d57ca3414327bce6dabd46ea9ab71afc31aab5bff26208abe8589742c7c184d1: done           |[32m++++++++++++++++++++++++++++++++++++++[0m| 
manifest-sha256:0bf2f4ab1dec7aec500c0ddce00938c939819314daef83c5149e1acb7daf02ad: done           |[32m++++++++++++++++++++++++++++++++++++++[0m| 
layer-sha256:034d6572bf287fa79604fee9be062f0683809ae3a3685bc7b0e17bd1c48c50e8:    exists         |[32m++++++++++++++++++++++++++++++++++++++[0m| 
config-sha256:289bbe53944238bc5ba75ce18f6f7da47babdff9fd29aa9e989ec16d3680d022:   done           |[32m++++++++++++++++++++++++++++++++++++++[0m| 
layer-sha256:50f8c1b424f1f26e8e279fcfb5e3af1d2e8a7c1494f08744bb4bcbdab285f3d4:    downloading    |[32m+++++++++++++++++[0m---------------------| 919.0 Mi/2.0 GiB 
layer-sha256:dd482d345ef78a72e54dc96c818ad2ec5d6c318e392e07029816546a3089ee77:    downloading    |[32m++++++++++++++++++++++[0m----------------| 915.0 Mi/1.5 GiB 
layer-sha256:7b9be9eb4297c96c698f5bcdc5a885e322fe6817fc511afc7b09799cfa9d6886:    downloading    |[32m++++++++++++++++++++[0m------------------| 840.0 Mi/1.5 GiB 
layer-sha256:4738c92e4322db8a8bd534eab5bb762acc4a19df4bb96dbb3f5ef3ef77963f0f:    downloading    |[32m+++++++++++++++++++++++[0m---------------| 944.0 Mi/1.5 GiB 
layer-sha256:dfc90b51dbfaca11daa5562dadaef30c0d48125494e5211a8bf63f4da84e3945:    done           |[32m++++++++++++++++++++++++++++++++++++++[0m| 
layer-sha256:f69f10a900dbee5e29001282c43abef608a5528e1c64d1e29a48bb1da441fe6e:    downloading    |[32m+++++++++++++++++++++++[0m---------------| 953.0 Mi/1.5 GiB 
layer-sha256:9f45c515d089d32a0760f312e9f5ce2f981ddcebae6136c141414e8e53081413:    downloading    |[32m++++++++++++++++[0m----------------------| 889.0 Mi/2.0 GiB 
layer-sha256:ae5ac74cdbd9a821bf37a75fd5dd70c83d17c173c1d4de3ac17e58e43198f988:    downloading    |[32m++++++++++++++++[0m----------------------| 898.0 Mi/2.0 GiB 
layer-sha256:ae19d20d2fa6efc21aec50f6587d04a4c9ec9f4b43b5879baf4de03fa219c523:    downloading    |[32m+++++++++++++++++[0m---------------------| 942.0 Mi/2.0 GiB 
elapsed: 6.8 s                                                                    total:  7.1 Gi (1.0 GiB/s)                                       
172.31.67.78:5000/model-ballast:B-14g:                                            resolved       |[32m++++++++++++++++++++++++++++++++++++++[0m| 
index-sha256:c39e2205f87b997d16ca3c252f0a9b6a707dd0bdbe178e3d0eb13f9633d84cc2:    done           |[32m++++++++++++++++++++++++++++++++++++++[0m| 
manifest-sha256:d57ca3414327bce6dabd46ea9ab71afc31aab5bff26208abe8589742c7c184d1: done           |[32m++++++++++++++++++++++++++++++++++++++[0m| 
manifest-sha256:0bf2f4ab1dec7aec500c0ddce00938c939819314daef83c5149e1acb7daf02ad: done           |[32m++++++++++++++++++++++++++++++++++++++[0m| 
layer-sha256:034d6572bf287fa79604fee9be062f0683809ae3a3685bc7b0e17bd1c48c50e8:    exists         |[32m++++++++++++++++++++++++++++++++++++++[0m| 
config-sha256:289bbe53944238bc5ba75ce18f6f7da47babdff9fd29aa9e989ec16d3680d022:   done           |[32m++++++++++++++++++++++++++++++++++++++[0m| 
layer-sha256:50f8c1b424f1f26e8e279fcfb5e3af1d2e8a7c1494f08744bb4bcbdab285f3d4:    downloading    |[32m+++++++++++++++++[0m---------------------| 930.0 Mi/2.0 GiB 
layer-sha256:dd482d345ef78a72e54dc96c818ad2ec5d6c318e392e07029816546a3089ee77:    downloading    |[32m++++++++++++++++++++++[0m----------------| 925.0 Mi/1.5 GiB 
layer-sha256:7b9be9eb4297c96c698f5bcdc5a885e322fe6817fc511afc7b09799cfa9d6886:    downloading    |[32m+++++++++++++++++++++[0m-----------------| 850.0 Mi/1.5 GiB 
layer-sha256:4738c92e4322db8a8bd534eab5bb762acc4a19df4bb96dbb3f5ef3ef77963f0f:    downloading    |[32m+++++++++++++++++++++++[0m---------------| 955.0 Mi/1.5 GiB 
layer-sha256:dfc90b51dbfaca11daa5562dadaef30c0d48125494e5211a8bf63f4da84e3945:    done           |[32m++++++++++++++++++++++++++++++++++++++[0m| 
layer-sha256:f69f10a900dbee5e29001282c43abef608a5528e1c64d1e29a48bb1da441fe6e:    downloading    |[32m+++++++++++++++++++++++[0m---------------| 966.0 Mi/1.5 GiB 
layer-sha256:9f45c515d089d32a0760f312e9f5ce2f981ddcebae6136c141414e8e53081413:    downloading    |[32m++++++++++++++++[0m----------------------| 899.0 Mi/2.0 GiB 
layer-sha256:ae5ac74cdbd9a821bf37a75fd5dd70c83d17c173c1d4de3ac17e58e43198f988:    downloading    |[32m++++++++++++++++[0m----------------------| 909.0 Mi/2.0 GiB 
layer-sha256:ae19d20d2fa6efc21aec50f6587d04a4c9ec9f4b43b5879baf4de03fa219c523:    downloading    |[32m+++++++++++++++++[0m---------------------| 954.0 Mi/2.0 GiB 
elapsed: 6.9 s                                                                    total:  7.2 Gi (1.0 GiB/s)                                       
172.31.67.78:5000/model-ballast:B-14g:                                            resolved       |[32m++++++++++++++++++++++++++++++++++++++[0m| 
index-sha256:c39e2205f87b997d16ca3c252f0a9b6a707dd0bdbe178e3d0eb13f9633d84cc2:    done           |[32m++++++++++++++++++++++++++++++++++++++[0m| 
manifest-sha256:d57ca3414327bce6dabd46ea9ab71afc31aab5bff26208abe8589742c7c184d1: done           |[32m++++++++++++++++++++++++++++++++++++++[0m| 
manifest-sha256:0bf2f4ab1dec7aec500c0ddce00938c939819314daef83c5149e1acb7daf02ad: done           |[32m++++++++++++++++++++++++++++++++++++++[0m| 
layer-sha256:034d6572bf287fa79604fee9be062f0683809ae3a3685bc7b0e17bd1c48c50e8:    exists         |[32m++++++++++++++++++++++++++++++++++++++[0m| 
config-sha256:289bbe53944238bc5ba75ce18f6f7da47babdff9fd29aa9e989ec16d3680d022:   done           |[32m++++++++++++++++++++++++++++++++++++++[0m| 
layer-sha256:50f8c1b424f1f26e8e279fcfb5e3af1d2e8a7c1494f08744bb4bcbdab285f3d4:    downloading    |[32m+++++++++++++++++[0m---------------------| 943.0 Mi/2.0 GiB 
layer-sha256:dd482d345ef78a72e54dc96c818ad2ec5d6c318e392e07029816546a3089ee77:    downloading    |[32m+++++++++++++++++++++++[0m---------------| 938.0 Mi/1.5 GiB 
layer-sha256:7b9be9eb4297c96c698f5bcdc5a885e322fe6817fc511afc7b09799cfa9d6886:    downloading    |[32m+++++++++++++++++++++[0m-----------------| 862.0 Mi/1.5 GiB 
layer-sha256:4738c92e4322db8a8bd534eab5bb762acc4a19df4bb96dbb3f5ef3ef77963f0f:    downloading    |[32m+++++++++++++++++++++++[0m---------------| 967.0 Mi/1.5 GiB 
layer-sha256:dfc90b51dbfaca11daa5562dadaef30c0d48125494e5211a8bf63f4da84e3945:    done           |[32m++++++++++++++++++++++++++++++++++++++[0m| 
layer-sha256:f69f10a900dbee5e29001282c43abef608a5528e1c64d1e29a48bb1da441fe6e:    downloading    |[32m++++++++++++++++++++++++[0m--------------| 979.0 Mi/1.5 GiB 
layer-sha256:9f45c515d089d32a0760f312e9f5ce2f981ddcebae6136c141414e8e53081413:    downloading    |[32m++++++++++++++++[0m----------------------| 912.0 Mi/2.0 GiB 
layer-sha256:ae5ac74cdbd9a821bf37a75fd5dd70c83d17c173c1d4de3ac17e58e43198f988:    downloading    |[32m+++++++++++++++++[0m---------------------| 922.0 Mi/2.0 GiB 
layer-sha256:ae19d20d2fa6efc21aec50f6587d04a4c9ec9f4b43b5879baf4de03fa219c523:    downloading    |[32m+++++++++++++++++[0m---------------------| 967.0 Mi/2.0 GiB 
elapsed: 7.0 s                                                                    total:  7.3 Gi (1.0 GiB/s)                                       
172.31.67.78:5000/model-ballast:B-14g:                                            resolved       |[32m++++++++++++++++++++++++++++++++++++++[0m| 
index-sha256:c39e2205f87b997d16ca3c252f0a9b6a707dd0bdbe178e3d0eb13f9633d84cc2:    done           |[32m++++++++++++++++++++++++++++++++++++++[0m| 
manifest-sha256:d57ca3414327bce6dabd46ea9ab71afc31aab5bff26208abe8589742c7c184d1: done           |[32m++++++++++++++++++++++++++++++++++++++[0m| 
manifest-sha256:0bf2f4ab1dec7aec500c0ddce00938c939819314daef83c5149e1acb7daf02ad: done           |[32m++++++++++++++++++++++++++++++++++++++[0m| 
layer-sha256:034d6572bf287fa79604fee9be062f0683809ae3a3685bc7b0e17bd1c48c50e8:    exists         |[32m++++++++++++++++++++++++++++++++++++++[0m| 
config-sha256:289bbe53944238bc5ba75ce18f6f7da47babdff9fd29aa9e989ec16d3680d022:   done           |[32m++++++++++++++++++++++++++++++++++++++[0m| 
layer-sha256:50f8c1b424f1f26e8e279fcfb5e3af1d2e8a7c1494f08744bb4bcbdab285f3d4:    downloading    |[32m+++++++++++++++++[0m---------------------| 956.0 Mi/2.0 GiB 
layer-sha256:dd482d345ef78a72e54dc96c818ad2ec5d6c318e392e07029816546a3089ee77:    downloading    |[32m+++++++++++++++++++++++[0m---------------| 951.0 Mi/1.5 GiB 
layer-sha256:7b9be9eb4297c96c698f5bcdc5a885e322fe6817fc511afc7b09799cfa9d6886:    downloading    |[32m+++++++++++++++++++++[0m-----------------| 876.0 Mi/1.5 GiB 
layer-sha256:4738c92e4322db8a8bd534eab5bb762acc4a19df4bb96dbb3f5ef3ef77963f0f:    downloading    |[32m++++++++++++++++++++++++[0m--------------| 980.0 Mi/1.5 GiB 
layer-sha256:dfc90b51dbfaca11daa5562dadaef30c0d48125494e5211a8bf63f4da84e3945:    done           |[32m++++++++++++++++++++++++++++++++++++++[0m| 
layer-sha256:f69f10a900dbee5e29001282c43abef608a5528e1c64d1e29a48bb1da441fe6e:    downloading    |[32m++++++++++++++++++++++++[0m--------------| 993.0 Mi/1.5 GiB 
layer-sha256:9f45c515d089d32a0760f312e9f5ce2f981ddcebae6136c141414e8e53081413:    downloading    |[32m+++++++++++++++++[0m---------------------| 923.0 Mi/2.0 GiB 
layer-sha256:ae5ac74cdbd9a821bf37a75fd5dd70c83d17c173c1d4de3ac17e58e43198f988:    downloading    |[32m+++++++++++++++++[0m---------------------| 936.0 Mi/2.0 GiB 
layer-sha256:ae19d20d2fa6efc21aec50f6587d04a4c9ec9f4b43b5879baf4de03fa219c523:    downloading    |[32m++++++++++++++++++[0m--------------------| 981.0 Mi/2.0 GiB 
elapsed: 7.1 s                                                                    total:  7.4 Gi (1.0 GiB/s)                                       
172.31.67.78:5000/model-ballast:B-14g:                                            resolved       |[32m++++++++++++++++++++++++++++++++++++++[0m| 
index-sha256:c39e2205f87b997d16ca3c252f0a9b6a707dd0bdbe178e3d0eb13f9633d84cc2:    done           |[32m++++++++++++++++++++++++++++++++++++++[0m| 
manifest-sha256:d57ca3414327bce6dabd46ea9ab71afc31aab5bff26208abe8589742c7c184d1: done           |[32m++++++++++++++++++++++++++++++++++++++[0m| 
manifest-sha256:0bf2f4ab1dec7aec500c0ddce00938c939819314daef83c5149e1acb7daf02ad: done           |[32m++++++++++++++++++++++++++++++++++++++[0m| 
layer-sha256:034d6572bf287fa79604fee9be062f0683809ae3a3685bc7b0e17bd1c48c50e8:    exists         |[32m++++++++++++++++++++++++++++++++++++++[0m| 
config-sha256:289bbe53944238bc5ba75ce18f6f7da47babdff9fd29aa9e989ec16d3680d022:   done           |[32m++++++++++++++++++++++++++++++++++++++[0m| 
layer-sha256:50f8c1b424f1f26e8e279fcfb5e3af1d2e8a7c1494f08744bb4bcbdab285f3d4:    downloading    |[32m+++++++++++++++++[0m---------------------| 969.0 Mi/2.0 GiB 
layer-sha256:dd482d345ef78a72e54dc96c818ad2ec5d6c318e392e07029816546a3089ee77:    downloading    |[32m+++++++++++++++++++++++[0m---------------| 963.0 Mi/1.5 GiB 
layer-sha256:7b9be9eb4297c96c698f5bcdc5a885e322fe6817fc511afc7b09799cfa9d6886:    downloading    |[32m+++++++++++++++++++++[0m-----------------| 889.0 Mi/1.5 GiB 
layer-sha256:4738c92e4322db8a8bd534eab5bb762acc4a19df4bb96dbb3f5ef3ef77963f0f:    downloading    |[32m++++++++++++++++++++++++[0m--------------| 993.0 Mi/1.5 GiB 
layer-sha256:dfc90b51dbfaca11daa5562dadaef30c0d48125494e5211a8bf63f4da84e3945:    done           |[32m++++++++++++++++++++++++++++++++++++++[0m| 
layer-sha256:f69f10a900dbee5e29001282c43abef608a5528e1c64d1e29a48bb1da441fe6e:    downloading    |[32m++++++++++++++++++++++++[0m--------------| 1006.0 M/1.5 GiB 
layer-sha256:9f45c515d089d32a0760f312e9f5ce2f981ddcebae6136c141414e8e53081413:    downloading    |[32m+++++++++++++++++[0m---------------------| 936.0 Mi/2.0 GiB 
layer-sha256:ae5ac74cdbd9a821bf37a75fd5dd70c83d17c173c1d4de3ac17e58e43198f988:    downloading    |[32m+++++++++++++++++[0m---------------------| 948.0 Mi/2.0 GiB 
layer-sha256:ae19d20d2fa6efc21aec50f6587d04a4c9ec9f4b43b5879baf4de03fa219c523:    downloading    |[32m++++++++++++++++++[0m--------------------| 995.0 Mi/2.0 GiB 
elapsed: 7.2 s                                                                    total:  7.5 Gi (1.0 GiB/s)                                       
172.31.67.78:5000/model-ballast:B-14g:                                            resolved       |[32m++++++++++++++++++++++++++++++++++++++[0m| 
index-sha256:c39e2205f87b997d16ca3c252f0a9b6a707dd0bdbe178e3d0eb13f9633d84cc2:    done           |[32m++++++++++++++++++++++++++++++++++++++[0m| 
manifest-sha256:d57ca3414327bce6dabd46ea9ab71afc31aab5bff26208abe8589742c7c184d1: done           |[32m++++++++++++++++++++++++++++++++++++++[0m| 
manifest-sha256:0bf2f4ab1dec7aec500c0ddce00938c939819314daef83c5149e1acb7daf02ad: done           |[32m++++++++++++++++++++++++++++++++++++++[0m| 
layer-sha256:034d6572bf287fa79604fee9be062f0683809ae3a3685bc7b0e17bd1c48c50e8:    exists         |[32m++++++++++++++++++++++++++++++++++++++[0m| 
config-sha256:289bbe53944238bc5ba75ce18f6f7da47babdff9fd29aa9e989ec16d3680d022:   done           |[32m++++++++++++++++++++++++++++++++++++++[0m| 
layer-sha256:50f8c1b424f1f26e8e279fcfb5e3af1d2e8a7c1494f08744bb4bcbdab285f3d4:    downloading    |[32m++++++++++++++++++[0m--------------------| 981.0 Mi/2.0 GiB 
layer-sha256:dd482d345ef78a72e54dc96c818ad2ec5d6c318e392e07029816546a3089ee77:    downloading    |[32m++++++++++++++++++++++++[0m--------------| 973.0 Mi/1.5 GiB 
layer-sha256:7b9be9eb4297c96c698f5bcdc5a885e322fe6817fc511afc7b09799cfa9d6886:    downloading    |[32m++++++++++++++++++++++[0m----------------| 899.0 Mi/1.5 GiB 
layer-sha256:4738c92e4322db8a8bd534eab5bb762acc4a19df4bb96dbb3f5ef3ef77963f0f:    downloading    |[32m++++++++++++++++++++++++[0m--------------| 1003.0 M/1.5 GiB 
layer-sha256:dfc90b51dbfaca11daa5562dadaef30c0d48125494e5211a8bf63f4da84e3945:    done           |[32m++++++++++++++++++++++++++++++++++++++[0m| 
layer-sha256:f69f10a900dbee5e29001282c43abef608a5528e1c64d1e29a48bb1da441fe6e:    downloading    |[32m+++++++++++++++++++++++++[0m-------------| 1019.0 M/1.5 GiB 
layer-sha256:9f45c515d089d32a0760f312e9f5ce2f981ddcebae6136c141414e8e53081413:    downloading    |[32m+++++++++++++++++[0m---------------------| 947.0 Mi/2.0 GiB 
layer-sha256:ae5ac74cdbd9a821bf37a75fd5dd70c83d17c173c1d4de3ac17e58e43198f988:    downloading    |[32m+++++++++++++++++[0m---------------------| 960.0 Mi/2.0 GiB 
layer-sha256:ae19d20d2fa6efc21aec50f6587d04a4c9ec9f4b43b5879baf4de03fa219c523:    downloading    |[32m++++++++++++++++++[0m--------------------| 1009.0 M/2.0 GiB 
elapsed: 7.3 s                                                                    total:  7.6 Gi (1.0 GiB/s)                                       
172.31.67.78:5000/model-ballast:B-14g:                                            resolved       |[32m++++++++++++++++++++++++++++++++++++++[0m| 
index-sha256:c39e2205f87b997d16ca3c252f0a9b6a707dd0bdbe178e3d0eb13f9633d84cc2:    done           |[32m++++++++++++++++++++++++++++++++++++++[0m| 
manifest-sha256:d57ca3414327bce6dabd46ea9ab71afc31aab5bff26208abe8589742c7c184d1: done           |[32m++++++++++++++++++++++++++++++++++++++[0m| 
manifest-sha256:0bf2f4ab1dec7aec500c0ddce00938c939819314daef83c5149e1acb7daf02ad: done           |[32m++++++++++++++++++++++++++++++++++++++[0m| 
layer-sha256:034d6572bf287fa79604fee9be062f0683809ae3a3685bc7b0e17bd1c48c50e8:    exists         |[32m++++++++++++++++++++++++++++++++++++++[0m| 
config-sha256:289bbe53944238bc5ba75ce18f6f7da47babdff9fd29aa9e989ec16d3680d022:   done           |[32m++++++++++++++++++++++++++++++++++++++[0m| 
layer-sha256:50f8c1b424f1f26e8e279fcfb5e3af1d2e8a7c1494f08744bb4bcbdab285f3d4:    downloading    |[32m++++++++++++++++++[0m--------------------| 992.0 Mi/2.0 GiB 
layer-sha256:dd482d345ef78a72e54dc96c818ad2ec5d6c318e392e07029816546a3089ee77:    downloading    |[32m++++++++++++++++++++++++[0m--------------| 984.0 Mi/1.5 GiB 
layer-sha256:7b9be9eb4297c96c698f5bcdc5a885e322fe6817fc511afc7b09799cfa9d6886:    downloading    |[32m++++++++++++++++++++++[0m----------------| 911.0 Mi/1.5 GiB 
layer-sha256:4738c92e4322db8a8bd534eab5bb762acc4a19df4bb96dbb3f5ef3ef77963f0f:    downloading    |[32m+++++++++++++++++++++++++[0m-------------| 1014.0 M/1.5 GiB 
layer-sha256:dfc90b51dbfaca11daa5562dadaef30c0d48125494e5211a8bf63f4da84e3945:    done           |[32m++++++++++++++++++++++++++++++++++++++[0m| 
layer-sha256:f69f10a900dbee5e29001282c43abef608a5528e1c64d1e29a48bb1da441fe6e:    downloading    |[32m+++++++++++++++++++++++++[0m-------------|  1.0 GiB/1.5 GiB 
layer-sha256:9f45c515d089d32a0760f312e9f5ce2f981ddcebae6136c141414e8e53081413:    downloading    |[32m+++++++++++++++++[0m---------------------| 958.0 Mi/2.0 GiB 
layer-sha256:ae5ac74cdbd9a821bf37a75fd5dd70c83d17c173c1d4de3ac17e58e43198f988:    downloading    |[32m++++++++++++++++++[0m--------------------| 973.0 Mi/2.0 GiB 
layer-sha256:ae19d20d2fa6efc21aec50f6587d04a4c9ec9f4b43b5879baf4de03fa219c523:    downloading    |[32m++++++++++++++++++[0m--------------------| 1022.0 M/2.0 GiB 
elapsed: 7.4 s                                                                    total:  7.7 Gi (1.0 GiB/s)                                       
172.31.67.78:5000/model-ballast:B-14g:                                            resolved       |[32m++++++++++++++++++++++++++++++++++++++[0m| 
index-sha256:c39e2205f87b997d16ca3c252f0a9b6a707dd0bdbe178e3d0eb13f9633d84cc2:    done           |[32m++++++++++++++++++++++++++++++++++++++[0m| 
manifest-sha256:d57ca3414327bce6dabd46ea9ab71afc31aab5bff26208abe8589742c7c184d1: done           |[32m++++++++++++++++++++++++++++++++++++++[0m| 
manifest-sha256:0bf2f4ab1dec7aec500c0ddce00938c939819314daef83c5149e1acb7daf02ad: done           |[32m++++++++++++++++++++++++++++++++++++++[0m| 
layer-sha256:034d6572bf287fa79604fee9be062f0683809ae3a3685bc7b0e17bd1c48c50e8:    exists         |[32m++++++++++++++++++++++++++++++++++++++[0m| 
config-sha256:289bbe53944238bc5ba75ce18f6f7da47babdff9fd29aa9e989ec16d3680d022:   done           |[32m++++++++++++++++++++++++++++++++++++++[0m| 
layer-sha256:50f8c1b424f1f26e8e279fcfb5e3af1d2e8a7c1494f08744bb4bcbdab285f3d4:    downloading    |[32m++++++++++++++++++[0m--------------------| 1003.0 M/2.0 GiB 
layer-sha256:dd482d345ef78a72e54dc96c818ad2ec5d6c318e392e07029816546a3089ee77:    downloading    |[32m++++++++++++++++++++++++[0m--------------| 995.0 Mi/1.5 GiB 
layer-sha256:7b9be9eb4297c96c698f5bcdc5a885e322fe6817fc511afc7b09799cfa9d6886:    downloading    |[32m++++++++++++++++++++++[0m----------------| 923.0 Mi/1.5 GiB 
layer-sha256:4738c92e4322db8a8bd534eab5bb762acc4a19df4bb96dbb3f5ef3ef77963f0f:    downloading    |[32m+++++++++++++++++++++++++[0m-------------|  1.0 GiB/1.5 GiB 
layer-sha256:dfc90b51dbfaca11daa5562dadaef30c0d48125494e5211a8bf63f4da84e3945:    done           |[32m++++++++++++++++++++++++++++++++++++++[0m| 
layer-sha256:f69f10a900dbee5e29001282c43abef608a5528e1c64d1e29a48bb1da441fe6e:    downloading    |[32m+++++++++++++++++++++++++[0m-------------|  1.0 GiB/1.5 GiB 
layer-sha256:9f45c515d089d32a0760f312e9f5ce2f981ddcebae6136c141414e8e53081413:    downloading    |[32m+++++++++++++++++[0m---------------------| 970.0 Mi/2.0 GiB 
layer-sha256:ae5ac74cdbd9a821bf37a75fd5dd70c83d17c173c1d4de3ac17e58e43198f988:    downloading    |[32m++++++++++++++++++[0m--------------------| 984.0 Mi/2.0 GiB 
layer-sha256:ae19d20d2fa6efc21aec50f6587d04a4c9ec9f4b43b5879baf4de03fa219c523:    downloading    |[32m+++++++++++++++++++[0m-------------------|  1.0 GiB/2.0 GiB 
elapsed: 7.5 s                                                                    total:  7.8 Gi (1.0 GiB/s)                                       
172.31.67.78:5000/model-ballast:B-14g:                                            resolved       |[32m++++++++++++++++++++++++++++++++++++++[0m| 
index-sha256:c39e2205f87b997d16ca3c252f0a9b6a707dd0bdbe178e3d0eb13f9633d84cc2:    done           |[32m++++++++++++++++++++++++++++++++++++++[0m| 
manifest-sha256:d57ca3414327bce6dabd46ea9ab71afc31aab5bff26208abe8589742c7c184d1: done           |[32m++++++++++++++++++++++++++++++++++++++[0m| 
manifest-sha256:0bf2f4ab1dec7aec500c0ddce00938c939819314daef83c5149e1acb7daf02ad: done           |[32m++++++++++++++++++++++++++++++++++++++[0m| 
layer-sha256:034d6572bf287fa79604fee9be062f0683809ae3a3685bc7b0e17bd1c48c50e8:    exists         |[32m++++++++++++++++++++++++++++++++++++++[0m| 
config-sha256:289bbe53944238bc5ba75ce18f6f7da47babdff9fd29aa9e989ec16d3680d022:   done           |[32m++++++++++++++++++++++++++++++++++++++[0m| 
layer-sha256:50f8c1b424f1f26e8e279fcfb5e3af1d2e8a7c1494f08744bb4bcbdab285f3d4:    downloading    |[32m++++++++++++++++++[0m--------------------| 1015.0 M/2.0 GiB 
layer-sha256:dd482d345ef78a72e54dc96c818ad2ec5d6c318e392e07029816546a3089ee77:    downloading    |[32m++++++++++++++++++++++++[0m--------------| 1006.0 M/1.5 GiB 
layer-sha256:7b9be9eb4297c96c698f5bcdc5a885e322fe6817fc511afc7b09799cfa9d6886:    downloading    |[32m+++++++++++++++++++++++[0m---------------| 934.0 Mi/1.5 GiB 
layer-sha256:4738c92e4322db8a8bd534eab5bb762acc4a19df4bb96dbb3f5ef3ef77963f0f:    downloading    |[32m+++++++++++++++++++++++++[0m-------------|  1.0 GiB/1.5 GiB 
layer-sha256:dfc90b51dbfaca11daa5562dadaef30c0d48125494e5211a8bf63f4da84e3945:    done           |[32m++++++++++++++++++++++++++++++++++++++[0m| 
layer-sha256:f69f10a900dbee5e29001282c43abef608a5528e1c64d1e29a48bb1da441fe6e:    downloading    |[32m++++++++++++++++++++++++++[0m------------|  1.0 GiB/1.5 GiB 
layer-sha256:9f45c515d089d32a0760f312e9f5ce2f981ddcebae6136c141414e8e53081413:    downloading    |[32m++++++++++++++++++[0m--------------------| 982.0 Mi/2.0 GiB 
layer-sha256:ae5ac74cdbd9a821bf37a75fd5dd70c83d17c173c1d4de3ac17e58e43198f988:    downloading    |[32m++++++++++++++++++[0m--------------------| 995.0 Mi/2.0 GiB 
layer-sha256:ae19d20d2fa6efc21aec50f6587d04a4c9ec9f4b43b5879baf4de03fa219c523:    downloading    |[32m+++++++++++++++++++[0m-------------------|  1.0 GiB/2.0 GiB 
elapsed: 7.6 s                                                                    total:  7.9 Gi (1.0 GiB/s)                                       
172.31.67.78:5000/model-ballast:B-14g:                                            resolved       |[32m++++++++++++++++++++++++++++++++++++++[0m| 
index-sha256:c39e2205f87b997d16ca3c252f0a9b6a707dd0bdbe178e3d0eb13f9633d84cc2:    done           |[32m++++++++++++++++++++++++++++++++++++++[0m| 
manifest-sha256:d57ca3414327bce6dabd46ea9ab71afc31aab5bff26208abe8589742c7c184d1: done           |[32m++++++++++++++++++++++++++++++++++++++[0m| 
manifest-sha256:0bf2f4ab1dec7aec500c0ddce00938c939819314daef83c5149e1acb7daf02ad: done           |[32m++++++++++++++++++++++++++++++++++++++[0m| 
layer-sha256:034d6572bf287fa79604fee9be062f0683809ae3a3685bc7b0e17bd1c48c50e8:    exists         |[32m++++++++++++++++++++++++++++++++++++++[0m| 
config-sha256:289bbe53944238bc5ba75ce18f6f7da47babdff9fd29aa9e989ec16d3680d022:   done           |[32m++++++++++++++++++++++++++++++++++++++[0m| 
layer-sha256:50f8c1b424f1f26e8e279fcfb5e3af1d2e8a7c1494f08744bb4bcbdab285f3d4:    downloading    |[32m+++++++++++++++++++[0m-------------------|  1.0 GiB/2.0 GiB 
layer-sha256:dd482d345ef78a72e54dc96c818ad2ec5d6c318e392e07029816546a3089ee77:    downloading    |[32m+++++++++++++++++++++++++[0m-------------| 1020.0 M/1.5 GiB 
layer-sha256:7b9be9eb4297c96c698f5bcdc5a885e322fe6817fc511afc7b09799cfa9d6886:    downloading    |[32m+++++++++++++++++++++++[0m---------------| 947.0 Mi/1.5 GiB 
layer-sha256:4738c92e4322db8a8bd534eab5bb762acc4a19df4bb96dbb3f5ef3ef77963f0f:    downloading    |[32m+++++++++++++++++++++++++[0m-------------|  1.0 GiB/1.5 GiB 
layer-sha256:dfc90b51dbfaca11daa5562dadaef30c0d48125494e5211a8bf63f4da84e3945:    done           |[32m++++++++++++++++++++++++++++++++++++++[0m| 
layer-sha256:f69f10a900dbee5e29001282c43abef608a5528e1c64d1e29a48bb1da441fe6e:    downloading    |[32m++++++++++++++++++++++++++[0m------------|  1.0 GiB/1.5 GiB 
layer-sha256:9f45c515d089d32a0760f312e9f5ce2f981ddcebae6136c141414e8e53081413:    downloading    |[32m++++++++++++++++++[0m--------------------| 995.0 Mi/2.0 GiB 
layer-sha256:ae5ac74cdbd9a821bf37a75fd5dd70c83d17c173c1d4de3ac17e58e43198f988:    downloading    |[32m++++++++++++++++++[0m--------------------| 1007.0 M/2.0 GiB 
layer-sha256:ae19d20d2fa6efc21aec50f6587d04a4c9ec9f4b43b5879baf4de03fa219c523:    downloading    |[32m+++++++++++++++++++[0m-------------------|  1.0 GiB/2.0 GiB 
elapsed: 7.7 s                                                                    total:  8.0 Gi (1.0 GiB/s)                                       
172.31.67.78:5000/model-ballast:B-14g:                                            resolved       |[32m++++++++++++++++++++++++++++++++++++++[0m| 
index-sha256:c39e2205f87b997d16ca3c252f0a9b6a707dd0bdbe178e3d0eb13f9633d84cc2:    done           |[32m++++++++++++++++++++++++++++++++++++++[0m| 
manifest-sha256:d57ca3414327bce6dabd46ea9ab71afc31aab5bff26208abe8589742c7c184d1: done           |[32m++++++++++++++++++++++++++++++++++++++[0m| 
manifest-sha256:0bf2f4ab1dec7aec500c0ddce00938c939819314daef83c5149e1acb7daf02ad: done           |[32m++++++++++++++++++++++++++++++++++++++[0m| 
layer-sha256:034d6572bf287fa79604fee9be062f0683809ae3a3685bc7b0e17bd1c48c50e8:    exists         |[32m++++++++++++++++++++++++++++++++++++++[0m| 
config-sha256:289bbe53944238bc5ba75ce18f6f7da47babdff9fd29aa9e989ec16d3680d022:   done           |[32m++++++++++++++++++++++++++++++++++++++[0m| 
layer-sha256:50f8c1b424f1f26e8e279fcfb5e3af1d2e8a7c1494f08744bb4bcbdab285f3d4:    downloading    |[32m+++++++++++++++++++[0m-------------------|  1.0 GiB/2.0 GiB 
layer-sha256:dd482d345ef78a72e54dc96c818ad2ec5d6c318e392e07029816546a3089ee77:    downloading    |[32m+++++++++++++++++++++++++[0m-------------|  1.0 GiB/1.5 GiB 
layer-sha256:7b9be9eb4297c96c698f5bcdc5a885e322fe6817fc511afc7b09799cfa9d6886:    downloading    |[32m+++++++++++++++++++++++[0m---------------| 959.0 Mi/1.5 GiB 
layer-sha256:4738c92e4322db8a8bd534eab5bb762acc4a19df4bb96dbb3f5ef3ef77963f0f:    downloading    |[32m++++++++++++++++++++++++++[0m------------|  1.0 GiB/1.5 GiB 
layer-sha256:dfc90b51dbfaca11daa5562dadaef30c0d48125494e5211a8bf63f4da84e3945:    done           |[32m++++++++++++++++++++++++++++++++++++++[0m| 
layer-sha256:f69f10a900dbee5e29001282c43abef608a5528e1c64d1e29a48bb1da441fe6e:    downloading    |[32m++++++++++++++++++++++++++[0m------------|  1.1 GiB/1.5 GiB 
layer-sha256:9f45c515d089d32a0760f312e9f5ce2f981ddcebae6136c141414e8e53081413:    downloading    |[32m++++++++++++++++++[0m--------------------| 1008.0 M/2.0 GiB 
layer-sha256:ae5ac74cdbd9a821bf37a75fd5dd70c83d17c173c1d4de3ac17e58e43198f988:    downloading    |[32m++++++++++++++++++[0m--------------------| 1019.0 M/2.0 GiB 
layer-sha256:ae19d20d2fa6efc21aec50f6587d04a4c9ec9f4b43b5879baf4de03fa219c523:    downloading    |[32m+++++++++++++++++++[0m-------------------|  1.0 GiB/2.0 GiB 
elapsed: 7.8 s                                                                    total:  8.1 Gi (1.0 GiB/s)                                       
172.31.67.78:5000/model-ballast:B-14g:                                            resolved       |[32m++++++++++++++++++++++++++++++++++++++[0m| 
index-sha256:c39e2205f87b997d16ca3c252f0a9b6a707dd0bdbe178e3d0eb13f9633d84cc2:    done           |[32m++++++++++++++++++++++++++++++++++++++[0m| 
manifest-sha256:d57ca3414327bce6dabd46ea9ab71afc31aab5bff26208abe8589742c7c184d1: done           |[32m++++++++++++++++++++++++++++++++++++++[0m| 
manifest-sha256:0bf2f4ab1dec7aec500c0ddce00938c939819314daef83c5149e1acb7daf02ad: done           |[32m++++++++++++++++++++++++++++++++++++++[0m| 
layer-sha256:034d6572bf287fa79604fee9be062f0683809ae3a3685bc7b0e17bd1c48c50e8:    exists         |[32m++++++++++++++++++++++++++++++++++++++[0m| 
config-sha256:289bbe53944238bc5ba75ce18f6f7da47babdff9fd29aa9e989ec16d3680d022:   done           |[32m++++++++++++++++++++++++++++++++++++++[0m| 
layer-sha256:50f8c1b424f1f26e8e279fcfb5e3af1d2e8a7c1494f08744bb4bcbdab285f3d4:    downloading    |[32m+++++++++++++++++++[0m-------------------|  1.0 GiB/2.0 GiB 
layer-sha256:dd482d345ef78a72e54dc96c818ad2ec5d6c318e392e07029816546a3089ee77:    downloading    |[32m+++++++++++++++++++++++++[0m-------------|  1.0 GiB/1.5 GiB 
layer-sha256:7b9be9eb4297c96c698f5bcdc5a885e322fe6817fc511afc7b09799cfa9d6886:    downloading    |[32m++++++++++++++++++++++++[0m--------------| 972.0 Mi/1.5 GiB 
layer-sha256:4738c92e4322db8a8bd534eab5bb762acc4a19df4bb96dbb3f5ef3ef77963f0f:    downloading    |[32m++++++++++++++++++++++++++[0m------------|  1.0 GiB/1.5 GiB 
layer-sha256:dfc90b51dbfaca11daa5562dadaef30c0d48125494e5211a8bf63f4da84e3945:    done           |[32m++++++++++++++++++++++++++++++++++++++[0m| 
layer-sha256:f69f10a900dbee5e29001282c43abef608a5528e1c64d1e29a48bb1da441fe6e:    downloading    |[32m+++++++++++++++++++++++++++[0m-----------|  1.1 GiB/1.5 GiB 
layer-sha256:9f45c515d089d32a0760f312e9f5ce2f981ddcebae6136c141414e8e53081413:    downloading    |[32m++++++++++++++++++[0m--------------------| 1021.0 M/2.0 GiB 
layer-sha256:ae5ac74cdbd9a821bf37a75fd5dd70c83d17c173c1d4de3ac17e58e43198f988:    downloading    |[32m+++++++++++++++++++[0m-------------------|  1.0 GiB/2.0 GiB 
layer-sha256:ae19d20d2fa6efc21aec50f6587d04a4c9ec9f4b43b5879baf4de03fa219c523:    downloading    |[32m++++++++++++++++++++[0m------------------|  1.1 GiB/2.0 GiB 
elapsed: 7.9 s                                                                    total:  8.2 Gi (1.0 GiB/s)                                       
172.31.67.78:5000/model-ballast:B-14g:                                            resolved       |[32m++++++++++++++++++++++++++++++++++++++[0m| 
index-sha256:c39e2205f87b997d16ca3c252f0a9b6a707dd0bdbe178e3d0eb13f9633d84cc2:    done           |[32m++++++++++++++++++++++++++++++++++++++[0m| 
manifest-sha256:d57ca3414327bce6dabd46ea9ab71afc31aab5bff26208abe8589742c7c184d1: done           |[32m++++++++++++++++++++++++++++++++++++++[0m| 
manifest-sha256:0bf2f4ab1dec7aec500c0ddce00938c939819314daef83c5149e1acb7daf02ad: done           |[32m++++++++++++++++++++++++++++++++++++++[0m| 
layer-sha256:034d6572bf287fa79604fee9be062f0683809ae3a3685bc7b0e17bd1c48c50e8:    exists         |[32m++++++++++++++++++++++++++++++++++++++[0m| 
config-sha256:289bbe53944238bc5ba75ce18f6f7da47babdff9fd29aa9e989ec16d3680d022:   done           |[32m++++++++++++++++++++++++++++++++++++++[0m| 
layer-sha256:50f8c1b424f1f26e8e279fcfb5e3af1d2e8a7c1494f08744bb4bcbdab285f3d4:    downloading    |[32m+++++++++++++++++++[0m-------------------|  1.0 GiB/2.0 GiB 
layer-sha256:dd482d345ef78a72e54dc96c818ad2ec5d6c318e392e07029816546a3089ee77:    downloading    |[32m++++++++++++++++++++++++++[0m------------|  1.0 GiB/1.5 GiB 
layer-sha256:7b9be9eb4297c96c698f5bcdc5a885e322fe6817fc511afc7b09799cfa9d6886:    downloading    |[32m++++++++++++++++++++++++[0m--------------| 984.0 Mi/1.5 GiB 
layer-sha256:4738c92e4322db8a8bd534eab5bb762acc4a19df4bb96dbb3f5ef3ef77963f0f:    downloading    |[32m++++++++++++++++++++++++++[0m------------|  1.1 GiB/1.5 GiB 
layer-sha256:dfc90b51dbfaca11daa5562dadaef30c0d48125494e5211a8bf63f4da84e3945:    done           |[32m++++++++++++++++++++++++++++++++++++++[0m| 
layer-sha256:f69f10a900dbee5e29001282c43abef608a5528e1c64d1e29a48bb1da441fe6e:    downloading    |[32m+++++++++++++++++++++++++++[0m-----------|  1.1 GiB/1.5 GiB 
layer-sha256:9f45c515d089d32a0760f312e9f5ce2f981ddcebae6136c141414e8e53081413:    downloading    |[32m+++++++++++++++++++[0m-------------------|  1.0 GiB/2.0 GiB 
layer-sha256:ae5ac74cdbd9a821bf37a75fd5dd70c83d17c173c1d4de3ac17e58e43198f988:    downloading    |[32m+++++++++++++++++++[0m-------------------|  1.0 GiB/2.0 GiB 
layer-sha256:ae19d20d2fa6efc21aec50f6587d04a4c9ec9f4b43b5879baf4de03fa219c523:    downloading    |[32m++++++++++++++++++++[0m------------------|  1.1 GiB/2.0 GiB 
elapsed: 8.0 s                                                                    total:  8.3 Gi (1.0 GiB/s)                                       
172.31.67.78:5000/model-ballast:B-14g:                                            resolved       |[32m++++++++++++++++++++++++++++++++++++++[0m| 
index-sha256:c39e2205f87b997d16ca3c252f0a9b6a707dd0bdbe178e3d0eb13f9633d84cc2:    done           |[32m++++++++++++++++++++++++++++++++++++++[0m| 
manifest-sha256:d57ca3414327bce6dabd46ea9ab71afc31aab5bff26208abe8589742c7c184d1: done           |[32m++++++++++++++++++++++++++++++++++++++[0m| 
manifest-sha256:0bf2f4ab1dec7aec500c0ddce00938c939819314daef83c5149e1acb7daf02ad: done           |[32m++++++++++++++++++++++++++++++++++++++[0m| 
layer-sha256:034d6572bf287fa79604fee9be062f0683809ae3a3685bc7b0e17bd1c48c50e8:    exists         |[32m++++++++++++++++++++++++++++++++++++++[0m| 
config-sha256:289bbe53944238bc5ba75ce18f6f7da47babdff9fd29aa9e989ec16d3680d022:   done           |[32m++++++++++++++++++++++++++++++++++++++[0m| 
layer-sha256:50f8c1b424f1f26e8e279fcfb5e3af1d2e8a7c1494f08744bb4bcbdab285f3d4:    downloading    |[32m++++++++++++++++++++[0m------------------|  1.1 GiB/2.0 GiB 
layer-sha256:dd482d345ef78a72e54dc96c818ad2ec5d6c318e392e07029816546a3089ee77:    downloading    |[32m++++++++++++++++++++++++++[0m------------|  1.0 GiB/1.5 GiB 
layer-sha256:7b9be9eb4297c96c698f5bcdc5a885e322fe6817fc511afc7b09799cfa9d6886:    downloading    |[32m++++++++++++++++++++++++[0m--------------| 999.0 Mi/1.5 GiB 
layer-sha256:4738c92e4322db8a8bd534eab5bb762acc4a19df4bb96dbb3f5ef3ef77963f0f:    downloading    |[32m+++++++++++++++++++++++++++[0m-----------|  1.1 GiB/1.5 GiB 
layer-sha256:dfc90b51dbfaca11daa5562dadaef30c0d48125494e5211a8bf63f4da84e3945:    done           |[32m++++++++++++++++++++++++++++++++++++++[0m| 
layer-sha256:f69f10a900dbee5e29001282c43abef608a5528e1c64d1e29a48bb1da441fe6e:    downloading    |[32m+++++++++++++++++++++++++++[0m-----------|  1.1 GiB/1.5 GiB 
layer-sha256:9f45c515d089d32a0760f312e9f5ce2f981ddcebae6136c141414e8e53081413:    downloading    |[32m+++++++++++++++++++[0m-------------------|  1.0 GiB/2.0 GiB 
layer-sha256:ae5ac74cdbd9a821bf37a75fd5dd70c83d17c173c1d4de3ac17e58e43198f988:    downloading    |[32m+++++++++++++++++++[0m-------------------|  1.0 GiB/2.0 GiB 
layer-sha256:ae19d20d2fa6efc21aec50f6587d04a4c9ec9f4b43b5879baf4de03fa219c523:    downloading    |[32m++++++++++++++++++++[0m------------------|  1.1 GiB/2.0 GiB 
elapsed: 8.1 s                                                                    total:  8.4 Gi (1.0 GiB/s)                                       
172.31.67.78:5000/model-ballast:B-14g:                                            resolved       |[32m++++++++++++++++++++++++++++++++++++++[0m| 
index-sha256:c39e2205f87b997d16ca3c252f0a9b6a707dd0bdbe178e3d0eb13f9633d84cc2:    done           |[32m++++++++++++++++++++++++++++++++++++++[0m| 
manifest-sha256:d57ca3414327bce6dabd46ea9ab71afc31aab5bff26208abe8589742c7c184d1: done           |[32m++++++++++++++++++++++++++++++++++++++[0m| 
manifest-sha256:0bf2f4ab1dec7aec500c0ddce00938c939819314daef83c5149e1acb7daf02ad: done           |[32m++++++++++++++++++++++++++++++++++++++[0m| 
layer-sha256:034d6572bf287fa79604fee9be062f0683809ae3a3685bc7b0e17bd1c48c50e8:    exists         |[32m++++++++++++++++++++++++++++++++++++++[0m| 
config-sha256:289bbe53944238bc5ba75ce18f6f7da47babdff9fd29aa9e989ec16d3680d022:   done           |[32m++++++++++++++++++++++++++++++++++++++[0m| 
layer-sha256:50f8c1b424f1f26e8e279fcfb5e3af1d2e8a7c1494f08744bb4bcbdab285f3d4:    downloading    |[32m++++++++++++++++++++[0m------------------|  1.1 GiB/2.0 GiB 
layer-sha256:dd482d345ef78a72e54dc96c818ad2ec5d6c318e392e07029816546a3089ee77:    downloading    |[32m++++++++++++++++++++++++++[0m------------|  1.1 GiB/1.5 GiB 
layer-sha256:7b9be9eb4297c96c698f5bcdc5a885e322fe6817fc511afc7b09799cfa9d6886:    downloading    |[32m+++++++++++++++++++++++++[0m-------------| 1011.0 M/1.5 GiB 
layer-sha256:4738c92e4322db8a8bd534eab5bb762acc4a19df4bb96dbb3f5ef3ef77963f0f:    downloading    |[32m+++++++++++++++++++++++++++[0m-----------|  1.1 GiB/1.5 GiB 
layer-sha256:dfc90b51dbfaca11daa5562dadaef30c0d48125494e5211a8bf63f4da84e3945:    done           |[32m++++++++++++++++++++++++++++++++++++++[0m| 
layer-sha256:f69f10a900dbee5e29001282c43abef608a5528e1c64d1e29a48bb1da441fe6e:    downloading    |[32m++++++++++++++++++++++++++++[0m----------|  1.1 GiB/1.5 GiB 
layer-sha256:9f45c515d089d32a0760f312e9f5ce2f981ddcebae6136c141414e8e53081413:    downloading    |[32m+++++++++++++++++++[0m-------------------|  1.0 GiB/2.0 GiB 
layer-sha256:ae5ac74cdbd9a821bf37a75fd5dd70c83d17c173c1d4de3ac17e58e43198f988:    downloading    |[32m+++++++++++++++++++[0m-------------------|  1.0 GiB/2.0 GiB 
layer-sha256:ae19d20d2fa6efc21aec50f6587d04a4c9ec9f4b43b5879baf4de03fa219c523:    downloading    |[32m++++++++++++++++++++[0m------------------|  1.1 GiB/2.0 GiB 
elapsed: 8.2 s                                                                    total:  8.5 Gi (1.0 GiB/s)                                       
172.31.67.78:5000/model-ballast:B-14g:                                            resolved       |[32m++++++++++++++++++++++++++++++++++++++[0m| 
index-sha256:c39e2205f87b997d16ca3c252f0a9b6a707dd0bdbe178e3d0eb13f9633d84cc2:    done           |[32m++++++++++++++++++++++++++++++++++++++[0m| 
manifest-sha256:d57ca3414327bce6dabd46ea9ab71afc31aab5bff26208abe8589742c7c184d1: done           |[32m++++++++++++++++++++++++++++++++++++++[0m| 
manifest-sha256:0bf2f4ab1dec7aec500c0ddce00938c939819314daef83c5149e1acb7daf02ad: done           |[32m++++++++++++++++++++++++++++++++++++++[0m| 
layer-sha256:034d6572bf287fa79604fee9be062f0683809ae3a3685bc7b0e17bd1c48c50e8:    exists         |[32m++++++++++++++++++++++++++++++++++++++[0m| 
config-sha256:289bbe53944238bc5ba75ce18f6f7da47babdff9fd29aa9e989ec16d3680d022:   done           |[32m++++++++++++++++++++++++++++++++++++++[0m| 
layer-sha256:50f8c1b424f1f26e8e279fcfb5e3af1d2e8a7c1494f08744bb4bcbdab285f3d4:    downloading    |[32m++++++++++++++++++++[0m------------------|  1.1 GiB/2.0 GiB 
layer-sha256:dd482d345ef78a72e54dc96c818ad2ec5d6c318e392e07029816546a3089ee77:    downloading    |[32m+++++++++++++++++++++++++++[0m-----------|  1.1 GiB/1.5 GiB 
layer-sha256:7b9be9eb4297c96c698f5bcdc5a885e322fe6817fc511afc7b09799cfa9d6886:    downloading    |[32m+++++++++++++++++++++++++[0m-------------|  1.0 GiB/1.5 GiB 
layer-sha256:4738c92e4322db8a8bd534eab5bb762acc4a19df4bb96dbb3f5ef3ef77963f0f:    downloading    |[32m+++++++++++++++++++++++++++[0m-----------|  1.1 GiB/1.5 GiB 
layer-sha256:dfc90b51dbfaca11daa5562dadaef30c0d48125494e5211a8bf63f4da84e3945:    done           |[32m++++++++++++++++++++++++++++++++++++++[0m| 
layer-sha256:f69f10a900dbee5e29001282c43abef608a5528e1c64d1e29a48bb1da441fe6e:    downloading    |[32m++++++++++++++++++++++++++++[0m----------|  1.1 GiB/1.5 GiB 
layer-sha256:9f45c515d089d32a0760f312e9f5ce2f981ddcebae6136c141414e8e53081413:    downloading    |[32m+++++++++++++++++++[0m-------------------|  1.0 GiB/2.0 GiB 
layer-sha256:ae5ac74cdbd9a821bf37a75fd5dd70c83d17c173c1d4de3ac17e58e43198f988:    downloading    |[32m++++++++++++++++++++[0m------------------|  1.1 GiB/2.0 GiB 
layer-sha256:ae19d20d2fa6efc21aec50f6587d04a4c9ec9f4b43b5879baf4de03fa219c523:    downloading    |[32m+++++++++++++++++++++[0m-----------------|  1.1 GiB/2.0 GiB 
elapsed: 8.3 s                                                                    total:  8.6 Gi (1.0 GiB/s)                                       
172.31.67.78:5000/model-ballast:B-14g:                                            resolved       |[32m++++++++++++++++++++++++++++++++++++++[0m| 
index-sha256:c39e2205f87b997d16ca3c252f0a9b6a707dd0bdbe178e3d0eb13f9633d84cc2:    done           |[32m++++++++++++++++++++++++++++++++++++++[0m| 
manifest-sha256:d57ca3414327bce6dabd46ea9ab71afc31aab5bff26208abe8589742c7c184d1: done           |[32m++++++++++++++++++++++++++++++++++++++[0m| 
manifest-sha256:0bf2f4ab1dec7aec500c0ddce00938c939819314daef83c5149e1acb7daf02ad: done           |[32m++++++++++++++++++++++++++++++++++++++[0m| 
layer-sha256:034d6572bf287fa79604fee9be062f0683809ae3a3685bc7b0e17bd1c48c50e8:    exists         |[32m++++++++++++++++++++++++++++++++++++++[0m| 
config-sha256:289bbe53944238bc5ba75ce18f6f7da47babdff9fd29aa9e989ec16d3680d022:   done           |[32m++++++++++++++++++++++++++++++++++++++[0m| 
layer-sha256:50f8c1b424f1f26e8e279fcfb5e3af1d2e8a7c1494f08744bb4bcbdab285f3d4:    downloading    |[32m++++++++++++++++++++[0m------------------|  1.1 GiB/2.0 GiB 
layer-sha256:dd482d345ef78a72e54dc96c818ad2ec5d6c318e392e07029816546a3089ee77:    downloading    |[32m+++++++++++++++++++++++++++[0m-----------|  1.1 GiB/1.5 GiB 
layer-sha256:7b9be9eb4297c96c698f5bcdc5a885e322fe6817fc511afc7b09799cfa9d6886:    downloading    |[32m+++++++++++++++++++++++++[0m-------------|  1.0 GiB/1.5 GiB 
layer-sha256:4738c92e4322db8a8bd534eab5bb762acc4a19df4bb96dbb3f5ef3ef77963f0f:    downloading    |[32m++++++++++++++++++++++++++++[0m----------|  1.1 GiB/1.5 GiB 
layer-sha256:dfc90b51dbfaca11daa5562dadaef30c0d48125494e5211a8bf63f4da84e3945:    done           |[32m++++++++++++++++++++++++++++++++++++++[0m| 
layer-sha256:f69f10a900dbee5e29001282c43abef608a5528e1c64d1e29a48bb1da441fe6e:    downloading    |[32m++++++++++++++++++++++++++++[0m----------|  1.1 GiB/1.5 GiB 
layer-sha256:9f45c515d089d32a0760f312e9f5ce2f981ddcebae6136c141414e8e53081413:    downloading    |[32m++++++++++++++++++++[0m------------------|  1.1 GiB/2.0 GiB 
layer-sha256:ae5ac74cdbd9a821bf37a75fd5dd70c83d17c173c1d4de3ac17e58e43198f988:    downloading    |[32m++++++++++++++++++++[0m------------------|  1.1 GiB/2.0 GiB 
layer-sha256:ae19d20d2fa6efc21aec50f6587d04a4c9ec9f4b43b5879baf4de03fa219c523:    downloading    |[32m+++++++++++++++++++++[0m-----------------|  1.1 GiB/2.0 GiB 
elapsed: 8.4 s                                                                    total:  8.7 Gi (1.0 GiB/s)                                       
172.31.67.78:5000/model-ballast:B-14g:                                            resolved       |[32m++++++++++++++++++++++++++++++++++++++[0m| 
index-sha256:c39e2205f87b997d16ca3c252f0a9b6a707dd0bdbe178e3d0eb13f9633d84cc2:    done           |[32m++++++++++++++++++++++++++++++++++++++[0m| 
manifest-sha256:d57ca3414327bce6dabd46ea9ab71afc31aab5bff26208abe8589742c7c184d1: done           |[32m++++++++++++++++++++++++++++++++++++++[0m| 
manifest-sha256:0bf2f4ab1dec7aec500c0ddce00938c939819314daef83c5149e1acb7daf02ad: done           |[32m++++++++++++++++++++++++++++++++++++++[0m| 
layer-sha256:034d6572bf287fa79604fee9be062f0683809ae3a3685bc7b0e17bd1c48c50e8:    exists         |[32m++++++++++++++++++++++++++++++++++++++[0m| 
config-sha256:289bbe53944238bc5ba75ce18f6f7da47babdff9fd29aa9e989ec16d3680d022:   done           |[32m++++++++++++++++++++++++++++++++++++++[0m| 
layer-sha256:50f8c1b424f1f26e8e279fcfb5e3af1d2e8a7c1494f08744bb4bcbdab285f3d4:    downloading    |[32m++++++++++++++++++++[0m------------------|  1.1 GiB/2.0 GiB 
layer-sha256:dd482d345ef78a72e54dc96c818ad2ec5d6c318e392e07029816546a3089ee77:    downloading    |[32m+++++++++++++++++++++++++++[0m-----------|  1.1 GiB/1.5 GiB 
layer-sha256:7b9be9eb4297c96c698f5bcdc5a885e322fe6817fc511afc7b09799cfa9d6886:    downloading    |[32m+++++++++++++++++++++++++[0m-------------|  1.0 GiB/1.5 GiB 
layer-sha256:4738c92e4322db8a8bd534eab5bb762acc4a19df4bb96dbb3f5ef3ef77963f0f:    downloading    |[32m++++++++++++++++++++++++++++[0m----------|  1.1 GiB/1.5 GiB 
layer-sha256:dfc90b51dbfaca11daa5562dadaef30c0d48125494e5211a8bf63f4da84e3945:    done           |[32m++++++++++++++++++++++++++++++++++++++[0m| 
layer-sha256:f69f10a900dbee5e29001282c43abef608a5528e1c64d1e29a48bb1da441fe6e:    downloading    |[32m+++++++++++++++++++++++++++++[0m---------|  1.2 GiB/1.5 GiB 
layer-sha256:9f45c515d089d32a0760f312e9f5ce2f981ddcebae6136c141414e8e53081413:    downloading    |[32m++++++++++++++++++++[0m------------------|  1.1 GiB/2.0 GiB 
layer-sha256:ae5ac74cdbd9a821bf37a75fd5dd70c83d17c173c1d4de3ac17e58e43198f988:    downloading    |[32m++++++++++++++++++++[0m------------------|  1.1 GiB/2.0 GiB 
layer-sha256:ae19d20d2fa6efc21aec50f6587d04a4c9ec9f4b43b5879baf4de03fa219c523:    downloading    |[32m+++++++++++++++++++++[0m-----------------|  1.1 GiB/2.0 GiB 
elapsed: 8.5 s                                                                    total:  8.8 Gi (1.0 GiB/s)                                       
172.31.67.78:5000/model-ballast:B-14g:                                            resolved       |[32m++++++++++++++++++++++++++++++++++++++[0m| 
index-sha256:c39e2205f87b997d16ca3c252f0a9b6a707dd0bdbe178e3d0eb13f9633d84cc2:    done           |[32m++++++++++++++++++++++++++++++++++++++[0m| 
manifest-sha256:d57ca3414327bce6dabd46ea9ab71afc31aab5bff26208abe8589742c7c184d1: done           |[32m++++++++++++++++++++++++++++++++++++++[0m| 
manifest-sha256:0bf2f4ab1dec7aec500c0ddce00938c939819314daef83c5149e1acb7daf02ad: done           |[32m++++++++++++++++++++++++++++++++++++++[0m| 
layer-sha256:034d6572bf287fa79604fee9be062f0683809ae3a3685bc7b0e17bd1c48c50e8:    exists         |[32m++++++++++++++++++++++++++++++++++++++[0m| 
config-sha256:289bbe53944238bc5ba75ce18f6f7da47babdff9fd29aa9e989ec16d3680d022:   done           |[32m++++++++++++++++++++++++++++++++++++++[0m| 
layer-sha256:50f8c1b424f1f26e8e279fcfb5e3af1d2e8a7c1494f08744bb4bcbdab285f3d4:    downloading    |[32m+++++++++++++++++++++[0m-----------------|  1.1 GiB/2.0 GiB 
layer-sha256:dd482d345ef78a72e54dc96c818ad2ec5d6c318e392e07029816546a3089ee77:    downloading    |[32m++++++++++++++++++++++++++++[0m----------|  1.1 GiB/1.5 GiB 
layer-sha256:7b9be9eb4297c96c698f5bcdc5a885e322fe6817fc511afc7b09799cfa9d6886:    downloading    |[32m++++++++++++++++++++++++++[0m------------|  1.0 GiB/1.5 GiB 
layer-sha256:4738c92e4322db8a8bd534eab5bb762acc4a19df4bb96dbb3f5ef3ef77963f0f:    downloading    |[32m++++++++++++++++++++++++++++[0m----------|  1.1 GiB/1.5 GiB 
layer-sha256:dfc90b51dbfaca11daa5562dadaef30c0d48125494e5211a8bf63f4da84e3945:    done           |[32m++++++++++++++++++++++++++++++++++++++[0m| 
layer-sha256:f69f10a900dbee5e29001282c43abef608a5528e1c64d1e29a48bb1da441fe6e:    downloading    |[32m+++++++++++++++++++++++++++++[0m---------|  1.2 GiB/1.5 GiB 
layer-sha256:9f45c515d089d32a0760f312e9f5ce2f981ddcebae6136c141414e8e53081413:    downloading    |[32m++++++++++++++++++++[0m------------------|  1.1 GiB/2.0 GiB 
layer-sha256:ae5ac74cdbd9a821bf37a75fd5dd70c83d17c173c1d4de3ac17e58e43198f988:    downloading    |[32m++++++++++++++++++++[0m------------------|  1.1 GiB/2.0 GiB 
layer-sha256:ae19d20d2fa6efc21aec50f6587d04a4c9ec9f4b43b5879baf4de03fa219c523:    downloading    |[32m+++++++++++++++++++++[0m-----------------|  1.2 GiB/2.0 GiB 
elapsed: 8.6 s                                                                    total:  8.9 Gi (1.0 GiB/s)                                       
172.31.67.78:5000/model-ballast:B-14g:                                            resolved       |[32m++++++++++++++++++++++++++++++++++++++[0m| 
index-sha256:c39e2205f87b997d16ca3c252f0a9b6a707dd0bdbe178e3d0eb13f9633d84cc2:    done           |[32m++++++++++++++++++++++++++++++++++++++[0m| 
manifest-sha256:d57ca3414327bce6dabd46ea9ab71afc31aab5bff26208abe8589742c7c184d1: done           |[32m++++++++++++++++++++++++++++++++++++++[0m| 
manifest-sha256:0bf2f4ab1dec7aec500c0ddce00938c939819314daef83c5149e1acb7daf02ad: done           |[32m++++++++++++++++++++++++++++++++++++++[0m| 
layer-sha256:034d6572bf287fa79604fee9be062f0683809ae3a3685bc7b0e17bd1c48c50e8:    exists         |[32m++++++++++++++++++++++++++++++++++++++[0m| 
config-sha256:289bbe53944238bc5ba75ce18f6f7da47babdff9fd29aa9e989ec16d3680d022:   done           |[32m++++++++++++++++++++++++++++++++++++++[0m| 
layer-sha256:50f8c1b424f1f26e8e279fcfb5e3af1d2e8a7c1494f08744bb4bcbdab285f3d4:    downloading    |[32m+++++++++++++++++++++[0m-----------------|  1.1 GiB/2.0 GiB 
layer-sha256:dd482d345ef78a72e54dc96c818ad2ec5d6c318e392e07029816546a3089ee77:    downloading    |[32m++++++++++++++++++++++++++++[0m----------|  1.1 GiB/1.5 GiB 
layer-sha256:7b9be9eb4297c96c698f5bcdc5a885e322fe6817fc511afc7b09799cfa9d6886:    downloading    |[32m++++++++++++++++++++++++++[0m------------|  1.0 GiB/1.5 GiB 
layer-sha256:4738c92e4322db8a8bd534eab5bb762acc4a19df4bb96dbb3f5ef3ef77963f0f:    downloading    |[32m++++++++++++++++++++++++++++[0m----------|  1.1 GiB/1.5 GiB 
layer-sha256:dfc90b51dbfaca11daa5562dadaef30c0d48125494e5211a8bf63f4da84e3945:    done           |[32m++++++++++++++++++++++++++++++++++++++[0m| 
layer-sha256:f69f10a900dbee5e29001282c43abef608a5528e1c64d1e29a48bb1da441fe6e:    downloading    |[32m+++++++++++++++++++++++++++++[0m---------|  1.2 GiB/1.5 GiB 
layer-sha256:9f45c515d089d32a0760f312e9f5ce2f981ddcebae6136c141414e8e53081413:    downloading    |[32m++++++++++++++++++++[0m------------------|  1.1 GiB/2.0 GiB 
layer-sha256:ae5ac74cdbd9a821bf37a75fd5dd70c83d17c173c1d4de3ac17e58e43198f988:    downloading    |[32m+++++++++++++++++++++[0m-----------------|  1.1 GiB/2.0 GiB 
layer-sha256:ae19d20d2fa6efc21aec50f6587d04a4c9ec9f4b43b5879baf4de03fa219c523:    downloading    |[32m++++++++++++++++++++++[0m----------------|  1.2 GiB/2.0 GiB 
elapsed: 8.7 s                                                                    total:  9.0 Gi (1.0 GiB/s)                                       
172.31.67.78:5000/model-ballast:B-14g:                                            resolved       |[32m++++++++++++++++++++++++++++++++++++++[0m| 
index-sha256:c39e2205f87b997d16ca3c252f0a9b6a707dd0bdbe178e3d0eb13f9633d84cc2:    done           |[32m++++++++++++++++++++++++++++++++++++++[0m| 
manifest-sha256:d57ca3414327bce6dabd46ea9ab71afc31aab5bff26208abe8589742c7c184d1: done           |[32m++++++++++++++++++++++++++++++++++++++[0m| 
manifest-sha256:0bf2f4ab1dec7aec500c0ddce00938c939819314daef83c5149e1acb7daf02ad: done           |[32m++++++++++++++++++++++++++++++++++++++[0m| 
layer-sha256:034d6572bf287fa79604fee9be062f0683809ae3a3685bc7b0e17bd1c48c50e8:    exists         |[32m++++++++++++++++++++++++++++++++++++++[0m| 
config-sha256:289bbe53944238bc5ba75ce18f6f7da47babdff9fd29aa9e989ec16d3680d022:   done           |[32m++++++++++++++++++++++++++++++++++++++[0m| 
layer-sha256:50f8c1b424f1f26e8e279fcfb5e3af1d2e8a7c1494f08744bb4bcbdab285f3d4:    downloading    |[32m+++++++++++++++++++++[0m-----------------|  1.1 GiB/2.0 GiB 
layer-sha256:dd482d345ef78a72e54dc96c818ad2ec5d6c318e392e07029816546a3089ee77:    downloading    |[32m++++++++++++++++++++++++++++[0m----------|  1.1 GiB/1.5 GiB 
layer-sha256:7b9be9eb4297c96c698f5bcdc5a885e322fe6817fc511afc7b09799cfa9d6886:    downloading    |[32m++++++++++++++++++++++++++[0m------------|  1.1 GiB/1.5 GiB 
layer-sha256:4738c92e4322db8a8bd534eab5bb762acc4a19df4bb96dbb3f5ef3ef77963f0f:    downloading    |[32m+++++++++++++++++++++++++++++[0m---------|  1.2 GiB/1.5 GiB 
layer-sha256:dfc90b51dbfaca11daa5562dadaef30c0d48125494e5211a8bf63f4da84e3945:    done           |[32m++++++++++++++++++++++++++++++++++++++[0m| 
layer-sha256:f69f10a900dbee5e29001282c43abef608a5528e1c64d1e29a48bb1da441fe6e:    downloading    |[32m++++++++++++++++++++++++++++++[0m--------|  1.2 GiB/1.5 GiB 
layer-sha256:9f45c515d089d32a0760f312e9f5ce2f981ddcebae6136c141414e8e53081413:    downloading    |[32m+++++++++++++++++++++[0m-----------------|  1.1 GiB/2.0 GiB 
layer-sha256:ae5ac74cdbd9a821bf37a75fd5dd70c83d17c173c1d4de3ac17e58e43198f988:    downloading    |[32m+++++++++++++++++++++[0m-----------------|  1.1 GiB/2.0 GiB 
layer-sha256:ae19d20d2fa6efc21aec50f6587d04a4c9ec9f4b43b5879baf4de03fa219c523:    downloading    |[32m++++++++++++++++++++++[0m----------------|  1.2 GiB/2.0 GiB 
elapsed: 8.8 s                                                                    total:  9.1 Gi (1.0 GiB/s)                                       
172.31.67.78:5000/model-ballast:B-14g:                                            resolved       |[32m++++++++++++++++++++++++++++++++++++++[0m| 
index-sha256:c39e2205f87b997d16ca3c252f0a9b6a707dd0bdbe178e3d0eb13f9633d84cc2:    done           |[32m++++++++++++++++++++++++++++++++++++++[0m| 
manifest-sha256:d57ca3414327bce6dabd46ea9ab71afc31aab5bff26208abe8589742c7c184d1: done           |[32m++++++++++++++++++++++++++++++++++++++[0m| 
manifest-sha256:0bf2f4ab1dec7aec500c0ddce00938c939819314daef83c5149e1acb7daf02ad: done           |[32m++++++++++++++++++++++++++++++++++++++[0m| 
layer-sha256:034d6572bf287fa79604fee9be062f0683809ae3a3685bc7b0e17bd1c48c50e8:    exists         |[32m++++++++++++++++++++++++++++++++++++++[0m| 
config-sha256:289bbe53944238bc5ba75ce18f6f7da47babdff9fd29aa9e989ec16d3680d022:   done           |[32m++++++++++++++++++++++++++++++++++++++[0m| 
layer-sha256:50f8c1b424f1f26e8e279fcfb5e3af1d2e8a7c1494f08744bb4bcbdab285f3d4:    downloading    |[32m+++++++++++++++++++++[0m-----------------|  1.2 GiB/2.0 GiB 
layer-sha256:dd482d345ef78a72e54dc96c818ad2ec5d6c318e392e07029816546a3089ee77:    downloading    |[32m++++++++++++++++++++++++++++[0m----------|  1.1 GiB/1.5 GiB 
layer-sha256:7b9be9eb4297c96c698f5bcdc5a885e322fe6817fc511afc7b09799cfa9d6886:    downloading    |[32m+++++++++++++++++++++++++++[0m-----------|  1.1 GiB/1.5 GiB 
layer-sha256:4738c92e4322db8a8bd534eab5bb762acc4a19df4bb96dbb3f5ef3ef77963f0f:    downloading    |[32m+++++++++++++++++++++++++++++[0m---------|  1.2 GiB/1.5 GiB 
layer-sha256:dfc90b51dbfaca11daa5562dadaef30c0d48125494e5211a8bf63f4da84e3945:    done           |[32m++++++++++++++++++++++++++++++++++++++[0m| 
layer-sha256:f69f10a900dbee5e29001282c43abef608a5528e1c64d1e29a48bb1da441fe6e:    downloading    |[32m++++++++++++++++++++++++++++++[0m--------|  1.2 GiB/1.5 GiB 
layer-sha256:9f45c515d089d32a0760f312e9f5ce2f981ddcebae6136c141414e8e53081413:    downloading    |[32m+++++++++++++++++++++[0m-----------------|  1.1 GiB/2.0 GiB 
layer-sha256:ae5ac74cdbd9a821bf37a75fd5dd70c83d17c173c1d4de3ac17e58e43198f988:    downloading    |[32m+++++++++++++++++++++[0m-----------------|  1.1 GiB/2.0 GiB 
layer-sha256:ae19d20d2fa6efc21aec50f6587d04a4c9ec9f4b43b5879baf4de03fa219c523:    downloading    |[32m++++++++++++++++++++++[0m----------------|  1.2 GiB/2.0 GiB 
elapsed: 8.9 s                                                                    total:  9.2 Gi (1.0 GiB/s)                                       
172.31.67.78:5000/model-ballast:B-14g:                                            resolved       |[32m++++++++++++++++++++++++++++++++++++++[0m| 
index-sha256:c39e2205f87b997d16ca3c252f0a9b6a707dd0bdbe178e3d0eb13f9633d84cc2:    done           |[32m++++++++++++++++++++++++++++++++++++++[0m| 
manifest-sha256:d57ca3414327bce6dabd46ea9ab71afc31aab5bff26208abe8589742c7c184d1: done           |[32m++++++++++++++++++++++++++++++++++++++[0m| 
manifest-sha256:0bf2f4ab1dec7aec500c0ddce00938c939819314daef83c5149e1acb7daf02ad: done           |[32m++++++++++++++++++++++++++++++++++++++[0m| 
layer-sha256:034d6572bf287fa79604fee9be062f0683809ae3a3685bc7b0e17bd1c48c50e8:    exists         |[32m++++++++++++++++++++++++++++++++++++++[0m| 
config-sha256:289bbe53944238bc5ba75ce18f6f7da47babdff9fd29aa9e989ec16d3680d022:   done           |[32m++++++++++++++++++++++++++++++++++++++[0m| 
layer-sha256:50f8c1b424f1f26e8e279fcfb5e3af1d2e8a7c1494f08744bb4bcbdab285f3d4:    downloading    |[32m++++++++++++++++++++++[0m----------------|  1.2 GiB/2.0 GiB 
layer-sha256:dd482d345ef78a72e54dc96c818ad2ec5d6c318e392e07029816546a3089ee77:    downloading    |[32m+++++++++++++++++++++++++++++[0m---------|  1.2 GiB/1.5 GiB 
layer-sha256:7b9be9eb4297c96c698f5bcdc5a885e322fe6817fc511afc7b09799cfa9d6886:    downloading    |[32m+++++++++++++++++++++++++++[0m-----------|  1.1 GiB/1.5 GiB 
layer-sha256:4738c92e4322db8a8bd534eab5bb762acc4a19df4bb96dbb3f5ef3ef77963f0f:    downloading    |[32m+++++++++++++++++++++++++++++[0m---------|  1.2 GiB/1.5 GiB 
layer-sha256:dfc90b51dbfaca11daa5562dadaef30c0d48125494e5211a8bf63f4da84e3945:    done           |[32m++++++++++++++++++++++++++++++++++++++[0m| 
layer-sha256:f69f10a900dbee5e29001282c43abef608a5528e1c64d1e29a48bb1da441fe6e:    downloading    |[32m++++++++++++++++++++++++++++++[0m--------|  1.2 GiB/1.5 GiB 
layer-sha256:9f45c515d089d32a0760f312e9f5ce2f981ddcebae6136c141414e8e53081413:    downloading    |[32m+++++++++++++++++++++[0m-----------------|  1.1 GiB/2.0 GiB 
layer-sha256:ae5ac74cdbd9a821bf37a75fd5dd70c83d17c173c1d4de3ac17e58e43198f988:    downloading    |[32m+++++++++++++++++++++[0m-----------------|  1.1 GiB/2.0 GiB 
layer-sha256:ae19d20d2fa6efc21aec50f6587d04a4c9ec9f4b43b5879baf4de03fa219c523:    downloading    |[32m++++++++++++++++++++++[0m----------------|  1.2 GiB/2.0 GiB 
elapsed: 9.0 s                                                                    total:  9.3 Gi (1.0 GiB/s)                                       
172.31.67.78:5000/model-ballast:B-14g:                                            resolved       |[32m++++++++++++++++++++++++++++++++++++++[0m| 
index-sha256:c39e2205f87b997d16ca3c252f0a9b6a707dd0bdbe178e3d0eb13f9633d84cc2:    done           |[32m++++++++++++++++++++++++++++++++++++++[0m| 
manifest-sha256:d57ca3414327bce6dabd46ea9ab71afc31aab5bff26208abe8589742c7c184d1: done           |[32m++++++++++++++++++++++++++++++++++++++[0m| 
manifest-sha256:0bf2f4ab1dec7aec500c0ddce00938c939819314daef83c5149e1acb7daf02ad: done           |[32m++++++++++++++++++++++++++++++++++++++[0m| 
layer-sha256:034d6572bf287fa79604fee9be062f0683809ae3a3685bc7b0e17bd1c48c50e8:    exists         |[32m++++++++++++++++++++++++++++++++++++++[0m| 
config-sha256:289bbe53944238bc5ba75ce18f6f7da47babdff9fd29aa9e989ec16d3680d022:   done           |[32m++++++++++++++++++++++++++++++++++++++[0m| 
layer-sha256:50f8c1b424f1f26e8e279fcfb5e3af1d2e8a7c1494f08744bb4bcbdab285f3d4:    downloading    |[32m++++++++++++++++++++++[0m----------------|  1.2 GiB/2.0 GiB 
layer-sha256:dd482d345ef78a72e54dc96c818ad2ec5d6c318e392e07029816546a3089ee77:    downloading    |[32m+++++++++++++++++++++++++++++[0m---------|  1.2 GiB/1.5 GiB 
layer-sha256:7b9be9eb4297c96c698f5bcdc5a885e322fe6817fc511afc7b09799cfa9d6886:    downloading    |[32m+++++++++++++++++++++++++++[0m-----------|  1.1 GiB/1.5 GiB 
layer-sha256:4738c92e4322db8a8bd534eab5bb762acc4a19df4bb96dbb3f5ef3ef77963f0f:    downloading    |[32m++++++++++++++++++++++++++++++[0m--------|  1.2 GiB/1.5 GiB 
layer-sha256:dfc90b51dbfaca11daa5562dadaef30c0d48125494e5211a8bf63f4da84e3945:    done           |[32m++++++++++++++++++++++++++++++++++++++[0m| 
layer-sha256:f69f10a900dbee5e29001282c43abef608a5528e1c64d1e29a48bb1da441fe6e:    downloading    |[32m+++++++++++++++++++++++++++++++[0m-------|  1.2 GiB/1.5 GiB 
layer-sha256:9f45c515d089d32a0760f312e9f5ce2f981ddcebae6136c141414e8e53081413:    downloading    |[32m++++++++++++++++++++++[0m----------------|  1.2 GiB/2.0 GiB 
layer-sha256:ae5ac74cdbd9a821bf37a75fd5dd70c83d17c173c1d4de3ac17e58e43198f988:    downloading    |[32m++++++++++++++++++++++[0m----------------|  1.2 GiB/2.0 GiB 
layer-sha256:ae19d20d2fa6efc21aec50f6587d04a4c9ec9f4b43b5879baf4de03fa219c523:    downloading    |[32m+++++++++++++++++++++++[0m---------------|  1.2 GiB/2.0 GiB 
elapsed: 9.1 s                                                                    total:  9.4 Gi (1.0 GiB/s)                                       
172.31.67.78:5000/model-ballast:B-14g:                                            resolved       |[32m++++++++++++++++++++++++++++++++++++++[0m| 
index-sha256:c39e2205f87b997d16ca3c252f0a9b6a707dd0bdbe178e3d0eb13f9633d84cc2:    done           |[32m++++++++++++++++++++++++++++++++++++++[0m| 
manifest-sha256:d57ca3414327bce6dabd46ea9ab71afc31aab5bff26208abe8589742c7c184d1: done           |[32m++++++++++++++++++++++++++++++++++++++[0m| 
manifest-sha256:0bf2f4ab1dec7aec500c0ddce00938c939819314daef83c5149e1acb7daf02ad: done           |[32m++++++++++++++++++++++++++++++++++++++[0m| 
layer-sha256:034d6572bf287fa79604fee9be062f0683809ae3a3685bc7b0e17bd1c48c50e8:    exists         |[32m++++++++++++++++++++++++++++++++++++++[0m| 
config-sha256:289bbe53944238bc5ba75ce18f6f7da47babdff9fd29aa9e989ec16d3680d022:   done           |[32m++++++++++++++++++++++++++++++++++++++[0m| 
layer-sha256:50f8c1b424f1f26e8e279fcfb5e3af1d2e8a7c1494f08744bb4bcbdab285f3d4:    downloading    |[32m++++++++++++++++++++++[0m----------------|  1.2 GiB/2.0 GiB 
layer-sha256:dd482d345ef78a72e54dc96c818ad2ec5d6c318e392e07029816546a3089ee77:    downloading    |[32m+++++++++++++++++++++++++++++[0m---------|  1.2 GiB/1.5 GiB 
layer-sha256:7b9be9eb4297c96c698f5bcdc5a885e322fe6817fc511afc7b09799cfa9d6886:    downloading    |[32m++++++++++++++++++++++++++++[0m----------|  1.1 GiB/1.5 GiB 
layer-sha256:4738c92e4322db8a8bd534eab5bb762acc4a19df4bb96dbb3f5ef3ef77963f0f:    downloading    |[32m++++++++++++++++++++++++++++++[0m--------|  1.2 GiB/1.5 GiB 
layer-sha256:dfc90b51dbfaca11daa5562dadaef30c0d48125494e5211a8bf63f4da84e3945:    done           |[32m++++++++++++++++++++++++++++++++++++++[0m| 
layer-sha256:f69f10a900dbee5e29001282c43abef608a5528e1c64d1e29a48bb1da441fe6e:    downloading    |[32m+++++++++++++++++++++++++++++++[0m-------|  1.2 GiB/1.5 GiB 
layer-sha256:9f45c515d089d32a0760f312e9f5ce2f981ddcebae6136c141414e8e53081413:    downloading    |[32m++++++++++++++++++++++[0m----------------|  1.2 GiB/2.0 GiB 
layer-sha256:ae5ac74cdbd9a821bf37a75fd5dd70c83d17c173c1d4de3ac17e58e43198f988:    downloading    |[32m++++++++++++++++++++++[0m----------------|  1.2 GiB/2.0 GiB 
layer-sha256:ae19d20d2fa6efc21aec50f6587d04a4c9ec9f4b43b5879baf4de03fa219c523:    downloading    |[32m+++++++++++++++++++++++[0m---------------|  1.2 GiB/2.0 GiB 
elapsed: 9.2 s                                                                    total:  9.5 Gi (1.0 GiB/s)                                       
172.31.67.78:5000/model-ballast:B-14g:                                            resolved       |[32m++++++++++++++++++++++++++++++++++++++[0m| 
index-sha256:c39e2205f87b997d16ca3c252f0a9b6a707dd0bdbe178e3d0eb13f9633d84cc2:    done           |[32m++++++++++++++++++++++++++++++++++++++[0m| 
manifest-sha256:d57ca3414327bce6dabd46ea9ab71afc31aab5bff26208abe8589742c7c184d1: done           |[32m++++++++++++++++++++++++++++++++++++++[0m| 
manifest-sha256:0bf2f4ab1dec7aec500c0ddce00938c939819314daef83c5149e1acb7daf02ad: done           |[32m++++++++++++++++++++++++++++++++++++++[0m| 
layer-sha256:034d6572bf287fa79604fee9be062f0683809ae3a3685bc7b0e17bd1c48c50e8:    exists         |[32m++++++++++++++++++++++++++++++++++++++[0m| 
config-sha256:289bbe53944238bc5ba75ce18f6f7da47babdff9fd29aa9e989ec16d3680d022:   done           |[32m++++++++++++++++++++++++++++++++++++++[0m| 
layer-sha256:50f8c1b424f1f26e8e279fcfb5e3af1d2e8a7c1494f08744bb4bcbdab285f3d4:    downloading    |[32m++++++++++++++++++++++[0m----------------|  1.2 GiB/2.0 GiB 
layer-sha256:dd482d345ef78a72e54dc96c818ad2ec5d6c318e392e07029816546a3089ee77:    downloading    |[32m++++++++++++++++++++++++++++++[0m--------|  1.2 GiB/1.5 GiB 
layer-sha256:7b9be9eb4297c96c698f5bcdc5a885e322fe6817fc511afc7b09799cfa9d6886:    downloading    |[32m++++++++++++++++++++++++++++[0m----------|  1.1 GiB/1.5 GiB 
layer-sha256:4738c92e4322db8a8bd534eab5bb762acc4a19df4bb96dbb3f5ef3ef77963f0f:    downloading    |[32m++++++++++++++++++++++++++++++[0m--------|  1.2 GiB/1.5 GiB 
layer-sha256:dfc90b51dbfaca11daa5562dadaef30c0d48125494e5211a8bf63f4da84e3945:    done           |[32m++++++++++++++++++++++++++++++++++++++[0m| 
layer-sha256:f69f10a900dbee5e29001282c43abef608a5528e1c64d1e29a48bb1da441fe6e:    downloading    |[32m+++++++++++++++++++++++++++++++[0m-------|  1.2 GiB/1.5 GiB 
layer-sha256:9f45c515d089d32a0760f312e9f5ce2f981ddcebae6136c141414e8e53081413:    downloading    |[32m++++++++++++++++++++++[0m----------------|  1.2 GiB/2.0 GiB 
layer-sha256:ae5ac74cdbd9a821bf37a75fd5dd70c83d17c173c1d4de3ac17e58e43198f988:    downloading    |[32m++++++++++++++++++++++[0m----------------|  1.2 GiB/2.0 GiB 
layer-sha256:ae19d20d2fa6efc21aec50f6587d04a4c9ec9f4b43b5879baf4de03fa219c523:    downloading    |[32m+++++++++++++++++++++++[0m---------------|  1.2 GiB/2.0 GiB 
elapsed: 9.3 s                                                                    total:  9.6 Gi (1.0 GiB/s)                                       
172.31.67.78:5000/model-ballast:B-14g:                                            resolved       |[32m++++++++++++++++++++++++++++++++++++++[0m| 
index-sha256:c39e2205f87b997d16ca3c252f0a9b6a707dd0bdbe178e3d0eb13f9633d84cc2:    done           |[32m++++++++++++++++++++++++++++++++++++++[0m| 
manifest-sha256:d57ca3414327bce6dabd46ea9ab71afc31aab5bff26208abe8589742c7c184d1: done           |[32m++++++++++++++++++++++++++++++++++++++[0m| 
manifest-sha256:0bf2f4ab1dec7aec500c0ddce00938c939819314daef83c5149e1acb7daf02ad: done           |[32m++++++++++++++++++++++++++++++++++++++[0m| 
layer-sha256:034d6572bf287fa79604fee9be062f0683809ae3a3685bc7b0e17bd1c48c50e8:    exists         |[32m++++++++++++++++++++++++++++++++++++++[0m| 
config-sha256:289bbe53944238bc5ba75ce18f6f7da47babdff9fd29aa9e989ec16d3680d022:   done           |[32m++++++++++++++++++++++++++++++++++++++[0m| 
layer-sha256:50f8c1b424f1f26e8e279fcfb5e3af1d2e8a7c1494f08744bb4bcbdab285f3d4:    downloading    |[32m+++++++++++++++++++++++[0m---------------|  1.2 GiB/2.0 GiB 
layer-sha256:dd482d345ef78a72e54dc96c818ad2ec5d6c318e392e07029816546a3089ee77:    downloading    |[32m++++++++++++++++++++++++++++++[0m--------|  1.2 GiB/1.5 GiB 
layer-sha256:7b9be9eb4297c96c698f5bcdc5a885e322fe6817fc511afc7b09799cfa9d6886:    downloading    |[32m++++++++++++++++++++++++++++[0m----------|  1.1 GiB/1.5 GiB 
layer-sha256:4738c92e4322db8a8bd534eab5bb762acc4a19df4bb96dbb3f5ef3ef77963f0f:    downloading    |[32m+++++++++++++++++++++++++++++++[0m-------|  1.2 GiB/1.5 GiB 
layer-sha256:dfc90b51dbfaca11daa5562dadaef30c0d48125494e5211a8bf63f4da84e3945:    done           |[32m++++++++++++++++++++++++++++++++++++++[0m| 
layer-sha256:f69f10a900dbee5e29001282c43abef608a5528e1c64d1e29a48bb1da441fe6e:    downloading    |[32m+++++++++++++++++++++++++++++++[0m-------|  1.3 GiB/1.5 GiB 
layer-sha256:9f45c515d089d32a0760f312e9f5ce2f981ddcebae6136c141414e8e53081413:    downloading    |[32m++++++++++++++++++++++[0m----------------|  1.2 GiB/2.0 GiB 
layer-sha256:ae5ac74cdbd9a821bf37a75fd5dd70c83d17c173c1d4de3ac17e58e43198f988:    downloading    |[32m++++++++++++++++++++++[0m----------------|  1.2 GiB/2.0 GiB 
layer-sha256:ae19d20d2fa6efc21aec50f6587d04a4c9ec9f4b43b5879baf4de03fa219c523:    downloading    |[32m+++++++++++++++++++++++[0m---------------|  1.3 GiB/2.0 GiB 
elapsed: 9.4 s                                                                    total:  9.7 Gi (1.0 GiB/s)                                       
172.31.67.78:5000/model-ballast:B-14g:                                            resolved       |[32m++++++++++++++++++++++++++++++++++++++[0m| 
index-sha256:c39e2205f87b997d16ca3c252f0a9b6a707dd0bdbe178e3d0eb13f9633d84cc2:    done           |[32m++++++++++++++++++++++++++++++++++++++[0m| 
manifest-sha256:d57ca3414327bce6dabd46ea9ab71afc31aab5bff26208abe8589742c7c184d1: done           |[32m++++++++++++++++++++++++++++++++++++++[0m| 
manifest-sha256:0bf2f4ab1dec7aec500c0ddce00938c939819314daef83c5149e1acb7daf02ad: done           |[32m++++++++++++++++++++++++++++++++++++++[0m| 
layer-sha256:034d6572bf287fa79604fee9be062f0683809ae3a3685bc7b0e17bd1c48c50e8:    exists         |[32m++++++++++++++++++++++++++++++++++++++[0m| 
config-sha256:289bbe53944238bc5ba75ce18f6f7da47babdff9fd29aa9e989ec16d3680d022:   done           |[32m++++++++++++++++++++++++++++++++++++++[0m| 
layer-sha256:50f8c1b424f1f26e8e279fcfb5e3af1d2e8a7c1494f08744bb4bcbdab285f3d4:    downloading    |[32m+++++++++++++++++++++++[0m---------------|  1.2 GiB/2.0 GiB 
layer-sha256:dd482d345ef78a72e54dc96c818ad2ec5d6c318e392e07029816546a3089ee77:    downloading    |[32m++++++++++++++++++++++++++++++[0m--------|  1.2 GiB/1.5 GiB 
layer-sha256:7b9be9eb4297c96c698f5bcdc5a885e322fe6817fc511afc7b09799cfa9d6886:    downloading    |[32m+++++++++++++++++++++++++++++[0m---------|  1.2 GiB/1.5 GiB 
layer-sha256:4738c92e4322db8a8bd534eab5bb762acc4a19df4bb96dbb3f5ef3ef77963f0f:    downloading    |[32m+++++++++++++++++++++++++++++++[0m-------|  1.2 GiB/1.5 GiB 
layer-sha256:dfc90b51dbfaca11daa5562dadaef30c0d48125494e5211a8bf63f4da84e3945:    done           |[32m++++++++++++++++++++++++++++++++++++++[0m| 
layer-sha256:f69f10a900dbee5e29001282c43abef608a5528e1c64d1e29a48bb1da441fe6e:    downloading    |[32m++++++++++++++++++++++++++++++++[0m------|  1.3 GiB/1.5 GiB 
layer-sha256:9f45c515d089d32a0760f312e9f5ce2f981ddcebae6136c141414e8e53081413:    downloading    |[32m+++++++++++++++++++++++[0m---------------|  1.2 GiB/2.0 GiB 
layer-sha256:ae5ac74cdbd9a821bf37a75fd5dd70c83d17c173c1d4de3ac17e58e43198f988:    downloading    |[32m+++++++++++++++++++++++[0m---------------|  1.2 GiB/2.0 GiB 
layer-sha256:ae19d20d2fa6efc21aec50f6587d04a4c9ec9f4b43b5879baf4de03fa219c523:    downloading    |[32m++++++++++++++++++++++++[0m--------------|  1.3 GiB/2.0 GiB 
elapsed: 9.5 s                                                                    total:  9.8 Gi (1.0 GiB/s)                                       
172.31.67.78:5000/model-ballast:B-14g:                                            resolved       |[32m++++++++++++++++++++++++++++++++++++++[0m| 
index-sha256:c39e2205f87b997d16ca3c252f0a9b6a707dd0bdbe178e3d0eb13f9633d84cc2:    done           |[32m++++++++++++++++++++++++++++++++++++++[0m| 
manifest-sha256:d57ca3414327bce6dabd46ea9ab71afc31aab5bff26208abe8589742c7c184d1: done           |[32m++++++++++++++++++++++++++++++++++++++[0m| 
manifest-sha256:0bf2f4ab1dec7aec500c0ddce00938c939819314daef83c5149e1acb7daf02ad: done           |[32m++++++++++++++++++++++++++++++++++++++[0m| 
layer-sha256:034d6572bf287fa79604fee9be062f0683809ae3a3685bc7b0e17bd1c48c50e8:    exists         |[32m++++++++++++++++++++++++++++++++++++++[0m| 
config-sha256:289bbe53944238bc5ba75ce18f6f7da47babdff9fd29aa9e989ec16d3680d022:   done           |[32m++++++++++++++++++++++++++++++++++++++[0m| 
layer-sha256:50f8c1b424f1f26e8e279fcfb5e3af1d2e8a7c1494f08744bb4bcbdab285f3d4:    downloading    |[32m+++++++++++++++++++++++[0m---------------|  1.3 GiB/2.0 GiB 
layer-sha256:dd482d345ef78a72e54dc96c818ad2ec5d6c318e392e07029816546a3089ee77:    downloading    |[32m+++++++++++++++++++++++++++++++[0m-------|  1.2 GiB/1.5 GiB 
layer-sha256:7b9be9eb4297c96c698f5bcdc5a885e322fe6817fc511afc7b09799cfa9d6886:    downloading    |[32m+++++++++++++++++++++++++++++[0m---------|  1.2 GiB/1.5 GiB 
layer-sha256:4738c92e4322db8a8bd534eab5bb762acc4a19df4bb96dbb3f5ef3ef77963f0f:    downloading    |[32m+++++++++++++++++++++++++++++++[0m-------|  1.3 GiB/1.5 GiB 
layer-sha256:dfc90b51dbfaca11daa5562dadaef30c0d48125494e5211a8bf63f4da84e3945:    done           |[32m++++++++++++++++++++++++++++++++++++++[0m| 
layer-sha256:f69f10a900dbee5e29001282c43abef608a5528e1c64d1e29a48bb1da441fe6e:    downloading    |[32m++++++++++++++++++++++++++++++++[0m------|  1.3 GiB/1.5 GiB 
layer-sha256:9f45c515d089d32a0760f312e9f5ce2f981ddcebae6136c141414e8e53081413:    downloading    |[32m+++++++++++++++++++++++[0m---------------|  1.2 GiB/2.0 GiB 
layer-sha256:ae5ac74cdbd9a821bf37a75fd5dd70c83d17c173c1d4de3ac17e58e43198f988:    downloading    |[32m+++++++++++++++++++++++[0m---------------|  1.2 GiB/2.0 GiB 
layer-sha256:ae19d20d2fa6efc21aec50f6587d04a4c9ec9f4b43b5879baf4de03fa219c523:    downloading    |[32m++++++++++++++++++++++++[0m--------------|  1.3 GiB/2.0 GiB 
elapsed: 9.6 s                                                                    total:  9.9 Gi (1.0 GiB/s)                                       
172.31.67.78:5000/model-ballast:B-14g:                                            resolved       |[32m++++++++++++++++++++++++++++++++++++++[0m| 
index-sha256:c39e2205f87b997d16ca3c252f0a9b6a707dd0bdbe178e3d0eb13f9633d84cc2:    done           |[32m++++++++++++++++++++++++++++++++++++++[0m| 
manifest-sha256:d57ca3414327bce6dabd46ea9ab71afc31aab5bff26208abe8589742c7c184d1: done           |[32m++++++++++++++++++++++++++++++++++++++[0m| 
manifest-sha256:0bf2f4ab1dec7aec500c0ddce00938c939819314daef83c5149e1acb7daf02ad: done           |[32m++++++++++++++++++++++++++++++++++++++[0m| 
layer-sha256:034d6572bf287fa79604fee9be062f0683809ae3a3685bc7b0e17bd1c48c50e8:    exists         |[32m++++++++++++++++++++++++++++++++++++++[0m| 
config-sha256:289bbe53944238bc5ba75ce18f6f7da47babdff9fd29aa9e989ec16d3680d022:   done           |[32m++++++++++++++++++++++++++++++++++++++[0m| 
layer-sha256:50f8c1b424f1f26e8e279fcfb5e3af1d2e8a7c1494f08744bb4bcbdab285f3d4:    downloading    |[32m++++++++++++++++++++++++[0m--------------|  1.3 GiB/2.0 GiB 
layer-sha256:dd482d345ef78a72e54dc96c818ad2ec5d6c318e392e07029816546a3089ee77:    downloading    |[32m+++++++++++++++++++++++++++++++[0m-------|  1.2 GiB/1.5 GiB 
layer-sha256:7b9be9eb4297c96c698f5bcdc5a885e322fe6817fc511afc7b09799cfa9d6886:    downloading    |[32m+++++++++++++++++++++++++++++[0m---------|  1.2 GiB/1.5 GiB 
layer-sha256:4738c92e4322db8a8bd534eab5bb762acc4a19df4bb96dbb3f5ef3ef77963f0f:    downloading    |[32m++++++++++++++++++++++++++++++++[0m------|  1.3 GiB/1.5 GiB 
layer-sha256:dfc90b51dbfaca11daa5562dadaef30c0d48125494e5211a8bf63f4da84e3945:    done           |[32m++++++++++++++++++++++++++++++++++++++[0m| 
layer-sha256:f69f10a900dbee5e29001282c43abef608a5528e1c64d1e29a48bb1da441fe6e:    downloading    |[32m+++++++++++++++++++++++++++++++++[0m-----|  1.3 GiB/1.5 GiB 
layer-sha256:9f45c515d089d32a0760f312e9f5ce2f981ddcebae6136c141414e8e53081413:    downloading    |[32m+++++++++++++++++++++++[0m---------------|  1.2 GiB/2.0 GiB 
layer-sha256:ae5ac74cdbd9a821bf37a75fd5dd70c83d17c173c1d4de3ac17e58e43198f988:    downloading    |[32m+++++++++++++++++++++++[0m---------------|  1.2 GiB/2.0 GiB 
layer-sha256:ae19d20d2fa6efc21aec50f6587d04a4c9ec9f4b43b5879baf4de03fa219c523:    downloading    |[32m++++++++++++++++++++++++[0m--------------|  1.3 GiB/2.0 GiB 
elapsed: 9.7 s                                                                    total:  10.0 G (1.0 GiB/s)                                       
172.31.67.78:5000/model-ballast:B-14g:                                            resolved       |[32m++++++++++++++++++++++++++++++++++++++[0m| 
index-sha256:c39e2205f87b997d16ca3c252f0a9b6a707dd0bdbe178e3d0eb13f9633d84cc2:    done           |[32m++++++++++++++++++++++++++++++++++++++[0m| 
manifest-sha256:d57ca3414327bce6dabd46ea9ab71afc31aab5bff26208abe8589742c7c184d1: done           |[32m++++++++++++++++++++++++++++++++++++++[0m| 
manifest-sha256:0bf2f4ab1dec7aec500c0ddce00938c939819314daef83c5149e1acb7daf02ad: done           |[32m++++++++++++++++++++++++++++++++++++++[0m| 
layer-sha256:034d6572bf287fa79604fee9be062f0683809ae3a3685bc7b0e17bd1c48c50e8:    exists         |[32m++++++++++++++++++++++++++++++++++++++[0m| 
config-sha256:289bbe53944238bc5ba75ce18f6f7da47babdff9fd29aa9e989ec16d3680d022:   done           |[32m++++++++++++++++++++++++++++++++++++++[0m| 
layer-sha256:50f8c1b424f1f26e8e279fcfb5e3af1d2e8a7c1494f08744bb4bcbdab285f3d4:    downloading    |[32m++++++++++++++++++++++++[0m--------------|  1.3 GiB/2.0 GiB 
layer-sha256:dd482d345ef78a72e54dc96c818ad2ec5d6c318e392e07029816546a3089ee77:    downloading    |[32m+++++++++++++++++++++++++++++++[0m-------|  1.3 GiB/1.5 GiB 
layer-sha256:7b9be9eb4297c96c698f5bcdc5a885e322fe6817fc511afc7b09799cfa9d6886:    downloading    |[32m++++++++++++++++++++++++++++++[0m--------|  1.2 GiB/1.5 GiB 
layer-sha256:4738c92e4322db8a8bd534eab5bb762acc4a19df4bb96dbb3f5ef3ef77963f0f:    downloading    |[32m++++++++++++++++++++++++++++++++[0m------|  1.3 GiB/1.5 GiB 
layer-sha256:dfc90b51dbfaca11daa5562dadaef30c0d48125494e5211a8bf63f4da84e3945:    done           |[32m++++++++++++++++++++++++++++++++++++++[0m| 
layer-sha256:f69f10a900dbee5e29001282c43abef608a5528e1c64d1e29a48bb1da441fe6e:    downloading    |[32m+++++++++++++++++++++++++++++++++[0m-----|  1.3 GiB/1.5 GiB 
layer-sha256:9f45c515d089d32a0760f312e9f5ce2f981ddcebae6136c141414e8e53081413:    downloading    |[32m+++++++++++++++++++++++[0m---------------|  1.3 GiB/2.0 GiB 
layer-sha256:ae5ac74cdbd9a821bf37a75fd5dd70c83d17c173c1d4de3ac17e58e43198f988:    downloading    |[32m+++++++++++++++++++++++[0m---------------|  1.3 GiB/2.0 GiB 
layer-sha256:ae19d20d2fa6efc21aec50f6587d04a4c9ec9f4b43b5879baf4de03fa219c523:    downloading    |[32m++++++++++++++++++++++++[0m--------------|  1.3 GiB/2.0 GiB 
elapsed: 9.8 s                                                                    total:  10.1 G (1.0 GiB/s)                                       
172.31.67.78:5000/model-ballast:B-14g:                                            resolved       |[32m++++++++++++++++++++++++++++++++++++++[0m| 
index-sha256:c39e2205f87b997d16ca3c252f0a9b6a707dd0bdbe178e3d0eb13f9633d84cc2:    done           |[32m++++++++++++++++++++++++++++++++++++++[0m| 
manifest-sha256:d57ca3414327bce6dabd46ea9ab71afc31aab5bff26208abe8589742c7c184d1: done           |[32m++++++++++++++++++++++++++++++++++++++[0m| 
manifest-sha256:0bf2f4ab1dec7aec500c0ddce00938c939819314daef83c5149e1acb7daf02ad: done           |[32m++++++++++++++++++++++++++++++++++++++[0m| 
layer-sha256:034d6572bf287fa79604fee9be062f0683809ae3a3685bc7b0e17bd1c48c50e8:    exists         |[32m++++++++++++++++++++++++++++++++++++++[0m| 
config-sha256:289bbe53944238bc5ba75ce18f6f7da47babdff9fd29aa9e989ec16d3680d022:   done           |[32m++++++++++++++++++++++++++++++++++++++[0m| 
layer-sha256:50f8c1b424f1f26e8e279fcfb5e3af1d2e8a7c1494f08744bb4bcbdab285f3d4:    downloading    |[32m++++++++++++++++++++++++[0m--------------|  1.3 GiB/2.0 GiB 
layer-sha256:dd482d345ef78a72e54dc96c818ad2ec5d6c318e392e07029816546a3089ee77:    downloading    |[32m++++++++++++++++++++++++++++++++[0m------|  1.3 GiB/1.5 GiB 
layer-sha256:7b9be9eb4297c96c698f5bcdc5a885e322fe6817fc511afc7b09799cfa9d6886:    downloading    |[32m++++++++++++++++++++++++++++++[0m--------|  1.2 GiB/1.5 GiB 
layer-sha256:4738c92e4322db8a8bd534eab5bb762acc4a19df4bb96dbb3f5ef3ef77963f0f:    downloading    |[32m++++++++++++++++++++++++++++++++[0m------|  1.3 GiB/1.5 GiB 
layer-sha256:dfc90b51dbfaca11daa5562dadaef30c0d48125494e5211a8bf63f4da84e3945:    done           |[32m++++++++++++++++++++++++++++++++++++++[0m| 
layer-sha256:f69f10a900dbee5e29001282c43abef608a5528e1c64d1e29a48bb1da441fe6e:    downloading    |[32m+++++++++++++++++++++++++++++++++[0m-----|  1.3 GiB/1.5 GiB 
layer-sha256:9f45c515d089d32a0760f312e9f5ce2f981ddcebae6136c141414e8e53081413:    downloading    |[32m++++++++++++++++++++++++[0m--------------|  1.3 GiB/2.0 GiB 
layer-sha256:ae5ac74cdbd9a821bf37a75fd5dd70c83d17c173c1d4de3ac17e58e43198f988:    downloading    |[32m++++++++++++++++++++++++[0m--------------|  1.3 GiB/2.0 GiB 
layer-sha256:ae19d20d2fa6efc21aec50f6587d04a4c9ec9f4b43b5879baf4de03fa219c523:    downloading    |[32m+++++++++++++++++++++++++[0m-------------|  1.3 GiB/2.0 GiB 
elapsed: 9.9 s                                                                    total:  10.2 G (1.0 GiB/s)                                       
172.31.67.78:5000/model-ballast:B-14g:                                            resolved       |[32m++++++++++++++++++++++++++++++++++++++[0m| 
index-sha256:c39e2205f87b997d16ca3c252f0a9b6a707dd0bdbe178e3d0eb13f9633d84cc2:    done           |[32m++++++++++++++++++++++++++++++++++++++[0m| 
manifest-sha256:d57ca3414327bce6dabd46ea9ab71afc31aab5bff26208abe8589742c7c184d1: done           |[32m++++++++++++++++++++++++++++++++++++++[0m| 
manifest-sha256:0bf2f4ab1dec7aec500c0ddce00938c939819314daef83c5149e1acb7daf02ad: done           |[32m++++++++++++++++++++++++++++++++++++++[0m| 
layer-sha256:034d6572bf287fa79604fee9be062f0683809ae3a3685bc7b0e17bd1c48c50e8:    exists         |[32m++++++++++++++++++++++++++++++++++++++[0m| 
config-sha256:289bbe53944238bc5ba75ce18f6f7da47babdff9fd29aa9e989ec16d3680d022:   done           |[32m++++++++++++++++++++++++++++++++++++++[0m| 
layer-sha256:50f8c1b424f1f26e8e279fcfb5e3af1d2e8a7c1494f08744bb4bcbdab285f3d4:    downloading    |[32m++++++++++++++++++++++++[0m--------------|  1.3 GiB/2.0 GiB 
layer-sha256:dd482d345ef78a72e54dc96c818ad2ec5d6c318e392e07029816546a3089ee77:    downloading    |[32m++++++++++++++++++++++++++++++++[0m------|  1.3 GiB/1.5 GiB 
layer-sha256:7b9be9eb4297c96c698f5bcdc5a885e322fe6817fc511afc7b09799cfa9d6886:    downloading    |[32m++++++++++++++++++++++++++++++[0m--------|  1.2 GiB/1.5 GiB 
layer-sha256:4738c92e4322db8a8bd534eab5bb762acc4a19df4bb96dbb3f5ef3ef77963f0f:    downloading    |[32m+++++++++++++++++++++++++++++++++[0m-----|  1.3 GiB/1.5 GiB 
layer-sha256:dfc90b51dbfaca11daa5562dadaef30c0d48125494e5211a8bf63f4da84e3945:    done           |[32m++++++++++++++++++++++++++++++++++++++[0m| 
layer-sha256:f69f10a900dbee5e29001282c43abef608a5528e1c64d1e29a48bb1da441fe6e:    downloading    |[32m+++++++++++++++++++++++++++++++++[0m-----|  1.3 GiB/1.5 GiB 
layer-sha256:9f45c515d089d32a0760f312e9f5ce2f981ddcebae6136c141414e8e53081413:    downloading    |[32m++++++++++++++++++++++++[0m--------------|  1.3 GiB/2.0 GiB 
layer-sha256:ae5ac74cdbd9a821bf37a75fd5dd70c83d17c173c1d4de3ac17e58e43198f988:    downloading    |[32m++++++++++++++++++++++++[0m--------------|  1.3 GiB/2.0 GiB 
layer-sha256:ae19d20d2fa6efc21aec50f6587d04a4c9ec9f4b43b5879baf4de03fa219c523:    downloading    |[32m+++++++++++++++++++++++++[0m-------------|  1.3 GiB/2.0 GiB 
elapsed: 10.0s                                                                    total:  10.3 G (1.0 GiB/s)                                       
172.31.67.78:5000/model-ballast:B-14g:                                            resolved       |[32m++++++++++++++++++++++++++++++++++++++[0m| 
index-sha256:c39e2205f87b997d16ca3c252f0a9b6a707dd0bdbe178e3d0eb13f9633d84cc2:    done           |[32m++++++++++++++++++++++++++++++++++++++[0m| 
manifest-sha256:d57ca3414327bce6dabd46ea9ab71afc31aab5bff26208abe8589742c7c184d1: done           |[32m++++++++++++++++++++++++++++++++++++++[0m| 
manifest-sha256:0bf2f4ab1dec7aec500c0ddce00938c939819314daef83c5149e1acb7daf02ad: done           |[32m++++++++++++++++++++++++++++++++++++++[0m| 
layer-sha256:034d6572bf287fa79604fee9be062f0683809ae3a3685bc7b0e17bd1c48c50e8:    exists         |[32m++++++++++++++++++++++++++++++++++++++[0m| 
config-sha256:289bbe53944238bc5ba75ce18f6f7da47babdff9fd29aa9e989ec16d3680d022:   done           |[32m++++++++++++++++++++++++++++++++++++++[0m| 
layer-sha256:50f8c1b424f1f26e8e279fcfb5e3af1d2e8a7c1494f08744bb4bcbdab285f3d4:    downloading    |[32m+++++++++++++++++++++++++[0m-------------|  1.3 GiB/2.0 GiB 
layer-sha256:dd482d345ef78a72e54dc96c818ad2ec5d6c318e392e07029816546a3089ee77:    downloading    |[32m++++++++++++++++++++++++++++++++[0m------|  1.3 GiB/1.5 GiB 
layer-sha256:7b9be9eb4297c96c698f5bcdc5a885e322fe6817fc511afc7b09799cfa9d6886:    downloading    |[32m+++++++++++++++++++++++++++++++[0m-------|  1.2 GiB/1.5 GiB 
layer-sha256:4738c92e4322db8a8bd534eab5bb762acc4a19df4bb96dbb3f5ef3ef77963f0f:    downloading    |[32m+++++++++++++++++++++++++++++++++[0m-----|  1.3 GiB/1.5 GiB 
layer-sha256:dfc90b51dbfaca11daa5562dadaef30c0d48125494e5211a8bf63f4da84e3945:    done           |[32m++++++++++++++++++++++++++++++++++++++[0m| 
layer-sha256:f69f10a900dbee5e29001282c43abef608a5528e1c64d1e29a48bb1da441fe6e:    downloading    |[32m++++++++++++++++++++++++++++++++++[0m----|  1.4 GiB/1.5 GiB 
layer-sha256:9f45c515d089d32a0760f312e9f5ce2f981ddcebae6136c141414e8e53081413:    downloading    |[32m++++++++++++++++++++++++[0m--------------|  1.3 GiB/2.0 GiB 
layer-sha256:ae5ac74cdbd9a821bf37a75fd5dd70c83d17c173c1d4de3ac17e58e43198f988:    downloading    |[32m++++++++++++++++++++++++[0m--------------|  1.3 GiB/2.0 GiB 
layer-sha256:ae19d20d2fa6efc21aec50f6587d04a4c9ec9f4b43b5879baf4de03fa219c523:    downloading    |[32m+++++++++++++++++++++++++[0m-------------|  1.4 GiB/2.0 GiB 
elapsed: 10.1s                                                                    total:  10.4 G (1.0 GiB/s)                                       
172.31.67.78:5000/model-ballast:B-14g:                                            resolved       |[32m++++++++++++++++++++++++++++++++++++++[0m| 
index-sha256:c39e2205f87b997d16ca3c252f0a9b6a707dd0bdbe178e3d0eb13f9633d84cc2:    done           |[32m++++++++++++++++++++++++++++++++++++++[0m| 
manifest-sha256:d57ca3414327bce6dabd46ea9ab71afc31aab5bff26208abe8589742c7c184d1: done           |[32m++++++++++++++++++++++++++++++++++++++[0m| 
manifest-sha256:0bf2f4ab1dec7aec500c0ddce00938c939819314daef83c5149e1acb7daf02ad: done           |[32m++++++++++++++++++++++++++++++++++++++[0m| 
layer-sha256:034d6572bf287fa79604fee9be062f0683809ae3a3685bc7b0e17bd1c48c50e8:    exists         |[32m++++++++++++++++++++++++++++++++++++++[0m| 
config-sha256:289bbe53944238bc5ba75ce18f6f7da47babdff9fd29aa9e989ec16d3680d022:   done           |[32m++++++++++++++++++++++++++++++++++++++[0m| 
layer-sha256:50f8c1b424f1f26e8e279fcfb5e3af1d2e8a7c1494f08744bb4bcbdab285f3d4:    downloading    |[32m+++++++++++++++++++++++++[0m-------------|  1.3 GiB/2.0 GiB 
layer-sha256:dd482d345ef78a72e54dc96c818ad2ec5d6c318e392e07029816546a3089ee77:    downloading    |[32m++++++++++++++++++++++++++++++++[0m------|  1.3 GiB/1.5 GiB 
layer-sha256:7b9be9eb4297c96c698f5bcdc5a885e322fe6817fc511afc7b09799cfa9d6886:    downloading    |[32m+++++++++++++++++++++++++++++++[0m-------|  1.2 GiB/1.5 GiB 
layer-sha256:4738c92e4322db8a8bd534eab5bb762acc4a19df4bb96dbb3f5ef3ef77963f0f:    downloading    |[32m+++++++++++++++++++++++++++++++++[0m-----|  1.3 GiB/1.5 GiB 
layer-sha256:dfc90b51dbfaca11daa5562dadaef30c0d48125494e5211a8bf63f4da84e3945:    done           |[32m++++++++++++++++++++++++++++++++++++++[0m| 
layer-sha256:f69f10a900dbee5e29001282c43abef608a5528e1c64d1e29a48bb1da441fe6e:    downloading    |[32m++++++++++++++++++++++++++++++++++[0m----|  1.4 GiB/1.5 GiB 
layer-sha256:9f45c515d089d32a0760f312e9f5ce2f981ddcebae6136c141414e8e53081413:    downloading    |[32m++++++++++++++++++++++++[0m--------------|  1.3 GiB/2.0 GiB 
layer-sha256:ae5ac74cdbd9a821bf37a75fd5dd70c83d17c173c1d4de3ac17e58e43198f988:    downloading    |[32m++++++++++++++++++++++++[0m--------------|  1.3 GiB/2.0 GiB 
layer-sha256:ae19d20d2fa6efc21aec50f6587d04a4c9ec9f4b43b5879baf4de03fa219c523:    downloading    |[32m+++++++++++++++++++++++++[0m-------------|  1.4 GiB/2.0 GiB 
elapsed: 10.2s                                                                    total:  10.5 G (1.0 GiB/s)                                       
172.31.67.78:5000/model-ballast:B-14g:                                            resolved       |[32m++++++++++++++++++++++++++++++++++++++[0m| 
index-sha256:c39e2205f87b997d16ca3c252f0a9b6a707dd0bdbe178e3d0eb13f9633d84cc2:    done           |[32m++++++++++++++++++++++++++++++++++++++[0m| 
manifest-sha256:d57ca3414327bce6dabd46ea9ab71afc31aab5bff26208abe8589742c7c184d1: done           |[32m++++++++++++++++++++++++++++++++++++++[0m| 
manifest-sha256:0bf2f4ab1dec7aec500c0ddce00938c939819314daef83c5149e1acb7daf02ad: done           |[32m++++++++++++++++++++++++++++++++++++++[0m| 
layer-sha256:034d6572bf287fa79604fee9be062f0683809ae3a3685bc7b0e17bd1c48c50e8:    exists         |[32m++++++++++++++++++++++++++++++++++++++[0m| 
config-sha256:289bbe53944238bc5ba75ce18f6f7da47babdff9fd29aa9e989ec16d3680d022:   done           |[32m++++++++++++++++++++++++++++++++++++++[0m| 
layer-sha256:50f8c1b424f1f26e8e279fcfb5e3af1d2e8a7c1494f08744bb4bcbdab285f3d4:    downloading    |[32m+++++++++++++++++++++++++[0m-------------|  1.3 GiB/2.0 GiB 
layer-sha256:dd482d345ef78a72e54dc96c818ad2ec5d6c318e392e07029816546a3089ee77:    downloading    |[32m+++++++++++++++++++++++++++++++++[0m-----|  1.3 GiB/1.5 GiB 
layer-sha256:7b9be9eb4297c96c698f5bcdc5a885e322fe6817fc511afc7b09799cfa9d6886:    downloading    |[32m+++++++++++++++++++++++++++++++[0m-------|  1.2 GiB/1.5 GiB 
layer-sha256:4738c92e4322db8a8bd534eab5bb762acc4a19df4bb96dbb3f5ef3ef77963f0f:    downloading    |[32m++++++++++++++++++++++++++++++++++[0m----|  1.3 GiB/1.5 GiB 
layer-sha256:dfc90b51dbfaca11daa5562dadaef30c0d48125494e5211a8bf63f4da84e3945:    done           |[32m++++++++++++++++++++++++++++++++++++++[0m| 
layer-sha256:f69f10a900dbee5e29001282c43abef608a5528e1c64d1e29a48bb1da441fe6e:    downloading    |[32m++++++++++++++++++++++++++++++++++[0m----|  1.4 GiB/1.5 GiB 
layer-sha256:9f45c515d089d32a0760f312e9f5ce2f981ddcebae6136c141414e8e53081413:    downloading    |[32m+++++++++++++++++++++++++[0m-------------|  1.3 GiB/2.0 GiB 
layer-sha256:ae5ac74cdbd9a821bf37a75fd5dd70c83d17c173c1d4de3ac17e58e43198f988:    downloading    |[32m++++++++++++++++++++++++[0m--------------|  1.3 GiB/2.0 GiB 
layer-sha256:ae19d20d2fa6efc21aec50f6587d04a4c9ec9f4b43b5879baf4de03fa219c523:    downloading    |[32m++++++++++++++++++++++++++[0m------------|  1.4 GiB/2.0 GiB 
elapsed: 10.3s                                                                    total:  10.6 G (1.0 GiB/s)                                       
172.31.67.78:5000/model-ballast:B-14g:                                            resolved       |[32m++++++++++++++++++++++++++++++++++++++[0m| 
index-sha256:c39e2205f87b997d16ca3c252f0a9b6a707dd0bdbe178e3d0eb13f9633d84cc2:    done           |[32m++++++++++++++++++++++++++++++++++++++[0m| 
manifest-sha256:d57ca3414327bce6dabd46ea9ab71afc31aab5bff26208abe8589742c7c184d1: done           |[32m++++++++++++++++++++++++++++++++++++++[0m| 
manifest-sha256:0bf2f4ab1dec7aec500c0ddce00938c939819314daef83c5149e1acb7daf02ad: done           |[32m++++++++++++++++++++++++++++++++++++++[0m| 
layer-sha256:034d6572bf287fa79604fee9be062f0683809ae3a3685bc7b0e17bd1c48c50e8:    exists         |[32m++++++++++++++++++++++++++++++++++++++[0m| 
config-sha256:289bbe53944238bc5ba75ce18f6f7da47babdff9fd29aa9e989ec16d3680d022:   done           |[32m++++++++++++++++++++++++++++++++++++++[0m| 
layer-sha256:50f8c1b424f1f26e8e279fcfb5e3af1d2e8a7c1494f08744bb4bcbdab285f3d4:    downloading    |[32m+++++++++++++++++++++++++[0m-------------|  1.4 GiB/2.0 GiB 
layer-sha256:dd482d345ef78a72e54dc96c818ad2ec5d6c318e392e07029816546a3089ee77:    downloading    |[32m+++++++++++++++++++++++++++++++++[0m-----|  1.3 GiB/1.5 GiB 
layer-sha256:7b9be9eb4297c96c698f5bcdc5a885e322fe6817fc511afc7b09799cfa9d6886:    downloading    |[32m+++++++++++++++++++++++++++++++[0m-------|  1.3 GiB/1.5 GiB 
layer-sha256:4738c92e4322db8a8bd534eab5bb762acc4a19df4bb96dbb3f5ef3ef77963f0f:    downloading    |[32m++++++++++++++++++++++++++++++++++[0m----|  1.4 GiB/1.5 GiB 
layer-sha256:dfc90b51dbfaca11daa5562dadaef30c0d48125494e5211a8bf63f4da84e3945:    done           |[32m++++++++++++++++++++++++++++++++++++++[0m| 
layer-sha256:f69f10a900dbee5e29001282c43abef608a5528e1c64d1e29a48bb1da441fe6e:    downloading    |[32m+++++++++++++++++++++++++++++++++++[0m---|  1.4 GiB/1.5 GiB 
layer-sha256:9f45c515d089d32a0760f312e9f5ce2f981ddcebae6136c141414e8e53081413:    downloading    |[32m+++++++++++++++++++++++++[0m-------------|  1.3 GiB/2.0 GiB 
layer-sha256:ae5ac74cdbd9a821bf37a75fd5dd70c83d17c173c1d4de3ac17e58e43198f988:    downloading    |[32m+++++++++++++++++++++++++[0m-------------|  1.3 GiB/2.0 GiB 
layer-sha256:ae19d20d2fa6efc21aec50f6587d04a4c9ec9f4b43b5879baf4de03fa219c523:    downloading    |[32m++++++++++++++++++++++++++[0m------------|  1.4 GiB/2.0 GiB 
elapsed: 10.4s                                                                    total:  10.7 G (1.0 GiB/s)                                       
172.31.67.78:5000/model-ballast:B-14g:                                            resolved       |[32m++++++++++++++++++++++++++++++++++++++[0m| 
index-sha256:c39e2205f87b997d16ca3c252f0a9b6a707dd0bdbe178e3d0eb13f9633d84cc2:    done           |[32m++++++++++++++++++++++++++++++++++++++[0m| 
manifest-sha256:d57ca3414327bce6dabd46ea9ab71afc31aab5bff26208abe8589742c7c184d1: done           |[32m++++++++++++++++++++++++++++++++++++++[0m| 
manifest-sha256:0bf2f4ab1dec7aec500c0ddce00938c939819314daef83c5149e1acb7daf02ad: done           |[32m++++++++++++++++++++++++++++++++++++++[0m| 
layer-sha256:034d6572bf287fa79604fee9be062f0683809ae3a3685bc7b0e17bd1c48c50e8:    exists         |[32m++++++++++++++++++++++++++++++++++++++[0m| 
config-sha256:289bbe53944238bc5ba75ce18f6f7da47babdff9fd29aa9e989ec16d3680d022:   done           |[32m++++++++++++++++++++++++++++++++++++++[0m| 
layer-sha256:50f8c1b424f1f26e8e279fcfb5e3af1d2e8a7c1494f08744bb4bcbdab285f3d4:    downloading    |[32m++++++++++++++++++++++++++[0m------------|  1.4 GiB/2.0 GiB 
layer-sha256:dd482d345ef78a72e54dc96c818ad2ec5d6c318e392e07029816546a3089ee77:    downloading    |[32m+++++++++++++++++++++++++++++++++[0m-----|  1.3 GiB/1.5 GiB 
layer-sha256:7b9be9eb4297c96c698f5bcdc5a885e322fe6817fc511afc7b09799cfa9d6886:    downloading    |[32m++++++++++++++++++++++++++++++++[0m------|  1.3 GiB/1.5 GiB 
layer-sha256:4738c92e4322db8a8bd534eab5bb762acc4a19df4bb96dbb3f5ef3ef77963f0f:    downloading    |[32m++++++++++++++++++++++++++++++++++[0m----|  1.4 GiB/1.5 GiB 
layer-sha256:dfc90b51dbfaca11daa5562dadaef30c0d48125494e5211a8bf63f4da84e3945:    done           |[32m++++++++++++++++++++++++++++++++++++++[0m| 
layer-sha256:f69f10a900dbee5e29001282c43abef608a5528e1c64d1e29a48bb1da441fe6e:    downloading    |[32m+++++++++++++++++++++++++++++++++++[0m---|  1.4 GiB/1.5 GiB 
layer-sha256:9f45c515d089d32a0760f312e9f5ce2f981ddcebae6136c141414e8e53081413:    downloading    |[32m+++++++++++++++++++++++++[0m-------------|  1.3 GiB/2.0 GiB 
layer-sha256:ae5ac74cdbd9a821bf37a75fd5dd70c83d17c173c1d4de3ac17e58e43198f988:    downloading    |[32m+++++++++++++++++++++++++[0m-------------|  1.3 GiB/2.0 GiB 
layer-sha256:ae19d20d2fa6efc21aec50f6587d04a4c9ec9f4b43b5879baf4de03fa219c523:    downloading    |[32m++++++++++++++++++++++++++[0m------------|  1.4 GiB/2.0 GiB 
elapsed: 10.5s                                                                    total:  10.8 G (1.0 GiB/s)                                       
172.31.67.78:5000/model-ballast:B-14g:                                            resolved       |[32m++++++++++++++++++++++++++++++++++++++[0m| 
index-sha256:c39e2205f87b997d16ca3c252f0a9b6a707dd0bdbe178e3d0eb13f9633d84cc2:    done           |[32m++++++++++++++++++++++++++++++++++++++[0m| 
manifest-sha256:d57ca3414327bce6dabd46ea9ab71afc31aab5bff26208abe8589742c7c184d1: done           |[32m++++++++++++++++++++++++++++++++++++++[0m| 
manifest-sha256:0bf2f4ab1dec7aec500c0ddce00938c939819314daef83c5149e1acb7daf02ad: done           |[32m++++++++++++++++++++++++++++++++++++++[0m| 
layer-sha256:034d6572bf287fa79604fee9be062f0683809ae3a3685bc7b0e17bd1c48c50e8:    exists         |[32m++++++++++++++++++++++++++++++++++++++[0m| 
config-sha256:289bbe53944238bc5ba75ce18f6f7da47babdff9fd29aa9e989ec16d3680d022:   done           |[32m++++++++++++++++++++++++++++++++++++++[0m| 
layer-sha256:50f8c1b424f1f26e8e279fcfb5e3af1d2e8a7c1494f08744bb4bcbdab285f3d4:    downloading    |[32m++++++++++++++++++++++++++[0m------------|  1.4 GiB/2.0 GiB 
layer-sha256:dd482d345ef78a72e54dc96c818ad2ec5d6c318e392e07029816546a3089ee77:    downloading    |[32m++++++++++++++++++++++++++++++++++[0m----|  1.4 GiB/1.5 GiB 
layer-sha256:7b9be9eb4297c96c698f5bcdc5a885e322fe6817fc511afc7b09799cfa9d6886:    downloading    |[32m++++++++++++++++++++++++++++++++[0m------|  1.3 GiB/1.5 GiB 
layer-sha256:4738c92e4322db8a8bd534eab5bb762acc4a19df4bb96dbb3f5ef3ef77963f0f:    downloading    |[32m+++++++++++++++++++++++++++++++++++[0m---|  1.4 GiB/1.5 GiB 
layer-sha256:dfc90b51dbfaca11daa5562dadaef30c0d48125494e5211a8bf63f4da84e3945:    done           |[32m++++++++++++++++++++++++++++++++++++++[0m| 
layer-sha256:f69f10a900dbee5e29001282c43abef608a5528e1c64d1e29a48bb1da441fe6e:    downloading    |[32m+++++++++++++++++++++++++++++++++++[0m---|  1.4 GiB/1.5 GiB 
layer-sha256:9f45c515d089d32a0760f312e9f5ce2f981ddcebae6136c141414e8e53081413:    downloading    |[32m+++++++++++++++++++++++++[0m-------------|  1.4 GiB/2.0 GiB 
layer-sha256:ae5ac74cdbd9a821bf37a75fd5dd70c83d17c173c1d4de3ac17e58e43198f988:    downloading    |[32m+++++++++++++++++++++++++[0m-------------|  1.3 GiB/2.0 GiB 
layer-sha256:ae19d20d2fa6efc21aec50f6587d04a4c9ec9f4b43b5879baf4de03fa219c523:    downloading    |[32m++++++++++++++++++++++++++[0m------------|  1.4 GiB/2.0 GiB 
elapsed: 10.6s                                                                    total:  11.0 G (1.0 GiB/s)                                       
172.31.67.78:5000/model-ballast:B-14g:                                            resolved       |[32m++++++++++++++++++++++++++++++++++++++[0m| 
index-sha256:c39e2205f87b997d16ca3c252f0a9b6a707dd0bdbe178e3d0eb13f9633d84cc2:    done           |[32m++++++++++++++++++++++++++++++++++++++[0m| 
manifest-sha256:d57ca3414327bce6dabd46ea9ab71afc31aab5bff26208abe8589742c7c184d1: done           |[32m++++++++++++++++++++++++++++++++++++++[0m| 
manifest-sha256:0bf2f4ab1dec7aec500c0ddce00938c939819314daef83c5149e1acb7daf02ad: done           |[32m++++++++++++++++++++++++++++++++++++++[0m| 
layer-sha256:034d6572bf287fa79604fee9be062f0683809ae3a3685bc7b0e17bd1c48c50e8:    exists         |[32m++++++++++++++++++++++++++++++++++++++[0m| 
config-sha256:289bbe53944238bc5ba75ce18f6f7da47babdff9fd29aa9e989ec16d3680d022:   done           |[32m++++++++++++++++++++++++++++++++++++++[0m| 
layer-sha256:50f8c1b424f1f26e8e279fcfb5e3af1d2e8a7c1494f08744bb4bcbdab285f3d4:    downloading    |[32m++++++++++++++++++++++++++[0m------------|  1.4 GiB/2.0 GiB 
layer-sha256:dd482d345ef78a72e54dc96c818ad2ec5d6c318e392e07029816546a3089ee77:    downloading    |[32m++++++++++++++++++++++++++++++++++[0m----|  1.4 GiB/1.5 GiB 
layer-sha256:7b9be9eb4297c96c698f5bcdc5a885e322fe6817fc511afc7b09799cfa9d6886:    downloading    |[32m++++++++++++++++++++++++++++++++[0m------|  1.3 GiB/1.5 GiB 
layer-sha256:4738c92e4322db8a8bd534eab5bb762acc4a19df4bb96dbb3f5ef3ef77963f0f:    downloading    |[32m+++++++++++++++++++++++++++++++++++[0m---|  1.4 GiB/1.5 GiB 
layer-sha256:dfc90b51dbfaca11daa5562dadaef30c0d48125494e5211a8bf63f4da84e3945:    done           |[32m++++++++++++++++++++++++++++++++++++++[0m| 
layer-sha256:f69f10a900dbee5e29001282c43abef608a5528e1c64d1e29a48bb1da441fe6e:    downloading    |[32m++++++++++++++++++++++++++++++++++++[0m--|  1.4 GiB/1.5 GiB 
layer-sha256:9f45c515d089d32a0760f312e9f5ce2f981ddcebae6136c141414e8e53081413:    downloading    |[32m++++++++++++++++++++++++++[0m------------|  1.4 GiB/2.0 GiB 
layer-sha256:ae5ac74cdbd9a821bf37a75fd5dd70c83d17c173c1d4de3ac17e58e43198f988:    downloading    |[32m+++++++++++++++++++++++++[0m-------------|  1.4 GiB/2.0 GiB 
layer-sha256:ae19d20d2fa6efc21aec50f6587d04a4c9ec9f4b43b5879baf4de03fa219c523:    downloading    |[32m+++++++++++++++++++++++++++[0m-----------|  1.4 GiB/2.0 GiB 
elapsed: 10.7s                                                                    total:  11.1 G (1.0 GiB/s)                                       
172.31.67.78:5000/model-ballast:B-14g:                                            resolved       |[32m++++++++++++++++++++++++++++++++++++++[0m| 
index-sha256:c39e2205f87b997d16ca3c252f0a9b6a707dd0bdbe178e3d0eb13f9633d84cc2:    done           |[32m++++++++++++++++++++++++++++++++++++++[0m| 
manifest-sha256:d57ca3414327bce6dabd46ea9ab71afc31aab5bff26208abe8589742c7c184d1: done           |[32m++++++++++++++++++++++++++++++++++++++[0m| 
manifest-sha256:0bf2f4ab1dec7aec500c0ddce00938c939819314daef83c5149e1acb7daf02ad: done           |[32m++++++++++++++++++++++++++++++++++++++[0m| 
layer-sha256:034d6572bf287fa79604fee9be062f0683809ae3a3685bc7b0e17bd1c48c50e8:    exists         |[32m++++++++++++++++++++++++++++++++++++++[0m| 
config-sha256:289bbe53944238bc5ba75ce18f6f7da47babdff9fd29aa9e989ec16d3680d022:   done           |[32m++++++++++++++++++++++++++++++++++++++[0m| 
layer-sha256:50f8c1b424f1f26e8e279fcfb5e3af1d2e8a7c1494f08744bb4bcbdab285f3d4:    downloading    |[32m++++++++++++++++++++++++++[0m------------|  1.4 GiB/2.0 GiB 
layer-sha256:dd482d345ef78a72e54dc96c818ad2ec5d6c318e392e07029816546a3089ee77:    downloading    |[32m++++++++++++++++++++++++++++++++++[0m----|  1.4 GiB/1.5 GiB 
layer-sha256:7b9be9eb4297c96c698f5bcdc5a885e322fe6817fc511afc7b09799cfa9d6886:    downloading    |[32m+++++++++++++++++++++++++++++++++[0m-----|  1.3 GiB/1.5 GiB 
layer-sha256:4738c92e4322db8a8bd534eab5bb762acc4a19df4bb96dbb3f5ef3ef77963f0f:    downloading    |[32m+++++++++++++++++++++++++++++++++++[0m---|  1.4 GiB/1.5 GiB 
layer-sha256:dfc90b51dbfaca11daa5562dadaef30c0d48125494e5211a8bf63f4da84e3945:    done           |[32m++++++++++++++++++++++++++++++++++++++[0m| 
layer-sha256:f69f10a900dbee5e29001282c43abef608a5528e1c64d1e29a48bb1da441fe6e:    downloading    |[32m++++++++++++++++++++++++++++++++++++[0m--|  1.4 GiB/1.5 GiB 
layer-sha256:9f45c515d089d32a0760f312e9f5ce2f981ddcebae6136c141414e8e53081413:    downloading    |[32m++++++++++++++++++++++++++[0m------------|  1.4 GiB/2.0 GiB 
layer-sha256:ae5ac74cdbd9a821bf37a75fd5dd70c83d17c173c1d4de3ac17e58e43198f988:    downloading    |[32m++++++++++++++++++++++++++[0m------------|  1.4 GiB/2.0 GiB 
layer-sha256:ae19d20d2fa6efc21aec50f6587d04a4c9ec9f4b43b5879baf4de03fa219c523:    downloading    |[32m+++++++++++++++++++++++++++[0m-----------|  1.4 GiB/2.0 GiB 
elapsed: 10.8s                                                                    total:  11.2 G (1.0 GiB/s)                                       
172.31.67.78:5000/model-ballast:B-14g:                                            resolved       |[32m++++++++++++++++++++++++++++++++++++++[0m| 
index-sha256:c39e2205f87b997d16ca3c252f0a9b6a707dd0bdbe178e3d0eb13f9633d84cc2:    done           |[32m++++++++++++++++++++++++++++++++++++++[0m| 
manifest-sha256:d57ca3414327bce6dabd46ea9ab71afc31aab5bff26208abe8589742c7c184d1: done           |[32m++++++++++++++++++++++++++++++++++++++[0m| 
manifest-sha256:0bf2f4ab1dec7aec500c0ddce00938c939819314daef83c5149e1acb7daf02ad: done           |[32m++++++++++++++++++++++++++++++++++++++[0m| 
layer-sha256:034d6572bf287fa79604fee9be062f0683809ae3a3685bc7b0e17bd1c48c50e8:    exists         |[32m++++++++++++++++++++++++++++++++++++++[0m| 
config-sha256:289bbe53944238bc5ba75ce18f6f7da47babdff9fd29aa9e989ec16d3680d022:   done           |[32m++++++++++++++++++++++++++++++++++++++[0m| 
layer-sha256:50f8c1b424f1f26e8e279fcfb5e3af1d2e8a7c1494f08744bb4bcbdab285f3d4:    downloading    |[32m++++++++++++++++++++++++++[0m------------|  1.4 GiB/2.0 GiB 
layer-sha256:dd482d345ef78a72e54dc96c818ad2ec5d6c318e392e07029816546a3089ee77:    downloading    |[32m+++++++++++++++++++++++++++++++++++[0m---|  1.4 GiB/1.5 GiB 
layer-sha256:7b9be9eb4297c96c698f5bcdc5a885e322fe6817fc511afc7b09799cfa9d6886:    downloading    |[32m+++++++++++++++++++++++++++++++++[0m-----|  1.3 GiB/1.5 GiB 
layer-sha256:4738c92e4322db8a8bd534eab5bb762acc4a19df4bb96dbb3f5ef3ef77963f0f:    downloading    |[32m++++++++++++++++++++++++++++++++++++[0m--|  1.4 GiB/1.5 GiB 
layer-sha256:dfc90b51dbfaca11daa5562dadaef30c0d48125494e5211a8bf63f4da84e3945:    done           |[32m++++++++++++++++++++++++++++++++++++++[0m| 
layer-sha256:f69f10a900dbee5e29001282c43abef608a5528e1c64d1e29a48bb1da441fe6e:    downloading    |[32m++++++++++++++++++++++++++++++++++++[0m--|  1.5 GiB/1.5 GiB 
layer-sha256:9f45c515d089d32a0760f312e9f5ce2f981ddcebae6136c141414e8e53081413:    downloading    |[32m++++++++++++++++++++++++++[0m------------|  1.4 GiB/2.0 GiB 
layer-sha256:ae5ac74cdbd9a821bf37a75fd5dd70c83d17c173c1d4de3ac17e58e43198f988:    downloading    |[32m++++++++++++++++++++++++++[0m------------|  1.4 GiB/2.0 GiB 
layer-sha256:ae19d20d2fa6efc21aec50f6587d04a4c9ec9f4b43b5879baf4de03fa219c523:    downloading    |[32m+++++++++++++++++++++++++++[0m-----------|  1.5 GiB/2.0 GiB 
elapsed: 10.9s                                                                    total:  11.2 G (1.0 GiB/s)                                       
172.31.67.78:5000/model-ballast:B-14g:                                            resolved       |[32m++++++++++++++++++++++++++++++++++++++[0m| 
index-sha256:c39e2205f87b997d16ca3c252f0a9b6a707dd0bdbe178e3d0eb13f9633d84cc2:    done           |[32m++++++++++++++++++++++++++++++++++++++[0m| 
manifest-sha256:d57ca3414327bce6dabd46ea9ab71afc31aab5bff26208abe8589742c7c184d1: done           |[32m++++++++++++++++++++++++++++++++++++++[0m| 
manifest-sha256:0bf2f4ab1dec7aec500c0ddce00938c939819314daef83c5149e1acb7daf02ad: done           |[32m++++++++++++++++++++++++++++++++++++++[0m| 
layer-sha256:034d6572bf287fa79604fee9be062f0683809ae3a3685bc7b0e17bd1c48c50e8:    exists         |[32m++++++++++++++++++++++++++++++++++++++[0m| 
config-sha256:289bbe53944238bc5ba75ce18f6f7da47babdff9fd29aa9e989ec16d3680d022:   done           |[32m++++++++++++++++++++++++++++++++++++++[0m| 
layer-sha256:50f8c1b424f1f26e8e279fcfb5e3af1d2e8a7c1494f08744bb4bcbdab285f3d4:    downloading    |[32m+++++++++++++++++++++++++++[0m-----------|  1.4 GiB/2.0 GiB 
layer-sha256:dd482d345ef78a72e54dc96c818ad2ec5d6c318e392e07029816546a3089ee77:    downloading    |[32m+++++++++++++++++++++++++++++++++++[0m---|  1.4 GiB/1.5 GiB 
layer-sha256:7b9be9eb4297c96c698f5bcdc5a885e322fe6817fc511afc7b09799cfa9d6886:    downloading    |[32m+++++++++++++++++++++++++++++++++[0m-----|  1.3 GiB/1.5 GiB 
layer-sha256:4738c92e4322db8a8bd534eab5bb762acc4a19df4bb96dbb3f5ef3ef77963f0f:    downloading    |[32m++++++++++++++++++++++++++++++++++++[0m--|  1.4 GiB/1.5 GiB 
layer-sha256:dfc90b51dbfaca11daa5562dadaef30c0d48125494e5211a8bf63f4da84e3945:    done           |[32m++++++++++++++++++++++++++++++++++++++[0m| 
layer-sha256:f69f10a900dbee5e29001282c43abef608a5528e1c64d1e29a48bb1da441fe6e:    downloading    |[32m+++++++++++++++++++++++++++++++++++++[0m-|  1.5 GiB/1.5 GiB 
layer-sha256:9f45c515d089d32a0760f312e9f5ce2f981ddcebae6136c141414e8e53081413:    downloading    |[32m++++++++++++++++++++++++++[0m------------|  1.4 GiB/2.0 GiB 
layer-sha256:ae5ac74cdbd9a821bf37a75fd5dd70c83d17c173c1d4de3ac17e58e43198f988:    downloading    |[32m++++++++++++++++++++++++++[0m------------|  1.4 GiB/2.0 GiB 
layer-sha256:ae19d20d2fa6efc21aec50f6587d04a4c9ec9f4b43b5879baf4de03fa219c523:    downloading    |[32m+++++++++++++++++++++++++++[0m-----------|  1.5 GiB/2.0 GiB 
elapsed: 11.0s                                                                    total:  11.3 G (1.0 GiB/s)                                       
172.31.67.78:5000/model-ballast:B-14g:                                            resolved       |[32m++++++++++++++++++++++++++++++++++++++[0m| 
index-sha256:c39e2205f87b997d16ca3c252f0a9b6a707dd0bdbe178e3d0eb13f9633d84cc2:    done           |[32m++++++++++++++++++++++++++++++++++++++[0m| 
manifest-sha256:d57ca3414327bce6dabd46ea9ab71afc31aab5bff26208abe8589742c7c184d1: done           |[32m++++++++++++++++++++++++++++++++++++++[0m| 
manifest-sha256:0bf2f4ab1dec7aec500c0ddce00938c939819314daef83c5149e1acb7daf02ad: done           |[32m++++++++++++++++++++++++++++++++++++++[0m| 
layer-sha256:034d6572bf287fa79604fee9be062f0683809ae3a3685bc7b0e17bd1c48c50e8:    exists         |[32m++++++++++++++++++++++++++++++++++++++[0m| 
config-sha256:289bbe53944238bc5ba75ce18f6f7da47babdff9fd29aa9e989ec16d3680d022:   done           |[32m++++++++++++++++++++++++++++++++++++++[0m| 
layer-sha256:50f8c1b424f1f26e8e279fcfb5e3af1d2e8a7c1494f08744bb4bcbdab285f3d4:    downloading    |[32m+++++++++++++++++++++++++++[0m-----------|  1.4 GiB/2.0 GiB 
layer-sha256:dd482d345ef78a72e54dc96c818ad2ec5d6c318e392e07029816546a3089ee77:    downloading    |[32m+++++++++++++++++++++++++++++++++++[0m---|  1.4 GiB/1.5 GiB 
layer-sha256:7b9be9eb4297c96c698f5bcdc5a885e322fe6817fc511afc7b09799cfa9d6886:    downloading    |[32m++++++++++++++++++++++++++++++++++[0m----|  1.3 GiB/1.5 GiB 
layer-sha256:4738c92e4322db8a8bd534eab5bb762acc4a19df4bb96dbb3f5ef3ef77963f0f:    downloading    |[32m++++++++++++++++++++++++++++++++++++[0m--|  1.4 GiB/1.5 GiB 
layer-sha256:dfc90b51dbfaca11daa5562dadaef30c0d48125494e5211a8bf63f4da84e3945:    done           |[32m++++++++++++++++++++++++++++++++++++++[0m| 
layer-sha256:f69f10a900dbee5e29001282c43abef608a5528e1c64d1e29a48bb1da441fe6e:    downloading    |[32m+++++++++++++++++++++++++++++++++++++[0m-|  1.5 GiB/1.5 GiB 
layer-sha256:9f45c515d089d32a0760f312e9f5ce2f981ddcebae6136c141414e8e53081413:    downloading    |[32m+++++++++++++++++++++++++++[0m-----------|  1.4 GiB/2.0 GiB 
layer-sha256:ae5ac74cdbd9a821bf37a75fd5dd70c83d17c173c1d4de3ac17e58e43198f988:    downloading    |[32m++++++++++++++++++++++++++[0m------------|  1.4 GiB/2.0 GiB 
layer-sha256:ae19d20d2fa6efc21aec50f6587d04a4c9ec9f4b43b5879baf4de03fa219c523:    downloading    |[32m++++++++++++++++++++++++++++[0m----------|  1.5 GiB/2.0 GiB 
elapsed: 11.1s                                                                    total:  11.5 G (1.0 GiB/s)                                       
172.31.67.78:5000/model-ballast:B-14g:                                            resolved       |[32m++++++++++++++++++++++++++++++++++++++[0m| 
index-sha256:c39e2205f87b997d16ca3c252f0a9b6a707dd0bdbe178e3d0eb13f9633d84cc2:    done           |[32m++++++++++++++++++++++++++++++++++++++[0m| 
manifest-sha256:d57ca3414327bce6dabd46ea9ab71afc31aab5bff26208abe8589742c7c184d1: done           |[32m++++++++++++++++++++++++++++++++++++++[0m| 
manifest-sha256:0bf2f4ab1dec7aec500c0ddce00938c939819314daef83c5149e1acb7daf02ad: done           |[32m++++++++++++++++++++++++++++++++++++++[0m| 
layer-sha256:034d6572bf287fa79604fee9be062f0683809ae3a3685bc7b0e17bd1c48c50e8:    exists         |[32m++++++++++++++++++++++++++++++++++++++[0m| 
config-sha256:289bbe53944238bc5ba75ce18f6f7da47babdff9fd29aa9e989ec16d3680d022:   done           |[32m++++++++++++++++++++++++++++++++++++++[0m| 
layer-sha256:50f8c1b424f1f26e8e279fcfb5e3af1d2e8a7c1494f08744bb4bcbdab285f3d4:    downloading    |[32m+++++++++++++++++++++++++++[0m-----------|  1.5 GiB/2.0 GiB 
layer-sha256:dd482d345ef78a72e54dc96c818ad2ec5d6c318e392e07029816546a3089ee77:    downloading    |[32m++++++++++++++++++++++++++++++++++++[0m--|  1.4 GiB/1.5 GiB 
layer-sha256:7b9be9eb4297c96c698f5bcdc5a885e322fe6817fc511afc7b09799cfa9d6886:    downloading    |[32m++++++++++++++++++++++++++++++++++[0m----|  1.4 GiB/1.5 GiB 
layer-sha256:4738c92e4322db8a8bd534eab5bb762acc4a19df4bb96dbb3f5ef3ef77963f0f:    downloading    |[32m+++++++++++++++++++++++++++++++++++++[0m-|  1.5 GiB/1.5 GiB 
layer-sha256:dfc90b51dbfaca11daa5562dadaef30c0d48125494e5211a8bf63f4da84e3945:    done           |[32m++++++++++++++++++++++++++++++++++++++[0m| 
layer-sha256:f69f10a900dbee5e29001282c43abef608a5528e1c64d1e29a48bb1da441fe6e:    downloading    |[32m+++++++++++++++++++++++++++++++++++++[0m-|  1.5 GiB/1.5 GiB 
layer-sha256:9f45c515d089d32a0760f312e9f5ce2f981ddcebae6136c141414e8e53081413:    downloading    |[32m+++++++++++++++++++++++++++[0m-----------|  1.4 GiB/2.0 GiB 
layer-sha256:ae5ac74cdbd9a821bf37a75fd5dd70c83d17c173c1d4de3ac17e58e43198f988:    downloading    |[32m+++++++++++++++++++++++++++[0m-----------|  1.4 GiB/2.0 GiB 
layer-sha256:ae19d20d2fa6efc21aec50f6587d04a4c9ec9f4b43b5879baf4de03fa219c523:    downloading    |[32m++++++++++++++++++++++++++++[0m----------|  1.5 GiB/2.0 GiB 
elapsed: 11.2s                                                                    total:  11.6 G (1.0 GiB/s)                                       
172.31.67.78:5000/model-ballast:B-14g:                                            resolved       |[32m++++++++++++++++++++++++++++++++++++++[0m| 
index-sha256:c39e2205f87b997d16ca3c252f0a9b6a707dd0bdbe178e3d0eb13f9633d84cc2:    done           |[32m++++++++++++++++++++++++++++++++++++++[0m| 
manifest-sha256:d57ca3414327bce6dabd46ea9ab71afc31aab5bff26208abe8589742c7c184d1: done           |[32m++++++++++++++++++++++++++++++++++++++[0m| 
manifest-sha256:0bf2f4ab1dec7aec500c0ddce00938c939819314daef83c5149e1acb7daf02ad: done           |[32m++++++++++++++++++++++++++++++++++++++[0m| 
layer-sha256:034d6572bf287fa79604fee9be062f0683809ae3a3685bc7b0e17bd1c48c50e8:    exists         |[32m++++++++++++++++++++++++++++++++++++++[0m| 
config-sha256:289bbe53944238bc5ba75ce18f6f7da47babdff9fd29aa9e989ec16d3680d022:   done           |[32m++++++++++++++++++++++++++++++++++++++[0m| 
layer-sha256:50f8c1b424f1f26e8e279fcfb5e3af1d2e8a7c1494f08744bb4bcbdab285f3d4:    downloading    |[32m+++++++++++++++++++++++++++[0m-----------|  1.5 GiB/2.0 GiB 
layer-sha256:dd482d345ef78a72e54dc96c818ad2ec5d6c318e392e07029816546a3089ee77:    downloading    |[32m++++++++++++++++++++++++++++++++++++[0m--|  1.4 GiB/1.5 GiB 
layer-sha256:7b9be9eb4297c96c698f5bcdc5a885e322fe6817fc511afc7b09799cfa9d6886:    downloading    |[32m++++++++++++++++++++++++++++++++++[0m----|  1.4 GiB/1.5 GiB 
layer-sha256:4738c92e4322db8a8bd534eab5bb762acc4a19df4bb96dbb3f5ef3ef77963f0f:    downloading    |[32m+++++++++++++++++++++++++++++++++++++[0m-|  1.5 GiB/1.5 GiB 
layer-sha256:dfc90b51dbfaca11daa5562dadaef30c0d48125494e5211a8bf63f4da84e3945:    done           |[32m++++++++++++++++++++++++++++++++++++++[0m| 
layer-sha256:f69f10a900dbee5e29001282c43abef608a5528e1c64d1e29a48bb1da441fe6e:    downloading    |[32m++++++++++++++++++++++++++++++++++++++[0m|  1.5 GiB/1.5 GiB 
layer-sha256:9f45c515d089d32a0760f312e9f5ce2f981ddcebae6136c141414e8e53081413:    downloading    |[32m+++++++++++++++++++++++++++[0m-----------|  1.5 GiB/2.0 GiB 
layer-sha256:ae5ac74cdbd9a821bf37a75fd5dd70c83d17c173c1d4de3ac17e58e43198f988:    downloading    |[32m+++++++++++++++++++++++++++[0m-----------|  1.4 GiB/2.0 GiB 
layer-sha256:ae19d20d2fa6efc21aec50f6587d04a4c9ec9f4b43b5879baf4de03fa219c523:    downloading    |[32m++++++++++++++++++++++++++++[0m----------|  1.5 GiB/2.0 GiB 
elapsed: 11.3s                                                                    total:  11.7 G (1.0 GiB/s)                                       
172.31.67.78:5000/model-ballast:B-14g:                                            resolved       |[32m++++++++++++++++++++++++++++++++++++++[0m| 
index-sha256:c39e2205f87b997d16ca3c252f0a9b6a707dd0bdbe178e3d0eb13f9633d84cc2:    done           |[32m++++++++++++++++++++++++++++++++++++++[0m| 
manifest-sha256:d57ca3414327bce6dabd46ea9ab71afc31aab5bff26208abe8589742c7c184d1: done           |[32m++++++++++++++++++++++++++++++++++++++[0m| 
manifest-sha256:0bf2f4ab1dec7aec500c0ddce00938c939819314daef83c5149e1acb7daf02ad: done           |[32m++++++++++++++++++++++++++++++++++++++[0m| 
layer-sha256:034d6572bf287fa79604fee9be062f0683809ae3a3685bc7b0e17bd1c48c50e8:    exists         |[32m++++++++++++++++++++++++++++++++++++++[0m| 
config-sha256:289bbe53944238bc5ba75ce18f6f7da47babdff9fd29aa9e989ec16d3680d022:   done           |[32m++++++++++++++++++++++++++++++++++++++[0m| 
layer-sha256:50f8c1b424f1f26e8e279fcfb5e3af1d2e8a7c1494f08744bb4bcbdab285f3d4:    downloading    |[32m++++++++++++++++++++++++++++[0m----------|  1.5 GiB/2.0 GiB 
layer-sha256:dd482d345ef78a72e54dc96c818ad2ec5d6c318e392e07029816546a3089ee77:    downloading    |[32m++++++++++++++++++++++++++++++++++++[0m--|  1.5 GiB/1.5 GiB 
layer-sha256:7b9be9eb4297c96c698f5bcdc5a885e322fe6817fc511afc7b09799cfa9d6886:    downloading    |[32m+++++++++++++++++++++++++++++++++++[0m---|  1.4 GiB/1.5 GiB 
layer-sha256:4738c92e4322db8a8bd534eab5bb762acc4a19df4bb96dbb3f5ef3ef77963f0f:    downloading    |[32m+++++++++++++++++++++++++++++++++++++[0m-|  1.5 GiB/1.5 GiB 
layer-sha256:dfc90b51dbfaca11daa5562dadaef30c0d48125494e5211a8bf63f4da84e3945:    done           |[32m++++++++++++++++++++++++++++++++++++++[0m| 
layer-sha256:f69f10a900dbee5e29001282c43abef608a5528e1c64d1e29a48bb1da441fe6e:    downloading    |[32m++++++++++++++++++++++++++++++++++++++[0m|  1.5 GiB/1.5 GiB 
layer-sha256:9f45c515d089d32a0760f312e9f5ce2f981ddcebae6136c141414e8e53081413:    downloading    |[32m+++++++++++++++++++++++++++[0m-----------|  1.5 GiB/2.0 GiB 
layer-sha256:ae5ac74cdbd9a821bf37a75fd5dd70c83d17c173c1d4de3ac17e58e43198f988:    downloading    |[32m+++++++++++++++++++++++++++[0m-----------|  1.4 GiB/2.0 GiB 
layer-sha256:ae19d20d2fa6efc21aec50f6587d04a4c9ec9f4b43b5879baf4de03fa219c523:    downloading    |[32m++++++++++++++++++++++++++++[0m----------|  1.5 GiB/2.0 GiB 
elapsed: 11.4s                                                                    total:  11.8 G (1.0 GiB/s)                                       
172.31.67.78:5000/model-ballast:B-14g:                                            resolved       |[32m++++++++++++++++++++++++++++++++++++++[0m| 
index-sha256:c39e2205f87b997d16ca3c252f0a9b6a707dd0bdbe178e3d0eb13f9633d84cc2:    done           |[32m++++++++++++++++++++++++++++++++++++++[0m| 
manifest-sha256:d57ca3414327bce6dabd46ea9ab71afc31aab5bff26208abe8589742c7c184d1: done           |[32m++++++++++++++++++++++++++++++++++++++[0m| 
manifest-sha256:0bf2f4ab1dec7aec500c0ddce00938c939819314daef83c5149e1acb7daf02ad: done           |[32m++++++++++++++++++++++++++++++++++++++[0m| 
layer-sha256:034d6572bf287fa79604fee9be062f0683809ae3a3685bc7b0e17bd1c48c50e8:    exists         |[32m++++++++++++++++++++++++++++++++++++++[0m| 
config-sha256:289bbe53944238bc5ba75ce18f6f7da47babdff9fd29aa9e989ec16d3680d022:   done           |[32m++++++++++++++++++++++++++++++++++++++[0m| 
layer-sha256:50f8c1b424f1f26e8e279fcfb5e3af1d2e8a7c1494f08744bb4bcbdab285f3d4:    downloading    |[32m++++++++++++++++++++++++++++[0m----------|  1.5 GiB/2.0 GiB 
layer-sha256:dd482d345ef78a72e54dc96c818ad2ec5d6c318e392e07029816546a3089ee77:    downloading    |[32m+++++++++++++++++++++++++++++++++++++[0m-|  1.5 GiB/1.5 GiB 
layer-sha256:7b9be9eb4297c96c698f5bcdc5a885e322fe6817fc511afc7b09799cfa9d6886:    downloading    |[32m+++++++++++++++++++++++++++++++++++[0m---|  1.4 GiB/1.5 GiB 
layer-sha256:4738c92e4322db8a8bd534eab5bb762acc4a19df4bb96dbb3f5ef3ef77963f0f:    downloading    |[32m++++++++++++++++++++++++++++++++++++++[0m|  1.5 GiB/1.5 GiB 
layer-sha256:dfc90b51dbfaca11daa5562dadaef30c0d48125494e5211a8bf63f4da84e3945:    done           |[32m++++++++++++++++++++++++++++++++++++++[0m| 
layer-sha256:f69f10a900dbee5e29001282c43abef608a5528e1c64d1e29a48bb1da441fe6e:    downloading    |[32m++++++++++++++++++++++++++++++++++++++[0m|  1.5 GiB/1.5 GiB 
layer-sha256:9f45c515d089d32a0760f312e9f5ce2f981ddcebae6136c141414e8e53081413:    downloading    |[32m++++++++++++++++++++++++++++[0m----------|  1.5 GiB/2.0 GiB 
layer-sha256:ae5ac74cdbd9a821bf37a75fd5dd70c83d17c173c1d4de3ac17e58e43198f988:    downloading    |[32m+++++++++++++++++++++++++++[0m-----------|  1.5 GiB/2.0 GiB 
layer-sha256:ae19d20d2fa6efc21aec50f6587d04a4c9ec9f4b43b5879baf4de03fa219c523:    downloading    |[32m+++++++++++++++++++++++++++++[0m---------|  1.5 GiB/2.0 GiB 
elapsed: 11.5s                                                                    total:  11.9 G (1.0 GiB/s)                                       
172.31.67.78:5000/model-ballast:B-14g:                                            resolved       |[32m++++++++++++++++++++++++++++++++++++++[0m| 
index-sha256:c39e2205f87b997d16ca3c252f0a9b6a707dd0bdbe178e3d0eb13f9633d84cc2:    done           |[32m++++++++++++++++++++++++++++++++++++++[0m| 
manifest-sha256:d57ca3414327bce6dabd46ea9ab71afc31aab5bff26208abe8589742c7c184d1: done           |[32m++++++++++++++++++++++++++++++++++++++[0m| 
manifest-sha256:0bf2f4ab1dec7aec500c0ddce00938c939819314daef83c5149e1acb7daf02ad: done           |[32m++++++++++++++++++++++++++++++++++++++[0m| 
layer-sha256:034d6572bf287fa79604fee9be062f0683809ae3a3685bc7b0e17bd1c48c50e8:    exists         |[32m++++++++++++++++++++++++++++++++++++++[0m| 
config-sha256:289bbe53944238bc5ba75ce18f6f7da47babdff9fd29aa9e989ec16d3680d022:   done           |[32m++++++++++++++++++++++++++++++++++++++[0m| 
layer-sha256:50f8c1b424f1f26e8e279fcfb5e3af1d2e8a7c1494f08744bb4bcbdab285f3d4:    downloading    |[32m++++++++++++++++++++++++++++[0m----------|  1.5 GiB/2.0 GiB 
layer-sha256:dd482d345ef78a72e54dc96c818ad2ec5d6c318e392e07029816546a3089ee77:    downloading    |[32m+++++++++++++++++++++++++++++++++++++[0m-|  1.5 GiB/1.5 GiB 
layer-sha256:7b9be9eb4297c96c698f5bcdc5a885e322fe6817fc511afc7b09799cfa9d6886:    downloading    |[32m+++++++++++++++++++++++++++++++++++[0m---|  1.4 GiB/1.5 GiB 
layer-sha256:4738c92e4322db8a8bd534eab5bb762acc4a19df4bb96dbb3f5ef3ef77963f0f:    downloading    |[32m++++++++++++++++++++++++++++++++++++++[0m|  1.5 GiB/1.5 GiB 
layer-sha256:dfc90b51dbfaca11daa5562dadaef30c0d48125494e5211a8bf63f4da84e3945:    done           |[32m++++++++++++++++++++++++++++++++++++++[0m| 
layer-sha256:f69f10a900dbee5e29001282c43abef608a5528e1c64d1e29a48bb1da441fe6e:    downloading    |[32m++++++++++++++++++++++++++++++++++++++[0m|  1.5 GiB/1.5 GiB 
layer-sha256:9f45c515d089d32a0760f312e9f5ce2f981ddcebae6136c141414e8e53081413:    downloading    |[32m++++++++++++++++++++++++++++[0m----------|  1.5 GiB/2.0 GiB 
layer-sha256:ae5ac74cdbd9a821bf37a75fd5dd70c83d17c173c1d4de3ac17e58e43198f988:    downloading    |[32m++++++++++++++++++++++++++++[0m----------|  1.5 GiB/2.0 GiB 
layer-sha256:ae19d20d2fa6efc21aec50f6587d04a4c9ec9f4b43b5879baf4de03fa219c523:    downloading    |[32m+++++++++++++++++++++++++++++[0m---------|  1.6 GiB/2.0 GiB 
elapsed: 11.6s                                                                    total:  11.9 G (1.0 GiB/s)                                       
172.31.67.78:5000/model-ballast:B-14g:                                            resolved       |[32m++++++++++++++++++++++++++++++++++++++[0m| 
index-sha256:c39e2205f87b997d16ca3c252f0a9b6a707dd0bdbe178e3d0eb13f9633d84cc2:    done           |[32m++++++++++++++++++++++++++++++++++++++[0m| 
manifest-sha256:d57ca3414327bce6dabd46ea9ab71afc31aab5bff26208abe8589742c7c184d1: done           |[32m++++++++++++++++++++++++++++++++++++++[0m| 
manifest-sha256:0bf2f4ab1dec7aec500c0ddce00938c939819314daef83c5149e1acb7daf02ad: done           |[32m++++++++++++++++++++++++++++++++++++++[0m| 
layer-sha256:034d6572bf287fa79604fee9be062f0683809ae3a3685bc7b0e17bd1c48c50e8:    exists         |[32m++++++++++++++++++++++++++++++++++++++[0m| 
config-sha256:289bbe53944238bc5ba75ce18f6f7da47babdff9fd29aa9e989ec16d3680d022:   done           |[32m++++++++++++++++++++++++++++++++++++++[0m| 
layer-sha256:50f8c1b424f1f26e8e279fcfb5e3af1d2e8a7c1494f08744bb4bcbdab285f3d4:    downloading    |[32m+++++++++++++++++++++++++++++[0m---------|  1.5 GiB/2.0 GiB 
layer-sha256:dd482d345ef78a72e54dc96c818ad2ec5d6c318e392e07029816546a3089ee77:    downloading    |[32m+++++++++++++++++++++++++++++++++++++[0m-|  1.5 GiB/1.5 GiB 
layer-sha256:7b9be9eb4297c96c698f5bcdc5a885e322fe6817fc511afc7b09799cfa9d6886:    downloading    |[32m++++++++++++++++++++++++++++++++++++[0m--|  1.4 GiB/1.5 GiB 
layer-sha256:4738c92e4322db8a8bd534eab5bb762acc4a19df4bb96dbb3f5ef3ef77963f0f:    downloading    |[32m++++++++++++++++++++++++++++++++++++++[0m|  1.5 GiB/1.5 GiB 
layer-sha256:dfc90b51dbfaca11daa5562dadaef30c0d48125494e5211a8bf63f4da84e3945:    done           |[32m++++++++++++++++++++++++++++++++++++++[0m| 
layer-sha256:f69f10a900dbee5e29001282c43abef608a5528e1c64d1e29a48bb1da441fe6e:    done           |[32m++++++++++++++++++++++++++++++++++++++[0m| 
layer-sha256:9f45c515d089d32a0760f312e9f5ce2f981ddcebae6136c141414e8e53081413:    downloading    |[32m++++++++++++++++++++++++++++[0m----------|  1.5 GiB/2.0 GiB 
layer-sha256:ae5ac74cdbd9a821bf37a75fd5dd70c83d17c173c1d4de3ac17e58e43198f988:    downloading    |[32m++++++++++++++++++++++++++++[0m----------|  1.5 GiB/2.0 GiB 
layer-sha256:ae19d20d2fa6efc21aec50f6587d04a4c9ec9f4b43b5879baf4de03fa219c523:    downloading    |[32m+++++++++++++++++++++++++++++[0m---------|  1.6 GiB/2.0 GiB 
elapsed: 11.7s                                                                    total:  12.0 G (1.0 GiB/s)                                       
172.31.67.78:5000/model-ballast:B-14g:                                            resolved       |[32m++++++++++++++++++++++++++++++++++++++[0m| 
index-sha256:c39e2205f87b997d16ca3c252f0a9b6a707dd0bdbe178e3d0eb13f9633d84cc2:    done           |[32m++++++++++++++++++++++++++++++++++++++[0m| 
manifest-sha256:d57ca3414327bce6dabd46ea9ab71afc31aab5bff26208abe8589742c7c184d1: done           |[32m++++++++++++++++++++++++++++++++++++++[0m| 
manifest-sha256:0bf2f4ab1dec7aec500c0ddce00938c939819314daef83c5149e1acb7daf02ad: done           |[32m++++++++++++++++++++++++++++++++++++++[0m| 
layer-sha256:034d6572bf287fa79604fee9be062f0683809ae3a3685bc7b0e17bd1c48c50e8:    exists         |[32m++++++++++++++++++++++++++++++++++++++[0m| 
config-sha256:289bbe53944238bc5ba75ce18f6f7da47babdff9fd29aa9e989ec16d3680d022:   done           |[32m++++++++++++++++++++++++++++++++++++++[0m| 
layer-sha256:50f8c1b424f1f26e8e279fcfb5e3af1d2e8a7c1494f08744bb4bcbdab285f3d4:    downloading    |[32m+++++++++++++++++++++++++++++[0m---------|  1.5 GiB/2.0 GiB 
layer-sha256:dd482d345ef78a72e54dc96c818ad2ec5d6c318e392e07029816546a3089ee77:    downloading    |[32m++++++++++++++++++++++++++++++++++++++[0m|  1.5 GiB/1.5 GiB 
layer-sha256:7b9be9eb4297c96c698f5bcdc5a885e322fe6817fc511afc7b09799cfa9d6886:    downloading    |[32m++++++++++++++++++++++++++++++++++++[0m--|  1.5 GiB/1.5 GiB 
layer-sha256:4738c92e4322db8a8bd534eab5bb762acc4a19df4bb96dbb3f5ef3ef77963f0f:    downloading    |[32m++++++++++++++++++++++++++++++++++++++[0m|  1.5 GiB/1.5 GiB 
layer-sha256:dfc90b51dbfaca11daa5562dadaef30c0d48125494e5211a8bf63f4da84e3945:    done           |[32m++++++++++++++++++++++++++++++++++++++[0m| 
layer-sha256:f69f10a900dbee5e29001282c43abef608a5528e1c64d1e29a48bb1da441fe6e:    done           |[32m++++++++++++++++++++++++++++++++++++++[0m| 
layer-sha256:9f45c515d089d32a0760f312e9f5ce2f981ddcebae6136c141414e8e53081413:    downloading    |[32m+++++++++++++++++++++++++++++[0m---------|  1.5 GiB/2.0 GiB 
layer-sha256:ae5ac74cdbd9a821bf37a75fd5dd70c83d17c173c1d4de3ac17e58e43198f988:    downloading    |[32m++++++++++++++++++++++++++++[0m----------|  1.5 GiB/2.0 GiB 
layer-sha256:ae19d20d2fa6efc21aec50f6587d04a4c9ec9f4b43b5879baf4de03fa219c523:    downloading    |[32m++++++++++++++++++++++++++++++[0m--------|  1.6 GiB/2.0 GiB 
elapsed: 11.8s                                                                    total:  12.1 G (1.0 GiB/s)                                       
172.31.67.78:5000/model-ballast:B-14g:                                            resolved       |[32m++++++++++++++++++++++++++++++++++++++[0m| 
index-sha256:c39e2205f87b997d16ca3c252f0a9b6a707dd0bdbe178e3d0eb13f9633d84cc2:    done           |[32m++++++++++++++++++++++++++++++++++++++[0m| 
manifest-sha256:d57ca3414327bce6dabd46ea9ab71afc31aab5bff26208abe8589742c7c184d1: done           |[32m++++++++++++++++++++++++++++++++++++++[0m| 
manifest-sha256:0bf2f4ab1dec7aec500c0ddce00938c939819314daef83c5149e1acb7daf02ad: done           |[32m++++++++++++++++++++++++++++++++++++++[0m| 
layer-sha256:034d6572bf287fa79604fee9be062f0683809ae3a3685bc7b0e17bd1c48c50e8:    exists         |[32m++++++++++++++++++++++++++++++++++++++[0m| 
config-sha256:289bbe53944238bc5ba75ce18f6f7da47babdff9fd29aa9e989ec16d3680d022:   done           |[32m++++++++++++++++++++++++++++++++++++++[0m| 
layer-sha256:50f8c1b424f1f26e8e279fcfb5e3af1d2e8a7c1494f08744bb4bcbdab285f3d4:    downloading    |[32m+++++++++++++++++++++++++++++[0m---------|  1.6 GiB/2.0 GiB 
layer-sha256:dd482d345ef78a72e54dc96c818ad2ec5d6c318e392e07029816546a3089ee77:    downloading    |[32m++++++++++++++++++++++++++++++++++++++[0m|  1.5 GiB/1.5 GiB 
layer-sha256:7b9be9eb4297c96c698f5bcdc5a885e322fe6817fc511afc7b09799cfa9d6886:    downloading    |[32m+++++++++++++++++++++++++++++++++++++[0m-|  1.5 GiB/1.5 GiB 
layer-sha256:4738c92e4322db8a8bd534eab5bb762acc4a19df4bb96dbb3f5ef3ef77963f0f:    downloading    |[32m++++++++++++++++++++++++++++++++++++++[0m|  1.5 GiB/1.5 GiB 
layer-sha256:dfc90b51dbfaca11daa5562dadaef30c0d48125494e5211a8bf63f4da84e3945:    done           |[32m++++++++++++++++++++++++++++++++++++++[0m| 
layer-sha256:f69f10a900dbee5e29001282c43abef608a5528e1c64d1e29a48bb1da441fe6e:    done           |[32m++++++++++++++++++++++++++++++++++++++[0m| 
layer-sha256:9f45c515d089d32a0760f312e9f5ce2f981ddcebae6136c141414e8e53081413:    downloading    |[32m+++++++++++++++++++++++++++++[0m---------|  1.5 GiB/2.0 GiB 
layer-sha256:ae5ac74cdbd9a821bf37a75fd5dd70c83d17c173c1d4de3ac17e58e43198f988:    downloading    |[32m+++++++++++++++++++++++++++++[0m---------|  1.5 GiB/2.0 GiB 
layer-sha256:ae19d20d2fa6efc21aec50f6587d04a4c9ec9f4b43b5879baf4de03fa219c523:    downloading    |[32m++++++++++++++++++++++++++++++[0m--------|  1.6 GiB/2.0 GiB 
elapsed: 11.9s                                                                    total:  12.2 G (1.0 GiB/s)                                       
172.31.67.78:5000/model-ballast:B-14g:                                            resolved       |[32m++++++++++++++++++++++++++++++++++++++[0m| 
index-sha256:c39e2205f87b997d16ca3c252f0a9b6a707dd0bdbe178e3d0eb13f9633d84cc2:    done           |[32m++++++++++++++++++++++++++++++++++++++[0m| 
manifest-sha256:d57ca3414327bce6dabd46ea9ab71afc31aab5bff26208abe8589742c7c184d1: done           |[32m++++++++++++++++++++++++++++++++++++++[0m| 
manifest-sha256:0bf2f4ab1dec7aec500c0ddce00938c939819314daef83c5149e1acb7daf02ad: done           |[32m++++++++++++++++++++++++++++++++++++++[0m| 
layer-sha256:034d6572bf287fa79604fee9be062f0683809ae3a3685bc7b0e17bd1c48c50e8:    exists         |[32m++++++++++++++++++++++++++++++++++++++[0m| 
config-sha256:289bbe53944238bc5ba75ce18f6f7da47babdff9fd29aa9e989ec16d3680d022:   done           |[32m++++++++++++++++++++++++++++++++++++++[0m| 
layer-sha256:50f8c1b424f1f26e8e279fcfb5e3af1d2e8a7c1494f08744bb4bcbdab285f3d4:    downloading    |[32m++++++++++++++++++++++++++++++[0m--------|  1.6 GiB/2.0 GiB 
layer-sha256:dd482d345ef78a72e54dc96c818ad2ec5d6c318e392e07029816546a3089ee77:    downloading    |[32m++++++++++++++++++++++++++++++++++++++[0m|  1.5 GiB/1.5 GiB 
layer-sha256:7b9be9eb4297c96c698f5bcdc5a885e322fe6817fc511afc7b09799cfa9d6886:    downloading    |[32m+++++++++++++++++++++++++++++++++++++[0m-|  1.5 GiB/1.5 GiB 
layer-sha256:4738c92e4322db8a8bd534eab5bb762acc4a19df4bb96dbb3f5ef3ef77963f0f:    downloading    |[32m++++++++++++++++++++++++++++++++++++++[0m|  1.5 GiB/1.5 GiB 
layer-sha256:dfc90b51dbfaca11daa5562dadaef30c0d48125494e5211a8bf63f4da84e3945:    done           |[32m++++++++++++++++++++++++++++++++++++++[0m| 
layer-sha256:f69f10a900dbee5e29001282c43abef608a5528e1c64d1e29a48bb1da441fe6e:    done           |[32m++++++++++++++++++++++++++++++++++++++[0m| 
layer-sha256:9f45c515d089d32a0760f312e9f5ce2f981ddcebae6136c141414e8e53081413:    downloading    |[32m+++++++++++++++++++++++++++++[0m---------|  1.6 GiB/2.0 GiB 
layer-sha256:ae5ac74cdbd9a821bf37a75fd5dd70c83d17c173c1d4de3ac17e58e43198f988:    downloading    |[32m+++++++++++++++++++++++++++++[0m---------|  1.5 GiB/2.0 GiB 
layer-sha256:ae19d20d2fa6efc21aec50f6587d04a4c9ec9f4b43b5879baf4de03fa219c523:    downloading    |[32m++++++++++++++++++++++++++++++[0m--------|  1.6 GiB/2.0 GiB 
elapsed: 12.0s                                                                    total:  12.3 G (1.0 GiB/s)                                       
172.31.67.78:5000/model-ballast:B-14g:                                            resolved       |[32m++++++++++++++++++++++++++++++++++++++[0m| 
index-sha256:c39e2205f87b997d16ca3c252f0a9b6a707dd0bdbe178e3d0eb13f9633d84cc2:    done           |[32m++++++++++++++++++++++++++++++++++++++[0m| 
manifest-sha256:d57ca3414327bce6dabd46ea9ab71afc31aab5bff26208abe8589742c7c184d1: done           |[32m++++++++++++++++++++++++++++++++++++++[0m| 
manifest-sha256:0bf2f4ab1dec7aec500c0ddce00938c939819314daef83c5149e1acb7daf02ad: done           |[32m++++++++++++++++++++++++++++++++++++++[0m| 
layer-sha256:034d6572bf287fa79604fee9be062f0683809ae3a3685bc7b0e17bd1c48c50e8:    exists         |[32m++++++++++++++++++++++++++++++++++++++[0m| 
config-sha256:289bbe53944238bc5ba75ce18f6f7da47babdff9fd29aa9e989ec16d3680d022:   done           |[32m++++++++++++++++++++++++++++++++++++++[0m| 
layer-sha256:50f8c1b424f1f26e8e279fcfb5e3af1d2e8a7c1494f08744bb4bcbdab285f3d4:    downloading    |[32m++++++++++++++++++++++++++++++[0m--------|  1.6 GiB/2.0 GiB 
layer-sha256:dd482d345ef78a72e54dc96c818ad2ec5d6c318e392e07029816546a3089ee77:    downloading    |[32m++++++++++++++++++++++++++++++++++++++[0m|  1.5 GiB/1.5 GiB 
layer-sha256:7b9be9eb4297c96c698f5bcdc5a885e322fe6817fc511afc7b09799cfa9d6886:    downloading    |[32m++++++++++++++++++++++++++++++++++++++[0m|  1.5 GiB/1.5 GiB 
layer-sha256:4738c92e4322db8a8bd534eab5bb762acc4a19df4bb96dbb3f5ef3ef77963f0f:    downloading    |[32m++++++++++++++++++++++++++++++++++++++[0m|  1.5 GiB/1.5 GiB 
layer-sha256:dfc90b51dbfaca11daa5562dadaef30c0d48125494e5211a8bf63f4da84e3945:    done           |[32m++++++++++++++++++++++++++++++++++++++[0m| 
layer-sha256:f69f10a900dbee5e29001282c43abef608a5528e1c64d1e29a48bb1da441fe6e:    done           |[32m++++++++++++++++++++++++++++++++++++++[0m| 
layer-sha256:9f45c515d089d32a0760f312e9f5ce2f981ddcebae6136c141414e8e53081413:    downloading    |[32m++++++++++++++++++++++++++++++[0m--------|  1.6 GiB/2.0 GiB 
layer-sha256:ae5ac74cdbd9a821bf37a75fd5dd70c83d17c173c1d4de3ac17e58e43198f988:    downloading    |[32m+++++++++++++++++++++++++++++[0m---------|  1.6 GiB/2.0 GiB 
layer-sha256:ae19d20d2fa6efc21aec50f6587d04a4c9ec9f4b43b5879baf4de03fa219c523:    downloading    |[32m+++++++++++++++++++++++++++++++[0m-------|  1.6 GiB/2.0 GiB 
elapsed: 12.1s                                                                    total:  12.4 G (1.0 GiB/s)                                       
172.31.67.78:5000/model-ballast:B-14g:                                            resolved       |[32m++++++++++++++++++++++++++++++++++++++[0m| 
index-sha256:c39e2205f87b997d16ca3c252f0a9b6a707dd0bdbe178e3d0eb13f9633d84cc2:    done           |[32m++++++++++++++++++++++++++++++++++++++[0m| 
manifest-sha256:d57ca3414327bce6dabd46ea9ab71afc31aab5bff26208abe8589742c7c184d1: done           |[32m++++++++++++++++++++++++++++++++++++++[0m| 
manifest-sha256:0bf2f4ab1dec7aec500c0ddce00938c939819314daef83c5149e1acb7daf02ad: done           |[32m++++++++++++++++++++++++++++++++++++++[0m| 
layer-sha256:034d6572bf287fa79604fee9be062f0683809ae3a3685bc7b0e17bd1c48c50e8:    exists         |[32m++++++++++++++++++++++++++++++++++++++[0m| 
config-sha256:289bbe53944238bc5ba75ce18f6f7da47babdff9fd29aa9e989ec16d3680d022:   done           |[32m++++++++++++++++++++++++++++++++++++++[0m| 
layer-sha256:50f8c1b424f1f26e8e279fcfb5e3af1d2e8a7c1494f08744bb4bcbdab285f3d4:    downloading    |[32m++++++++++++++++++++++++++++++[0m--------|  1.6 GiB/2.0 GiB 
layer-sha256:dd482d345ef78a72e54dc96c818ad2ec5d6c318e392e07029816546a3089ee77:    downloading    |[32m++++++++++++++++++++++++++++++++++++++[0m|  1.5 GiB/1.5 GiB 
layer-sha256:7b9be9eb4297c96c698f5bcdc5a885e322fe6817fc511afc7b09799cfa9d6886:    downloading    |[32m++++++++++++++++++++++++++++++++++++++[0m|  1.5 GiB/1.5 GiB 
layer-sha256:4738c92e4322db8a8bd534eab5bb762acc4a19df4bb96dbb3f5ef3ef77963f0f:    downloading    |[32m++++++++++++++++++++++++++++++++++++++[0m|  1.5 GiB/1.5 GiB 
layer-sha256:dfc90b51dbfaca11daa5562dadaef30c0d48125494e5211a8bf63f4da84e3945:    done           |[32m++++++++++++++++++++++++++++++++++++++[0m| 
layer-sha256:f69f10a900dbee5e29001282c43abef608a5528e1c64d1e29a48bb1da441fe6e:    done           |[32m++++++++++++++++++++++++++++++++++++++[0m| 
layer-sha256:9f45c515d089d32a0760f312e9f5ce2f981ddcebae6136c141414e8e53081413:    downloading    |[32m++++++++++++++++++++++++++++++[0m--------|  1.6 GiB/2.0 GiB 
layer-sha256:ae5ac74cdbd9a821bf37a75fd5dd70c83d17c173c1d4de3ac17e58e43198f988:    downloading    |[32m++++++++++++++++++++++++++++++[0m--------|  1.6 GiB/2.0 GiB 
layer-sha256:ae19d20d2fa6efc21aec50f6587d04a4c9ec9f4b43b5879baf4de03fa219c523:    downloading    |[32m+++++++++++++++++++++++++++++++[0m-------|  1.7 GiB/2.0 GiB 
elapsed: 12.2s                                                                    total:  12.5 G (1.0 GiB/s)                                       
172.31.67.78:5000/model-ballast:B-14g:                                            resolved       |[32m++++++++++++++++++++++++++++++++++++++[0m| 
index-sha256:c39e2205f87b997d16ca3c252f0a9b6a707dd0bdbe178e3d0eb13f9633d84cc2:    done           |[32m++++++++++++++++++++++++++++++++++++++[0m| 
manifest-sha256:d57ca3414327bce6dabd46ea9ab71afc31aab5bff26208abe8589742c7c184d1: done           |[32m++++++++++++++++++++++++++++++++++++++[0m| 
manifest-sha256:0bf2f4ab1dec7aec500c0ddce00938c939819314daef83c5149e1acb7daf02ad: done           |[32m++++++++++++++++++++++++++++++++++++++[0m| 
layer-sha256:034d6572bf287fa79604fee9be062f0683809ae3a3685bc7b0e17bd1c48c50e8:    exists         |[32m++++++++++++++++++++++++++++++++++++++[0m| 
config-sha256:289bbe53944238bc5ba75ce18f6f7da47babdff9fd29aa9e989ec16d3680d022:   done           |[32m++++++++++++++++++++++++++++++++++++++[0m| 
layer-sha256:50f8c1b424f1f26e8e279fcfb5e3af1d2e8a7c1494f08744bb4bcbdab285f3d4:    downloading    |[32m+++++++++++++++++++++++++++++++[0m-------|  1.6 GiB/2.0 GiB 
layer-sha256:dd482d345ef78a72e54dc96c818ad2ec5d6c318e392e07029816546a3089ee77:    downloading    |[32m++++++++++++++++++++++++++++++++++++++[0m|  1.5 GiB/1.5 GiB 
layer-sha256:7b9be9eb4297c96c698f5bcdc5a885e322fe6817fc511afc7b09799cfa9d6886:    downloading    |[32m++++++++++++++++++++++++++++++++++++++[0m|  1.5 GiB/1.5 GiB 
layer-sha256:4738c92e4322db8a8bd534eab5bb762acc4a19df4bb96dbb3f5ef3ef77963f0f:    downloading    |[32m++++++++++++++++++++++++++++++++++++++[0m|  1.5 GiB/1.5 GiB 
layer-sha256:dfc90b51dbfaca11daa5562dadaef30c0d48125494e5211a8bf63f4da84e3945:    done           |[32m++++++++++++++++++++++++++++++++++++++[0m| 
layer-sha256:f69f10a900dbee5e29001282c43abef608a5528e1c64d1e29a48bb1da441fe6e:    done           |[32m++++++++++++++++++++++++++++++++++++++[0m| 
layer-sha256:9f45c515d089d32a0760f312e9f5ce2f981ddcebae6136c141414e8e53081413:    downloading    |[32m+++++++++++++++++++++++++++++++[0m-------|  1.6 GiB/2.0 GiB 
layer-sha256:ae5ac74cdbd9a821bf37a75fd5dd70c83d17c173c1d4de3ac17e58e43198f988:    downloading    |[32m++++++++++++++++++++++++++++++[0m--------|  1.6 GiB/2.0 GiB 
layer-sha256:ae19d20d2fa6efc21aec50f6587d04a4c9ec9f4b43b5879baf4de03fa219c523:    downloading    |[32m++++++++++++++++++++++++++++++++[0m------|  1.7 GiB/2.0 GiB 
elapsed: 12.3s                                                                    total:  12.6 G (1.0 GiB/s)                                       
172.31.67.78:5000/model-ballast:B-14g:                                            resolved       |[32m++++++++++++++++++++++++++++++++++++++[0m| 
index-sha256:c39e2205f87b997d16ca3c252f0a9b6a707dd0bdbe178e3d0eb13f9633d84cc2:    done           |[32m++++++++++++++++++++++++++++++++++++++[0m| 
manifest-sha256:d57ca3414327bce6dabd46ea9ab71afc31aab5bff26208abe8589742c7c184d1: done           |[32m++++++++++++++++++++++++++++++++++++++[0m| 
manifest-sha256:0bf2f4ab1dec7aec500c0ddce00938c939819314daef83c5149e1acb7daf02ad: done           |[32m++++++++++++++++++++++++++++++++++++++[0m| 
layer-sha256:034d6572bf287fa79604fee9be062f0683809ae3a3685bc7b0e17bd1c48c50e8:    exists         |[32m++++++++++++++++++++++++++++++++++++++[0m| 
config-sha256:289bbe53944238bc5ba75ce18f6f7da47babdff9fd29aa9e989ec16d3680d022:   done           |[32m++++++++++++++++++++++++++++++++++++++[0m| 
layer-sha256:50f8c1b424f1f26e8e279fcfb5e3af1d2e8a7c1494f08744bb4bcbdab285f3d4:    downloading    |[32m+++++++++++++++++++++++++++++++[0m-------|  1.7 GiB/2.0 GiB 
layer-sha256:dd482d345ef78a72e54dc96c818ad2ec5d6c318e392e07029816546a3089ee77:    downloading    |[32m++++++++++++++++++++++++++++++++++++++[0m|  1.5 GiB/1.5 GiB 
layer-sha256:7b9be9eb4297c96c698f5bcdc5a885e322fe6817fc511afc7b09799cfa9d6886:    downloading    |[32m++++++++++++++++++++++++++++++++++++++[0m|  1.5 GiB/1.5 GiB 
layer-sha256:4738c92e4322db8a8bd534eab5bb762acc4a19df4bb96dbb3f5ef3ef77963f0f:    downloading    |[32m++++++++++++++++++++++++++++++++++++++[0m|  1.5 GiB/1.5 GiB 
layer-sha256:dfc90b51dbfaca11daa5562dadaef30c0d48125494e5211a8bf63f4da84e3945:    done           |[32m++++++++++++++++++++++++++++++++++++++[0m| 
layer-sha256:f69f10a900dbee5e29001282c43abef608a5528e1c64d1e29a48bb1da441fe6e:    done           |[32m++++++++++++++++++++++++++++++++++++++[0m| 
layer-sha256:9f45c515d089d32a0760f312e9f5ce2f981ddcebae6136c141414e8e53081413:    downloading    |[32m+++++++++++++++++++++++++++++++[0m-------|  1.7 GiB/2.0 GiB 
layer-sha256:ae5ac74cdbd9a821bf37a75fd5dd70c83d17c173c1d4de3ac17e58e43198f988:    downloading    |[32m+++++++++++++++++++++++++++++++[0m-------|  1.6 GiB/2.0 GiB 
layer-sha256:ae19d20d2fa6efc21aec50f6587d04a4c9ec9f4b43b5879baf4de03fa219c523:    downloading    |[32m++++++++++++++++++++++++++++++++[0m------|  1.7 GiB/2.0 GiB 
elapsed: 12.4s                                                                    total:  12.7 G (1.0 GiB/s)                                       
172.31.67.78:5000/model-ballast:B-14g:                                            resolved       |[32m++++++++++++++++++++++++++++++++++++++[0m| 
index-sha256:c39e2205f87b997d16ca3c252f0a9b6a707dd0bdbe178e3d0eb13f9633d84cc2:    done           |[32m++++++++++++++++++++++++++++++++++++++[0m| 
manifest-sha256:d57ca3414327bce6dabd46ea9ab71afc31aab5bff26208abe8589742c7c184d1: done           |[32m++++++++++++++++++++++++++++++++++++++[0m| 
manifest-sha256:0bf2f4ab1dec7aec500c0ddce00938c939819314daef83c5149e1acb7daf02ad: done           |[32m++++++++++++++++++++++++++++++++++++++[0m| 
layer-sha256:034d6572bf287fa79604fee9be062f0683809ae3a3685bc7b0e17bd1c48c50e8:    exists         |[32m++++++++++++++++++++++++++++++++++++++[0m| 
config-sha256:289bbe53944238bc5ba75ce18f6f7da47babdff9fd29aa9e989ec16d3680d022:   done           |[32m++++++++++++++++++++++++++++++++++++++[0m| 
layer-sha256:50f8c1b424f1f26e8e279fcfb5e3af1d2e8a7c1494f08744bb4bcbdab285f3d4:    downloading    |[32m++++++++++++++++++++++++++++++++[0m------|  1.7 GiB/2.0 GiB 
layer-sha256:dd482d345ef78a72e54dc96c818ad2ec5d6c318e392e07029816546a3089ee77:    downloading    |[32m++++++++++++++++++++++++++++++++++++++[0m|  1.5 GiB/1.5 GiB 
layer-sha256:7b9be9eb4297c96c698f5bcdc5a885e322fe6817fc511afc7b09799cfa9d6886:    downloading    |[32m++++++++++++++++++++++++++++++++++++++[0m|  1.5 GiB/1.5 GiB 
layer-sha256:4738c92e4322db8a8bd534eab5bb762acc4a19df4bb96dbb3f5ef3ef77963f0f:    downloading    |[32m++++++++++++++++++++++++++++++++++++++[0m|  1.5 GiB/1.5 GiB 
layer-sha256:dfc90b51dbfaca11daa5562dadaef30c0d48125494e5211a8bf63f4da84e3945:    done           |[32m++++++++++++++++++++++++++++++++++++++[0m| 
layer-sha256:f69f10a900dbee5e29001282c43abef608a5528e1c64d1e29a48bb1da441fe6e:    done           |[32m++++++++++++++++++++++++++++++++++++++[0m| 
layer-sha256:9f45c515d089d32a0760f312e9f5ce2f981ddcebae6136c141414e8e53081413:    downloading    |[32m+++++++++++++++++++++++++++++++[0m-------|  1.7 GiB/2.0 GiB 
layer-sha256:ae5ac74cdbd9a821bf37a75fd5dd70c83d17c173c1d4de3ac17e58e43198f988:    downloading    |[32m+++++++++++++++++++++++++++++++[0m-------|  1.7 GiB/2.0 GiB 
layer-sha256:ae19d20d2fa6efc21aec50f6587d04a4c9ec9f4b43b5879baf4de03fa219c523:    downloading    |[32m++++++++++++++++++++++++++++++++[0m------|  1.7 GiB/2.0 GiB 
elapsed: 12.5s                                                                    total:  12.8 G (1.0 GiB/s)                                       
172.31.67.78:5000/model-ballast:B-14g:                                            resolved       |[32m++++++++++++++++++++++++++++++++++++++[0m| 
index-sha256:c39e2205f87b997d16ca3c252f0a9b6a707dd0bdbe178e3d0eb13f9633d84cc2:    done           |[32m++++++++++++++++++++++++++++++++++++++[0m| 
manifest-sha256:d57ca3414327bce6dabd46ea9ab71afc31aab5bff26208abe8589742c7c184d1: done           |[32m++++++++++++++++++++++++++++++++++++++[0m| 
manifest-sha256:0bf2f4ab1dec7aec500c0ddce00938c939819314daef83c5149e1acb7daf02ad: done           |[32m++++++++++++++++++++++++++++++++++++++[0m| 
layer-sha256:034d6572bf287fa79604fee9be062f0683809ae3a3685bc7b0e17bd1c48c50e8:    exists         |[32m++++++++++++++++++++++++++++++++++++++[0m| 
config-sha256:289bbe53944238bc5ba75ce18f6f7da47babdff9fd29aa9e989ec16d3680d022:   done           |[32m++++++++++++++++++++++++++++++++++++++[0m| 
layer-sha256:50f8c1b424f1f26e8e279fcfb5e3af1d2e8a7c1494f08744bb4bcbdab285f3d4:    downloading    |[32m++++++++++++++++++++++++++++++++[0m------|  1.7 GiB/2.0 GiB 
layer-sha256:dd482d345ef78a72e54dc96c818ad2ec5d6c318e392e07029816546a3089ee77:    downloading    |[32m++++++++++++++++++++++++++++++++++++++[0m|  1.5 GiB/1.5 GiB 
layer-sha256:7b9be9eb4297c96c698f5bcdc5a885e322fe6817fc511afc7b09799cfa9d6886:    downloading    |[32m++++++++++++++++++++++++++++++++++++++[0m|  1.5 GiB/1.5 GiB 
layer-sha256:4738c92e4322db8a8bd534eab5bb762acc4a19df4bb96dbb3f5ef3ef77963f0f:    downloading    |[32m++++++++++++++++++++++++++++++++++++++[0m|  1.5 GiB/1.5 GiB 
layer-sha256:dfc90b51dbfaca11daa5562dadaef30c0d48125494e5211a8bf63f4da84e3945:    done           |[32m++++++++++++++++++++++++++++++++++++++[0m| 
layer-sha256:f69f10a900dbee5e29001282c43abef608a5528e1c64d1e29a48bb1da441fe6e:    done           |[32m++++++++++++++++++++++++++++++++++++++[0m| 
layer-sha256:9f45c515d089d32a0760f312e9f5ce2f981ddcebae6136c141414e8e53081413:    downloading    |[32m++++++++++++++++++++++++++++++++[0m------|  1.7 GiB/2.0 GiB 
layer-sha256:ae5ac74cdbd9a821bf37a75fd5dd70c83d17c173c1d4de3ac17e58e43198f988:    downloading    |[32m+++++++++++++++++++++++++++++++[0m-------|  1.7 GiB/2.0 GiB 
layer-sha256:ae19d20d2fa6efc21aec50f6587d04a4c9ec9f4b43b5879baf4de03fa219c523:    downloading    |[32m+++++++++++++++++++++++++++++++++[0m-----|  1.8 GiB/2.0 GiB 
elapsed: 12.6s                                                                    total:  12.9 G (1.0 GiB/s)                                       
172.31.67.78:5000/model-ballast:B-14g:                                            resolved       |[32m++++++++++++++++++++++++++++++++++++++[0m| 
index-sha256:c39e2205f87b997d16ca3c252f0a9b6a707dd0bdbe178e3d0eb13f9633d84cc2:    done           |[32m++++++++++++++++++++++++++++++++++++++[0m| 
manifest-sha256:d57ca3414327bce6dabd46ea9ab71afc31aab5bff26208abe8589742c7c184d1: done           |[32m++++++++++++++++++++++++++++++++++++++[0m| 
manifest-sha256:0bf2f4ab1dec7aec500c0ddce00938c939819314daef83c5149e1acb7daf02ad: done           |[32m++++++++++++++++++++++++++++++++++++++[0m| 
layer-sha256:034d6572bf287fa79604fee9be062f0683809ae3a3685bc7b0e17bd1c48c50e8:    exists         |[32m++++++++++++++++++++++++++++++++++++++[0m| 
config-sha256:289bbe53944238bc5ba75ce18f6f7da47babdff9fd29aa9e989ec16d3680d022:   done           |[32m++++++++++++++++++++++++++++++++++++++[0m| 
layer-sha256:50f8c1b424f1f26e8e279fcfb5e3af1d2e8a7c1494f08744bb4bcbdab285f3d4:    downloading    |[32m++++++++++++++++++++++++++++++++[0m------|  1.7 GiB/2.0 GiB 
layer-sha256:dd482d345ef78a72e54dc96c818ad2ec5d6c318e392e07029816546a3089ee77:    downloading    |[32m++++++++++++++++++++++++++++++++++++++[0m|  1.5 GiB/1.5 GiB 
layer-sha256:7b9be9eb4297c96c698f5bcdc5a885e322fe6817fc511afc7b09799cfa9d6886:    downloading    |[32m++++++++++++++++++++++++++++++++++++++[0m|  1.5 GiB/1.5 GiB 
layer-sha256:4738c92e4322db8a8bd534eab5bb762acc4a19df4bb96dbb3f5ef3ef77963f0f:    downloading    |[32m++++++++++++++++++++++++++++++++++++++[0m|  1.5 GiB/1.5 GiB 
layer-sha256:dfc90b51dbfaca11daa5562dadaef30c0d48125494e5211a8bf63f4da84e3945:    done           |[32m++++++++++++++++++++++++++++++++++++++[0m| 
layer-sha256:f69f10a900dbee5e29001282c43abef608a5528e1c64d1e29a48bb1da441fe6e:    done           |[32m++++++++++++++++++++++++++++++++++++++[0m| 
layer-sha256:9f45c515d089d32a0760f312e9f5ce2f981ddcebae6136c141414e8e53081413:    downloading    |[32m++++++++++++++++++++++++++++++++[0m------|  1.7 GiB/2.0 GiB 
layer-sha256:ae5ac74cdbd9a821bf37a75fd5dd70c83d17c173c1d4de3ac17e58e43198f988:    downloading    |[32m++++++++++++++++++++++++++++++++[0m------|  1.7 GiB/2.0 GiB 
layer-sha256:ae19d20d2fa6efc21aec50f6587d04a4c9ec9f4b43b5879baf4de03fa219c523:    downloading    |[32m+++++++++++++++++++++++++++++++++[0m-----|  1.8 GiB/2.0 GiB 
elapsed: 12.7s                                                                    total:  12.9 G (1.0 GiB/s)                                       
172.31.67.78:5000/model-ballast:B-14g:                                            resolved       |[32m++++++++++++++++++++++++++++++++++++++[0m| 
index-sha256:c39e2205f87b997d16ca3c252f0a9b6a707dd0bdbe178e3d0eb13f9633d84cc2:    done           |[32m++++++++++++++++++++++++++++++++++++++[0m| 
manifest-sha256:d57ca3414327bce6dabd46ea9ab71afc31aab5bff26208abe8589742c7c184d1: done           |[32m++++++++++++++++++++++++++++++++++++++[0m| 
manifest-sha256:0bf2f4ab1dec7aec500c0ddce00938c939819314daef83c5149e1acb7daf02ad: done           |[32m++++++++++++++++++++++++++++++++++++++[0m| 
layer-sha256:034d6572bf287fa79604fee9be062f0683809ae3a3685bc7b0e17bd1c48c50e8:    exists         |[32m++++++++++++++++++++++++++++++++++++++[0m| 
config-sha256:289bbe53944238bc5ba75ce18f6f7da47babdff9fd29aa9e989ec16d3680d022:   done           |[32m++++++++++++++++++++++++++++++++++++++[0m| 
layer-sha256:50f8c1b424f1f26e8e279fcfb5e3af1d2e8a7c1494f08744bb4bcbdab285f3d4:    downloading    |[32m+++++++++++++++++++++++++++++++++[0m-----|  1.8 GiB/2.0 GiB 
layer-sha256:dd482d345ef78a72e54dc96c818ad2ec5d6c318e392e07029816546a3089ee77:    downloading    |[32m++++++++++++++++++++++++++++++++++++++[0m|  1.5 GiB/1.5 GiB 
layer-sha256:7b9be9eb4297c96c698f5bcdc5a885e322fe6817fc511afc7b09799cfa9d6886:    downloading    |[32m++++++++++++++++++++++++++++++++++++++[0m|  1.5 GiB/1.5 GiB 
layer-sha256:4738c92e4322db8a8bd534eab5bb762acc4a19df4bb96dbb3f5ef3ef77963f0f:    downloading    |[32m++++++++++++++++++++++++++++++++++++++[0m|  1.5 GiB/1.5 GiB 
layer-sha256:dfc90b51dbfaca11daa5562dadaef30c0d48125494e5211a8bf63f4da84e3945:    done           |[32m++++++++++++++++++++++++++++++++++++++[0m| 
layer-sha256:f69f10a900dbee5e29001282c43abef608a5528e1c64d1e29a48bb1da441fe6e:    done           |[32m++++++++++++++++++++++++++++++++++++++[0m| 
layer-sha256:9f45c515d089d32a0760f312e9f5ce2f981ddcebae6136c141414e8e53081413:    downloading    |[32m+++++++++++++++++++++++++++++++++[0m-----|  1.7 GiB/2.0 GiB 
layer-sha256:ae5ac74cdbd9a821bf37a75fd5dd70c83d17c173c1d4de3ac17e58e43198f988:    downloading    |[32m++++++++++++++++++++++++++++++++[0m------|  1.7 GiB/2.0 GiB 
layer-sha256:ae19d20d2fa6efc21aec50f6587d04a4c9ec9f4b43b5879baf4de03fa219c523:    downloading    |[32m++++++++++++++++++++++++++++++++++[0m----|  1.8 GiB/2.0 GiB 
elapsed: 12.8s                                                                    total:  13.0 G (1.0 GiB/s)                                       
172.31.67.78:5000/model-ballast:B-14g:                                            resolved       |[32m++++++++++++++++++++++++++++++++++++++[0m| 
index-sha256:c39e2205f87b997d16ca3c252f0a9b6a707dd0bdbe178e3d0eb13f9633d84cc2:    done           |[32m++++++++++++++++++++++++++++++++++++++[0m| 
manifest-sha256:d57ca3414327bce6dabd46ea9ab71afc31aab5bff26208abe8589742c7c184d1: done           |[32m++++++++++++++++++++++++++++++++++++++[0m| 
manifest-sha256:0bf2f4ab1dec7aec500c0ddce00938c939819314daef83c5149e1acb7daf02ad: done           |[32m++++++++++++++++++++++++++++++++++++++[0m| 
layer-sha256:034d6572bf287fa79604fee9be062f0683809ae3a3685bc7b0e17bd1c48c50e8:    exists         |[32m++++++++++++++++++++++++++++++++++++++[0m| 
config-sha256:289bbe53944238bc5ba75ce18f6f7da47babdff9fd29aa9e989ec16d3680d022:   done           |[32m++++++++++++++++++++++++++++++++++++++[0m| 
layer-sha256:50f8c1b424f1f26e8e279fcfb5e3af1d2e8a7c1494f08744bb4bcbdab285f3d4:    downloading    |[32m+++++++++++++++++++++++++++++++++[0m-----|  1.8 GiB/2.0 GiB 
layer-sha256:dd482d345ef78a72e54dc96c818ad2ec5d6c318e392e07029816546a3089ee77:    downloading    |[32m++++++++++++++++++++++++++++++++++++++[0m|  1.5 GiB/1.5 GiB 
layer-sha256:7b9be9eb4297c96c698f5bcdc5a885e322fe6817fc511afc7b09799cfa9d6886:    downloading    |[32m++++++++++++++++++++++++++++++++++++++[0m|  1.5 GiB/1.5 GiB 
layer-sha256:4738c92e4322db8a8bd534eab5bb762acc4a19df4bb96dbb3f5ef3ef77963f0f:    downloading    |[32m++++++++++++++++++++++++++++++++++++++[0m|  1.5 GiB/1.5 GiB 
layer-sha256:dfc90b51dbfaca11daa5562dadaef30c0d48125494e5211a8bf63f4da84e3945:    done           |[32m++++++++++++++++++++++++++++++++++++++[0m| 
layer-sha256:f69f10a900dbee5e29001282c43abef608a5528e1c64d1e29a48bb1da441fe6e:    done           |[32m++++++++++++++++++++++++++++++++++++++[0m| 
layer-sha256:9f45c515d089d32a0760f312e9f5ce2f981ddcebae6136c141414e8e53081413:    downloading    |[32m+++++++++++++++++++++++++++++++++[0m-----|  1.8 GiB/2.0 GiB 
layer-sha256:ae5ac74cdbd9a821bf37a75fd5dd70c83d17c173c1d4de3ac17e58e43198f988:    downloading    |[32m+++++++++++++++++++++++++++++++++[0m-----|  1.7 GiB/2.0 GiB 
layer-sha256:ae19d20d2fa6efc21aec50f6587d04a4c9ec9f4b43b5879baf4de03fa219c523:    downloading    |[32m++++++++++++++++++++++++++++++++++[0m----|  1.8 GiB/2.0 GiB 
elapsed: 12.9s                                                                    total:  13.1 G (1.0 GiB/s)                                       
172.31.67.78:5000/model-ballast:B-14g:                                            resolved       |[32m++++++++++++++++++++++++++++++++++++++[0m| 
index-sha256:c39e2205f87b997d16ca3c252f0a9b6a707dd0bdbe178e3d0eb13f9633d84cc2:    done           |[32m++++++++++++++++++++++++++++++++++++++[0m| 
manifest-sha256:d57ca3414327bce6dabd46ea9ab71afc31aab5bff26208abe8589742c7c184d1: done           |[32m++++++++++++++++++++++++++++++++++++++[0m| 
manifest-sha256:0bf2f4ab1dec7aec500c0ddce00938c939819314daef83c5149e1acb7daf02ad: done           |[32m++++++++++++++++++++++++++++++++++++++[0m| 
layer-sha256:034d6572bf287fa79604fee9be062f0683809ae3a3685bc7b0e17bd1c48c50e8:    exists         |[32m++++++++++++++++++++++++++++++++++++++[0m| 
config-sha256:289bbe53944238bc5ba75ce18f6f7da47babdff9fd29aa9e989ec16d3680d022:   done           |[32m++++++++++++++++++++++++++++++++++++++[0m| 
layer-sha256:50f8c1b424f1f26e8e279fcfb5e3af1d2e8a7c1494f08744bb4bcbdab285f3d4:    downloading    |[32m++++++++++++++++++++++++++++++++++[0m----|  1.8 GiB/2.0 GiB 
layer-sha256:dd482d345ef78a72e54dc96c818ad2ec5d6c318e392e07029816546a3089ee77:    done           |[32m++++++++++++++++++++++++++++++++++++++[0m| 
layer-sha256:7b9be9eb4297c96c698f5bcdc5a885e322fe6817fc511afc7b09799cfa9d6886:    downloading    |[32m++++++++++++++++++++++++++++++++++++++[0m|  1.5 GiB/1.5 GiB 
layer-sha256:4738c92e4322db8a8bd534eab5bb762acc4a19df4bb96dbb3f5ef3ef77963f0f:    downloading    |[32m++++++++++++++++++++++++++++++++++++++[0m|  1.5 GiB/1.5 GiB 
layer-sha256:dfc90b51dbfaca11daa5562dadaef30c0d48125494e5211a8bf63f4da84e3945:    done           |[32m++++++++++++++++++++++++++++++++++++++[0m| 
layer-sha256:f69f10a900dbee5e29001282c43abef608a5528e1c64d1e29a48bb1da441fe6e:    done           |[32m++++++++++++++++++++++++++++++++++++++[0m| 
layer-sha256:9f45c515d089d32a0760f312e9f5ce2f981ddcebae6136c141414e8e53081413:    downloading    |[32m+++++++++++++++++++++++++++++++++[0m-----|  1.8 GiB/2.0 GiB 
layer-sha256:ae5ac74cdbd9a821bf37a75fd5dd70c83d17c173c1d4de3ac17e58e43198f988:    downloading    |[32m+++++++++++++++++++++++++++++++++[0m-----|  1.8 GiB/2.0 GiB 
layer-sha256:ae19d20d2fa6efc21aec50f6587d04a4c9ec9f4b43b5879baf4de03fa219c523:    downloading    |[32m+++++++++++++++++++++++++++++++++++[0m---|  1.8 GiB/2.0 GiB 
elapsed: 13.0s                                                                    total:  13.2 G (1.0 GiB/s)                                       
172.31.67.78:5000/model-ballast:B-14g:                                            resolved       |[32m++++++++++++++++++++++++++++++++++++++[0m| 
index-sha256:c39e2205f87b997d16ca3c252f0a9b6a707dd0bdbe178e3d0eb13f9633d84cc2:    done           |[32m++++++++++++++++++++++++++++++++++++++[0m| 
manifest-sha256:d57ca3414327bce6dabd46ea9ab71afc31aab5bff26208abe8589742c7c184d1: done           |[32m++++++++++++++++++++++++++++++++++++++[0m| 
manifest-sha256:0bf2f4ab1dec7aec500c0ddce00938c939819314daef83c5149e1acb7daf02ad: done           |[32m++++++++++++++++++++++++++++++++++++++[0m| 
layer-sha256:034d6572bf287fa79604fee9be062f0683809ae3a3685bc7b0e17bd1c48c50e8:    exists         |[32m++++++++++++++++++++++++++++++++++++++[0m| 
config-sha256:289bbe53944238bc5ba75ce18f6f7da47babdff9fd29aa9e989ec16d3680d022:   done           |[32m++++++++++++++++++++++++++++++++++++++[0m| 
layer-sha256:50f8c1b424f1f26e8e279fcfb5e3af1d2e8a7c1494f08744bb4bcbdab285f3d4:    downloading    |[32m++++++++++++++++++++++++++++++++++[0m----|  1.8 GiB/2.0 GiB 
layer-sha256:dd482d345ef78a72e54dc96c818ad2ec5d6c318e392e07029816546a3089ee77:    done           |[32m++++++++++++++++++++++++++++++++++++++[0m| 
layer-sha256:7b9be9eb4297c96c698f5bcdc5a885e322fe6817fc511afc7b09799cfa9d6886:    downloading    |[32m++++++++++++++++++++++++++++++++++++++[0m|  1.5 GiB/1.5 GiB 
layer-sha256:4738c92e4322db8a8bd534eab5bb762acc4a19df4bb96dbb3f5ef3ef77963f0f:    done           |[32m++++++++++++++++++++++++++++++++++++++[0m| 
layer-sha256:dfc90b51dbfaca11daa5562dadaef30c0d48125494e5211a8bf63f4da84e3945:    done           |[32m++++++++++++++++++++++++++++++++++++++[0m| 
layer-sha256:f69f10a900dbee5e29001282c43abef608a5528e1c64d1e29a48bb1da441fe6e:    done           |[32m++++++++++++++++++++++++++++++++++++++[0m| 
layer-sha256:9f45c515d089d32a0760f312e9f5ce2f981ddcebae6136c141414e8e53081413:    downloading    |[32m++++++++++++++++++++++++++++++++++[0m----|  1.8 GiB/2.0 GiB 
layer-sha256:ae5ac74cdbd9a821bf37a75fd5dd70c83d17c173c1d4de3ac17e58e43198f988:    downloading    |[32m+++++++++++++++++++++++++++++++++[0m-----|  1.8 GiB/2.0 GiB 
layer-sha256:ae19d20d2fa6efc21aec50f6587d04a4c9ec9f4b43b5879baf4de03fa219c523:    downloading    |[32m+++++++++++++++++++++++++++++++++++[0m---|  1.9 GiB/2.0 GiB 
elapsed: 13.1s                                                                    total:  13.3 G (1.0 GiB/s)                                       
172.31.67.78:5000/model-ballast:B-14g:                                            resolved       |[32m++++++++++++++++++++++++++++++++++++++[0m| 
index-sha256:c39e2205f87b997d16ca3c252f0a9b6a707dd0bdbe178e3d0eb13f9633d84cc2:    done           |[32m++++++++++++++++++++++++++++++++++++++[0m| 
manifest-sha256:d57ca3414327bce6dabd46ea9ab71afc31aab5bff26208abe8589742c7c184d1: done           |[32m++++++++++++++++++++++++++++++++++++++[0m| 
manifest-sha256:0bf2f4ab1dec7aec500c0ddce00938c939819314daef83c5149e1acb7daf02ad: done           |[32m++++++++++++++++++++++++++++++++++++++[0m| 
layer-sha256:034d6572bf287fa79604fee9be062f0683809ae3a3685bc7b0e17bd1c48c50e8:    exists         |[32m++++++++++++++++++++++++++++++++++++++[0m| 
config-sha256:289bbe53944238bc5ba75ce18f6f7da47babdff9fd29aa9e989ec16d3680d022:   done           |[32m++++++++++++++++++++++++++++++++++++++[0m| 
layer-sha256:50f8c1b424f1f26e8e279fcfb5e3af1d2e8a7c1494f08744bb4bcbdab285f3d4:    downloading    |[32m++++++++++++++++++++++++++++++++++[0m----|  1.8 GiB/2.0 GiB 
layer-sha256:dd482d345ef78a72e54dc96c818ad2ec5d6c318e392e07029816546a3089ee77:    done           |[32m++++++++++++++++++++++++++++++++++++++[0m| 
layer-sha256:7b9be9eb4297c96c698f5bcdc5a885e322fe6817fc511afc7b09799cfa9d6886:    downloading    |[32m++++++++++++++++++++++++++++++++++++++[0m|  1.5 GiB/1.5 GiB 
layer-sha256:4738c92e4322db8a8bd534eab5bb762acc4a19df4bb96dbb3f5ef3ef77963f0f:    done           |[32m++++++++++++++++++++++++++++++++++++++[0m| 
layer-sha256:dfc90b51dbfaca11daa5562dadaef30c0d48125494e5211a8bf63f4da84e3945:    done           |[32m++++++++++++++++++++++++++++++++++++++[0m| 
layer-sha256:f69f10a900dbee5e29001282c43abef608a5528e1c64d1e29a48bb1da441fe6e:    done           |[32m++++++++++++++++++++++++++++++++++++++[0m| 
layer-sha256:9f45c515d089d32a0760f312e9f5ce2f981ddcebae6136c141414e8e53081413:    downloading    |[32m++++++++++++++++++++++++++++++++++[0m----|  1.8 GiB/2.0 GiB 
layer-sha256:ae5ac74cdbd9a821bf37a75fd5dd70c83d17c173c1d4de3ac17e58e43198f988:    downloading    |[32m++++++++++++++++++++++++++++++++++[0m----|  1.8 GiB/2.0 GiB 
layer-sha256:ae19d20d2fa6efc21aec50f6587d04a4c9ec9f4b43b5879baf4de03fa219c523:    downloading    |[32m+++++++++++++++++++++++++++++++++++[0m---|  1.9 GiB/2.0 GiB 
elapsed: 13.2s                                                                    total:  13.3 G (1.0 GiB/s)                                       
172.31.67.78:5000/model-ballast:B-14g:                                            resolved       |[32m++++++++++++++++++++++++++++++++++++++[0m| 
index-sha256:c39e2205f87b997d16ca3c252f0a9b6a707dd0bdbe178e3d0eb13f9633d84cc2:    done           |[32m++++++++++++++++++++++++++++++++++++++[0m| 
manifest-sha256:d57ca3414327bce6dabd46ea9ab71afc31aab5bff26208abe8589742c7c184d1: done           |[32m++++++++++++++++++++++++++++++++++++++[0m| 
manifest-sha256:0bf2f4ab1dec7aec500c0ddce00938c939819314daef83c5149e1acb7daf02ad: done           |[32m++++++++++++++++++++++++++++++++++++++[0m| 
layer-sha256:034d6572bf287fa79604fee9be062f0683809ae3a3685bc7b0e17bd1c48c50e8:    exists         |[32m++++++++++++++++++++++++++++++++++++++[0m| 
config-sha256:289bbe53944238bc5ba75ce18f6f7da47babdff9fd29aa9e989ec16d3680d022:   done           |[32m++++++++++++++++++++++++++++++++++++++[0m| 
layer-sha256:50f8c1b424f1f26e8e279fcfb5e3af1d2e8a7c1494f08744bb4bcbdab285f3d4:    downloading    |[32m+++++++++++++++++++++++++++++++++++[0m---|  1.8 GiB/2.0 GiB 
layer-sha256:dd482d345ef78a72e54dc96c818ad2ec5d6c318e392e07029816546a3089ee77:    done           |[32m++++++++++++++++++++++++++++++++++++++[0m| 
layer-sha256:7b9be9eb4297c96c698f5bcdc5a885e322fe6817fc511afc7b09799cfa9d6886:    done           |[32m++++++++++++++++++++++++++++++++++++++[0m| 
layer-sha256:4738c92e4322db8a8bd534eab5bb762acc4a19df4bb96dbb3f5ef3ef77963f0f:    done           |[32m++++++++++++++++++++++++++++++++++++++[0m| 
layer-sha256:dfc90b51dbfaca11daa5562dadaef30c0d48125494e5211a8bf63f4da84e3945:    done           |[32m++++++++++++++++++++++++++++++++++++++[0m| 
layer-sha256:f69f10a900dbee5e29001282c43abef608a5528e1c64d1e29a48bb1da441fe6e:    done           |[32m++++++++++++++++++++++++++++++++++++++[0m| 
layer-sha256:9f45c515d089d32a0760f312e9f5ce2f981ddcebae6136c141414e8e53081413:    downloading    |[32m+++++++++++++++++++++++++++++++++++[0m---|  1.8 GiB/2.0 GiB 
layer-sha256:ae5ac74cdbd9a821bf37a75fd5dd70c83d17c173c1d4de3ac17e58e43198f988:    downloading    |[32m++++++++++++++++++++++++++++++++++[0m----|  1.8 GiB/2.0 GiB 
layer-sha256:ae19d20d2fa6efc21aec50f6587d04a4c9ec9f4b43b5879baf4de03fa219c523:    downloading    |[32m++++++++++++++++++++++++++++++++++++[0m--|  1.9 GiB/2.0 GiB 
elapsed: 13.3s                                                                    total:  13.4 G (1.0 GiB/s)                                       
172.31.67.78:5000/model-ballast:B-14g:                                            resolved       |[32m++++++++++++++++++++++++++++++++++++++[0m| 
index-sha256:c39e2205f87b997d16ca3c252f0a9b6a707dd0bdbe178e3d0eb13f9633d84cc2:    done           |[32m++++++++++++++++++++++++++++++++++++++[0m| 
manifest-sha256:d57ca3414327bce6dabd46ea9ab71afc31aab5bff26208abe8589742c7c184d1: done           |[32m++++++++++++++++++++++++++++++++++++++[0m| 
manifest-sha256:0bf2f4ab1dec7aec500c0ddce00938c939819314daef83c5149e1acb7daf02ad: done           |[32m++++++++++++++++++++++++++++++++++++++[0m| 
layer-sha256:034d6572bf287fa79604fee9be062f0683809ae3a3685bc7b0e17bd1c48c50e8:    exists         |[32m++++++++++++++++++++++++++++++++++++++[0m| 
config-sha256:289bbe53944238bc5ba75ce18f6f7da47babdff9fd29aa9e989ec16d3680d022:   done           |[32m++++++++++++++++++++++++++++++++++++++[0m| 
layer-sha256:50f8c1b424f1f26e8e279fcfb5e3af1d2e8a7c1494f08744bb4bcbdab285f3d4:    downloading    |[32m+++++++++++++++++++++++++++++++++++[0m---|  1.9 GiB/2.0 GiB 
layer-sha256:dd482d345ef78a72e54dc96c818ad2ec5d6c318e392e07029816546a3089ee77:    done           |[32m++++++++++++++++++++++++++++++++++++++[0m| 
layer-sha256:7b9be9eb4297c96c698f5bcdc5a885e322fe6817fc511afc7b09799cfa9d6886:    done           |[32m++++++++++++++++++++++++++++++++++++++[0m| 
layer-sha256:4738c92e4322db8a8bd534eab5bb762acc4a19df4bb96dbb3f5ef3ef77963f0f:    done           |[32m++++++++++++++++++++++++++++++++++++++[0m| 
layer-sha256:dfc90b51dbfaca11daa5562dadaef30c0d48125494e5211a8bf63f4da84e3945:    done           |[32m++++++++++++++++++++++++++++++++++++++[0m| 
layer-sha256:f69f10a900dbee5e29001282c43abef608a5528e1c64d1e29a48bb1da441fe6e:    done           |[32m++++++++++++++++++++++++++++++++++++++[0m| 
layer-sha256:9f45c515d089d32a0760f312e9f5ce2f981ddcebae6136c141414e8e53081413:    downloading    |[32m+++++++++++++++++++++++++++++++++++[0m---|  1.9 GiB/2.0 GiB 
layer-sha256:ae5ac74cdbd9a821bf37a75fd5dd70c83d17c173c1d4de3ac17e58e43198f988:    downloading    |[32m+++++++++++++++++++++++++++++++++++[0m---|  1.8 GiB/2.0 GiB 
layer-sha256:ae19d20d2fa6efc21aec50f6587d04a4c9ec9f4b43b5879baf4de03fa219c523:    downloading    |[32m++++++++++++++++++++++++++++++++++++[0m--|  1.9 GiB/2.0 GiB 
elapsed: 13.4s                                                                    total:  13.5 G (1.0 GiB/s)                                       
172.31.67.78:5000/model-ballast:B-14g:                                            resolved       |[32m++++++++++++++++++++++++++++++++++++++[0m| 
index-sha256:c39e2205f87b997d16ca3c252f0a9b6a707dd0bdbe178e3d0eb13f9633d84cc2:    done           |[32m++++++++++++++++++++++++++++++++++++++[0m| 
manifest-sha256:d57ca3414327bce6dabd46ea9ab71afc31aab5bff26208abe8589742c7c184d1: done           |[32m++++++++++++++++++++++++++++++++++++++[0m| 
manifest-sha256:0bf2f4ab1dec7aec500c0ddce00938c939819314daef83c5149e1acb7daf02ad: done           |[32m++++++++++++++++++++++++++++++++++++++[0m| 
layer-sha256:034d6572bf287fa79604fee9be062f0683809ae3a3685bc7b0e17bd1c48c50e8:    exists         |[32m++++++++++++++++++++++++++++++++++++++[0m| 
config-sha256:289bbe53944238bc5ba75ce18f6f7da47babdff9fd29aa9e989ec16d3680d022:   done           |[32m++++++++++++++++++++++++++++++++++++++[0m| 
layer-sha256:50f8c1b424f1f26e8e279fcfb5e3af1d2e8a7c1494f08744bb4bcbdab285f3d4:    downloading    |[32m++++++++++++++++++++++++++++++++++++[0m--|  1.9 GiB/2.0 GiB 
layer-sha256:dd482d345ef78a72e54dc96c818ad2ec5d6c318e392e07029816546a3089ee77:    done           |[32m++++++++++++++++++++++++++++++++++++++[0m| 
layer-sha256:7b9be9eb4297c96c698f5bcdc5a885e322fe6817fc511afc7b09799cfa9d6886:    done           |[32m++++++++++++++++++++++++++++++++++++++[0m| 
layer-sha256:4738c92e4322db8a8bd534eab5bb762acc4a19df4bb96dbb3f5ef3ef77963f0f:    done           |[32m++++++++++++++++++++++++++++++++++++++[0m| 
layer-sha256:dfc90b51dbfaca11daa5562dadaef30c0d48125494e5211a8bf63f4da84e3945:    done           |[32m++++++++++++++++++++++++++++++++++++++[0m| 
layer-sha256:f69f10a900dbee5e29001282c43abef608a5528e1c64d1e29a48bb1da441fe6e:    done           |[32m++++++++++++++++++++++++++++++++++++++[0m| 
layer-sha256:9f45c515d089d32a0760f312e9f5ce2f981ddcebae6136c141414e8e53081413:    downloading    |[32m++++++++++++++++++++++++++++++++++++[0m--|  1.9 GiB/2.0 GiB 
layer-sha256:ae5ac74cdbd9a821bf37a75fd5dd70c83d17c173c1d4de3ac17e58e43198f988:    downloading    |[32m+++++++++++++++++++++++++++++++++++[0m---|  1.9 GiB/2.0 GiB 
layer-sha256:ae19d20d2fa6efc21aec50f6587d04a4c9ec9f4b43b5879baf4de03fa219c523:    downloading    |[32m+++++++++++++++++++++++++++++++++++++[0m-|  1.9 GiB/2.0 GiB 
elapsed: 13.5s                                                                    total:  13.6 G (1.0 GiB/s)                                       
172.31.67.78:5000/model-ballast:B-14g:                                            resolved       |[32m++++++++++++++++++++++++++++++++++++++[0m| 
index-sha256:c39e2205f87b997d16ca3c252f0a9b6a707dd0bdbe178e3d0eb13f9633d84cc2:    done           |[32m++++++++++++++++++++++++++++++++++++++[0m| 
manifest-sha256:d57ca3414327bce6dabd46ea9ab71afc31aab5bff26208abe8589742c7c184d1: done           |[32m++++++++++++++++++++++++++++++++++++++[0m| 
manifest-sha256:0bf2f4ab1dec7aec500c0ddce00938c939819314daef83c5149e1acb7daf02ad: done           |[32m++++++++++++++++++++++++++++++++++++++[0m| 
layer-sha256:034d6572bf287fa79604fee9be062f0683809ae3a3685bc7b0e17bd1c48c50e8:    exists         |[32m++++++++++++++++++++++++++++++++++++++[0m| 
config-sha256:289bbe53944238bc5ba75ce18f6f7da47babdff9fd29aa9e989ec16d3680d022:   done           |[32m++++++++++++++++++++++++++++++++++++++[0m| 
layer-sha256:50f8c1b424f1f26e8e279fcfb5e3af1d2e8a7c1494f08744bb4bcbdab285f3d4:    downloading    |[32m++++++++++++++++++++++++++++++++++++[0m--|  1.9 GiB/2.0 GiB 
layer-sha256:dd482d345ef78a72e54dc96c818ad2ec5d6c318e392e07029816546a3089ee77:    done           |[32m++++++++++++++++++++++++++++++++++++++[0m| 
layer-sha256:7b9be9eb4297c96c698f5bcdc5a885e322fe6817fc511afc7b09799cfa9d6886:    done           |[32m++++++++++++++++++++++++++++++++++++++[0m| 
layer-sha256:4738c92e4322db8a8bd534eab5bb762acc4a19df4bb96dbb3f5ef3ef77963f0f:    done           |[32m++++++++++++++++++++++++++++++++++++++[0m| 
layer-sha256:dfc90b51dbfaca11daa5562dadaef30c0d48125494e5211a8bf63f4da84e3945:    done           |[32m++++++++++++++++++++++++++++++++++++++[0m| 
layer-sha256:f69f10a900dbee5e29001282c43abef608a5528e1c64d1e29a48bb1da441fe6e:    done           |[32m++++++++++++++++++++++++++++++++++++++[0m| 
layer-sha256:9f45c515d089d32a0760f312e9f5ce2f981ddcebae6136c141414e8e53081413:    downloading    |[32m++++++++++++++++++++++++++++++++++++[0m--|  1.9 GiB/2.0 GiB 
layer-sha256:ae5ac74cdbd9a821bf37a75fd5dd70c83d17c173c1d4de3ac17e58e43198f988:    downloading    |[32m+++++++++++++++++++++++++++++++++++[0m---|  1.9 GiB/2.0 GiB 
layer-sha256:ae19d20d2fa6efc21aec50f6587d04a4c9ec9f4b43b5879baf4de03fa219c523:    downloading    |[32m+++++++++++++++++++++++++++++++++++++[0m-|  2.0 GiB/2.0 GiB 
elapsed: 13.6s                                                                    total:  13.7 G (1.0 GiB/s)                                       
172.31.67.78:5000/model-ballast:B-14g:                                            resolved       |[32m++++++++++++++++++++++++++++++++++++++[0m| 
index-sha256:c39e2205f87b997d16ca3c252f0a9b6a707dd0bdbe178e3d0eb13f9633d84cc2:    done           |[32m++++++++++++++++++++++++++++++++++++++[0m| 
manifest-sha256:d57ca3414327bce6dabd46ea9ab71afc31aab5bff26208abe8589742c7c184d1: done           |[32m++++++++++++++++++++++++++++++++++++++[0m| 
manifest-sha256:0bf2f4ab1dec7aec500c0ddce00938c939819314daef83c5149e1acb7daf02ad: done           |[32m++++++++++++++++++++++++++++++++++++++[0m| 
layer-sha256:034d6572bf287fa79604fee9be062f0683809ae3a3685bc7b0e17bd1c48c50e8:    exists         |[32m++++++++++++++++++++++++++++++++++++++[0m| 
config-sha256:289bbe53944238bc5ba75ce18f6f7da47babdff9fd29aa9e989ec16d3680d022:   done           |[32m++++++++++++++++++++++++++++++++++++++[0m| 
layer-sha256:50f8c1b424f1f26e8e279fcfb5e3af1d2e8a7c1494f08744bb4bcbdab285f3d4:    downloading    |[32m++++++++++++++++++++++++++++++++++++[0m--|  1.9 GiB/2.0 GiB 
layer-sha256:dd482d345ef78a72e54dc96c818ad2ec5d6c318e392e07029816546a3089ee77:    done           |[32m++++++++++++++++++++++++++++++++++++++[0m| 
layer-sha256:7b9be9eb4297c96c698f5bcdc5a885e322fe6817fc511afc7b09799cfa9d6886:    done           |[32m++++++++++++++++++++++++++++++++++++++[0m| 
layer-sha256:4738c92e4322db8a8bd534eab5bb762acc4a19df4bb96dbb3f5ef3ef77963f0f:    done           |[32m++++++++++++++++++++++++++++++++++++++[0m| 
layer-sha256:dfc90b51dbfaca11daa5562dadaef30c0d48125494e5211a8bf63f4da84e3945:    done           |[32m++++++++++++++++++++++++++++++++++++++[0m| 
layer-sha256:f69f10a900dbee5e29001282c43abef608a5528e1c64d1e29a48bb1da441fe6e:    done           |[32m++++++++++++++++++++++++++++++++++++++[0m| 
layer-sha256:9f45c515d089d32a0760f312e9f5ce2f981ddcebae6136c141414e8e53081413:    downloading    |[32m++++++++++++++++++++++++++++++++++++[0m--|  1.9 GiB/2.0 GiB 
layer-sha256:ae5ac74cdbd9a821bf37a75fd5dd70c83d17c173c1d4de3ac17e58e43198f988:    downloading    |[32m++++++++++++++++++++++++++++++++++++[0m--|  1.9 GiB/2.0 GiB 
layer-sha256:ae19d20d2fa6efc21aec50f6587d04a4c9ec9f4b43b5879baf4de03fa219c523:    downloading    |[32m+++++++++++++++++++++++++++++++++++++[0m-|  2.0 GiB/2.0 GiB 
elapsed: 13.7s                                                                    total:  13.8 G (1.0 GiB/s)                                       
172.31.67.78:5000/model-ballast:B-14g:                                            resolved       |[32m++++++++++++++++++++++++++++++++++++++[0m| 
index-sha256:c39e2205f87b997d16ca3c252f0a9b6a707dd0bdbe178e3d0eb13f9633d84cc2:    done           |[32m++++++++++++++++++++++++++++++++++++++[0m| 
manifest-sha256:d57ca3414327bce6dabd46ea9ab71afc31aab5bff26208abe8589742c7c184d1: done           |[32m++++++++++++++++++++++++++++++++++++++[0m| 
manifest-sha256:0bf2f4ab1dec7aec500c0ddce00938c939819314daef83c5149e1acb7daf02ad: done           |[32m++++++++++++++++++++++++++++++++++++++[0m| 
layer-sha256:034d6572bf287fa79604fee9be062f0683809ae3a3685bc7b0e17bd1c48c50e8:    exists         |[32m++++++++++++++++++++++++++++++++++++++[0m| 
config-sha256:289bbe53944238bc5ba75ce18f6f7da47babdff9fd29aa9e989ec16d3680d022:   done           |[32m++++++++++++++++++++++++++++++++++++++[0m| 
layer-sha256:50f8c1b424f1f26e8e279fcfb5e3af1d2e8a7c1494f08744bb4bcbdab285f3d4:    downloading    |[32m+++++++++++++++++++++++++++++++++++++[0m-|  2.0 GiB/2.0 GiB 
layer-sha256:dd482d345ef78a72e54dc96c818ad2ec5d6c318e392e07029816546a3089ee77:    done           |[32m++++++++++++++++++++++++++++++++++++++[0m| 
layer-sha256:7b9be9eb4297c96c698f5bcdc5a885e322fe6817fc511afc7b09799cfa9d6886:    done           |[32m++++++++++++++++++++++++++++++++++++++[0m| 
layer-sha256:4738c92e4322db8a8bd534eab5bb762acc4a19df4bb96dbb3f5ef3ef77963f0f:    done           |[32m++++++++++++++++++++++++++++++++++++++[0m| 
layer-sha256:dfc90b51dbfaca11daa5562dadaef30c0d48125494e5211a8bf63f4da84e3945:    done           |[32m++++++++++++++++++++++++++++++++++++++[0m| 
layer-sha256:f69f10a900dbee5e29001282c43abef608a5528e1c64d1e29a48bb1da441fe6e:    done           |[32m++++++++++++++++++++++++++++++++++++++[0m| 
layer-sha256:9f45c515d089d32a0760f312e9f5ce2f981ddcebae6136c141414e8e53081413:    downloading    |[32m+++++++++++++++++++++++++++++++++++++[0m-|  2.0 GiB/2.0 GiB 
layer-sha256:ae5ac74cdbd9a821bf37a75fd5dd70c83d17c173c1d4de3ac17e58e43198f988:    downloading    |[32m++++++++++++++++++++++++++++++++++++[0m--|  1.9 GiB/2.0 GiB 
layer-sha256:ae19d20d2fa6efc21aec50f6587d04a4c9ec9f4b43b5879baf4de03fa219c523:    downloading    |[32m++++++++++++++++++++++++++++++++++++++[0m|  2.0 GiB/2.0 GiB 
elapsed: 13.8s                                                                    total:  13.9 G (1.0 GiB/s)                                       
172.31.67.78:5000/model-ballast:B-14g:                                            resolved       |[32m++++++++++++++++++++++++++++++++++++++[0m| 
index-sha256:c39e2205f87b997d16ca3c252f0a9b6a707dd0bdbe178e3d0eb13f9633d84cc2:    done           |[32m++++++++++++++++++++++++++++++++++++++[0m| 
manifest-sha256:d57ca3414327bce6dabd46ea9ab71afc31aab5bff26208abe8589742c7c184d1: done           |[32m++++++++++++++++++++++++++++++++++++++[0m| 
manifest-sha256:0bf2f4ab1dec7aec500c0ddce00938c939819314daef83c5149e1acb7daf02ad: done           |[32m++++++++++++++++++++++++++++++++++++++[0m| 
layer-sha256:034d6572bf287fa79604fee9be062f0683809ae3a3685bc7b0e17bd1c48c50e8:    exists         |[32m++++++++++++++++++++++++++++++++++++++[0m| 
config-sha256:289bbe53944238bc5ba75ce18f6f7da47babdff9fd29aa9e989ec16d3680d022:   done           |[32m++++++++++++++++++++++++++++++++++++++[0m| 
layer-sha256:50f8c1b424f1f26e8e279fcfb5e3af1d2e8a7c1494f08744bb4bcbdab285f3d4:    downloading    |[32m+++++++++++++++++++++++++++++++++++++[0m-|  2.0 GiB/2.0 GiB 
layer-sha256:dd482d345ef78a72e54dc96c818ad2ec5d6c318e392e07029816546a3089ee77:    done           |[32m++++++++++++++++++++++++++++++++++++++[0m| 
layer-sha256:7b9be9eb4297c96c698f5bcdc5a885e322fe6817fc511afc7b09799cfa9d6886:    done           |[32m++++++++++++++++++++++++++++++++++++++[0m| 
layer-sha256:4738c92e4322db8a8bd534eab5bb762acc4a19df4bb96dbb3f5ef3ef77963f0f:    done           |[32m++++++++++++++++++++++++++++++++++++++[0m| 
layer-sha256:dfc90b51dbfaca11daa5562dadaef30c0d48125494e5211a8bf63f4da84e3945:    done           |[32m++++++++++++++++++++++++++++++++++++++[0m| 
layer-sha256:f69f10a900dbee5e29001282c43abef608a5528e1c64d1e29a48bb1da441fe6e:    done           |[32m++++++++++++++++++++++++++++++++++++++[0m| 
layer-sha256:9f45c515d089d32a0760f312e9f5ce2f981ddcebae6136c141414e8e53081413:    downloading    |[32m+++++++++++++++++++++++++++++++++++++[0m-|  2.0 GiB/2.0 GiB 
layer-sha256:ae5ac74cdbd9a821bf37a75fd5dd70c83d17c173c1d4de3ac17e58e43198f988:    downloading    |[32m+++++++++++++++++++++++++++++++++++++[0m-|  2.0 GiB/2.0 GiB 
layer-sha256:ae19d20d2fa6efc21aec50f6587d04a4c9ec9f4b43b5879baf4de03fa219c523:    downloading    |[32m++++++++++++++++++++++++++++++++++++++[0m|  2.0 GiB/2.0 GiB 
elapsed: 13.9s                                                                    total:  14.0 G (1.0 GiB/s)                                       
172.31.67.78:5000/model-ballast:B-14g:                                            resolved       |[32m++++++++++++++++++++++++++++++++++++++[0m| 
index-sha256:c39e2205f87b997d16ca3c252f0a9b6a707dd0bdbe178e3d0eb13f9633d84cc2:    done           |[32m++++++++++++++++++++++++++++++++++++++[0m| 
manifest-sha256:d57ca3414327bce6dabd46ea9ab71afc31aab5bff26208abe8589742c7c184d1: done           |[32m++++++++++++++++++++++++++++++++++++++[0m| 
manifest-sha256:0bf2f4ab1dec7aec500c0ddce00938c939819314daef83c5149e1acb7daf02ad: done           |[32m++++++++++++++++++++++++++++++++++++++[0m| 
layer-sha256:034d6572bf287fa79604fee9be062f0683809ae3a3685bc7b0e17bd1c48c50e8:    exists         |[32m++++++++++++++++++++++++++++++++++++++[0m| 
config-sha256:289bbe53944238bc5ba75ce18f6f7da47babdff9fd29aa9e989ec16d3680d022:   done           |[32m++++++++++++++++++++++++++++++++++++++[0m| 
layer-sha256:50f8c1b424f1f26e8e279fcfb5e3af1d2e8a7c1494f08744bb4bcbdab285f3d4:    downloading    |[32m++++++++++++++++++++++++++++++++++++++[0m|  2.0 GiB/2.0 GiB 
layer-sha256:dd482d345ef78a72e54dc96c818ad2ec5d6c318e392e07029816546a3089ee77:    done           |[32m++++++++++++++++++++++++++++++++++++++[0m| 
layer-sha256:7b9be9eb4297c96c698f5bcdc5a885e322fe6817fc511afc7b09799cfa9d6886:    done           |[32m++++++++++++++++++++++++++++++++++++++[0m| 
layer-sha256:4738c92e4322db8a8bd534eab5bb762acc4a19df4bb96dbb3f5ef3ef77963f0f:    done           |[32m++++++++++++++++++++++++++++++++++++++[0m| 
layer-sha256:dfc90b51dbfaca11daa5562dadaef30c0d48125494e5211a8bf63f4da84e3945:    done           |[32m++++++++++++++++++++++++++++++++++++++[0m| 
layer-sha256:f69f10a900dbee5e29001282c43abef608a5528e1c64d1e29a48bb1da441fe6e:    done           |[32m++++++++++++++++++++++++++++++++++++++[0m| 
layer-sha256:9f45c515d089d32a0760f312e9f5ce2f981ddcebae6136c141414e8e53081413:    downloading    |[32m++++++++++++++++++++++++++++++++++++++[0m|  2.0 GiB/2.0 GiB 
layer-sha256:ae5ac74cdbd9a821bf37a75fd5dd70c83d17c173c1d4de3ac17e58e43198f988:    downloading    |[32m+++++++++++++++++++++++++++++++++++++[0m-|  2.0 GiB/2.0 GiB 
layer-sha256:ae19d20d2fa6efc21aec50f6587d04a4c9ec9f4b43b5879baf4de03fa219c523:    downloading    |[32m++++++++++++++++++++++++++++++++++++++[0m|  2.0 GiB/2.0 GiB 
elapsed: 14.0s                                                                    total:  14.0 G (1023.6 MiB/s)                                    
172.31.67.78:5000/model-ballast:B-14g:                                            resolved       |[32m++++++++++++++++++++++++++++++++++++++[0m| 
index-sha256:c39e2205f87b997d16ca3c252f0a9b6a707dd0bdbe178e3d0eb13f9633d84cc2:    done           |[32m++++++++++++++++++++++++++++++++++++++[0m| 
manifest-sha256:d57ca3414327bce6dabd46ea9ab71afc31aab5bff26208abe8589742c7c184d1: done           |[32m++++++++++++++++++++++++++++++++++++++[0m| 
manifest-sha256:0bf2f4ab1dec7aec500c0ddce00938c939819314daef83c5149e1acb7daf02ad: done           |[32m++++++++++++++++++++++++++++++++++++++[0m| 
layer-sha256:034d6572bf287fa79604fee9be062f0683809ae3a3685bc7b0e17bd1c48c50e8:    exists         |[32m++++++++++++++++++++++++++++++++++++++[0m| 
config-sha256:289bbe53944238bc5ba75ce18f6f7da47babdff9fd29aa9e989ec16d3680d022:   done           |[32m++++++++++++++++++++++++++++++++++++++[0m| 
layer-sha256:50f8c1b424f1f26e8e279fcfb5e3af1d2e8a7c1494f08744bb4bcbdab285f3d4:    downloading    |[32m++++++++++++++++++++++++++++++++++++++[0m|  2.0 GiB/2.0 GiB 
layer-sha256:dd482d345ef78a72e54dc96c818ad2ec5d6c318e392e07029816546a3089ee77:    done           |[32m++++++++++++++++++++++++++++++++++++++[0m| 
layer-sha256:7b9be9eb4297c96c698f5bcdc5a885e322fe6817fc511afc7b09799cfa9d6886:    done           |[32m++++++++++++++++++++++++++++++++++++++[0m| 
layer-sha256:4738c92e4322db8a8bd534eab5bb762acc4a19df4bb96dbb3f5ef3ef77963f0f:    done           |[32m++++++++++++++++++++++++++++++++++++++[0m| 
layer-sha256:dfc90b51dbfaca11daa5562dadaef30c0d48125494e5211a8bf63f4da84e3945:    done           |[32m++++++++++++++++++++++++++++++++++++++[0m| 
layer-sha256:f69f10a900dbee5e29001282c43abef608a5528e1c64d1e29a48bb1da441fe6e:    done           |[32m++++++++++++++++++++++++++++++++++++++[0m| 
layer-sha256:9f45c515d089d32a0760f312e9f5ce2f981ddcebae6136c141414e8e53081413:    downloading    |[32m++++++++++++++++++++++++++++++++++++++[0m|  2.0 GiB/2.0 GiB 
layer-sha256:ae5ac74cdbd9a821bf37a75fd5dd70c83d17c173c1d4de3ac17e58e43198f988:    downloading    |[32m++++++++++++++++++++++++++++++++++++++[0m|  2.0 GiB/2.0 GiB 
layer-sha256:ae19d20d2fa6efc21aec50f6587d04a4c9ec9f4b43b5879baf4de03fa219c523:    downloading    |[32m++++++++++++++++++++++++++++++++++++++[0m|  2.0 GiB/2.0 GiB 
elapsed: 14.1s                                                                    total:  14.0 G (1016.9 MiB/s)                                    
172.31.67.78:5000/model-ballast:B-14g:                                            resolved       |[32m++++++++++++++++++++++++++++++++++++++[0m| 
index-sha256:c39e2205f87b997d16ca3c252f0a9b6a707dd0bdbe178e3d0eb13f9633d84cc2:    done           |[32m++++++++++++++++++++++++++++++++++++++[0m| 
manifest-sha256:d57ca3414327bce6dabd46ea9ab71afc31aab5bff26208abe8589742c7c184d1: done           |[32m++++++++++++++++++++++++++++++++++++++[0m| 
manifest-sha256:0bf2f4ab1dec7aec500c0ddce00938c939819314daef83c5149e1acb7daf02ad: done           |[32m++++++++++++++++++++++++++++++++++++++[0m| 
layer-sha256:034d6572bf287fa79604fee9be062f0683809ae3a3685bc7b0e17bd1c48c50e8:    exists         |[32m++++++++++++++++++++++++++++++++++++++[0m| 
config-sha256:289bbe53944238bc5ba75ce18f6f7da47babdff9fd29aa9e989ec16d3680d022:   done           |[32m++++++++++++++++++++++++++++++++++++++[0m| 
layer-sha256:50f8c1b424f1f26e8e279fcfb5e3af1d2e8a7c1494f08744bb4bcbdab285f3d4:    downloading    |[32m++++++++++++++++++++++++++++++++++++++[0m|  2.0 GiB/2.0 GiB 
layer-sha256:dd482d345ef78a72e54dc96c818ad2ec5d6c318e392e07029816546a3089ee77:    done           |[32m++++++++++++++++++++++++++++++++++++++[0m| 
layer-sha256:7b9be9eb4297c96c698f5bcdc5a885e322fe6817fc511afc7b09799cfa9d6886:    done           |[32m++++++++++++++++++++++++++++++++++++++[0m| 
layer-sha256:4738c92e4322db8a8bd534eab5bb762acc4a19df4bb96dbb3f5ef3ef77963f0f:    done           |[32m++++++++++++++++++++++++++++++++++++++[0m| 
layer-sha256:dfc90b51dbfaca11daa5562dadaef30c0d48125494e5211a8bf63f4da84e3945:    done           |[32m++++++++++++++++++++++++++++++++++++++[0m| 
layer-sha256:f69f10a900dbee5e29001282c43abef608a5528e1c64d1e29a48bb1da441fe6e:    done           |[32m++++++++++++++++++++++++++++++++++++++[0m| 
layer-sha256:9f45c515d089d32a0760f312e9f5ce2f981ddcebae6136c141414e8e53081413:    downloading    |[32m++++++++++++++++++++++++++++++++++++++[0m|  2.0 GiB/2.0 GiB 
layer-sha256:ae5ac74cdbd9a821bf37a75fd5dd70c83d17c173c1d4de3ac17e58e43198f988:    downloading    |[32m++++++++++++++++++++++++++++++++++++++[0m|  2.0 GiB/2.0 GiB 
layer-sha256:ae19d20d2fa6efc21aec50f6587d04a4c9ec9f4b43b5879baf4de03fa219c523:    downloading    |[32m++++++++++++++++++++++++++++++++++++++[0m|  2.0 GiB/2.0 GiB 
elapsed: 14.2s                                                                    total:  14.0 G (1009.8 MiB/s)                                    
172.31.67.78:5000/model-ballast:B-14g:                                            resolved       |[32m++++++++++++++++++++++++++++++++++++++[0m| 
index-sha256:c39e2205f87b997d16ca3c252f0a9b6a707dd0bdbe178e3d0eb13f9633d84cc2:    done           |[32m++++++++++++++++++++++++++++++++++++++[0m| 
manifest-sha256:d57ca3414327bce6dabd46ea9ab71afc31aab5bff26208abe8589742c7c184d1: done           |[32m++++++++++++++++++++++++++++++++++++++[0m| 
manifest-sha256:0bf2f4ab1dec7aec500c0ddce00938c939819314daef83c5149e1acb7daf02ad: done           |[32m++++++++++++++++++++++++++++++++++++++[0m| 
layer-sha256:034d6572bf287fa79604fee9be062f0683809ae3a3685bc7b0e17bd1c48c50e8:    exists         |[32m++++++++++++++++++++++++++++++++++++++[0m| 
config-sha256:289bbe53944238bc5ba75ce18f6f7da47babdff9fd29aa9e989ec16d3680d022:   done           |[32m++++++++++++++++++++++++++++++++++++++[0m| 
layer-sha256:50f8c1b424f1f26e8e279fcfb5e3af1d2e8a7c1494f08744bb4bcbdab285f3d4:    downloading    |[32m++++++++++++++++++++++++++++++++++++++[0m|  2.0 GiB/2.0 GiB 
layer-sha256:dd482d345ef78a72e54dc96c818ad2ec5d6c318e392e07029816546a3089ee77:    done           |[32m++++++++++++++++++++++++++++++++++++++[0m| 
layer-sha256:7b9be9eb4297c96c698f5bcdc5a885e322fe6817fc511afc7b09799cfa9d6886:    done           |[32m++++++++++++++++++++++++++++++++++++++[0m| 
layer-sha256:4738c92e4322db8a8bd534eab5bb762acc4a19df4bb96dbb3f5ef3ef77963f0f:    done           |[32m++++++++++++++++++++++++++++++++++++++[0m| 
layer-sha256:dfc90b51dbfaca11daa5562dadaef30c0d48125494e5211a8bf63f4da84e3945:    done           |[32m++++++++++++++++++++++++++++++++++++++[0m| 
layer-sha256:f69f10a900dbee5e29001282c43abef608a5528e1c64d1e29a48bb1da441fe6e:    done           |[32m++++++++++++++++++++++++++++++++++++++[0m| 
layer-sha256:9f45c515d089d32a0760f312e9f5ce2f981ddcebae6136c141414e8e53081413:    downloading    |[32m++++++++++++++++++++++++++++++++++++++[0m|  2.0 GiB/2.0 GiB 
layer-sha256:ae5ac74cdbd9a821bf37a75fd5dd70c83d17c173c1d4de3ac17e58e43198f988:    downloading    |[32m++++++++++++++++++++++++++++++++++++++[0m|  2.0 GiB/2.0 GiB 
layer-sha256:ae19d20d2fa6efc21aec50f6587d04a4c9ec9f4b43b5879baf4de03fa219c523:    downloading    |[32m++++++++++++++++++++++++++++++++++++++[0m|  2.0 GiB/2.0 GiB 
elapsed: 14.3s                                                                    total:  14.0 G (1002.7 MiB/s)                                    
172.31.67.78:5000/model-ballast:B-14g:                                            resolved       |[32m++++++++++++++++++++++++++++++++++++++[0m| 
index-sha256:c39e2205f87b997d16ca3c252f0a9b6a707dd0bdbe178e3d0eb13f9633d84cc2:    done           |[32m++++++++++++++++++++++++++++++++++++++[0m| 
manifest-sha256:d57ca3414327bce6dabd46ea9ab71afc31aab5bff26208abe8589742c7c184d1: done           |[32m++++++++++++++++++++++++++++++++++++++[0m| 
manifest-sha256:0bf2f4ab1dec7aec500c0ddce00938c939819314daef83c5149e1acb7daf02ad: done           |[32m++++++++++++++++++++++++++++++++++++++[0m| 
layer-sha256:034d6572bf287fa79604fee9be062f0683809ae3a3685bc7b0e17bd1c48c50e8:    exists         |[32m++++++++++++++++++++++++++++++++++++++[0m| 
config-sha256:289bbe53944238bc5ba75ce18f6f7da47babdff9fd29aa9e989ec16d3680d022:   done           |[32m++++++++++++++++++++++++++++++++++++++[0m| 
layer-sha256:50f8c1b424f1f26e8e279fcfb5e3af1d2e8a7c1494f08744bb4bcbdab285f3d4:    downloading    |[32m++++++++++++++++++++++++++++++++++++++[0m|  2.0 GiB/2.0 GiB 
layer-sha256:dd482d345ef78a72e54dc96c818ad2ec5d6c318e392e07029816546a3089ee77:    done           |[32m++++++++++++++++++++++++++++++++++++++[0m| 
layer-sha256:7b9be9eb4297c96c698f5bcdc5a885e322fe6817fc511afc7b09799cfa9d6886:    done           |[32m++++++++++++++++++++++++++++++++++++++[0m| 
layer-sha256:4738c92e4322db8a8bd534eab5bb762acc4a19df4bb96dbb3f5ef3ef77963f0f:    done           |[32m++++++++++++++++++++++++++++++++++++++[0m| 
layer-sha256:dfc90b51dbfaca11daa5562dadaef30c0d48125494e5211a8bf63f4da84e3945:    done           |[32m++++++++++++++++++++++++++++++++++++++[0m| 
layer-sha256:f69f10a900dbee5e29001282c43abef608a5528e1c64d1e29a48bb1da441fe6e:    done           |[32m++++++++++++++++++++++++++++++++++++++[0m| 
layer-sha256:9f45c515d089d32a0760f312e9f5ce2f981ddcebae6136c141414e8e53081413:    downloading    |[32m++++++++++++++++++++++++++++++++++++++[0m|  2.0 GiB/2.0 GiB 
layer-sha256:ae5ac74cdbd9a821bf37a75fd5dd70c83d17c173c1d4de3ac17e58e43198f988:    downloading    |[32m++++++++++++++++++++++++++++++++++++++[0m|  2.0 GiB/2.0 GiB 
layer-sha256:ae19d20d2fa6efc21aec50f6587d04a4c9ec9f4b43b5879baf4de03fa219c523:    downloading    |[32m++++++++++++++++++++++++++++++++++++++[0m|  2.0 GiB/2.0 GiB 
elapsed: 14.4s                                                                    total:  14.0 G (995.8 MiB/s)                                     
172.31.67.78:5000/model-ballast:B-14g:                                            resolved       |[32m++++++++++++++++++++++++++++++++++++++[0m| 
index-sha256:c39e2205f87b997d16ca3c252f0a9b6a707dd0bdbe178e3d0eb13f9633d84cc2:    done           |[32m++++++++++++++++++++++++++++++++++++++[0m| 
manifest-sha256:d57ca3414327bce6dabd46ea9ab71afc31aab5bff26208abe8589742c7c184d1: done           |[32m++++++++++++++++++++++++++++++++++++++[0m| 
manifest-sha256:0bf2f4ab1dec7aec500c0ddce00938c939819314daef83c5149e1acb7daf02ad: done           |[32m++++++++++++++++++++++++++++++++++++++[0m| 
layer-sha256:034d6572bf287fa79604fee9be062f0683809ae3a3685bc7b0e17bd1c48c50e8:    exists         |[32m++++++++++++++++++++++++++++++++++++++[0m| 
config-sha256:289bbe53944238bc5ba75ce18f6f7da47babdff9fd29aa9e989ec16d3680d022:   done           |[32m++++++++++++++++++++++++++++++++++++++[0m| 
layer-sha256:50f8c1b424f1f26e8e279fcfb5e3af1d2e8a7c1494f08744bb4bcbdab285f3d4:    downloading    |[32m++++++++++++++++++++++++++++++++++++++[0m|  2.0 GiB/2.0 GiB 
layer-sha256:dd482d345ef78a72e54dc96c818ad2ec5d6c318e392e07029816546a3089ee77:    done           |[32m++++++++++++++++++++++++++++++++++++++[0m| 
layer-sha256:7b9be9eb4297c96c698f5bcdc5a885e322fe6817fc511afc7b09799cfa9d6886:    done           |[32m++++++++++++++++++++++++++++++++++++++[0m| 
layer-sha256:4738c92e4322db8a8bd534eab5bb762acc4a19df4bb96dbb3f5ef3ef77963f0f:    done           |[32m++++++++++++++++++++++++++++++++++++++[0m| 
layer-sha256:dfc90b51dbfaca11daa5562dadaef30c0d48125494e5211a8bf63f4da84e3945:    done           |[32m++++++++++++++++++++++++++++++++++++++[0m| 
layer-sha256:f69f10a900dbee5e29001282c43abef608a5528e1c64d1e29a48bb1da441fe6e:    done           |[32m++++++++++++++++++++++++++++++++++++++[0m| 
layer-sha256:9f45c515d089d32a0760f312e9f5ce2f981ddcebae6136c141414e8e53081413:    downloading    |[32m++++++++++++++++++++++++++++++++++++++[0m|  2.0 GiB/2.0 GiB 
layer-sha256:ae5ac74cdbd9a821bf37a75fd5dd70c83d17c173c1d4de3ac17e58e43198f988:    downloading    |[32m++++++++++++++++++++++++++++++++++++++[0m|  2.0 GiB/2.0 GiB 
layer-sha256:ae19d20d2fa6efc21aec50f6587d04a4c9ec9f4b43b5879baf4de03fa219c523:    downloading    |[32m++++++++++++++++++++++++++++++++++++++[0m|  2.0 GiB/2.0 GiB 
elapsed: 14.5s                                                                    total:  14.0 G (988.9 MiB/s)                                     
172.31.67.78:5000/model-ballast:B-14g:                                            resolved       |[32m++++++++++++++++++++++++++++++++++++++[0m| 
index-sha256:c39e2205f87b997d16ca3c252f0a9b6a707dd0bdbe178e3d0eb13f9633d84cc2:    done           |[32m++++++++++++++++++++++++++++++++++++++[0m| 
manifest-sha256:d57ca3414327bce6dabd46ea9ab71afc31aab5bff26208abe8589742c7c184d1: done           |[32m++++++++++++++++++++++++++++++++++++++[0m| 
manifest-sha256:0bf2f4ab1dec7aec500c0ddce00938c939819314daef83c5149e1acb7daf02ad: done           |[32m++++++++++++++++++++++++++++++++++++++[0m| 
layer-sha256:034d6572bf287fa79604fee9be062f0683809ae3a3685bc7b0e17bd1c48c50e8:    exists         |[32m++++++++++++++++++++++++++++++++++++++[0m| 
config-sha256:289bbe53944238bc5ba75ce18f6f7da47babdff9fd29aa9e989ec16d3680d022:   done           |[32m++++++++++++++++++++++++++++++++++++++[0m| 
layer-sha256:50f8c1b424f1f26e8e279fcfb5e3af1d2e8a7c1494f08744bb4bcbdab285f3d4:    downloading    |[32m++++++++++++++++++++++++++++++++++++++[0m|  2.0 GiB/2.0 GiB 
layer-sha256:dd482d345ef78a72e54dc96c818ad2ec5d6c318e392e07029816546a3089ee77:    done           |[32m++++++++++++++++++++++++++++++++++++++[0m| 
layer-sha256:7b9be9eb4297c96c698f5bcdc5a885e322fe6817fc511afc7b09799cfa9d6886:    done           |[32m++++++++++++++++++++++++++++++++++++++[0m| 
layer-sha256:4738c92e4322db8a8bd534eab5bb762acc4a19df4bb96dbb3f5ef3ef77963f0f:    done           |[32m++++++++++++++++++++++++++++++++++++++[0m| 
layer-sha256:dfc90b51dbfaca11daa5562dadaef30c0d48125494e5211a8bf63f4da84e3945:    done           |[32m++++++++++++++++++++++++++++++++++++++[0m| 
layer-sha256:f69f10a900dbee5e29001282c43abef608a5528e1c64d1e29a48bb1da441fe6e:    done           |[32m++++++++++++++++++++++++++++++++++++++[0m| 
layer-sha256:9f45c515d089d32a0760f312e9f5ce2f981ddcebae6136c141414e8e53081413:    downloading    |[32m++++++++++++++++++++++++++++++++++++++[0m|  2.0 GiB/2.0 GiB 
layer-sha256:ae5ac74cdbd9a821bf37a75fd5dd70c83d17c173c1d4de3ac17e58e43198f988:    downloading    |[32m++++++++++++++++++++++++++++++++++++++[0m|  2.0 GiB/2.0 GiB 
layer-sha256:ae19d20d2fa6efc21aec50f6587d04a4c9ec9f4b43b5879baf4de03fa219c523:    downloading    |[32m++++++++++++++++++++++++++++++++++++++[0m|  2.0 GiB/2.0 GiB 
elapsed: 14.6s                                                                    total:  14.0 G (982.1 MiB/s)                                     
172.31.67.78:5000/model-ballast:B-14g:                                            resolved       |[32m++++++++++++++++++++++++++++++++++++++[0m| 
index-sha256:c39e2205f87b997d16ca3c252f0a9b6a707dd0bdbe178e3d0eb13f9633d84cc2:    done           |[32m++++++++++++++++++++++++++++++++++++++[0m| 
manifest-sha256:d57ca3414327bce6dabd46ea9ab71afc31aab5bff26208abe8589742c7c184d1: done           |[32m++++++++++++++++++++++++++++++++++++++[0m| 
manifest-sha256:0bf2f4ab1dec7aec500c0ddce00938c939819314daef83c5149e1acb7daf02ad: done           |[32m++++++++++++++++++++++++++++++++++++++[0m| 
layer-sha256:034d6572bf287fa79604fee9be062f0683809ae3a3685bc7b0e17bd1c48c50e8:    exists         |[32m++++++++++++++++++++++++++++++++++++++[0m| 
config-sha256:289bbe53944238bc5ba75ce18f6f7da47babdff9fd29aa9e989ec16d3680d022:   done           |[32m++++++++++++++++++++++++++++++++++++++[0m| 
layer-sha256:50f8c1b424f1f26e8e279fcfb5e3af1d2e8a7c1494f08744bb4bcbdab285f3d4:    downloading    |[32m++++++++++++++++++++++++++++++++++++++[0m|  2.0 GiB/2.0 GiB 
layer-sha256:dd482d345ef78a72e54dc96c818ad2ec5d6c318e392e07029816546a3089ee77:    done           |[32m++++++++++++++++++++++++++++++++++++++[0m| 
layer-sha256:7b9be9eb4297c96c698f5bcdc5a885e322fe6817fc511afc7b09799cfa9d6886:    done           |[32m++++++++++++++++++++++++++++++++++++++[0m| 
layer-sha256:4738c92e4322db8a8bd534eab5bb762acc4a19df4bb96dbb3f5ef3ef77963f0f:    done           |[32m++++++++++++++++++++++++++++++++++++++[0m| 
layer-sha256:dfc90b51dbfaca11daa5562dadaef30c0d48125494e5211a8bf63f4da84e3945:    done           |[32m++++++++++++++++++++++++++++++++++++++[0m| 
layer-sha256:f69f10a900dbee5e29001282c43abef608a5528e1c64d1e29a48bb1da441fe6e:    done           |[32m++++++++++++++++++++++++++++++++++++++[0m| 
layer-sha256:9f45c515d089d32a0760f312e9f5ce2f981ddcebae6136c141414e8e53081413:    downloading    |[32m++++++++++++++++++++++++++++++++++++++[0m|  2.0 GiB/2.0 GiB 
layer-sha256:ae5ac74cdbd9a821bf37a75fd5dd70c83d17c173c1d4de3ac17e58e43198f988:    downloading    |[32m++++++++++++++++++++++++++++++++++++++[0m|  2.0 GiB/2.0 GiB 
layer-sha256:ae19d20d2fa6efc21aec50f6587d04a4c9ec9f4b43b5879baf4de03fa219c523:    downloading    |[32m++++++++++++++++++++++++++++++++++++++[0m|  2.0 GiB/2.0 GiB 
elapsed: 14.7s                                                                    total:  14.0 G (975.5 MiB/s)                                     
172.31.67.78:5000/model-ballast:B-14g:                                            resolved       |[32m++++++++++++++++++++++++++++++++++++++[0m| 
index-sha256:c39e2205f87b997d16ca3c252f0a9b6a707dd0bdbe178e3d0eb13f9633d84cc2:    done           |[32m++++++++++++++++++++++++++++++++++++++[0m| 
manifest-sha256:d57ca3414327bce6dabd46ea9ab71afc31aab5bff26208abe8589742c7c184d1: done           |[32m++++++++++++++++++++++++++++++++++++++[0m| 
manifest-sha256:0bf2f4ab1dec7aec500c0ddce00938c939819314daef83c5149e1acb7daf02ad: done           |[32m++++++++++++++++++++++++++++++++++++++[0m| 
layer-sha256:034d6572bf287fa79604fee9be062f0683809ae3a3685bc7b0e17bd1c48c50e8:    exists         |[32m++++++++++++++++++++++++++++++++++++++[0m| 
config-sha256:289bbe53944238bc5ba75ce18f6f7da47babdff9fd29aa9e989ec16d3680d022:   done           |[32m++++++++++++++++++++++++++++++++++++++[0m| 
layer-sha256:50f8c1b424f1f26e8e279fcfb5e3af1d2e8a7c1494f08744bb4bcbdab285f3d4:    downloading    |[32m++++++++++++++++++++++++++++++++++++++[0m|  2.0 GiB/2.0 GiB 
layer-sha256:dd482d345ef78a72e54dc96c818ad2ec5d6c318e392e07029816546a3089ee77:    done           |[32m++++++++++++++++++++++++++++++++++++++[0m| 
layer-sha256:7b9be9eb4297c96c698f5bcdc5a885e322fe6817fc511afc7b09799cfa9d6886:    done           |[32m++++++++++++++++++++++++++++++++++++++[0m| 
layer-sha256:4738c92e4322db8a8bd534eab5bb762acc4a19df4bb96dbb3f5ef3ef77963f0f:    done           |[32m++++++++++++++++++++++++++++++++++++++[0m| 
layer-sha256:dfc90b51dbfaca11daa5562dadaef30c0d48125494e5211a8bf63f4da84e3945:    done           |[32m++++++++++++++++++++++++++++++++++++++[0m| 
layer-sha256:f69f10a900dbee5e29001282c43abef608a5528e1c64d1e29a48bb1da441fe6e:    done           |[32m++++++++++++++++++++++++++++++++++++++[0m| 
layer-sha256:9f45c515d089d32a0760f312e9f5ce2f981ddcebae6136c141414e8e53081413:    downloading    |[32m++++++++++++++++++++++++++++++++++++++[0m|  2.0 GiB/2.0 GiB 
layer-sha256:ae5ac74cdbd9a821bf37a75fd5dd70c83d17c173c1d4de3ac17e58e43198f988:    downloading    |[32m++++++++++++++++++++++++++++++++++++++[0m|  2.0 GiB/2.0 GiB 
layer-sha256:ae19d20d2fa6efc21aec50f6587d04a4c9ec9f4b43b5879baf4de03fa219c523:    downloading    |[32m++++++++++++++++++++++++++++++++++++++[0m|  2.0 GiB/2.0 GiB 
elapsed: 14.8s                                                                    total:  14.0 G (968.9 MiB/s)                                     
172.31.67.78:5000/model-ballast:B-14g:                                            resolved       |[32m++++++++++++++++++++++++++++++++++++++[0m| 
index-sha256:c39e2205f87b997d16ca3c252f0a9b6a707dd0bdbe178e3d0eb13f9633d84cc2:    done           |[32m++++++++++++++++++++++++++++++++++++++[0m| 
manifest-sha256:d57ca3414327bce6dabd46ea9ab71afc31aab5bff26208abe8589742c7c184d1: done           |[32m++++++++++++++++++++++++++++++++++++++[0m| 
manifest-sha256:0bf2f4ab1dec7aec500c0ddce00938c939819314daef83c5149e1acb7daf02ad: done           |[32m++++++++++++++++++++++++++++++++++++++[0m| 
layer-sha256:034d6572bf287fa79604fee9be062f0683809ae3a3685bc7b0e17bd1c48c50e8:    exists         |[32m++++++++++++++++++++++++++++++++++++++[0m| 
config-sha256:289bbe53944238bc5ba75ce18f6f7da47babdff9fd29aa9e989ec16d3680d022:   done           |[32m++++++++++++++++++++++++++++++++++++++[0m| 
layer-sha256:50f8c1b424f1f26e8e279fcfb5e3af1d2e8a7c1494f08744bb4bcbdab285f3d4:    downloading    |[32m++++++++++++++++++++++++++++++++++++++[0m|  2.0 GiB/2.0 GiB 
layer-sha256:dd482d345ef78a72e54dc96c818ad2ec5d6c318e392e07029816546a3089ee77:    done           |[32m++++++++++++++++++++++++++++++++++++++[0m| 
layer-sha256:7b9be9eb4297c96c698f5bcdc5a885e322fe6817fc511afc7b09799cfa9d6886:    done           |[32m++++++++++++++++++++++++++++++++++++++[0m| 
layer-sha256:4738c92e4322db8a8bd534eab5bb762acc4a19df4bb96dbb3f5ef3ef77963f0f:    done           |[32m++++++++++++++++++++++++++++++++++++++[0m| 
layer-sha256:dfc90b51dbfaca11daa5562dadaef30c0d48125494e5211a8bf63f4da84e3945:    done           |[32m++++++++++++++++++++++++++++++++++++++[0m| 
layer-sha256:f69f10a900dbee5e29001282c43abef608a5528e1c64d1e29a48bb1da441fe6e:    done           |[32m++++++++++++++++++++++++++++++++++++++[0m| 
layer-sha256:9f45c515d089d32a0760f312e9f5ce2f981ddcebae6136c141414e8e53081413:    downloading    |[32m++++++++++++++++++++++++++++++++++++++[0m|  2.0 GiB/2.0 GiB 
layer-sha256:ae5ac74cdbd9a821bf37a75fd5dd70c83d17c173c1d4de3ac17e58e43198f988:    downloading    |[32m++++++++++++++++++++++++++++++++++++++[0m|  2.0 GiB/2.0 GiB 
layer-sha256:ae19d20d2fa6efc21aec50f6587d04a4c9ec9f4b43b5879baf4de03fa219c523:    downloading    |[32m++++++++++++++++++++++++++++++++++++++[0m|  2.0 GiB/2.0 GiB 
elapsed: 14.9s                                                                    total:  14.0 G (962.4 MiB/s)                                     
172.31.67.78:5000/model-ballast:B-14g:                                            resolved       |[32m++++++++++++++++++++++++++++++++++++++[0m| 
index-sha256:c39e2205f87b997d16ca3c252f0a9b6a707dd0bdbe178e3d0eb13f9633d84cc2:    done           |[32m++++++++++++++++++++++++++++++++++++++[0m| 
manifest-sha256:d57ca3414327bce6dabd46ea9ab71afc31aab5bff26208abe8589742c7c184d1: done           |[32m++++++++++++++++++++++++++++++++++++++[0m| 
manifest-sha256:0bf2f4ab1dec7aec500c0ddce00938c939819314daef83c5149e1acb7daf02ad: done           |[32m++++++++++++++++++++++++++++++++++++++[0m| 
layer-sha256:034d6572bf287fa79604fee9be062f0683809ae3a3685bc7b0e17bd1c48c50e8:    exists         |[32m++++++++++++++++++++++++++++++++++++++[0m| 
config-sha256:289bbe53944238bc5ba75ce18f6f7da47babdff9fd29aa9e989ec16d3680d022:   done           |[32m++++++++++++++++++++++++++++++++++++++[0m| 
layer-sha256:50f8c1b424f1f26e8e279fcfb5e3af1d2e8a7c1494f08744bb4bcbdab285f3d4:    downloading    |[32m++++++++++++++++++++++++++++++++++++++[0m|  2.0 GiB/2.0 GiB 
layer-sha256:dd482d345ef78a72e54dc96c818ad2ec5d6c318e392e07029816546a3089ee77:    done           |[32m++++++++++++++++++++++++++++++++++++++[0m| 
layer-sha256:7b9be9eb4297c96c698f5bcdc5a885e322fe6817fc511afc7b09799cfa9d6886:    done           |[32m++++++++++++++++++++++++++++++++++++++[0m| 
layer-sha256:4738c92e4322db8a8bd534eab5bb762acc4a19df4bb96dbb3f5ef3ef77963f0f:    done           |[32m++++++++++++++++++++++++++++++++++++++[0m| 
layer-sha256:dfc90b51dbfaca11daa5562dadaef30c0d48125494e5211a8bf63f4da84e3945:    done           |[32m++++++++++++++++++++++++++++++++++++++[0m| 
layer-sha256:f69f10a900dbee5e29001282c43abef608a5528e1c64d1e29a48bb1da441fe6e:    done           |[32m++++++++++++++++++++++++++++++++++++++[0m| 
layer-sha256:9f45c515d089d32a0760f312e9f5ce2f981ddcebae6136c141414e8e53081413:    downloading    |[32m++++++++++++++++++++++++++++++++++++++[0m|  2.0 GiB/2.0 GiB 
layer-sha256:ae5ac74cdbd9a821bf37a75fd5dd70c83d17c173c1d4de3ac17e58e43198f988:    downloading    |[32m++++++++++++++++++++++++++++++++++++++[0m|  2.0 GiB/2.0 GiB 
layer-sha256:ae19d20d2fa6efc21aec50f6587d04a4c9ec9f4b43b5879baf4de03fa219c523:    downloading    |[32m++++++++++++++++++++++++++++++++++++++[0m|  2.0 GiB/2.0 GiB 
elapsed: 15.0s                                                                    total:  14.0 G (956.0 MiB/s)                                     
172.31.67.78:5000/model-ballast:B-14g:                                            resolved       |[32m++++++++++++++++++++++++++++++++++++++[0m| 
index-sha256:c39e2205f87b997d16ca3c252f0a9b6a707dd0bdbe178e3d0eb13f9633d84cc2:    done           |[32m++++++++++++++++++++++++++++++++++++++[0m| 
manifest-sha256:d57ca3414327bce6dabd46ea9ab71afc31aab5bff26208abe8589742c7c184d1: done           |[32m++++++++++++++++++++++++++++++++++++++[0m| 
manifest-sha256:0bf2f4ab1dec7aec500c0ddce00938c939819314daef83c5149e1acb7daf02ad: done           |[32m++++++++++++++++++++++++++++++++++++++[0m| 
layer-sha256:034d6572bf287fa79604fee9be062f0683809ae3a3685bc7b0e17bd1c48c50e8:    exists         |[32m++++++++++++++++++++++++++++++++++++++[0m| 
config-sha256:289bbe53944238bc5ba75ce18f6f7da47babdff9fd29aa9e989ec16d3680d022:   done           |[32m++++++++++++++++++++++++++++++++++++++[0m| 
layer-sha256:50f8c1b424f1f26e8e279fcfb5e3af1d2e8a7c1494f08744bb4bcbdab285f3d4:    downloading    |[32m++++++++++++++++++++++++++++++++++++++[0m|  2.0 GiB/2.0 GiB 
layer-sha256:dd482d345ef78a72e54dc96c818ad2ec5d6c318e392e07029816546a3089ee77:    done           |[32m++++++++++++++++++++++++++++++++++++++[0m| 
layer-sha256:7b9be9eb4297c96c698f5bcdc5a885e322fe6817fc511afc7b09799cfa9d6886:    done           |[32m++++++++++++++++++++++++++++++++++++++[0m| 
layer-sha256:4738c92e4322db8a8bd534eab5bb762acc4a19df4bb96dbb3f5ef3ef77963f0f:    done           |[32m++++++++++++++++++++++++++++++++++++++[0m| 
layer-sha256:dfc90b51dbfaca11daa5562dadaef30c0d48125494e5211a8bf63f4da84e3945:    done           |[32m++++++++++++++++++++++++++++++++++++++[0m| 
layer-sha256:f69f10a900dbee5e29001282c43abef608a5528e1c64d1e29a48bb1da441fe6e:    done           |[32m++++++++++++++++++++++++++++++++++++++[0m| 
layer-sha256:9f45c515d089d32a0760f312e9f5ce2f981ddcebae6136c141414e8e53081413:    downloading    |[32m++++++++++++++++++++++++++++++++++++++[0m|  2.0 GiB/2.0 GiB 
layer-sha256:ae5ac74cdbd9a821bf37a75fd5dd70c83d17c173c1d4de3ac17e58e43198f988:    downloading    |[32m++++++++++++++++++++++++++++++++++++++[0m|  2.0 GiB/2.0 GiB 
layer-sha256:ae19d20d2fa6efc21aec50f6587d04a4c9ec9f4b43b5879baf4de03fa219c523:    downloading    |[32m++++++++++++++++++++++++++++++++++++++[0m|  2.0 GiB/2.0 GiB 
elapsed: 15.1s                                                                    total:  14.0 G (949.6 MiB/s)                                     
172.31.67.78:5000/model-ballast:B-14g:                                            resolved       |[32m++++++++++++++++++++++++++++++++++++++[0m| 
index-sha256:c39e2205f87b997d16ca3c252f0a9b6a707dd0bdbe178e3d0eb13f9633d84cc2:    done           |[32m++++++++++++++++++++++++++++++++++++++[0m| 
manifest-sha256:d57ca3414327bce6dabd46ea9ab71afc31aab5bff26208abe8589742c7c184d1: done           |[32m++++++++++++++++++++++++++++++++++++++[0m| 
manifest-sha256:0bf2f4ab1dec7aec500c0ddce00938c939819314daef83c5149e1acb7daf02ad: done           |[32m++++++++++++++++++++++++++++++++++++++[0m| 
layer-sha256:034d6572bf287fa79604fee9be062f0683809ae3a3685bc7b0e17bd1c48c50e8:    exists         |[32m++++++++++++++++++++++++++++++++++++++[0m| 
config-sha256:289bbe53944238bc5ba75ce18f6f7da47babdff9fd29aa9e989ec16d3680d022:   done           |[32m++++++++++++++++++++++++++++++++++++++[0m| 
layer-sha256:50f8c1b424f1f26e8e279fcfb5e3af1d2e8a7c1494f08744bb4bcbdab285f3d4:    downloading    |[32m++++++++++++++++++++++++++++++++++++++[0m|  2.0 GiB/2.0 GiB 
layer-sha256:dd482d345ef78a72e54dc96c818ad2ec5d6c318e392e07029816546a3089ee77:    done           |[32m++++++++++++++++++++++++++++++++++++++[0m| 
layer-sha256:7b9be9eb4297c96c698f5bcdc5a885e322fe6817fc511afc7b09799cfa9d6886:    done           |[32m++++++++++++++++++++++++++++++++++++++[0m| 
layer-sha256:4738c92e4322db8a8bd534eab5bb762acc4a19df4bb96dbb3f5ef3ef77963f0f:    done           |[32m++++++++++++++++++++++++++++++++++++++[0m| 
layer-sha256:dfc90b51dbfaca11daa5562dadaef30c0d48125494e5211a8bf63f4da84e3945:    done           |[32m++++++++++++++++++++++++++++++++++++++[0m| 
layer-sha256:f69f10a900dbee5e29001282c43abef608a5528e1c64d1e29a48bb1da441fe6e:    done           |[32m++++++++++++++++++++++++++++++++++++++[0m| 
layer-sha256:9f45c515d089d32a0760f312e9f5ce2f981ddcebae6136c141414e8e53081413:    downloading    |[32m++++++++++++++++++++++++++++++++++++++[0m|  2.0 GiB/2.0 GiB 
layer-sha256:ae5ac74cdbd9a821bf37a75fd5dd70c83d17c173c1d4de3ac17e58e43198f988:    downloading    |[32m++++++++++++++++++++++++++++++++++++++[0m|  2.0 GiB/2.0 GiB 
layer-sha256:ae19d20d2fa6efc21aec50f6587d04a4c9ec9f4b43b5879baf4de03fa219c523:    downloading    |[32m++++++++++++++++++++++++++++++++++++++[0m|  2.0 GiB/2.0 GiB 
elapsed: 15.2s                                                                    total:  14.0 G (943.4 MiB/s)                                     
172.31.67.78:5000/model-ballast:B-14g:                                            resolved       |[32m++++++++++++++++++++++++++++++++++++++[0m| 
index-sha256:c39e2205f87b997d16ca3c252f0a9b6a707dd0bdbe178e3d0eb13f9633d84cc2:    done           |[32m++++++++++++++++++++++++++++++++++++++[0m| 
manifest-sha256:d57ca3414327bce6dabd46ea9ab71afc31aab5bff26208abe8589742c7c184d1: done           |[32m++++++++++++++++++++++++++++++++++++++[0m| 
manifest-sha256:0bf2f4ab1dec7aec500c0ddce00938c939819314daef83c5149e1acb7daf02ad: done           |[32m++++++++++++++++++++++++++++++++++++++[0m| 
layer-sha256:034d6572bf287fa79604fee9be062f0683809ae3a3685bc7b0e17bd1c48c50e8:    exists         |[32m++++++++++++++++++++++++++++++++++++++[0m| 
config-sha256:289bbe53944238bc5ba75ce18f6f7da47babdff9fd29aa9e989ec16d3680d022:   done           |[32m++++++++++++++++++++++++++++++++++++++[0m| 
layer-sha256:50f8c1b424f1f26e8e279fcfb5e3af1d2e8a7c1494f08744bb4bcbdab285f3d4:    downloading    |[32m++++++++++++++++++++++++++++++++++++++[0m|  2.0 GiB/2.0 GiB 
layer-sha256:dd482d345ef78a72e54dc96c818ad2ec5d6c318e392e07029816546a3089ee77:    done           |[32m++++++++++++++++++++++++++++++++++++++[0m| 
layer-sha256:7b9be9eb4297c96c698f5bcdc5a885e322fe6817fc511afc7b09799cfa9d6886:    done           |[32m++++++++++++++++++++++++++++++++++++++[0m| 
layer-sha256:4738c92e4322db8a8bd534eab5bb762acc4a19df4bb96dbb3f5ef3ef77963f0f:    done           |[32m++++++++++++++++++++++++++++++++++++++[0m| 
layer-sha256:dfc90b51dbfaca11daa5562dadaef30c0d48125494e5211a8bf63f4da84e3945:    done           |[32m++++++++++++++++++++++++++++++++++++++[0m| 
layer-sha256:f69f10a900dbee5e29001282c43abef608a5528e1c64d1e29a48bb1da441fe6e:    done           |[32m++++++++++++++++++++++++++++++++++++++[0m| 
layer-sha256:9f45c515d089d32a0760f312e9f5ce2f981ddcebae6136c141414e8e53081413:    downloading    |[32m++++++++++++++++++++++++++++++++++++++[0m|  2.0 GiB/2.0 GiB 
layer-sha256:ae5ac74cdbd9a821bf37a75fd5dd70c83d17c173c1d4de3ac17e58e43198f988:    downloading    |[32m++++++++++++++++++++++++++++++++++++++[0m|  2.0 GiB/2.0 GiB 
layer-sha256:ae19d20d2fa6efc21aec50f6587d04a4c9ec9f4b43b5879baf4de03fa219c523:    downloading    |[32m++++++++++++++++++++++++++++++++++++++[0m|  2.0 GiB/2.0 GiB 
elapsed: 15.3s                                                                    total:  14.0 G (937.2 MiB/s)                                     
172.31.67.78:5000/model-ballast:B-14g:                                            resolved       |[32m++++++++++++++++++++++++++++++++++++++[0m| 
index-sha256:c39e2205f87b997d16ca3c252f0a9b6a707dd0bdbe178e3d0eb13f9633d84cc2:    done           |[32m++++++++++++++++++++++++++++++++++++++[0m| 
manifest-sha256:d57ca3414327bce6dabd46ea9ab71afc31aab5bff26208abe8589742c7c184d1: done           |[32m++++++++++++++++++++++++++++++++++++++[0m| 
manifest-sha256:0bf2f4ab1dec7aec500c0ddce00938c939819314daef83c5149e1acb7daf02ad: done           |[32m++++++++++++++++++++++++++++++++++++++[0m| 
layer-sha256:034d6572bf287fa79604fee9be062f0683809ae3a3685bc7b0e17bd1c48c50e8:    exists         |[32m++++++++++++++++++++++++++++++++++++++[0m| 
config-sha256:289bbe53944238bc5ba75ce18f6f7da47babdff9fd29aa9e989ec16d3680d022:   done           |[32m++++++++++++++++++++++++++++++++++++++[0m| 
layer-sha256:50f8c1b424f1f26e8e279fcfb5e3af1d2e8a7c1494f08744bb4bcbdab285f3d4:    downloading    |[32m++++++++++++++++++++++++++++++++++++++[0m|  2.0 GiB/2.0 GiB 
layer-sha256:dd482d345ef78a72e54dc96c818ad2ec5d6c318e392e07029816546a3089ee77:    done           |[32m++++++++++++++++++++++++++++++++++++++[0m| 
layer-sha256:7b9be9eb4297c96c698f5bcdc5a885e322fe6817fc511afc7b09799cfa9d6886:    done           |[32m++++++++++++++++++++++++++++++++++++++[0m| 
layer-sha256:4738c92e4322db8a8bd534eab5bb762acc4a19df4bb96dbb3f5ef3ef77963f0f:    done           |[32m++++++++++++++++++++++++++++++++++++++[0m| 
layer-sha256:dfc90b51dbfaca11daa5562dadaef30c0d48125494e5211a8bf63f4da84e3945:    done           |[32m++++++++++++++++++++++++++++++++++++++[0m| 
layer-sha256:f69f10a900dbee5e29001282c43abef608a5528e1c64d1e29a48bb1da441fe6e:    done           |[32m++++++++++++++++++++++++++++++++++++++[0m| 
layer-sha256:9f45c515d089d32a0760f312e9f5ce2f981ddcebae6136c141414e8e53081413:    downloading    |[32m++++++++++++++++++++++++++++++++++++++[0m|  2.0 GiB/2.0 GiB 
layer-sha256:ae5ac74cdbd9a821bf37a75fd5dd70c83d17c173c1d4de3ac17e58e43198f988:    downloading    |[32m++++++++++++++++++++++++++++++++++++++[0m|  2.0 GiB/2.0 GiB 
layer-sha256:ae19d20d2fa6efc21aec50f6587d04a4c9ec9f4b43b5879baf4de03fa219c523:    downloading    |[32m++++++++++++++++++++++++++++++++++++++[0m|  2.0 GiB/2.0 GiB 
elapsed: 15.4s                                                                    total:  14.0 G (931.1 MiB/s)                                     
172.31.67.78:5000/model-ballast:B-14g:                                            resolved       |[32m++++++++++++++++++++++++++++++++++++++[0m| 
index-sha256:c39e2205f87b997d16ca3c252f0a9b6a707dd0bdbe178e3d0eb13f9633d84cc2:    done           |[32m++++++++++++++++++++++++++++++++++++++[0m| 
manifest-sha256:d57ca3414327bce6dabd46ea9ab71afc31aab5bff26208abe8589742c7c184d1: done           |[32m++++++++++++++++++++++++++++++++++++++[0m| 
manifest-sha256:0bf2f4ab1dec7aec500c0ddce00938c939819314daef83c5149e1acb7daf02ad: done           |[32m++++++++++++++++++++++++++++++++++++++[0m| 
layer-sha256:034d6572bf287fa79604fee9be062f0683809ae3a3685bc7b0e17bd1c48c50e8:    exists         |[32m++++++++++++++++++++++++++++++++++++++[0m| 
config-sha256:289bbe53944238bc5ba75ce18f6f7da47babdff9fd29aa9e989ec16d3680d022:   done           |[32m++++++++++++++++++++++++++++++++++++++[0m| 
layer-sha256:50f8c1b424f1f26e8e279fcfb5e3af1d2e8a7c1494f08744bb4bcbdab285f3d4:    downloading    |[32m++++++++++++++++++++++++++++++++++++++[0m|  2.0 GiB/2.0 GiB 
layer-sha256:dd482d345ef78a72e54dc96c818ad2ec5d6c318e392e07029816546a3089ee77:    done           |[32m++++++++++++++++++++++++++++++++++++++[0m| 
layer-sha256:7b9be9eb4297c96c698f5bcdc5a885e322fe6817fc511afc7b09799cfa9d6886:    done           |[32m++++++++++++++++++++++++++++++++++++++[0m| 
layer-sha256:4738c92e4322db8a8bd534eab5bb762acc4a19df4bb96dbb3f5ef3ef77963f0f:    done           |[32m++++++++++++++++++++++++++++++++++++++[0m| 
layer-sha256:dfc90b51dbfaca11daa5562dadaef30c0d48125494e5211a8bf63f4da84e3945:    done           |[32m++++++++++++++++++++++++++++++++++++++[0m| 
layer-sha256:f69f10a900dbee5e29001282c43abef608a5528e1c64d1e29a48bb1da441fe6e:    done           |[32m++++++++++++++++++++++++++++++++++++++[0m| 
layer-sha256:9f45c515d089d32a0760f312e9f5ce2f981ddcebae6136c141414e8e53081413:    downloading    |[32m++++++++++++++++++++++++++++++++++++++[0m|  2.0 GiB/2.0 GiB 
layer-sha256:ae5ac74cdbd9a821bf37a75fd5dd70c83d17c173c1d4de3ac17e58e43198f988:    downloading    |[32m++++++++++++++++++++++++++++++++++++++[0m|  2.0 GiB/2.0 GiB 
layer-sha256:ae19d20d2fa6efc21aec50f6587d04a4c9ec9f4b43b5879baf4de03fa219c523:    downloading    |[32m++++++++++++++++++++++++++++++++++++++[0m|  2.0 GiB/2.0 GiB 
elapsed: 15.5s                                                                    total:  14.0 G (925.1 MiB/s)                                     
172.31.67.78:5000/model-ballast:B-14g:                                            resolved       |[32m++++++++++++++++++++++++++++++++++++++[0m| 
index-sha256:c39e2205f87b997d16ca3c252f0a9b6a707dd0bdbe178e3d0eb13f9633d84cc2:    done           |[32m++++++++++++++++++++++++++++++++++++++[0m| 
manifest-sha256:d57ca3414327bce6dabd46ea9ab71afc31aab5bff26208abe8589742c7c184d1: done           |[32m++++++++++++++++++++++++++++++++++++++[0m| 
manifest-sha256:0bf2f4ab1dec7aec500c0ddce00938c939819314daef83c5149e1acb7daf02ad: done           |[32m++++++++++++++++++++++++++++++++++++++[0m| 
layer-sha256:034d6572bf287fa79604fee9be062f0683809ae3a3685bc7b0e17bd1c48c50e8:    exists         |[32m++++++++++++++++++++++++++++++++++++++[0m| 
config-sha256:289bbe53944238bc5ba75ce18f6f7da47babdff9fd29aa9e989ec16d3680d022:   done           |[32m++++++++++++++++++++++++++++++++++++++[0m| 
layer-sha256:50f8c1b424f1f26e8e279fcfb5e3af1d2e8a7c1494f08744bb4bcbdab285f3d4:    downloading    |[32m++++++++++++++++++++++++++++++++++++++[0m|  2.0 GiB/2.0 GiB 
layer-sha256:dd482d345ef78a72e54dc96c818ad2ec5d6c318e392e07029816546a3089ee77:    done           |[32m++++++++++++++++++++++++++++++++++++++[0m| 
layer-sha256:7b9be9eb4297c96c698f5bcdc5a885e322fe6817fc511afc7b09799cfa9d6886:    done           |[32m++++++++++++++++++++++++++++++++++++++[0m| 
layer-sha256:4738c92e4322db8a8bd534eab5bb762acc4a19df4bb96dbb3f5ef3ef77963f0f:    done           |[32m++++++++++++++++++++++++++++++++++++++[0m| 
layer-sha256:dfc90b51dbfaca11daa5562dadaef30c0d48125494e5211a8bf63f4da84e3945:    done           |[32m++++++++++++++++++++++++++++++++++++++[0m| 
layer-sha256:f69f10a900dbee5e29001282c43abef608a5528e1c64d1e29a48bb1da441fe6e:    done           |[32m++++++++++++++++++++++++++++++++++++++[0m| 
layer-sha256:9f45c515d089d32a0760f312e9f5ce2f981ddcebae6136c141414e8e53081413:    downloading    |[32m++++++++++++++++++++++++++++++++++++++[0m|  2.0 GiB/2.0 GiB 
layer-sha256:ae5ac74cdbd9a821bf37a75fd5dd70c83d17c173c1d4de3ac17e58e43198f988:    downloading    |[32m++++++++++++++++++++++++++++++++++++++[0m|  2.0 GiB/2.0 GiB 
layer-sha256:ae19d20d2fa6efc21aec50f6587d04a4c9ec9f4b43b5879baf4de03fa219c523:    downloading    |[32m++++++++++++++++++++++++++++++++++++++[0m|  2.0 GiB/2.0 GiB 
elapsed: 15.6s                                                                    total:  14.0 G (919.2 MiB/s)                                     
172.31.67.78:5000/model-ballast:B-14g:                                            resolved       |[32m++++++++++++++++++++++++++++++++++++++[0m| 
index-sha256:c39e2205f87b997d16ca3c252f0a9b6a707dd0bdbe178e3d0eb13f9633d84cc2:    done           |[32m++++++++++++++++++++++++++++++++++++++[0m| 
manifest-sha256:d57ca3414327bce6dabd46ea9ab71afc31aab5bff26208abe8589742c7c184d1: done           |[32m++++++++++++++++++++++++++++++++++++++[0m| 
manifest-sha256:0bf2f4ab1dec7aec500c0ddce00938c939819314daef83c5149e1acb7daf02ad: done           |[32m++++++++++++++++++++++++++++++++++++++[0m| 
layer-sha256:034d6572bf287fa79604fee9be062f0683809ae3a3685bc7b0e17bd1c48c50e8:    exists         |[32m++++++++++++++++++++++++++++++++++++++[0m| 
config-sha256:289bbe53944238bc5ba75ce18f6f7da47babdff9fd29aa9e989ec16d3680d022:   done           |[32m++++++++++++++++++++++++++++++++++++++[0m| 
layer-sha256:50f8c1b424f1f26e8e279fcfb5e3af1d2e8a7c1494f08744bb4bcbdab285f3d4:    downloading    |[32m++++++++++++++++++++++++++++++++++++++[0m|  2.0 GiB/2.0 GiB 
layer-sha256:dd482d345ef78a72e54dc96c818ad2ec5d6c318e392e07029816546a3089ee77:    done           |[32m++++++++++++++++++++++++++++++++++++++[0m| 
layer-sha256:7b9be9eb4297c96c698f5bcdc5a885e322fe6817fc511afc7b09799cfa9d6886:    done           |[32m++++++++++++++++++++++++++++++++++++++[0m| 
layer-sha256:4738c92e4322db8a8bd534eab5bb762acc4a19df4bb96dbb3f5ef3ef77963f0f:    done           |[32m++++++++++++++++++++++++++++++++++++++[0m| 
layer-sha256:dfc90b51dbfaca11daa5562dadaef30c0d48125494e5211a8bf63f4da84e3945:    done           |[32m++++++++++++++++++++++++++++++++++++++[0m| 
layer-sha256:f69f10a900dbee5e29001282c43abef608a5528e1c64d1e29a48bb1da441fe6e:    done           |[32m++++++++++++++++++++++++++++++++++++++[0m| 
layer-sha256:9f45c515d089d32a0760f312e9f5ce2f981ddcebae6136c141414e8e53081413:    downloading    |[32m++++++++++++++++++++++++++++++++++++++[0m|  2.0 GiB/2.0 GiB 
layer-sha256:ae5ac74cdbd9a821bf37a75fd5dd70c83d17c173c1d4de3ac17e58e43198f988:    downloading    |[32m++++++++++++++++++++++++++++++++++++++[0m|  2.0 GiB/2.0 GiB 
layer-sha256:ae19d20d2fa6efc21aec50f6587d04a4c9ec9f4b43b5879baf4de03fa219c523:    downloading    |[32m++++++++++++++++++++++++++++++++++++++[0m|  2.0 GiB/2.0 GiB 
elapsed: 15.7s                                                                    total:  14.0 G (913.3 MiB/s)                                     
172.31.67.78:5000/model-ballast:B-14g:                                            resolved       |[32m++++++++++++++++++++++++++++++++++++++[0m| 
index-sha256:c39e2205f87b997d16ca3c252f0a9b6a707dd0bdbe178e3d0eb13f9633d84cc2:    done           |[32m++++++++++++++++++++++++++++++++++++++[0m| 
manifest-sha256:d57ca3414327bce6dabd46ea9ab71afc31aab5bff26208abe8589742c7c184d1: done           |[32m++++++++++++++++++++++++++++++++++++++[0m| 
manifest-sha256:0bf2f4ab1dec7aec500c0ddce00938c939819314daef83c5149e1acb7daf02ad: done           |[32m++++++++++++++++++++++++++++++++++++++[0m| 
layer-sha256:034d6572bf287fa79604fee9be062f0683809ae3a3685bc7b0e17bd1c48c50e8:    exists         |[32m++++++++++++++++++++++++++++++++++++++[0m| 
config-sha256:289bbe53944238bc5ba75ce18f6f7da47babdff9fd29aa9e989ec16d3680d022:   done           |[32m++++++++++++++++++++++++++++++++++++++[0m| 
layer-sha256:50f8c1b424f1f26e8e279fcfb5e3af1d2e8a7c1494f08744bb4bcbdab285f3d4:    downloading    |[32m++++++++++++++++++++++++++++++++++++++[0m|  2.0 GiB/2.0 GiB 
layer-sha256:dd482d345ef78a72e54dc96c818ad2ec5d6c318e392e07029816546a3089ee77:    done           |[32m++++++++++++++++++++++++++++++++++++++[0m| 
layer-sha256:7b9be9eb4297c96c698f5bcdc5a885e322fe6817fc511afc7b09799cfa9d6886:    done           |[32m++++++++++++++++++++++++++++++++++++++[0m| 
layer-sha256:4738c92e4322db8a8bd534eab5bb762acc4a19df4bb96dbb3f5ef3ef77963f0f:    done           |[32m++++++++++++++++++++++++++++++++++++++[0m| 
layer-sha256:dfc90b51dbfaca11daa5562dadaef30c0d48125494e5211a8bf63f4da84e3945:    done           |[32m++++++++++++++++++++++++++++++++++++++[0m| 
layer-sha256:f69f10a900dbee5e29001282c43abef608a5528e1c64d1e29a48bb1da441fe6e:    done           |[32m++++++++++++++++++++++++++++++++++++++[0m| 
layer-sha256:9f45c515d089d32a0760f312e9f5ce2f981ddcebae6136c141414e8e53081413:    downloading    |[32m++++++++++++++++++++++++++++++++++++++[0m|  2.0 GiB/2.0 GiB 
layer-sha256:ae5ac74cdbd9a821bf37a75fd5dd70c83d17c173c1d4de3ac17e58e43198f988:    downloading    |[32m++++++++++++++++++++++++++++++++++++++[0m|  2.0 GiB/2.0 GiB 
layer-sha256:ae19d20d2fa6efc21aec50f6587d04a4c9ec9f4b43b5879baf4de03fa219c523:    downloading    |[32m++++++++++++++++++++++++++++++++++++++[0m|  2.0 GiB/2.0 GiB 
elapsed: 15.8s                                                                    total:  14.0 G (907.5 MiB/s)                                     
172.31.67.78:5000/model-ballast:B-14g:                                            resolved       |[32m++++++++++++++++++++++++++++++++++++++[0m| 
index-sha256:c39e2205f87b997d16ca3c252f0a9b6a707dd0bdbe178e3d0eb13f9633d84cc2:    done           |[32m++++++++++++++++++++++++++++++++++++++[0m| 
manifest-sha256:d57ca3414327bce6dabd46ea9ab71afc31aab5bff26208abe8589742c7c184d1: done           |[32m++++++++++++++++++++++++++++++++++++++[0m| 
manifest-sha256:0bf2f4ab1dec7aec500c0ddce00938c939819314daef83c5149e1acb7daf02ad: done           |[32m++++++++++++++++++++++++++++++++++++++[0m| 
layer-sha256:034d6572bf287fa79604fee9be062f0683809ae3a3685bc7b0e17bd1c48c50e8:    exists         |[32m++++++++++++++++++++++++++++++++++++++[0m| 
config-sha256:289bbe53944238bc5ba75ce18f6f7da47babdff9fd29aa9e989ec16d3680d022:   done           |[32m++++++++++++++++++++++++++++++++++++++[0m| 
layer-sha256:50f8c1b424f1f26e8e279fcfb5e3af1d2e8a7c1494f08744bb4bcbdab285f3d4:    downloading    |[32m++++++++++++++++++++++++++++++++++++++[0m|  2.0 GiB/2.0 GiB 
layer-sha256:dd482d345ef78a72e54dc96c818ad2ec5d6c318e392e07029816546a3089ee77:    done           |[32m++++++++++++++++++++++++++++++++++++++[0m| 
layer-sha256:7b9be9eb4297c96c698f5bcdc5a885e322fe6817fc511afc7b09799cfa9d6886:    done           |[32m++++++++++++++++++++++++++++++++++++++[0m| 
layer-sha256:4738c92e4322db8a8bd534eab5bb762acc4a19df4bb96dbb3f5ef3ef77963f0f:    done           |[32m++++++++++++++++++++++++++++++++++++++[0m| 
layer-sha256:dfc90b51dbfaca11daa5562dadaef30c0d48125494e5211a8bf63f4da84e3945:    done           |[32m++++++++++++++++++++++++++++++++++++++[0m| 
layer-sha256:f69f10a900dbee5e29001282c43abef608a5528e1c64d1e29a48bb1da441fe6e:    done           |[32m++++++++++++++++++++++++++++++++++++++[0m| 
layer-sha256:9f45c515d089d32a0760f312e9f5ce2f981ddcebae6136c141414e8e53081413:    downloading    |[32m++++++++++++++++++++++++++++++++++++++[0m|  2.0 GiB/2.0 GiB 
layer-sha256:ae5ac74cdbd9a821bf37a75fd5dd70c83d17c173c1d4de3ac17e58e43198f988:    downloading    |[32m++++++++++++++++++++++++++++++++++++++[0m|  2.0 GiB/2.0 GiB 
layer-sha256:ae19d20d2fa6efc21aec50f6587d04a4c9ec9f4b43b5879baf4de03fa219c523:    downloading    |[32m++++++++++++++++++++++++++++++++++++++[0m|  2.0 GiB/2.0 GiB 
elapsed: 15.9s                                                                    total:  14.0 G (901.8 MiB/s)                                     
172.31.67.78:5000/model-ballast:B-14g:                                            resolved       |[32m++++++++++++++++++++++++++++++++++++++[0m| 
index-sha256:c39e2205f87b997d16ca3c252f0a9b6a707dd0bdbe178e3d0eb13f9633d84cc2:    done           |[32m++++++++++++++++++++++++++++++++++++++[0m| 
manifest-sha256:d57ca3414327bce6dabd46ea9ab71afc31aab5bff26208abe8589742c7c184d1: done           |[32m++++++++++++++++++++++++++++++++++++++[0m| 
manifest-sha256:0bf2f4ab1dec7aec500c0ddce00938c939819314daef83c5149e1acb7daf02ad: done           |[32m++++++++++++++++++++++++++++++++++++++[0m| 
layer-sha256:034d6572bf287fa79604fee9be062f0683809ae3a3685bc7b0e17bd1c48c50e8:    exists         |[32m++++++++++++++++++++++++++++++++++++++[0m| 
config-sha256:289bbe53944238bc5ba75ce18f6f7da47babdff9fd29aa9e989ec16d3680d022:   done           |[32m++++++++++++++++++++++++++++++++++++++[0m| 
layer-sha256:50f8c1b424f1f26e8e279fcfb5e3af1d2e8a7c1494f08744bb4bcbdab285f3d4:    downloading    |[32m++++++++++++++++++++++++++++++++++++++[0m|  2.0 GiB/2.0 GiB 
layer-sha256:dd482d345ef78a72e54dc96c818ad2ec5d6c318e392e07029816546a3089ee77:    done           |[32m++++++++++++++++++++++++++++++++++++++[0m| 
layer-sha256:7b9be9eb4297c96c698f5bcdc5a885e322fe6817fc511afc7b09799cfa9d6886:    done           |[32m++++++++++++++++++++++++++++++++++++++[0m| 
layer-sha256:4738c92e4322db8a8bd534eab5bb762acc4a19df4bb96dbb3f5ef3ef77963f0f:    done           |[32m++++++++++++++++++++++++++++++++++++++[0m| 
layer-sha256:dfc90b51dbfaca11daa5562dadaef30c0d48125494e5211a8bf63f4da84e3945:    done           |[32m++++++++++++++++++++++++++++++++++++++[0m| 
layer-sha256:f69f10a900dbee5e29001282c43abef608a5528e1c64d1e29a48bb1da441fe6e:    done           |[32m++++++++++++++++++++++++++++++++++++++[0m| 
layer-sha256:9f45c515d089d32a0760f312e9f5ce2f981ddcebae6136c141414e8e53081413:    downloading    |[32m++++++++++++++++++++++++++++++++++++++[0m|  2.0 GiB/2.0 GiB 
layer-sha256:ae5ac74cdbd9a821bf37a75fd5dd70c83d17c173c1d4de3ac17e58e43198f988:    downloading    |[32m++++++++++++++++++++++++++++++++++++++[0m|  2.0 GiB/2.0 GiB 
layer-sha256:ae19d20d2fa6efc21aec50f6587d04a4c9ec9f4b43b5879baf4de03fa219c523:    done           |[32m++++++++++++++++++++++++++++++++++++++[0m| 
elapsed: 16.0s                                                                    total:  14.0 G (896.2 MiB/s)                                     
172.31.67.78:5000/model-ballast:B-14g:                                            resolved       |[32m++++++++++++++++++++++++++++++++++++++[0m| 
index-sha256:c39e2205f87b997d16ca3c252f0a9b6a707dd0bdbe178e3d0eb13f9633d84cc2:    done           |[32m++++++++++++++++++++++++++++++++++++++[0m| 
manifest-sha256:d57ca3414327bce6dabd46ea9ab71afc31aab5bff26208abe8589742c7c184d1: done           |[32m++++++++++++++++++++++++++++++++++++++[0m| 
manifest-sha256:0bf2f4ab1dec7aec500c0ddce00938c939819314daef83c5149e1acb7daf02ad: done           |[32m++++++++++++++++++++++++++++++++++++++[0m| 
layer-sha256:034d6572bf287fa79604fee9be062f0683809ae3a3685bc7b0e17bd1c48c50e8:    exists         |[32m++++++++++++++++++++++++++++++++++++++[0m| 
config-sha256:289bbe53944238bc5ba75ce18f6f7da47babdff9fd29aa9e989ec16d3680d022:   done           |[32m++++++++++++++++++++++++++++++++++++++[0m| 
layer-sha256:50f8c1b424f1f26e8e279fcfb5e3af1d2e8a7c1494f08744bb4bcbdab285f3d4:    downloading    |[32m++++++++++++++++++++++++++++++++++++++[0m|  2.0 GiB/2.0 GiB 
layer-sha256:dd482d345ef78a72e54dc96c818ad2ec5d6c318e392e07029816546a3089ee77:    done           |[32m++++++++++++++++++++++++++++++++++++++[0m| 
layer-sha256:7b9be9eb4297c96c698f5bcdc5a885e322fe6817fc511afc7b09799cfa9d6886:    done           |[32m++++++++++++++++++++++++++++++++++++++[0m| 
layer-sha256:4738c92e4322db8a8bd534eab5bb762acc4a19df4bb96dbb3f5ef3ef77963f0f:    done           |[32m++++++++++++++++++++++++++++++++++++++[0m| 
layer-sha256:dfc90b51dbfaca11daa5562dadaef30c0d48125494e5211a8bf63f4da84e3945:    done           |[32m++++++++++++++++++++++++++++++++++++++[0m| 
layer-sha256:f69f10a900dbee5e29001282c43abef608a5528e1c64d1e29a48bb1da441fe6e:    done           |[32m++++++++++++++++++++++++++++++++++++++[0m| 
layer-sha256:9f45c515d089d32a0760f312e9f5ce2f981ddcebae6136c141414e8e53081413:    downloading    |[32m++++++++++++++++++++++++++++++++++++++[0m|  2.0 GiB/2.0 GiB 
layer-sha256:ae5ac74cdbd9a821bf37a75fd5dd70c83d17c173c1d4de3ac17e58e43198f988:    downloading    |[32m++++++++++++++++++++++++++++++++++++++[0m|  2.0 GiB/2.0 GiB 
layer-sha256:ae19d20d2fa6efc21aec50f6587d04a4c9ec9f4b43b5879baf4de03fa219c523:    done           |[32m++++++++++++++++++++++++++++++++++++++[0m| 
elapsed: 16.1s                                                                    total:  14.0 G (890.6 MiB/s)                                     
172.31.67.78:5000/model-ballast:B-14g:                                            resolved       |[32m++++++++++++++++++++++++++++++++++++++[0m| 
index-sha256:c39e2205f87b997d16ca3c252f0a9b6a707dd0bdbe178e3d0eb13f9633d84cc2:    done           |[32m++++++++++++++++++++++++++++++++++++++[0m| 
manifest-sha256:d57ca3414327bce6dabd46ea9ab71afc31aab5bff26208abe8589742c7c184d1: done           |[32m++++++++++++++++++++++++++++++++++++++[0m| 
manifest-sha256:0bf2f4ab1dec7aec500c0ddce00938c939819314daef83c5149e1acb7daf02ad: done           |[32m++++++++++++++++++++++++++++++++++++++[0m| 
layer-sha256:034d6572bf287fa79604fee9be062f0683809ae3a3685bc7b0e17bd1c48c50e8:    exists         |[32m++++++++++++++++++++++++++++++++++++++[0m| 
config-sha256:289bbe53944238bc5ba75ce18f6f7da47babdff9fd29aa9e989ec16d3680d022:   done           |[32m++++++++++++++++++++++++++++++++++++++[0m| 
layer-sha256:50f8c1b424f1f26e8e279fcfb5e3af1d2e8a7c1494f08744bb4bcbdab285f3d4:    downloading    |[32m++++++++++++++++++++++++++++++++++++++[0m|  2.0 GiB/2.0 GiB 
layer-sha256:dd482d345ef78a72e54dc96c818ad2ec5d6c318e392e07029816546a3089ee77:    done           |[32m++++++++++++++++++++++++++++++++++++++[0m| 
layer-sha256:7b9be9eb4297c96c698f5bcdc5a885e322fe6817fc511afc7b09799cfa9d6886:    done           |[32m++++++++++++++++++++++++++++++++++++++[0m| 
layer-sha256:4738c92e4322db8a8bd534eab5bb762acc4a19df4bb96dbb3f5ef3ef77963f0f:    done           |[32m++++++++++++++++++++++++++++++++++++++[0m| 
layer-sha256:dfc90b51dbfaca11daa5562dadaef30c0d48125494e5211a8bf63f4da84e3945:    done           |[32m++++++++++++++++++++++++++++++++++++++[0m| 
layer-sha256:f69f10a900dbee5e29001282c43abef608a5528e1c64d1e29a48bb1da441fe6e:    done           |[32m++++++++++++++++++++++++++++++++++++++[0m| 
layer-sha256:9f45c515d089d32a0760f312e9f5ce2f981ddcebae6136c141414e8e53081413:    downloading    |[32m++++++++++++++++++++++++++++++++++++++[0m|  2.0 GiB/2.0 GiB 
layer-sha256:ae5ac74cdbd9a821bf37a75fd5dd70c83d17c173c1d4de3ac17e58e43198f988:    downloading    |[32m++++++++++++++++++++++++++++++++++++++[0m|  2.0 GiB/2.0 GiB 
layer-sha256:ae19d20d2fa6efc21aec50f6587d04a4c9ec9f4b43b5879baf4de03fa219c523:    done           |[32m++++++++++++++++++++++++++++++++++++++[0m| 
elapsed: 16.2s                                                                    total:  14.0 G (885.2 MiB/s)                                     
172.31.67.78:5000/model-ballast:B-14g:                                            resolved       |[32m++++++++++++++++++++++++++++++++++++++[0m| 
index-sha256:c39e2205f87b997d16ca3c252f0a9b6a707dd0bdbe178e3d0eb13f9633d84cc2:    done           |[32m++++++++++++++++++++++++++++++++++++++[0m| 
manifest-sha256:d57ca3414327bce6dabd46ea9ab71afc31aab5bff26208abe8589742c7c184d1: done           |[32m++++++++++++++++++++++++++++++++++++++[0m| 
manifest-sha256:0bf2f4ab1dec7aec500c0ddce00938c939819314daef83c5149e1acb7daf02ad: done           |[32m++++++++++++++++++++++++++++++++++++++[0m| 
layer-sha256:034d6572bf287fa79604fee9be062f0683809ae3a3685bc7b0e17bd1c48c50e8:    exists         |[32m++++++++++++++++++++++++++++++++++++++[0m| 
config-sha256:289bbe53944238bc5ba75ce18f6f7da47babdff9fd29aa9e989ec16d3680d022:   done           |[32m++++++++++++++++++++++++++++++++++++++[0m| 
layer-sha256:50f8c1b424f1f26e8e279fcfb5e3af1d2e8a7c1494f08744bb4bcbdab285f3d4:    downloading    |[32m++++++++++++++++++++++++++++++++++++++[0m|  2.0 GiB/2.0 GiB 
layer-sha256:dd482d345ef78a72e54dc96c818ad2ec5d6c318e392e07029816546a3089ee77:    done           |[32m++++++++++++++++++++++++++++++++++++++[0m| 
layer-sha256:7b9be9eb4297c96c698f5bcdc5a885e322fe6817fc511afc7b09799cfa9d6886:    done           |[32m++++++++++++++++++++++++++++++++++++++[0m| 
layer-sha256:4738c92e4322db8a8bd534eab5bb762acc4a19df4bb96dbb3f5ef3ef77963f0f:    done           |[32m++++++++++++++++++++++++++++++++++++++[0m| 
layer-sha256:dfc90b51dbfaca11daa5562dadaef30c0d48125494e5211a8bf63f4da84e3945:    done           |[32m++++++++++++++++++++++++++++++++++++++[0m| 
layer-sha256:f69f10a900dbee5e29001282c43abef608a5528e1c64d1e29a48bb1da441fe6e:    done           |[32m++++++++++++++++++++++++++++++++++++++[0m| 
layer-sha256:9f45c515d089d32a0760f312e9f5ce2f981ddcebae6136c141414e8e53081413:    downloading    |[32m++++++++++++++++++++++++++++++++++++++[0m|  2.0 GiB/2.0 GiB 
layer-sha256:ae5ac74cdbd9a821bf37a75fd5dd70c83d17c173c1d4de3ac17e58e43198f988:    downloading    |[32m++++++++++++++++++++++++++++++++++++++[0m|  2.0 GiB/2.0 GiB 
layer-sha256:ae19d20d2fa6efc21aec50f6587d04a4c9ec9f4b43b5879baf4de03fa219c523:    done           |[32m++++++++++++++++++++++++++++++++++++++[0m| 
elapsed: 16.3s                                                                    total:  14.0 G (879.7 MiB/s)                                     
172.31.67.78:5000/model-ballast:B-14g:                                            resolved       |[32m++++++++++++++++++++++++++++++++++++++[0m| 
index-sha256:c39e2205f87b997d16ca3c252f0a9b6a707dd0bdbe178e3d0eb13f9633d84cc2:    done           |[32m++++++++++++++++++++++++++++++++++++++[0m| 
manifest-sha256:d57ca3414327bce6dabd46ea9ab71afc31aab5bff26208abe8589742c7c184d1: done           |[32m++++++++++++++++++++++++++++++++++++++[0m| 
manifest-sha256:0bf2f4ab1dec7aec500c0ddce00938c939819314daef83c5149e1acb7daf02ad: done           |[32m++++++++++++++++++++++++++++++++++++++[0m| 
layer-sha256:034d6572bf287fa79604fee9be062f0683809ae3a3685bc7b0e17bd1c48c50e8:    exists         |[32m++++++++++++++++++++++++++++++++++++++[0m| 
config-sha256:289bbe53944238bc5ba75ce18f6f7da47babdff9fd29aa9e989ec16d3680d022:   done           |[32m++++++++++++++++++++++++++++++++++++++[0m| 
layer-sha256:50f8c1b424f1f26e8e279fcfb5e3af1d2e8a7c1494f08744bb4bcbdab285f3d4:    downloading    |[32m++++++++++++++++++++++++++++++++++++++[0m|  2.0 GiB/2.0 GiB 
layer-sha256:dd482d345ef78a72e54dc96c818ad2ec5d6c318e392e07029816546a3089ee77:    done           |[32m++++++++++++++++++++++++++++++++++++++[0m| 
layer-sha256:7b9be9eb4297c96c698f5bcdc5a885e322fe6817fc511afc7b09799cfa9d6886:    done           |[32m++++++++++++++++++++++++++++++++++++++[0m| 
layer-sha256:4738c92e4322db8a8bd534eab5bb762acc4a19df4bb96dbb3f5ef3ef77963f0f:    done           |[32m++++++++++++++++++++++++++++++++++++++[0m| 
layer-sha256:dfc90b51dbfaca11daa5562dadaef30c0d48125494e5211a8bf63f4da84e3945:    done           |[32m++++++++++++++++++++++++++++++++++++++[0m| 
layer-sha256:f69f10a900dbee5e29001282c43abef608a5528e1c64d1e29a48bb1da441fe6e:    done           |[32m++++++++++++++++++++++++++++++++++++++[0m| 
layer-sha256:9f45c515d089d32a0760f312e9f5ce2f981ddcebae6136c141414e8e53081413:    downloading    |[32m++++++++++++++++++++++++++++++++++++++[0m|  2.0 GiB/2.0 GiB 
layer-sha256:ae5ac74cdbd9a821bf37a75fd5dd70c83d17c173c1d4de3ac17e58e43198f988:    downloading    |[32m++++++++++++++++++++++++++++++++++++++[0m|  2.0 GiB/2.0 GiB 
layer-sha256:ae19d20d2fa6efc21aec50f6587d04a4c9ec9f4b43b5879baf4de03fa219c523:    done           |[32m++++++++++++++++++++++++++++++++++++++[0m| 
elapsed: 16.4s                                                                    total:  14.0 G (874.3 MiB/s)                                     
172.31.67.78:5000/model-ballast:B-14g:                                            resolved       |[32m++++++++++++++++++++++++++++++++++++++[0m| 
index-sha256:c39e2205f87b997d16ca3c252f0a9b6a707dd0bdbe178e3d0eb13f9633d84cc2:    done           |[32m++++++++++++++++++++++++++++++++++++++[0m| 
manifest-sha256:d57ca3414327bce6dabd46ea9ab71afc31aab5bff26208abe8589742c7c184d1: done           |[32m++++++++++++++++++++++++++++++++++++++[0m| 
manifest-sha256:0bf2f4ab1dec7aec500c0ddce00938c939819314daef83c5149e1acb7daf02ad: done           |[32m++++++++++++++++++++++++++++++++++++++[0m| 
layer-sha256:034d6572bf287fa79604fee9be062f0683809ae3a3685bc7b0e17bd1c48c50e8:    exists         |[32m++++++++++++++++++++++++++++++++++++++[0m| 
config-sha256:289bbe53944238bc5ba75ce18f6f7da47babdff9fd29aa9e989ec16d3680d022:   done           |[32m++++++++++++++++++++++++++++++++++++++[0m| 
layer-sha256:50f8c1b424f1f26e8e279fcfb5e3af1d2e8a7c1494f08744bb4bcbdab285f3d4:    downloading    |[32m++++++++++++++++++++++++++++++++++++++[0m|  2.0 GiB/2.0 GiB 
layer-sha256:dd482d345ef78a72e54dc96c818ad2ec5d6c318e392e07029816546a3089ee77:    done           |[32m++++++++++++++++++++++++++++++++++++++[0m| 
layer-sha256:7b9be9eb4297c96c698f5bcdc5a885e322fe6817fc511afc7b09799cfa9d6886:    done           |[32m++++++++++++++++++++++++++++++++++++++[0m| 
layer-sha256:4738c92e4322db8a8bd534eab5bb762acc4a19df4bb96dbb3f5ef3ef77963f0f:    done           |[32m++++++++++++++++++++++++++++++++++++++[0m| 
layer-sha256:dfc90b51dbfaca11daa5562dadaef30c0d48125494e5211a8bf63f4da84e3945:    done           |[32m++++++++++++++++++++++++++++++++++++++[0m| 
layer-sha256:f69f10a900dbee5e29001282c43abef608a5528e1c64d1e29a48bb1da441fe6e:    done           |[32m++++++++++++++++++++++++++++++++++++++[0m| 
layer-sha256:9f45c515d089d32a0760f312e9f5ce2f981ddcebae6136c141414e8e53081413:    downloading    |[32m++++++++++++++++++++++++++++++++++++++[0m|  2.0 GiB/2.0 GiB 
layer-sha256:ae5ac74cdbd9a821bf37a75fd5dd70c83d17c173c1d4de3ac17e58e43198f988:    downloading    |[32m++++++++++++++++++++++++++++++++++++++[0m|  2.0 GiB/2.0 GiB 
layer-sha256:ae19d20d2fa6efc21aec50f6587d04a4c9ec9f4b43b5879baf4de03fa219c523:    done           |[32m++++++++++++++++++++++++++++++++++++++[0m| 
elapsed: 16.5s                                                                    total:  14.0 G (869.0 MiB/s)                                     
172.31.67.78:5000/model-ballast:B-14g:                                            resolved       |[32m++++++++++++++++++++++++++++++++++++++[0m| 
index-sha256:c39e2205f87b997d16ca3c252f0a9b6a707dd0bdbe178e3d0eb13f9633d84cc2:    done           |[32m++++++++++++++++++++++++++++++++++++++[0m| 
manifest-sha256:d57ca3414327bce6dabd46ea9ab71afc31aab5bff26208abe8589742c7c184d1: done           |[32m++++++++++++++++++++++++++++++++++++++[0m| 
manifest-sha256:0bf2f4ab1dec7aec500c0ddce00938c939819314daef83c5149e1acb7daf02ad: done           |[32m++++++++++++++++++++++++++++++++++++++[0m| 
layer-sha256:034d6572bf287fa79604fee9be062f0683809ae3a3685bc7b0e17bd1c48c50e8:    exists         |[32m++++++++++++++++++++++++++++++++++++++[0m| 
config-sha256:289bbe53944238bc5ba75ce18f6f7da47babdff9fd29aa9e989ec16d3680d022:   done           |[32m++++++++++++++++++++++++++++++++++++++[0m| 
layer-sha256:50f8c1b424f1f26e8e279fcfb5e3af1d2e8a7c1494f08744bb4bcbdab285f3d4:    downloading    |[32m++++++++++++++++++++++++++++++++++++++[0m|  2.0 GiB/2.0 GiB 
layer-sha256:dd482d345ef78a72e54dc96c818ad2ec5d6c318e392e07029816546a3089ee77:    done           |[32m++++++++++++++++++++++++++++++++++++++[0m| 
layer-sha256:7b9be9eb4297c96c698f5bcdc5a885e322fe6817fc511afc7b09799cfa9d6886:    done           |[32m++++++++++++++++++++++++++++++++++++++[0m| 
layer-sha256:4738c92e4322db8a8bd534eab5bb762acc4a19df4bb96dbb3f5ef3ef77963f0f:    done           |[32m++++++++++++++++++++++++++++++++++++++[0m| 
layer-sha256:dfc90b51dbfaca11daa5562dadaef30c0d48125494e5211a8bf63f4da84e3945:    done           |[32m++++++++++++++++++++++++++++++++++++++[0m| 
layer-sha256:f69f10a900dbee5e29001282c43abef608a5528e1c64d1e29a48bb1da441fe6e:    done           |[32m++++++++++++++++++++++++++++++++++++++[0m| 
layer-sha256:9f45c515d089d32a0760f312e9f5ce2f981ddcebae6136c141414e8e53081413:    downloading    |[32m++++++++++++++++++++++++++++++++++++++[0m|  2.0 GiB/2.0 GiB 
layer-sha256:ae5ac74cdbd9a821bf37a75fd5dd70c83d17c173c1d4de3ac17e58e43198f988:    downloading    |[32m++++++++++++++++++++++++++++++++++++++[0m|  2.0 GiB/2.0 GiB 
layer-sha256:ae19d20d2fa6efc21aec50f6587d04a4c9ec9f4b43b5879baf4de03fa219c523:    done           |[32m++++++++++++++++++++++++++++++++++++++[0m| 
elapsed: 16.6s                                                                    total:  14.0 G (863.8 MiB/s)                                     
172.31.67.78:5000/model-ballast:B-14g:                                            resolved       |[32m++++++++++++++++++++++++++++++++++++++[0m| 
index-sha256:c39e2205f87b997d16ca3c252f0a9b6a707dd0bdbe178e3d0eb13f9633d84cc2:    done           |[32m++++++++++++++++++++++++++++++++++++++[0m| 
manifest-sha256:d57ca3414327bce6dabd46ea9ab71afc31aab5bff26208abe8589742c7c184d1: done           |[32m++++++++++++++++++++++++++++++++++++++[0m| 
manifest-sha256:0bf2f4ab1dec7aec500c0ddce00938c939819314daef83c5149e1acb7daf02ad: done           |[32m++++++++++++++++++++++++++++++++++++++[0m| 
layer-sha256:034d6572bf287fa79604fee9be062f0683809ae3a3685bc7b0e17bd1c48c50e8:    exists         |[32m++++++++++++++++++++++++++++++++++++++[0m| 
config-sha256:289bbe53944238bc5ba75ce18f6f7da47babdff9fd29aa9e989ec16d3680d022:   done           |[32m++++++++++++++++++++++++++++++++++++++[0m| 
layer-sha256:50f8c1b424f1f26e8e279fcfb5e3af1d2e8a7c1494f08744bb4bcbdab285f3d4:    downloading    |[32m++++++++++++++++++++++++++++++++++++++[0m|  2.0 GiB/2.0 GiB 
layer-sha256:dd482d345ef78a72e54dc96c818ad2ec5d6c318e392e07029816546a3089ee77:    done           |[32m++++++++++++++++++++++++++++++++++++++[0m| 
layer-sha256:7b9be9eb4297c96c698f5bcdc5a885e322fe6817fc511afc7b09799cfa9d6886:    done           |[32m++++++++++++++++++++++++++++++++++++++[0m| 
layer-sha256:4738c92e4322db8a8bd534eab5bb762acc4a19df4bb96dbb3f5ef3ef77963f0f:    done           |[32m++++++++++++++++++++++++++++++++++++++[0m| 
layer-sha256:dfc90b51dbfaca11daa5562dadaef30c0d48125494e5211a8bf63f4da84e3945:    done           |[32m++++++++++++++++++++++++++++++++++++++[0m| 
layer-sha256:f69f10a900dbee5e29001282c43abef608a5528e1c64d1e29a48bb1da441fe6e:    done           |[32m++++++++++++++++++++++++++++++++++++++[0m| 
layer-sha256:9f45c515d089d32a0760f312e9f5ce2f981ddcebae6136c141414e8e53081413:    downloading    |[32m++++++++++++++++++++++++++++++++++++++[0m|  2.0 GiB/2.0 GiB 
layer-sha256:ae5ac74cdbd9a821bf37a75fd5dd70c83d17c173c1d4de3ac17e58e43198f988:    downloading    |[32m++++++++++++++++++++++++++++++++++++++[0m|  2.0 GiB/2.0 GiB 
layer-sha256:ae19d20d2fa6efc21aec50f6587d04a4c9ec9f4b43b5879baf4de03fa219c523:    done           |[32m++++++++++++++++++++++++++++++++++++++[0m| 
elapsed: 16.7s                                                                    total:  14.0 G (858.7 MiB/s)                                     
172.31.67.78:5000/model-ballast:B-14g:                                            resolved       |[32m++++++++++++++++++++++++++++++++++++++[0m| 
index-sha256:c39e2205f87b997d16ca3c252f0a9b6a707dd0bdbe178e3d0eb13f9633d84cc2:    done           |[32m++++++++++++++++++++++++++++++++++++++[0m| 
manifest-sha256:d57ca3414327bce6dabd46ea9ab71afc31aab5bff26208abe8589742c7c184d1: done           |[32m++++++++++++++++++++++++++++++++++++++[0m| 
manifest-sha256:0bf2f4ab1dec7aec500c0ddce00938c939819314daef83c5149e1acb7daf02ad: done           |[32m++++++++++++++++++++++++++++++++++++++[0m| 
layer-sha256:034d6572bf287fa79604fee9be062f0683809ae3a3685bc7b0e17bd1c48c50e8:    exists         |[32m++++++++++++++++++++++++++++++++++++++[0m| 
config-sha256:289bbe53944238bc5ba75ce18f6f7da47babdff9fd29aa9e989ec16d3680d022:   done           |[32m++++++++++++++++++++++++++++++++++++++[0m| 
layer-sha256:50f8c1b424f1f26e8e279fcfb5e3af1d2e8a7c1494f08744bb4bcbdab285f3d4:    downloading    |[32m++++++++++++++++++++++++++++++++++++++[0m|  2.0 GiB/2.0 GiB 
layer-sha256:dd482d345ef78a72e54dc96c818ad2ec5d6c318e392e07029816546a3089ee77:    done           |[32m++++++++++++++++++++++++++++++++++++++[0m| 
layer-sha256:7b9be9eb4297c96c698f5bcdc5a885e322fe6817fc511afc7b09799cfa9d6886:    done           |[32m++++++++++++++++++++++++++++++++++++++[0m| 
layer-sha256:4738c92e4322db8a8bd534eab5bb762acc4a19df4bb96dbb3f5ef3ef77963f0f:    done           |[32m++++++++++++++++++++++++++++++++++++++[0m| 
layer-sha256:dfc90b51dbfaca11daa5562dadaef30c0d48125494e5211a8bf63f4da84e3945:    done           |[32m++++++++++++++++++++++++++++++++++++++[0m| 
layer-sha256:f69f10a900dbee5e29001282c43abef608a5528e1c64d1e29a48bb1da441fe6e:    done           |[32m++++++++++++++++++++++++++++++++++++++[0m| 
layer-sha256:9f45c515d089d32a0760f312e9f5ce2f981ddcebae6136c141414e8e53081413:    downloading    |[32m++++++++++++++++++++++++++++++++++++++[0m|  2.0 GiB/2.0 GiB 
layer-sha256:ae5ac74cdbd9a821bf37a75fd5dd70c83d17c173c1d4de3ac17e58e43198f988:    downloading    |[32m++++++++++++++++++++++++++++++++++++++[0m|  2.0 GiB/2.0 GiB 
layer-sha256:ae19d20d2fa6efc21aec50f6587d04a4c9ec9f4b43b5879baf4de03fa219c523:    done           |[32m++++++++++++++++++++++++++++++++++++++[0m| 
elapsed: 16.8s                                                                    total:  14.0 G (853.5 MiB/s)                                     
172.31.67.78:5000/model-ballast:B-14g:                                            resolved       |[32m++++++++++++++++++++++++++++++++++++++[0m| 
index-sha256:c39e2205f87b997d16ca3c252f0a9b6a707dd0bdbe178e3d0eb13f9633d84cc2:    done           |[32m++++++++++++++++++++++++++++++++++++++[0m| 
manifest-sha256:d57ca3414327bce6dabd46ea9ab71afc31aab5bff26208abe8589742c7c184d1: done           |[32m++++++++++++++++++++++++++++++++++++++[0m| 
manifest-sha256:0bf2f4ab1dec7aec500c0ddce00938c939819314daef83c5149e1acb7daf02ad: done           |[32m++++++++++++++++++++++++++++++++++++++[0m| 
layer-sha256:034d6572bf287fa79604fee9be062f0683809ae3a3685bc7b0e17bd1c48c50e8:    exists         |[32m++++++++++++++++++++++++++++++++++++++[0m| 
config-sha256:289bbe53944238bc5ba75ce18f6f7da47babdff9fd29aa9e989ec16d3680d022:   done           |[32m++++++++++++++++++++++++++++++++++++++[0m| 
layer-sha256:50f8c1b424f1f26e8e279fcfb5e3af1d2e8a7c1494f08744bb4bcbdab285f3d4:    downloading    |[32m++++++++++++++++++++++++++++++++++++++[0m|  2.0 GiB/2.0 GiB 
layer-sha256:dd482d345ef78a72e54dc96c818ad2ec5d6c318e392e07029816546a3089ee77:    done           |[32m++++++++++++++++++++++++++++++++++++++[0m| 
layer-sha256:7b9be9eb4297c96c698f5bcdc5a885e322fe6817fc511afc7b09799cfa9d6886:    done           |[32m++++++++++++++++++++++++++++++++++++++[0m| 
layer-sha256:4738c92e4322db8a8bd534eab5bb762acc4a19df4bb96dbb3f5ef3ef77963f0f:    done           |[32m++++++++++++++++++++++++++++++++++++++[0m| 
layer-sha256:dfc90b51dbfaca11daa5562dadaef30c0d48125494e5211a8bf63f4da84e3945:    done           |[32m++++++++++++++++++++++++++++++++++++++[0m| 
layer-sha256:f69f10a900dbee5e29001282c43abef608a5528e1c64d1e29a48bb1da441fe6e:    done           |[32m++++++++++++++++++++++++++++++++++++++[0m| 
layer-sha256:9f45c515d089d32a0760f312e9f5ce2f981ddcebae6136c141414e8e53081413:    downloading    |[32m++++++++++++++++++++++++++++++++++++++[0m|  2.0 GiB/2.0 GiB 
layer-sha256:ae5ac74cdbd9a821bf37a75fd5dd70c83d17c173c1d4de3ac17e58e43198f988:    downloading    |[32m++++++++++++++++++++++++++++++++++++++[0m|  2.0 GiB/2.0 GiB 
layer-sha256:ae19d20d2fa6efc21aec50f6587d04a4c9ec9f4b43b5879baf4de03fa219c523:    done           |[32m++++++++++++++++++++++++++++++++++++++[0m| 
elapsed: 16.9s                                                                    total:  14.0 G (848.5 MiB/s)                                     
172.31.67.78:5000/model-ballast:B-14g:                                            resolved       |[32m++++++++++++++++++++++++++++++++++++++[0m| 
index-sha256:c39e2205f87b997d16ca3c252f0a9b6a707dd0bdbe178e3d0eb13f9633d84cc2:    done           |[32m++++++++++++++++++++++++++++++++++++++[0m| 
manifest-sha256:d57ca3414327bce6dabd46ea9ab71afc31aab5bff26208abe8589742c7c184d1: done           |[32m++++++++++++++++++++++++++++++++++++++[0m| 
manifest-sha256:0bf2f4ab1dec7aec500c0ddce00938c939819314daef83c5149e1acb7daf02ad: done           |[32m++++++++++++++++++++++++++++++++++++++[0m| 
layer-sha256:034d6572bf287fa79604fee9be062f0683809ae3a3685bc7b0e17bd1c48c50e8:    exists         |[32m++++++++++++++++++++++++++++++++++++++[0m| 
config-sha256:289bbe53944238bc5ba75ce18f6f7da47babdff9fd29aa9e989ec16d3680d022:   done           |[32m++++++++++++++++++++++++++++++++++++++[0m| 
layer-sha256:50f8c1b424f1f26e8e279fcfb5e3af1d2e8a7c1494f08744bb4bcbdab285f3d4:    downloading    |[32m++++++++++++++++++++++++++++++++++++++[0m|  2.0 GiB/2.0 GiB 
layer-sha256:dd482d345ef78a72e54dc96c818ad2ec5d6c318e392e07029816546a3089ee77:    done           |[32m++++++++++++++++++++++++++++++++++++++[0m| 
layer-sha256:7b9be9eb4297c96c698f5bcdc5a885e322fe6817fc511afc7b09799cfa9d6886:    done           |[32m++++++++++++++++++++++++++++++++++++++[0m| 
layer-sha256:4738c92e4322db8a8bd534eab5bb762acc4a19df4bb96dbb3f5ef3ef77963f0f:    done           |[32m++++++++++++++++++++++++++++++++++++++[0m| 
layer-sha256:dfc90b51dbfaca11daa5562dadaef30c0d48125494e5211a8bf63f4da84e3945:    done           |[32m++++++++++++++++++++++++++++++++++++++[0m| 
layer-sha256:f69f10a900dbee5e29001282c43abef608a5528e1c64d1e29a48bb1da441fe6e:    done           |[32m++++++++++++++++++++++++++++++++++++++[0m| 
layer-sha256:9f45c515d089d32a0760f312e9f5ce2f981ddcebae6136c141414e8e53081413:    downloading    |[32m++++++++++++++++++++++++++++++++++++++[0m|  2.0 GiB/2.0 GiB 
layer-sha256:ae5ac74cdbd9a821bf37a75fd5dd70c83d17c173c1d4de3ac17e58e43198f988:    downloading    |[32m++++++++++++++++++++++++++++++++++++++[0m|  2.0 GiB/2.0 GiB 
layer-sha256:ae19d20d2fa6efc21aec50f6587d04a4c9ec9f4b43b5879baf4de03fa219c523:    done           |[32m++++++++++++++++++++++++++++++++++++++[0m| 
elapsed: 17.0s                                                                    total:  14.0 G (843.5 MiB/s)                                     
172.31.67.78:5000/model-ballast:B-14g:                                            resolved       |[32m++++++++++++++++++++++++++++++++++++++[0m| 
index-sha256:c39e2205f87b997d16ca3c252f0a9b6a707dd0bdbe178e3d0eb13f9633d84cc2:    done           |[32m++++++++++++++++++++++++++++++++++++++[0m| 
manifest-sha256:d57ca3414327bce6dabd46ea9ab71afc31aab5bff26208abe8589742c7c184d1: done           |[32m++++++++++++++++++++++++++++++++++++++[0m| 
manifest-sha256:0bf2f4ab1dec7aec500c0ddce00938c939819314daef83c5149e1acb7daf02ad: done           |[32m++++++++++++++++++++++++++++++++++++++[0m| 
layer-sha256:034d6572bf287fa79604fee9be062f0683809ae3a3685bc7b0e17bd1c48c50e8:    exists         |[32m++++++++++++++++++++++++++++++++++++++[0m| 
config-sha256:289bbe53944238bc5ba75ce18f6f7da47babdff9fd29aa9e989ec16d3680d022:   done           |[32m++++++++++++++++++++++++++++++++++++++[0m| 
layer-sha256:50f8c1b424f1f26e8e279fcfb5e3af1d2e8a7c1494f08744bb4bcbdab285f3d4:    downloading    |[32m++++++++++++++++++++++++++++++++++++++[0m|  2.0 GiB/2.0 GiB 
layer-sha256:dd482d345ef78a72e54dc96c818ad2ec5d6c318e392e07029816546a3089ee77:    done           |[32m++++++++++++++++++++++++++++++++++++++[0m| 
layer-sha256:7b9be9eb4297c96c698f5bcdc5a885e322fe6817fc511afc7b09799cfa9d6886:    done           |[32m++++++++++++++++++++++++++++++++++++++[0m| 
layer-sha256:4738c92e4322db8a8bd534eab5bb762acc4a19df4bb96dbb3f5ef3ef77963f0f:    done           |[32m++++++++++++++++++++++++++++++++++++++[0m| 
layer-sha256:dfc90b51dbfaca11daa5562dadaef30c0d48125494e5211a8bf63f4da84e3945:    done           |[32m++++++++++++++++++++++++++++++++++++++[0m| 
layer-sha256:f69f10a900dbee5e29001282c43abef608a5528e1c64d1e29a48bb1da441fe6e:    done           |[32m++++++++++++++++++++++++++++++++++++++[0m| 
layer-sha256:9f45c515d089d32a0760f312e9f5ce2f981ddcebae6136c141414e8e53081413:    downloading    |[32m++++++++++++++++++++++++++++++++++++++[0m|  2.0 GiB/2.0 GiB 
layer-sha256:ae5ac74cdbd9a821bf37a75fd5dd70c83d17c173c1d4de3ac17e58e43198f988:    downloading    |[32m++++++++++++++++++++++++++++++++++++++[0m|  2.0 GiB/2.0 GiB 
layer-sha256:ae19d20d2fa6efc21aec50f6587d04a4c9ec9f4b43b5879baf4de03fa219c523:    done           |[32m++++++++++++++++++++++++++++++++++++++[0m| 
elapsed: 17.1s                                                                    total:  14.0 G (838.5 MiB/s)                                     
172.31.67.78:5000/model-ballast:B-14g:                                            resolved       |[32m++++++++++++++++++++++++++++++++++++++[0m| 
index-sha256:c39e2205f87b997d16ca3c252f0a9b6a707dd0bdbe178e3d0eb13f9633d84cc2:    done           |[32m++++++++++++++++++++++++++++++++++++++[0m| 
manifest-sha256:d57ca3414327bce6dabd46ea9ab71afc31aab5bff26208abe8589742c7c184d1: done           |[32m++++++++++++++++++++++++++++++++++++++[0m| 
manifest-sha256:0bf2f4ab1dec7aec500c0ddce00938c939819314daef83c5149e1acb7daf02ad: done           |[32m++++++++++++++++++++++++++++++++++++++[0m| 
layer-sha256:034d6572bf287fa79604fee9be062f0683809ae3a3685bc7b0e17bd1c48c50e8:    exists         |[32m++++++++++++++++++++++++++++++++++++++[0m| 
config-sha256:289bbe53944238bc5ba75ce18f6f7da47babdff9fd29aa9e989ec16d3680d022:   done           |[32m++++++++++++++++++++++++++++++++++++++[0m| 
layer-sha256:50f8c1b424f1f26e8e279fcfb5e3af1d2e8a7c1494f08744bb4bcbdab285f3d4:    downloading    |[32m++++++++++++++++++++++++++++++++++++++[0m|  2.0 GiB/2.0 GiB 
layer-sha256:dd482d345ef78a72e54dc96c818ad2ec5d6c318e392e07029816546a3089ee77:    done           |[32m++++++++++++++++++++++++++++++++++++++[0m| 
layer-sha256:7b9be9eb4297c96c698f5bcdc5a885e322fe6817fc511afc7b09799cfa9d6886:    done           |[32m++++++++++++++++++++++++++++++++++++++[0m| 
layer-sha256:4738c92e4322db8a8bd534eab5bb762acc4a19df4bb96dbb3f5ef3ef77963f0f:    done           |[32m++++++++++++++++++++++++++++++++++++++[0m| 
layer-sha256:dfc90b51dbfaca11daa5562dadaef30c0d48125494e5211a8bf63f4da84e3945:    done           |[32m++++++++++++++++++++++++++++++++++++++[0m| 
layer-sha256:f69f10a900dbee5e29001282c43abef608a5528e1c64d1e29a48bb1da441fe6e:    done           |[32m++++++++++++++++++++++++++++++++++++++[0m| 
layer-sha256:9f45c515d089d32a0760f312e9f5ce2f981ddcebae6136c141414e8e53081413:    downloading    |[32m++++++++++++++++++++++++++++++++++++++[0m|  2.0 GiB/2.0 GiB 
layer-sha256:ae5ac74cdbd9a821bf37a75fd5dd70c83d17c173c1d4de3ac17e58e43198f988:    downloading    |[32m++++++++++++++++++++++++++++++++++++++[0m|  2.0 GiB/2.0 GiB 
layer-sha256:ae19d20d2fa6efc21aec50f6587d04a4c9ec9f4b43b5879baf4de03fa219c523:    done           |[32m++++++++++++++++++++++++++++++++++++++[0m| 
elapsed: 17.2s                                                                    total:  14.0 G (833.7 MiB/s)                                     
172.31.67.78:5000/model-ballast:B-14g:                                            resolved       |[32m++++++++++++++++++++++++++++++++++++++[0m| 
index-sha256:c39e2205f87b997d16ca3c252f0a9b6a707dd0bdbe178e3d0eb13f9633d84cc2:    done           |[32m++++++++++++++++++++++++++++++++++++++[0m| 
manifest-sha256:d57ca3414327bce6dabd46ea9ab71afc31aab5bff26208abe8589742c7c184d1: done           |[32m++++++++++++++++++++++++++++++++++++++[0m| 
manifest-sha256:0bf2f4ab1dec7aec500c0ddce00938c939819314daef83c5149e1acb7daf02ad: done           |[32m++++++++++++++++++++++++++++++++++++++[0m| 
layer-sha256:034d6572bf287fa79604fee9be062f0683809ae3a3685bc7b0e17bd1c48c50e8:    exists         |[32m++++++++++++++++++++++++++++++++++++++[0m| 
config-sha256:289bbe53944238bc5ba75ce18f6f7da47babdff9fd29aa9e989ec16d3680d022:   done           |[32m++++++++++++++++++++++++++++++++++++++[0m| 
layer-sha256:50f8c1b424f1f26e8e279fcfb5e3af1d2e8a7c1494f08744bb4bcbdab285f3d4:    downloading    |[32m++++++++++++++++++++++++++++++++++++++[0m|  2.0 GiB/2.0 GiB 
layer-sha256:dd482d345ef78a72e54dc96c818ad2ec5d6c318e392e07029816546a3089ee77:    done           |[32m++++++++++++++++++++++++++++++++++++++[0m| 
layer-sha256:7b9be9eb4297c96c698f5bcdc5a885e322fe6817fc511afc7b09799cfa9d6886:    done           |[32m++++++++++++++++++++++++++++++++++++++[0m| 
layer-sha256:4738c92e4322db8a8bd534eab5bb762acc4a19df4bb96dbb3f5ef3ef77963f0f:    done           |[32m++++++++++++++++++++++++++++++++++++++[0m| 
layer-sha256:dfc90b51dbfaca11daa5562dadaef30c0d48125494e5211a8bf63f4da84e3945:    done           |[32m++++++++++++++++++++++++++++++++++++++[0m| 
layer-sha256:f69f10a900dbee5e29001282c43abef608a5528e1c64d1e29a48bb1da441fe6e:    done           |[32m++++++++++++++++++++++++++++++++++++++[0m| 
layer-sha256:9f45c515d089d32a0760f312e9f5ce2f981ddcebae6136c141414e8e53081413:    downloading    |[32m++++++++++++++++++++++++++++++++++++++[0m|  2.0 GiB/2.0 GiB 
layer-sha256:ae5ac74cdbd9a821bf37a75fd5dd70c83d17c173c1d4de3ac17e58e43198f988:    downloading    |[32m++++++++++++++++++++++++++++++++++++++[0m|  2.0 GiB/2.0 GiB 
layer-sha256:ae19d20d2fa6efc21aec50f6587d04a4c9ec9f4b43b5879baf4de03fa219c523:    done           |[32m++++++++++++++++++++++++++++++++++++++[0m| 
elapsed: 17.3s                                                                    total:  14.0 G (828.9 MiB/s)                                     
172.31.67.78:5000/model-ballast:B-14g:                                            resolved       |[32m++++++++++++++++++++++++++++++++++++++[0m| 
index-sha256:c39e2205f87b997d16ca3c252f0a9b6a707dd0bdbe178e3d0eb13f9633d84cc2:    done           |[32m++++++++++++++++++++++++++++++++++++++[0m| 
manifest-sha256:d57ca3414327bce6dabd46ea9ab71afc31aab5bff26208abe8589742c7c184d1: done           |[32m++++++++++++++++++++++++++++++++++++++[0m| 
manifest-sha256:0bf2f4ab1dec7aec500c0ddce00938c939819314daef83c5149e1acb7daf02ad: done           |[32m++++++++++++++++++++++++++++++++++++++[0m| 
layer-sha256:034d6572bf287fa79604fee9be062f0683809ae3a3685bc7b0e17bd1c48c50e8:    exists         |[32m++++++++++++++++++++++++++++++++++++++[0m| 
config-sha256:289bbe53944238bc5ba75ce18f6f7da47babdff9fd29aa9e989ec16d3680d022:   done           |[32m++++++++++++++++++++++++++++++++++++++[0m| 
layer-sha256:50f8c1b424f1f26e8e279fcfb5e3af1d2e8a7c1494f08744bb4bcbdab285f3d4:    downloading    |[32m++++++++++++++++++++++++++++++++++++++[0m|  2.0 GiB/2.0 GiB 
layer-sha256:dd482d345ef78a72e54dc96c818ad2ec5d6c318e392e07029816546a3089ee77:    done           |[32m++++++++++++++++++++++++++++++++++++++[0m| 
layer-sha256:7b9be9eb4297c96c698f5bcdc5a885e322fe6817fc511afc7b09799cfa9d6886:    done           |[32m++++++++++++++++++++++++++++++++++++++[0m| 
layer-sha256:4738c92e4322db8a8bd534eab5bb762acc4a19df4bb96dbb3f5ef3ef77963f0f:    done           |[32m++++++++++++++++++++++++++++++++++++++[0m| 
layer-sha256:dfc90b51dbfaca11daa5562dadaef30c0d48125494e5211a8bf63f4da84e3945:    done           |[32m++++++++++++++++++++++++++++++++++++++[0m| 
layer-sha256:f69f10a900dbee5e29001282c43abef608a5528e1c64d1e29a48bb1da441fe6e:    done           |[32m++++++++++++++++++++++++++++++++++++++[0m| 
layer-sha256:9f45c515d089d32a0760f312e9f5ce2f981ddcebae6136c141414e8e53081413:    downloading    |[32m++++++++++++++++++++++++++++++++++++++[0m|  2.0 GiB/2.0 GiB 
layer-sha256:ae5ac74cdbd9a821bf37a75fd5dd70c83d17c173c1d4de3ac17e58e43198f988:    downloading    |[32m++++++++++++++++++++++++++++++++++++++[0m|  2.0 GiB/2.0 GiB 
layer-sha256:ae19d20d2fa6efc21aec50f6587d04a4c9ec9f4b43b5879baf4de03fa219c523:    done           |[32m++++++++++++++++++++++++++++++++++++++[0m| 
elapsed: 17.4s                                                                    total:  14.0 G (824.1 MiB/s)                                     
172.31.67.78:5000/model-ballast:B-14g:                                            resolved       |[32m++++++++++++++++++++++++++++++++++++++[0m| 
index-sha256:c39e2205f87b997d16ca3c252f0a9b6a707dd0bdbe178e3d0eb13f9633d84cc2:    done           |[32m++++++++++++++++++++++++++++++++++++++[0m| 
manifest-sha256:d57ca3414327bce6dabd46ea9ab71afc31aab5bff26208abe8589742c7c184d1: done           |[32m++++++++++++++++++++++++++++++++++++++[0m| 
manifest-sha256:0bf2f4ab1dec7aec500c0ddce00938c939819314daef83c5149e1acb7daf02ad: done           |[32m++++++++++++++++++++++++++++++++++++++[0m| 
layer-sha256:034d6572bf287fa79604fee9be062f0683809ae3a3685bc7b0e17bd1c48c50e8:    exists         |[32m++++++++++++++++++++++++++++++++++++++[0m| 
config-sha256:289bbe53944238bc5ba75ce18f6f7da47babdff9fd29aa9e989ec16d3680d022:   done           |[32m++++++++++++++++++++++++++++++++++++++[0m| 
layer-sha256:50f8c1b424f1f26e8e279fcfb5e3af1d2e8a7c1494f08744bb4bcbdab285f3d4:    downloading    |[32m++++++++++++++++++++++++++++++++++++++[0m|  2.0 GiB/2.0 GiB 
layer-sha256:dd482d345ef78a72e54dc96c818ad2ec5d6c318e392e07029816546a3089ee77:    done           |[32m++++++++++++++++++++++++++++++++++++++[0m| 
layer-sha256:7b9be9eb4297c96c698f5bcdc5a885e322fe6817fc511afc7b09799cfa9d6886:    done           |[32m++++++++++++++++++++++++++++++++++++++[0m| 
layer-sha256:4738c92e4322db8a8bd534eab5bb762acc4a19df4bb96dbb3f5ef3ef77963f0f:    done           |[32m++++++++++++++++++++++++++++++++++++++[0m| 
layer-sha256:dfc90b51dbfaca11daa5562dadaef30c0d48125494e5211a8bf63f4da84e3945:    done           |[32m++++++++++++++++++++++++++++++++++++++[0m| 
layer-sha256:f69f10a900dbee5e29001282c43abef608a5528e1c64d1e29a48bb1da441fe6e:    done           |[32m++++++++++++++++++++++++++++++++++++++[0m| 
layer-sha256:9f45c515d089d32a0760f312e9f5ce2f981ddcebae6136c141414e8e53081413:    downloading    |[32m++++++++++++++++++++++++++++++++++++++[0m|  2.0 GiB/2.0 GiB 
layer-sha256:ae5ac74cdbd9a821bf37a75fd5dd70c83d17c173c1d4de3ac17e58e43198f988:    downloading    |[32m++++++++++++++++++++++++++++++++++++++[0m|  2.0 GiB/2.0 GiB 
layer-sha256:ae19d20d2fa6efc21aec50f6587d04a4c9ec9f4b43b5879baf4de03fa219c523:    done           |[32m++++++++++++++++++++++++++++++++++++++[0m| 
elapsed: 17.5s                                                                    total:  14.0 G (819.4 MiB/s)                                     
172.31.67.78:5000/model-ballast:B-14g:                                            resolved       |[32m++++++++++++++++++++++++++++++++++++++[0m| 
index-sha256:c39e2205f87b997d16ca3c252f0a9b6a707dd0bdbe178e3d0eb13f9633d84cc2:    done           |[32m++++++++++++++++++++++++++++++++++++++[0m| 
manifest-sha256:d57ca3414327bce6dabd46ea9ab71afc31aab5bff26208abe8589742c7c184d1: done           |[32m++++++++++++++++++++++++++++++++++++++[0m| 
manifest-sha256:0bf2f4ab1dec7aec500c0ddce00938c939819314daef83c5149e1acb7daf02ad: done           |[32m++++++++++++++++++++++++++++++++++++++[0m| 
layer-sha256:034d6572bf287fa79604fee9be062f0683809ae3a3685bc7b0e17bd1c48c50e8:    exists         |[32m++++++++++++++++++++++++++++++++++++++[0m| 
config-sha256:289bbe53944238bc5ba75ce18f6f7da47babdff9fd29aa9e989ec16d3680d022:   done           |[32m++++++++++++++++++++++++++++++++++++++[0m| 
layer-sha256:50f8c1b424f1f26e8e279fcfb5e3af1d2e8a7c1494f08744bb4bcbdab285f3d4:    downloading    |[32m++++++++++++++++++++++++++++++++++++++[0m|  2.0 GiB/2.0 GiB 
layer-sha256:dd482d345ef78a72e54dc96c818ad2ec5d6c318e392e07029816546a3089ee77:    done           |[32m++++++++++++++++++++++++++++++++++++++[0m| 
layer-sha256:7b9be9eb4297c96c698f5bcdc5a885e322fe6817fc511afc7b09799cfa9d6886:    done           |[32m++++++++++++++++++++++++++++++++++++++[0m| 
layer-sha256:4738c92e4322db8a8bd534eab5bb762acc4a19df4bb96dbb3f5ef3ef77963f0f:    done           |[32m++++++++++++++++++++++++++++++++++++++[0m| 
layer-sha256:dfc90b51dbfaca11daa5562dadaef30c0d48125494e5211a8bf63f4da84e3945:    done           |[32m++++++++++++++++++++++++++++++++++++++[0m| 
layer-sha256:f69f10a900dbee5e29001282c43abef608a5528e1c64d1e29a48bb1da441fe6e:    done           |[32m++++++++++++++++++++++++++++++++++++++[0m| 
layer-sha256:9f45c515d089d32a0760f312e9f5ce2f981ddcebae6136c141414e8e53081413:    downloading    |[32m++++++++++++++++++++++++++++++++++++++[0m|  2.0 GiB/2.0 GiB 
layer-sha256:ae5ac74cdbd9a821bf37a75fd5dd70c83d17c173c1d4de3ac17e58e43198f988:    downloading    |[32m++++++++++++++++++++++++++++++++++++++[0m|  2.0 GiB/2.0 GiB 
layer-sha256:ae19d20d2fa6efc21aec50f6587d04a4c9ec9f4b43b5879baf4de03fa219c523:    done           |[32m++++++++++++++++++++++++++++++++++++++[0m| 
elapsed: 17.6s                                                                    total:  14.0 G (814.7 MiB/s)                                     
172.31.67.78:5000/model-ballast:B-14g:                                            resolved       |[32m++++++++++++++++++++++++++++++++++++++[0m| 
index-sha256:c39e2205f87b997d16ca3c252f0a9b6a707dd0bdbe178e3d0eb13f9633d84cc2:    done           |[32m++++++++++++++++++++++++++++++++++++++[0m| 
manifest-sha256:d57ca3414327bce6dabd46ea9ab71afc31aab5bff26208abe8589742c7c184d1: done           |[32m++++++++++++++++++++++++++++++++++++++[0m| 
manifest-sha256:0bf2f4ab1dec7aec500c0ddce00938c939819314daef83c5149e1acb7daf02ad: done           |[32m++++++++++++++++++++++++++++++++++++++[0m| 
layer-sha256:034d6572bf287fa79604fee9be062f0683809ae3a3685bc7b0e17bd1c48c50e8:    exists         |[32m++++++++++++++++++++++++++++++++++++++[0m| 
config-sha256:289bbe53944238bc5ba75ce18f6f7da47babdff9fd29aa9e989ec16d3680d022:   done           |[32m++++++++++++++++++++++++++++++++++++++[0m| 
layer-sha256:50f8c1b424f1f26e8e279fcfb5e3af1d2e8a7c1494f08744bb4bcbdab285f3d4:    downloading    |[32m++++++++++++++++++++++++++++++++++++++[0m|  2.0 GiB/2.0 GiB 
layer-sha256:dd482d345ef78a72e54dc96c818ad2ec5d6c318e392e07029816546a3089ee77:    done           |[32m++++++++++++++++++++++++++++++++++++++[0m| 
layer-sha256:7b9be9eb4297c96c698f5bcdc5a885e322fe6817fc511afc7b09799cfa9d6886:    done           |[32m++++++++++++++++++++++++++++++++++++++[0m| 
layer-sha256:4738c92e4322db8a8bd534eab5bb762acc4a19df4bb96dbb3f5ef3ef77963f0f:    done           |[32m++++++++++++++++++++++++++++++++++++++[0m| 
layer-sha256:dfc90b51dbfaca11daa5562dadaef30c0d48125494e5211a8bf63f4da84e3945:    done           |[32m++++++++++++++++++++++++++++++++++++++[0m| 
layer-sha256:f69f10a900dbee5e29001282c43abef608a5528e1c64d1e29a48bb1da441fe6e:    done           |[32m++++++++++++++++++++++++++++++++++++++[0m| 
layer-sha256:9f45c515d089d32a0760f312e9f5ce2f981ddcebae6136c141414e8e53081413:    done           |[32m++++++++++++++++++++++++++++++++++++++[0m| 
layer-sha256:ae5ac74cdbd9a821bf37a75fd5dd70c83d17c173c1d4de3ac17e58e43198f988:    downloading    |[32m++++++++++++++++++++++++++++++++++++++[0m|  2.0 GiB/2.0 GiB 
layer-sha256:ae19d20d2fa6efc21aec50f6587d04a4c9ec9f4b43b5879baf4de03fa219c523:    done           |[32m++++++++++++++++++++++++++++++++++++++[0m| 
elapsed: 17.7s                                                                    total:  14.0 G (810.1 MiB/s)                                     
172.31.67.78:5000/model-ballast:B-14g:                                            resolved       |[32m++++++++++++++++++++++++++++++++++++++[0m| 
index-sha256:c39e2205f87b997d16ca3c252f0a9b6a707dd0bdbe178e3d0eb13f9633d84cc2:    done           |[32m++++++++++++++++++++++++++++++++++++++[0m| 
manifest-sha256:d57ca3414327bce6dabd46ea9ab71afc31aab5bff26208abe8589742c7c184d1: done           |[32m++++++++++++++++++++++++++++++++++++++[0m| 
manifest-sha256:0bf2f4ab1dec7aec500c0ddce00938c939819314daef83c5149e1acb7daf02ad: done           |[32m++++++++++++++++++++++++++++++++++++++[0m| 
layer-sha256:034d6572bf287fa79604fee9be062f0683809ae3a3685bc7b0e17bd1c48c50e8:    exists         |[32m++++++++++++++++++++++++++++++++++++++[0m| 
config-sha256:289bbe53944238bc5ba75ce18f6f7da47babdff9fd29aa9e989ec16d3680d022:   done           |[32m++++++++++++++++++++++++++++++++++++++[0m| 
layer-sha256:50f8c1b424f1f26e8e279fcfb5e3af1d2e8a7c1494f08744bb4bcbdab285f3d4:    downloading    |[32m++++++++++++++++++++++++++++++++++++++[0m|  2.0 GiB/2.0 GiB 
layer-sha256:dd482d345ef78a72e54dc96c818ad2ec5d6c318e392e07029816546a3089ee77:    done           |[32m++++++++++++++++++++++++++++++++++++++[0m| 
layer-sha256:7b9be9eb4297c96c698f5bcdc5a885e322fe6817fc511afc7b09799cfa9d6886:    done           |[32m++++++++++++++++++++++++++++++++++++++[0m| 
layer-sha256:4738c92e4322db8a8bd534eab5bb762acc4a19df4bb96dbb3f5ef3ef77963f0f:    done           |[32m++++++++++++++++++++++++++++++++++++++[0m| 
layer-sha256:dfc90b51dbfaca11daa5562dadaef30c0d48125494e5211a8bf63f4da84e3945:    done           |[32m++++++++++++++++++++++++++++++++++++++[0m| 
layer-sha256:f69f10a900dbee5e29001282c43abef608a5528e1c64d1e29a48bb1da441fe6e:    done           |[32m++++++++++++++++++++++++++++++++++++++[0m| 
layer-sha256:9f45c515d089d32a0760f312e9f5ce2f981ddcebae6136c141414e8e53081413:    done           |[32m++++++++++++++++++++++++++++++++++++++[0m| 
layer-sha256:ae5ac74cdbd9a821bf37a75fd5dd70c83d17c173c1d4de3ac17e58e43198f988:    downloading    |[32m++++++++++++++++++++++++++++++++++++++[0m|  2.0 GiB/2.0 GiB 
layer-sha256:ae19d20d2fa6efc21aec50f6587d04a4c9ec9f4b43b5879baf4de03fa219c523:    done           |[32m++++++++++++++++++++++++++++++++++++++[0m| 
elapsed: 17.8s                                                                    total:  14.0 G (805.6 MiB/s)                                     
172.31.67.78:5000/model-ballast:B-14g:                                            resolved       |[32m++++++++++++++++++++++++++++++++++++++[0m| 
index-sha256:c39e2205f87b997d16ca3c252f0a9b6a707dd0bdbe178e3d0eb13f9633d84cc2:    done           |[32m++++++++++++++++++++++++++++++++++++++[0m| 
manifest-sha256:d57ca3414327bce6dabd46ea9ab71afc31aab5bff26208abe8589742c7c184d1: done           |[32m++++++++++++++++++++++++++++++++++++++[0m| 
manifest-sha256:0bf2f4ab1dec7aec500c0ddce00938c939819314daef83c5149e1acb7daf02ad: done           |[32m++++++++++++++++++++++++++++++++++++++[0m| 
layer-sha256:034d6572bf287fa79604fee9be062f0683809ae3a3685bc7b0e17bd1c48c50e8:    exists         |[32m++++++++++++++++++++++++++++++++++++++[0m| 
config-sha256:289bbe53944238bc5ba75ce18f6f7da47babdff9fd29aa9e989ec16d3680d022:   done           |[32m++++++++++++++++++++++++++++++++++++++[0m| 
layer-sha256:50f8c1b424f1f26e8e279fcfb5e3af1d2e8a7c1494f08744bb4bcbdab285f3d4:    done           |[32m++++++++++++++++++++++++++++++++++++++[0m| 
layer-sha256:dd482d345ef78a72e54dc96c818ad2ec5d6c318e392e07029816546a3089ee77:    done           |[32m++++++++++++++++++++++++++++++++++++++[0m| 
layer-sha256:7b9be9eb4297c96c698f5bcdc5a885e322fe6817fc511afc7b09799cfa9d6886:    done           |[32m++++++++++++++++++++++++++++++++++++++[0m| 
layer-sha256:4738c92e4322db8a8bd534eab5bb762acc4a19df4bb96dbb3f5ef3ef77963f0f:    done           |[32m++++++++++++++++++++++++++++++++++++++[0m| 
layer-sha256:dfc90b51dbfaca11daa5562dadaef30c0d48125494e5211a8bf63f4da84e3945:    done           |[32m++++++++++++++++++++++++++++++++++++++[0m| 
layer-sha256:f69f10a900dbee5e29001282c43abef608a5528e1c64d1e29a48bb1da441fe6e:    done           |[32m++++++++++++++++++++++++++++++++++++++[0m| 
layer-sha256:9f45c515d089d32a0760f312e9f5ce2f981ddcebae6136c141414e8e53081413:    done           |[32m++++++++++++++++++++++++++++++++++++++[0m| 
layer-sha256:ae5ac74cdbd9a821bf37a75fd5dd70c83d17c173c1d4de3ac17e58e43198f988:    downloading    |[32m++++++++++++++++++++++++++++++++++++++[0m|  2.0 GiB/2.0 GiB 
layer-sha256:ae19d20d2fa6efc21aec50f6587d04a4c9ec9f4b43b5879baf4de03fa219c523:    done           |[32m++++++++++++++++++++++++++++++++++++++[0m| 
elapsed: 17.9s                                                                    total:  14.0 G (801.1 MiB/s)                                     
172.31.67.78:5000/model-ballast:B-14g:                                            resolved       |[32m++++++++++++++++++++++++++++++++++++++[0m| 
index-sha256:c39e2205f87b997d16ca3c252f0a9b6a707dd0bdbe178e3d0eb13f9633d84cc2:    done           |[32m++++++++++++++++++++++++++++++++++++++[0m| 
manifest-sha256:d57ca3414327bce6dabd46ea9ab71afc31aab5bff26208abe8589742c7c184d1: done           |[32m++++++++++++++++++++++++++++++++++++++[0m| 
manifest-sha256:0bf2f4ab1dec7aec500c0ddce00938c939819314daef83c5149e1acb7daf02ad: done           |[32m++++++++++++++++++++++++++++++++++++++[0m| 
layer-sha256:034d6572bf287fa79604fee9be062f0683809ae3a3685bc7b0e17bd1c48c50e8:    exists         |[32m++++++++++++++++++++++++++++++++++++++[0m| 
config-sha256:289bbe53944238bc5ba75ce18f6f7da47babdff9fd29aa9e989ec16d3680d022:   done           |[32m++++++++++++++++++++++++++++++++++++++[0m| 
layer-sha256:50f8c1b424f1f26e8e279fcfb5e3af1d2e8a7c1494f08744bb4bcbdab285f3d4:    done           |[32m++++++++++++++++++++++++++++++++++++++[0m| 
layer-sha256:dd482d345ef78a72e54dc96c818ad2ec5d6c318e392e07029816546a3089ee77:    done           |[32m++++++++++++++++++++++++++++++++++++++[0m| 
layer-sha256:7b9be9eb4297c96c698f5bcdc5a885e322fe6817fc511afc7b09799cfa9d6886:    done           |[32m++++++++++++++++++++++++++++++++++++++[0m| 
layer-sha256:4738c92e4322db8a8bd534eab5bb762acc4a19df4bb96dbb3f5ef3ef77963f0f:    done           |[32m++++++++++++++++++++++++++++++++++++++[0m| 
layer-sha256:dfc90b51dbfaca11daa5562dadaef30c0d48125494e5211a8bf63f4da84e3945:    done           |[32m++++++++++++++++++++++++++++++++++++++[0m| 
layer-sha256:f69f10a900dbee5e29001282c43abef608a5528e1c64d1e29a48bb1da441fe6e:    done           |[32m++++++++++++++++++++++++++++++++++++++[0m| 
layer-sha256:9f45c515d089d32a0760f312e9f5ce2f981ddcebae6136c141414e8e53081413:    done           |[32m++++++++++++++++++++++++++++++++++++++[0m| 
layer-sha256:ae5ac74cdbd9a821bf37a75fd5dd70c83d17c173c1d4de3ac17e58e43198f988:    done           |[32m++++++++++++++++++++++++++++++++++++++[0m| 
layer-sha256:ae19d20d2fa6efc21aec50f6587d04a4c9ec9f4b43b5879baf4de03fa219c523:    done           |[32m++++++++++++++++++++++++++++++++++++++[0m| 
elapsed: 18.0s                                                                    total:  14.0 G (796.7 MiB/s)                                     
+ soci --address /run/containerd/containerd.sock create 172.31.67.78:5000/model-ballast:B-14g --platform linux/amd64
ztoc skipped - layer sha256:034d6572bf287fa79604fee9be062f0683809ae3a3685bc7b0e17bd1c48c50e8 (application/vnd.oci.image.layer.v1.tar+gzip) size 2206402 is less than min-layer-size 10485760
ztoc skipped - layer sha256:dfc90b51dbfaca11daa5562dadaef30c0d48125494e5211a8bf63f4da84e3945 (application/vnd.oci.image.layer.v1.tar+gzip) size 329 is less than min-layer-size 10485760
layer sha256:7b9be9eb4297c96c698f5bcdc5a885e322fe6817fc511afc7b09799cfa9d6886 -> ztoc sha256:8218ef79a66c759774e113016e842265fbfdfc9ba4a886716695918eccaa6992
layer sha256:dd482d345ef78a72e54dc96c818ad2ec5d6c318e392e07029816546a3089ee77 -> ztoc sha256:f5fc58717a32f0dbe18bc8b725b15338316de506e1cd3ef07027170c0746c24e
layer sha256:f69f10a900dbee5e29001282c43abef608a5528e1c64d1e29a48bb1da441fe6e -> ztoc sha256:e47a743bd87ca40d30f238c29928e029dbbbedc45204fe6af986e8e241084d4e
layer sha256:4738c92e4322db8a8bd534eab5bb762acc4a19df4bb96dbb3f5ef3ef77963f0f -> ztoc sha256:0050f736b30dbc52eb2de5037639deacc52d7fd69db01e667468b95800de12c7
layer sha256:ae5ac74cdbd9a821bf37a75fd5dd70c83d17c173c1d4de3ac17e58e43198f988 -> ztoc sha256:ab90828384788c957f105788ad031a9600673b996d495497072405b245440b7f
layer sha256:ae19d20d2fa6efc21aec50f6587d04a4c9ec9f4b43b5879baf4de03fa219c523 -> ztoc sha256:4d6335ab423d28725d34fe85e9dbc6b56a722f06f79bbe18ef165b198f76c092
layer sha256:50f8c1b424f1f26e8e279fcfb5e3af1d2e8a7c1494f08744bb4bcbdab285f3d4 -> ztoc sha256:24adba0c9550397047ad2f017cdd57e95dc6b2f9eff19d87656ec4caea507945
layer sha256:9f45c515d089d32a0760f312e9f5ce2f981ddcebae6136c141414e8e53081413 -> ztoc sha256:3ec9468aceb39caf642037855fb567609c879556b019d7ea71f753a8d11eb59e
+ soci --address /run/containerd/containerd.sock push --plain-http 172.31.67.78:5000/model-ballast:B-14g
checking if a soci index already exists in remote repository...
pushing soci index with digest: sha256:73c9c22f3e70c38502bef0ce298190fee55517d020bb5fd242d05ee7d4369028
pushing artifact with digest: sha256:ab90828384788c957f105788ad031a9600673b996d495497072405b245440b7f
skipped artifact with digest: sha256:44136fa355b3678a1146ad16f7e8649e94fb4fc21fe77e8310c060f61caaff8a
skipped artifact with digest: sha256:0bf2f4ab1dec7aec500c0ddce00938c939819314daef83c5149e1acb7daf02ad
pushing artifact with digest: sha256:24adba0c9550397047ad2f017cdd57e95dc6b2f9eff19d87656ec4caea507945
pushing artifact with digest: sha256:3ec9468aceb39caf642037855fb567609c879556b019d7ea71f753a8d11eb59e
successfully pushed artifact with digest: sha256:ab90828384788c957f105788ad031a9600673b996d495497072405b245440b7f
successfully pushed artifact with digest: sha256:24adba0c9550397047ad2f017cdd57e95dc6b2f9eff19d87656ec4caea507945
successfully pushed artifact with digest: sha256:3ec9468aceb39caf642037855fb567609c879556b019d7ea71f753a8d11eb59e
pushing artifact with digest: sha256:4d6335ab423d28725d34fe85e9dbc6b56a722f06f79bbe18ef165b198f76c092
pushing artifact with digest: sha256:8218ef79a66c759774e113016e842265fbfdfc9ba4a886716695918eccaa6992
pushing artifact with digest: sha256:0050f736b30dbc52eb2de5037639deacc52d7fd69db01e667468b95800de12c7
successfully pushed artifact with digest: sha256:0050f736b30dbc52eb2de5037639deacc52d7fd69db01e667468b95800de12c7
successfully pushed artifact with digest: sha256:8218ef79a66c759774e113016e842265fbfdfc9ba4a886716695918eccaa6992
pushing artifact with digest: sha256:e47a743bd87ca40d30f238c29928e029dbbbedc45204fe6af986e8e241084d4e
pushing artifact with digest: sha256:f5fc58717a32f0dbe18bc8b725b15338316de506e1cd3ef07027170c0746c24e
successfully pushed artifact with digest: sha256:4d6335ab423d28725d34fe85e9dbc6b56a722f06f79bbe18ef165b198f76c092
successfully pushed artifact with digest: sha256:e47a743bd87ca40d30f238c29928e029dbbbedc45204fe6af986e8e241084d4e
successfully pushed artifact with digest: sha256:f5fc58717a32f0dbe18bc8b725b15338316de506e1cd3ef07027170c0746c24e
pushing artifact with digest: sha256:73c9c22f3e70c38502bef0ce298190fee55517d020bb5fd242d05ee7d4369028
successfully pushed artifact with digest: sha256:73c9c22f3e70c38502bef0ce298190fee55517d020bb5fd242d05ee7d4369028
