ts_epoch,iso,loop,file,bytes,ms,errno
1789254259.764249,2026-09-12T23:04:19Z,0,ballast-10.bin,536870912,476.244,
1789254260.240581,2026-09-12T23:04:20Z,0,ballast-19.bin,536870912,459.323,
1789254260.699973,2026-09-12T23:04:20Z,0,ballast-14.bin,536870912,459.723,
1789254261.159766,2026-09-12T23:04:21Z,0,ballast-33.bin,536870912,465.803,
1789254261.625640,2026-09-12T23:04:21Z,0,ballast-17.bin,536870912,457.114,
1789254262.082831,2026-09-12T23:04:22Z,0,ballast-34.bin,536870912,480.533,
1789254262.563435,2026-09-12T23:04:22Z,0,ballast-40.bin,536870912,459.316,
1789254263.022820,2026-09-12T23:04:23Z,0,ballast-27.bin,536870912,556.598,
1789254263.579499,2026-09-12T23:04:23Z,0,ballast-13.bin,536870912,602.602,
1789254264.182169,2026-09-12T23:04:24Z,0,ballast-39.bin,536870912,614.044,
1789254264.796287,2026-09-12T23:04:24Z,0,ballast-9.bin,536870912,599.344,
1789254265.395729,2026-09-12T23:04:25Z,0,ballast-11.bin,536870912,561.959,
1789254265.957759,2026-09-12T23:04:25Z,0,ballast-2.bin,536870912,615.692,
1789254266.573558,2026-09-12T23:04:26Z,0,ballast-18.bin,536870912,590.246,
1789254267.163888,2026-09-12T23:04:27Z,0,ballast-22.bin,536870912,640.757,
1789254267.804722,2026-09-12T23:04:27Z,0,ballast-24.bin,536870912,450.244,
1789254268.255043,2026-09-12T23:04:28Z,0,ballast-28.bin,536870912,452.358,
1789254268.707482,2026-09-12T23:04:28Z,0,ballast-4.bin,536870912,454.072,
1789254269.161623,2026-09-12T23:04:29Z,0,ballast-35.bin,536870912,611.632,
1789254269.773361,2026-09-12T23:04:29Z,0,ballast-36.bin,536870912,1098.230,
1789254270.871663,2026-09-12T23:04:30Z,0,ballast-5.bin,536870912,456.336,
1789254271.328078,2026-09-12T23:04:31Z,0,ballast-15.bin,536870912,988.078,
1789254272.316228,2026-09-12T23:04:32Z,0,ballast-25.bin,536870912,447.928,
1789254272.764224,2026-09-12T23:04:32Z,0,ballast-32.bin,536870912,443.454,
1789254273.207746,2026-09-12T23:04:33Z,0,ballast-20.bin,536870912,477.453,
1789254273.685269,2026-09-12T23:04:33Z,0,ballast-21.bin,536870912,1041.212,
1789254274.726558,2026-09-12T23:04:34Z,0,ballast-12.bin,536870912,888.124,
1789254275.614757,2026-09-12T23:04:35Z,0,ballast-30.bin,536870912,470.435,
1789254276.085276,2026-09-12T23:04:36Z,0,ballast-26.bin,536870912,481.626,
1789254276.566972,2026-09-12T23:04:36Z,0,ballast-31.bin,536870912,456.000,
1789254277.023042,2026-09-12T23:04:37Z,0,ballast-38.bin,536870912,449.872,
1789254277.472982,2026-09-12T23:04:37Z,0,ballast-16.bin,536870912,453.309,
1789254277.926381,2026-09-12T23:04:37Z,0,ballast-23.bin,536870912,449.206,
1789254278.375658,2026-09-12T23:04:38Z,0,ballast-7.bin,536870912,858.173,
1789254279.233904,2026-09-12T23:04:39Z,0,ballast-37.bin,536870912,566.374,
1789254279.800362,2026-09-12T23:04:39Z,0,ballast-3.bin,536870912,452.196,
1789254280.252627,2026-09-12T23:04:40Z,0,ballast-6.bin,536870912,542.851,
1789254280.795558,2026-09-12T23:04:40Z,0,ballast-1.bin,536870912,484.385,
1789254281.280021,2026-09-12T23:04:41Z,0,ballast-8.bin,536870912,774.415,
1789254282.054509,2026-09-12T23:04:42Z,0,ballast-29.bin,536870912,980.760,
1789254283.035398,2026-09-12T23:04:43Z,1,ballast-34.bin,536870912,708.965,
1789254283.744432,2026-09-12T23:04:43Z,1,ballast-12.bin,536870912,457.910,
1789254284.202413,2026-09-12T23:04:44Z,1,ballast-14.bin,536870912,484.846,
1789254284.687343,2026-09-12T23:04:44Z,1,ballast-17.bin,536870912,456.835,
1789254285.144253,2026-09-12T23:04:45Z,1,ballast-10.bin,536870912,450.670,
1789254285.594993,2026-09-12T23:04:45Z,1,ballast-4.bin,536870912,451.104,
1789254286.046168,2026-09-12T23:04:46Z,1,ballast-15.bin,536870912,550.681,
1789254286.596918,2026-09-12T23:04:46Z,1,ballast-8.bin,536870912,460.843,
1789254287.057834,2026-09-12T23:04:47Z,1,ballast-40.bin,536870912,1412.334,
1789254288.470243,2026-09-12T23:04:48Z,1,ballast-37.bin,536870912,467.882,
1789254288.938194,2026-09-12T23:04:48Z,1,ballast-9.bin,536870912,454.333,
1789254289.392596,2026-09-12T23:04:49Z,1,ballast-28.bin,536870912,456.246,
1789254289.848915,2026-09-12T23:04:49Z,1,ballast-25.bin,536870912,462.863,
1789254290.311848,2026-09-12T23:04:50Z,1,ballast-21.bin,536870912,450.244,
1789254290.762163,2026-09-12T23:04:50Z,1,ballast-39.bin,536870912,457.301,
1789254291.219546,2026-09-12T23:04:51Z,1,ballast-29.bin,536870912,462.911,
1789254291.682527,2026-09-12T23:04:51Z,1,ballast-7.bin,536870912,447.432,
1789254292.130027,2026-09-12T23:04:52Z,1,ballast-26.bin,536870912,455.796,
1789254292.585896,2026-09-12T23:04:52Z,1,ballast-24.bin,536870912,460.989,
1789254293.046957,2026-09-12T23:04:53Z,1,ballast-27.bin,536870912,486.564,
1789254293.533591,2026-09-12T23:04:53Z,1,ballast-19.bin,536870912,550.949,
1789254294.084612,2026-09-12T23:04:54Z,1,ballast-3.bin,536870912,451.170,
1789254294.535853,2026-09-12T23:04:54Z,1,ballast-33.bin,536870912,451.645,
1789254294.987578,2026-09-12T23:04:54Z,1,ballast-6.bin,536870912,450.146,
1789254295.437795,2026-09-12T23:04:55Z,1,ballast-35.bin,536870912,452.464,
1789254295.890351,2026-09-12T23:04:55Z,1,ballast-22.bin,536870912,471.305,
1789254296.361724,2026-09-12T23:04:56Z,1,ballast-36.bin,536870912,462.156,
1789254296.823951,2026-09-12T23:04:56Z,1,ballast-38.bin,536870912,458.396,
1789254297.282415,2026-09-12T23:04:57Z,1,ballast-32.bin,536870912,459.636,
1789254297.742128,2026-09-12T23:04:57Z,1,ballast-11.bin,536870912,463.801,
1789254298.206000,2026-09-12T23:04:58Z,1,ballast-1.bin,536870912,466.575,
1789254298.672647,2026-09-12T23:04:58Z,1,ballast-5.bin,536870912,469.262,
1789254299.141982,2026-09-12T23:04:59Z,1,ballast-2.bin,536870912,623.259,
1789254299.765422,2026-09-12T23:04:59Z,1,ballast-30.bin,536870912,605.976,
1789254300.371470,2026-09-12T23:05:00Z,1,ballast-13.bin,536870912,764.891,
1789254301.136438,2026-09-12T23:05:01Z,1,ballast-16.bin,536870912,458.322,
1789254301.594829,2026-09-12T23:05:01Z,1,ballast-18.bin,536870912,471.127,
1789254302.066034,2026-09-12T23:05:02Z,1,ballast-23.bin,536870912,455.549,
1789254302.521653,2026-09-12T23:05:02Z,1,ballast-31.bin,536870912,446.749,
1789254302.968473,2026-09-12T23:05:02Z,1,ballast-20.bin,536870912,487.389,
1789254303.455959,2026-09-12T23:05:03Z,2,ballast-5.bin,536870912,457.147,
1789254303.913184,2026-09-12T23:05:03Z,2,ballast-1.bin,536870912,457.493,
1789254304.370745,2026-09-12T23:05:04Z,2,ballast-21.bin,536870912,456.733,
1789254304.827558,2026-09-12T23:05:04Z,2,ballast-31.bin,536870912,465.158,
1789254305.292784,2026-09-12T23:05:05Z,2,ballast-36.bin,536870912,459.465,
1789254305.752335,2026-09-12T23:05:05Z,2,ballast-35.bin,536870912,460.446,
1789254306.212857,2026-09-12T23:05:06Z,2,ballast-11.bin,536870912,456.340,
1789254306.669266,2026-09-12T23:05:06Z,2,ballast-14.bin,536870912,450.897,
1789254307.120234,2026-09-12T23:05:07Z,2,ballast-8.bin,536870912,450.199,
1789254307.570500,2026-09-12T23:05:07Z,2,ballast-12.bin,536870912,454.841,
1789254308.025415,2026-09-12T23:05:08Z,2,ballast-18.bin,536870912,581.270,
1789254308.606751,2026-09-12T23:05:08Z,2,ballast-37.bin,536870912,604.892,
1789254309.211715,2026-09-12T23:05:09Z,2,ballast-13.bin,536870912,613.403,
1789254309.825205,2026-09-12T23:05:09Z,2,ballast-24.bin,536870912,619.576,
1789254310.444862,2026-09-12T23:05:10Z,2,ballast-7.bin,536870912,588.439,
1789254311.033411,2026-09-12T23:05:11Z,2,ballast-34.bin,536870912,587.680,
1789254311.621162,2026-09-12T23:05:11Z,2,ballast-4.bin,536870912,609.003,
1789254312.230238,2026-09-12T23:05:12Z,2,ballast-9.bin,536870912,605.543,
1789254312.835855,2026-09-12T23:05:12Z,2,ballast-38.bin,536870912,583.406,
1789254313.419365,2026-09-12T23:05:13Z,2,ballast-33.bin,536870912,651.361,
1789254314.070816,2026-09-12T23:05:14Z,2,ballast-17.bin,536870912,684.323,
1789254314.755229,2026-09-12T23:05:14Z,2,ballast-29.bin,536870912,668.636,
1789254315.423944,2026-09-12T23:05:15Z,2,ballast-6.bin,536870912,455.282,
1789254315.879297,2026-09-12T23:05:15Z,2,ballast-39.bin,536870912,452.404,
1789254316.331770,2026-09-12T23:05:16Z,2,ballast-28.bin,536870912,694.606,
1789254317.026458,2026-09-12T23:05:17Z,2,ballast-26.bin,536870912,545.759,
1789254317.572293,2026-09-12T23:05:17Z,2,ballast-2.bin,536870912,461.937,
1789254318.034307,2026-09-12T23:05:18Z,2,ballast-16.bin,536870912,464.475,
1789254318.498858,2026-09-12T23:05:18Z,2,ballast-15.bin,536870912,461.144,
1789254318.960071,2026-09-12T23:05:18Z,2,ballast-27.bin,536870912,738.875,
1789254319.699017,2026-09-12T23:05:19Z,2,ballast-19.bin,536870912,622.693,
1789254320.321781,2026-09-12T23:05:20Z,2,ballast-22.bin,536870912,650.908,
1789254320.972758,2026-09-12T23:05:20Z,2,ballast-32.bin,536870912,453.223,
1789254321.426050,2026-09-12T23:05:21Z,2,ballast-23.bin,536870912,462.176,
1789254321.888295,2026-09-12T23:05:21Z,2,ballast-25.bin,536870912,455.976,
1789254322.344361,2026-09-12T23:05:22Z,2,ballast-3.bin,536870912,455.742,
1789254322.800178,2026-09-12T23:05:22Z,2,ballast-30.bin,536870912,448.589,
1789254323.248838,2026-09-12T23:05:23Z,2,ballast-40.bin,536870912,460.637,
1789254323.709545,2026-09-12T23:05:23Z,2,ballast-20.bin,536870912,452.513,
1789254324.162127,2026-09-12T23:05:24Z,2,ballast-10.bin,536870912,460.788,
1789254324.623013,2026-09-12T23:05:24Z,3,ballast-22.bin,536870912,464.937,
1789254325.088022,2026-09-12T23:05:25Z,3,ballast-24.bin,536870912,456.809,
1789254325.544908,2026-09-12T23:05:25Z,3,ballast-1.bin,536870912,491.330,
1789254326.036351,2026-09-12T23:05:26Z,3,ballast-36.bin,536870912,611.799,
1789254326.648241,2026-09-12T23:05:26Z,3,ballast-34.bin,536870912,642.720,
1789254327.291044,2026-09-12T23:05:27Z,3,ballast-16.bin,536870912,620.466,
1789254327.911622,2026-09-12T23:05:27Z,3,ballast-13.bin,536870912,616.201,
1789254328.527907,2026-09-12T23:05:28Z,3,ballast-33.bin,536870912,690.655,
1789254329.218635,2026-09-12T23:05:29Z,3,ballast-12.bin,536870912,647.745,
1789254329.866486,2026-09-12T23:05:29Z,3,ballast-39.bin,536870912,627.422,
1789254330.493981,2026-09-12T23:05:30Z,3,ballast-25.bin,536870912,657.127,
1789254331.151179,2026-09-12T23:05:31Z,3,ballast-20.bin,536870912,638.554,
1789254331.789809,2026-09-12T23:05:31Z,3,ballast-31.bin,536870912,646.839,
1789254332.436759,2026-09-12T23:05:32Z,3,ballast-27.bin,536870912,640.400,
1789254333.077235,2026-09-12T23:05:33Z,3,ballast-4.bin,536870912,628.405,
1789254333.705715,2026-09-12T23:05:33Z,3,ballast-14.bin,536870912,664.318,
1789254334.370104,2026-09-12T23:05:34Z,3,ballast-19.bin,536870912,645.251,
1789254335.015430,2026-09-12T23:05:35Z,3,ballast-9.bin,536870912,629.659,
1789254335.645173,2026-09-12T23:05:35Z,3,ballast-23.bin,536870912,664.447,
1789254336.309708,2026-09-12T23:05:36Z,3,ballast-15.bin,536870912,653.060,
1789254336.962855,2026-09-12T23:05:36Z,3,ballast-28.bin,536870912,612.925,
1789254337.575863,2026-09-12T23:05:37Z,3,ballast-40.bin,536870912,986.258,
1789254338.562191,2026-09-12T23:05:38Z,3,ballast-3.bin,536870912,2665.090,
1789254341.227366,2026-09-12T23:05:41Z,3,ballast-17.bin,536870912,472.680,
1789254341.700116,2026-09-12T23:05:41Z,3,ballast-8.bin,536870912,452.968,
1789254342.153151,2026-09-12T23:05:42Z,3,ballast-30.bin,536870912,454.856,
1789254342.608088,2026-09-12T23:05:42Z,3,ballast-32.bin,536870912,449.652,
1789254343.057809,2026-09-12T23:05:43Z,3,ballast-37.bin,536870912,491.567,
1789254343.549454,2026-09-12T23:05:43Z,3,ballast-35.bin,536870912,614.227,
1789254344.163756,2026-09-12T23:05:44Z,3,ballast-2.bin,536870912,561.600,
1789254344.725429,2026-09-12T23:05:44Z,3,ballast-7.bin,536870912,557.447,
1789254345.282963,2026-09-12T23:05:45Z,3,ballast-26.bin,536870912,457.856,
1789254345.740890,2026-09-12T23:05:45Z,3,ballast-6.bin,536870912,491.653,
1789254346.232620,2026-09-12T23:05:46Z,3,ballast-5.bin,536870912,493.316,
1789254346.726010,2026-09-12T23:05:46Z,3,ballast-29.bin,536870912,499.695,
1789254347.225778,2026-09-12T23:05:47Z,3,ballast-21.bin,536870912,598.990,
1789254347.824839,2026-09-12T23:05:47Z,3,ballast-10.bin,536870912,456.902,
1789254348.281817,2026-09-12T23:05:48Z,3,ballast-18.bin,536870912,458.992,
1789254348.740879,2026-09-12T23:05:48Z,3,ballast-38.bin,536870912,454.776,
1789254349.195720,2026-09-12T23:05:49Z,3,ballast-11.bin,536870912,466.236,
1789254349.662042,2026-09-12T23:05:49Z,4,ballast-36.bin,536870912,730.010,
1789254350.392121,2026-09-12T23:05:50Z,4,ballast-21.bin,536870912,456.361,
1789254350.848554,2026-09-12T23:05:50Z,4,ballast-13.bin,536870912,453.042,
1789254351.301665,2026-09-12T23:05:51Z,4,ballast-16.bin,536870912,455.334,
1789254351.757069,2026-09-12T23:05:51Z,4,ballast-8.bin,536870912,830.223,
1789254352.587382,2026-09-12T23:05:52Z,4,ballast-19.bin,536870912,457.545,
1789254353.044993,2026-09-12T23:05:53Z,4,ballast-24.bin,536870912,453.423,
1789254353.498484,2026-09-12T23:05:53Z,4,ballast-37.bin,536870912,462.296,
1789254353.960850,2026-09-12T23:05:53Z,4,ballast-26.bin,536870912,456.988,
1789254354.417907,2026-09-12T23:05:54Z,4,ballast-14.bin,536870912,465.729,
1789254354.883709,2026-09-12T23:05:54Z,4,ballast-39.bin,536870912,453.135,
1789254355.336915,2026-09-12T23:05:55Z,4,ballast-33.bin,536870912,453.991,
1789254355.790976,2026-09-12T23:05:55Z,4,ballast-12.bin,536870912,460.183,
1789254356.251226,2026-09-12T23:05:56Z,4,ballast-15.bin,536870912,451.404,
1789254356.702702,2026-09-12T23:05:56Z,4,ballast-17.bin,536870912,453.026,
1789254357.155807,2026-09-12T23:05:57Z,4,ballast-29.bin,536870912,480.904,
1789254357.636787,2026-09-12T23:05:57Z,4,ballast-7.bin,536870912,664.950,
1789254358.301809,2026-09-12T23:05:58Z,4,ballast-27.bin,536870912,449.996,
1789254358.751872,2026-09-12T23:05:58Z,4,ballast-25.bin,536870912,449.828,
1789254359.201776,2026-09-12T23:05:59Z,4,ballast-30.bin,536870912,456.354,
1789254359.658194,2026-09-12T23:05:59Z,4,ballast-1.bin,536870912,1320.510,
1789254360.978775,2026-09-12T23:06:00Z,4,ballast-28.bin,536870912,464.038,
1789254361.442883,2026-09-12T23:06:01Z,4,ballast-11.bin,536870912,455.378,
1789254361.898361,2026-09-12T23:06:01Z,4,ballast-38.bin,536870912,452.523,
1789254362.350956,2026-09-12T23:06:02Z,4,ballast-3.bin,536870912,450.858,
1789254362.801885,2026-09-12T23:06:02Z,4,ballast-18.bin,536870912,455.421,
1789254363.257432,2026-09-12T23:06:03Z,4,ballast-34.bin,536870912,509.503,
1789254363.767003,2026-09-12T23:06:03Z,4,ballast-6.bin,536870912,454.830,
1789254364.221904,2026-09-12T23:06:04Z,4,ballast-40.bin,536870912,461.822,
1789254364.683796,2026-09-12T23:06:04Z,4,ballast-2.bin,536870912,462.934,
1789254365.146802,2026-09-12T23:06:05Z,4,ballast-5.bin,536870912,460.455,
1789254365.607344,2026-09-12T23:06:05Z,4,ballast-9.bin,536870912,453.583,
1789254366.060996,2026-09-12T23:06:06Z,4,ballast-22.bin,536870912,477.760,
1789254366.538829,2026-09-12T23:06:06Z,4,ballast-31.bin,536870912,470.437,
1789254367.009363,2026-09-12T23:06:07Z,4,ballast-32.bin,536870912,454.315,
1789254367.463748,2026-09-12T23:06:07Z,4,ballast-10.bin,536870912,1728.459,
1789254369.192300,2026-09-12T23:06:09Z,4,ballast-35.bin,536870912,466.984,
1789254369.659365,2026-09-12T23:06:09Z,4,ballast-23.bin,536870912,476.990,
1789254370.136427,2026-09-12T23:06:10Z,4,ballast-4.bin,536870912,495.525,
1789254370.632024,2026-09-12T23:06:10Z,4,ballast-20.bin,536870912,474.729,
1789254371.106853,2026-09-12T23:06:11Z,5,ballast-40.bin,536870912,455.197,
1789254371.562116,2026-09-12T23:06:11Z,5,ballast-28.bin,536870912,454.950,
1789254372.017143,2026-09-12T23:06:12Z,5,ballast-32.bin,536870912,449.301,
1789254372.466519,2026-09-12T23:06:12Z,5,ballast-9.bin,536870912,461.659,
1789254372.928250,2026-09-12T23:06:12Z,5,ballast-33.bin,536870912,447.983,
1789254373.376302,2026-09-12T23:06:13Z,5,ballast-4.bin,536870912,461.965,
1789254373.838360,2026-09-12T23:06:13Z,5,ballast-20.bin,536870912,472.810,
1789254374.311241,2026-09-12T23:06:14Z,5,ballast-24.bin,536870912,456.656,
1789254374.767964,2026-09-12T23:06:14Z,5,ballast-21.bin,536870912,460.237,
1789254375.228269,2026-09-12T23:06:15Z,5,ballast-29.bin,536870912,548.100,
1789254375.776459,2026-09-12T23:06:15Z,5,ballast-11.bin,536870912,599.208,
1789254376.375738,2026-09-12T23:06:16Z,5,ballast-14.bin,536870912,582.472,
1789254376.958304,2026-09-12T23:06:16Z,5,ballast-5.bin,536870912,590.630,
1789254377.549021,2026-09-12T23:06:17Z,5,ballast-31.bin,536870912,608.090,
1789254378.157193,2026-09-12T23:06:18Z,5,ballast-22.bin,536870912,596.570,
1789254378.753860,2026-09-12T23:06:18Z,5,ballast-3.bin,536870912,588.908,
1789254379.342842,2026-09-12T23:06:19Z,5,ballast-1.bin,536870912,566.307,
1789254379.909223,2026-09-12T23:06:19Z,5,ballast-30.bin,536870912,566.271,
1789254380.475591,2026-09-12T23:06:20Z,5,ballast-37.bin,536870912,572.093,
1789254381.047775,2026-09-12T23:06:21Z,5,ballast-6.bin,536870912,603.288,
1789254381.651139,2026-09-12T23:06:21Z,5,ballast-16.bin,536870912,619.718,
1789254382.270945,2026-09-12T23:06:22Z,5,ballast-35.bin,536870912,635.442,
1789254382.906481,2026-09-12T23:06:22Z,5,ballast-15.bin,536870912,633.016,
1789254383.539578,2026-09-12T23:06:23Z,5,ballast-12.bin,536870912,641.385,
1789254384.181034,2026-09-12T23:06:24Z,5,ballast-2.bin,536870912,449.685,
1789254384.630786,2026-09-12T23:06:24Z,5,ballast-13.bin,536870912,473.856,
1789254385.104713,2026-09-12T23:06:25Z,5,ballast-19.bin,536870912,823.031,
1789254385.927814,2026-09-12T23:06:25Z,5,ballast-38.bin,536870912,451.833,
1789254386.379719,2026-09-12T23:06:26Z,5,ballast-23.bin,536870912,444.914,
1789254386.824703,2026-09-12T23:06:26Z,5,ballast-10.bin,536870912,482.733,
1789254387.307504,2026-09-12T23:06:27Z,5,ballast-7.bin,536870912,445.014,
1789254387.752589,2026-09-12T23:06:27Z,5,ballast-36.bin,536870912,444.424,
1789254388.197083,2026-09-12T23:06:28Z,5,ballast-25.bin,536870912,444.564,
1789254388.641725,2026-09-12T23:06:28Z,5,ballast-8.bin,536870912,448.328,
1789254389.090128,2026-09-12T23:06:29Z,5,ballast-34.bin,536870912,445.346,
1789254389.535554,2026-09-12T23:06:29Z,5,ballast-39.bin,536870912,447.840,
1789254389.983464,2026-09-12T23:06:29Z,5,ballast-26.bin,536870912,460.301,
1789254390.443840,2026-09-12T23:06:30Z,5,ballast-27.bin,536870912,472.206,
1789254390.916121,2026-09-12T23:06:30Z,5,ballast-18.bin,536870912,455.002,
1789254391.371201,2026-09-12T23:06:31Z,5,ballast-17.bin,536870912,460.164,
1789254391.831460,2026-09-12T23:06:31Z,6,ballast-28.bin,536870912,455.196,
1789254392.286726,2026-09-12T23:06:32Z,6,ballast-8.bin,536870912,590.402,
1789254392.877226,2026-09-12T23:06:32Z,6,ballast-15.bin,536870912,596.037,
1789254393.473458,2026-09-12T23:06:33Z,6,ballast-6.bin,536870912,590.495,
1789254394.064041,2026-09-12T23:06:34Z,6,ballast-7.bin,536870912,609.677,
1789254394.673808,2026-09-12T23:06:34Z,6,ballast-17.bin,536870912,656.939,
1789254395.330841,2026-09-12T23:06:35Z,6,ballast-24.bin,536870912,637.742,
1789254395.968652,2026-09-12T23:06:35Z,6,ballast-38.bin,536870912,463.632,
1789254396.432420,2026-09-12T23:06:36Z,6,ballast-13.bin,536870912,457.575,
1789254396.890064,2026-09-12T23:06:36Z,6,ballast-33.bin,536870912,448.452,
1789254397.338583,2026-09-12T23:06:37Z,6,ballast-40.bin,536870912,451.849,
1789254397.790522,2026-09-12T23:06:37Z,6,ballast-20.bin,536870912,471.615,
1789254398.262206,2026-09-12T23:06:38Z,6,ballast-9.bin,536870912,451.931,
1789254398.714207,2026-09-12T23:06:38Z,6,ballast-29.bin,536870912,446.242,
1789254399.160519,2026-09-12T23:06:39Z,6,ballast-25.bin,536870912,446.878,
1789254399.607469,2026-09-12T23:06:39Z,6,ballast-18.bin,536870912,452.329,
1789254400.059868,2026-09-12T23:06:40Z,6,ballast-21.bin,536870912,921.408,
1789254400.981380,2026-09-12T23:06:40Z,6,ballast-36.bin,536870912,451.204,
1789254401.432655,2026-09-12T23:06:41Z,6,ballast-10.bin,536870912,445.642,
1789254401.878384,2026-09-12T23:06:41Z,6,ballast-27.bin,536870912,445.453,
1789254402.323906,2026-09-12T23:06:42Z,6,ballast-37.bin,536870912,445.124,
1789254402.769099,2026-09-12T23:06:42Z,6,ballast-19.bin,536870912,447.871,
1789254403.217039,2026-09-12T23:06:43Z,6,ballast-5.bin,536870912,456.666,
1789254403.673774,2026-09-12T23:06:43Z,6,ballast-3.bin,536870912,452.576,
1789254404.126419,2026-09-12T23:06:44Z,6,ballast-16.bin,536870912,458.955,
1789254404.585442,2026-09-12T23:06:44Z,6,ballast-32.bin,536870912,444.462,
1789254405.029979,2026-09-12T23:06:45Z,6,ballast-12.bin,536870912,449.178,
1789254405.479227,2026-09-12T23:06:45Z,6,ballast-1.bin,536870912,447.800,
1789254405.927093,2026-09-12T23:06:45Z,6,ballast-4.bin,536870912,601.839,
1789254406.529006,2026-09-12T23:06:46Z,6,ballast-26.bin,536870912,644.263,
1789254407.173361,2026-09-12T23:06:47Z,6,ballast-22.bin,536870912,448.832,
1789254407.622259,2026-09-12T23:06:47Z,6,ballast-35.bin,536870912,446.529,
1789254408.068858,2026-09-12T23:06:48Z,6,ballast-2.bin,536870912,455.218,
1789254408.524149,2026-09-12T23:06:48Z,6,ballast-31.bin,536870912,456.490,
1789254408.980716,2026-09-12T23:06:48Z,6,ballast-30.bin,536870912,448.973,
1789254409.429762,2026-09-12T23:06:49Z,6,ballast-34.bin,536870912,451.908,
1789254409.881742,2026-09-12T23:06:49Z,6,ballast-11.bin,536870912,508.761,
1789254410.390574,2026-09-12T23:06:50Z,6,ballast-14.bin,536870912,454.694,
1789254410.845363,2026-09-12T23:06:50Z,6,ballast-23.bin,536870912,693.347,
1789254411.538778,2026-09-12T23:06:51Z,6,ballast-39.bin,536870912,456.521,
1789254411.995421,2026-09-12T23:06:51Z,7,ballast-29.bin,536870912,457.140,
1789254412.452630,2026-09-12T23:06:52Z,7,ballast-25.bin,536870912,459.068,
1789254412.911786,2026-09-12T23:06:52Z,7,ballast-33.bin,536870912,465.461,
1789254413.377336,2026-09-12T23:06:53Z,7,ballast-18.bin,536870912,468.156,
1789254413.845566,2026-09-12T23:06:53Z,7,ballast-15.bin,536870912,467.828,
1789254414.313468,2026-09-12T23:06:54Z,7,ballast-30.bin,536870912,468.466,
1789254414.782003,2026-09-12T23:06:54Z,7,ballast-19.bin,536870912,452.442,
1789254415.234515,2026-09-12T23:06:55Z,7,ballast-26.bin,536870912,608.295,
1789254415.842886,2026-09-12T23:06:55Z,7,ballast-32.bin,536870912,449.662,
1789254416.292616,2026-09-12T23:06:56Z,7,ballast-40.bin,536870912,453.022,
1789254416.745708,2026-09-12T23:06:56Z,7,ballast-4.bin,536870912,452.363,
1789254417.198138,2026-09-12T23:06:57Z,7,ballast-35.bin,536870912,460.282,
1789254417.658485,2026-09-12T23:06:57Z,7,ballast-37.bin,536870912,456.848,
1789254418.115405,2026-09-12T23:06:58Z,7,ballast-20.bin,536870912,459.387,
1789254418.574863,2026-09-12T23:06:58Z,7,ballast-23.bin,536870912,458.864,
1789254419.033798,2026-09-12T23:06:59Z,7,ballast-10.bin,536870912,461.386,
1789254419.495265,2026-09-12T23:06:59Z,7,ballast-3.bin,536870912,453.753,
1789254419.949089,2026-09-12T23:06:59Z,7,ballast-21.bin,536870912,456.960,
1789254420.406124,2026-09-12T23:07:00Z,7,ballast-14.bin,536870912,516.772,
1789254420.922972,2026-09-12T23:07:00Z,7,ballast-12.bin,536870912,615.443,
1789254421.538493,2026-09-12T23:07:01Z,7,ballast-39.bin,536870912,644.868,
1789254422.183449,2026-09-12T23:07:02Z,7,ballast-11.bin,536870912,649.079,
1789254422.832618,2026-09-12T23:07:02Z,7,ballast-5.bin,536870912,628.290,
1789254423.461007,2026-09-12T23:07:03Z,7,ballast-27.bin,536870912,565.818,
1789254424.026899,2026-09-12T23:07:04Z,7,ballast-7.bin,536870912,456.219,
1789254424.483190,2026-09-12T23:07:04Z,7,ballast-31.bin,536870912,453.898,
1789254424.937160,2026-09-12T23:07:04Z,7,ballast-22.bin,536870912,471.872,
1789254425.409103,2026-09-12T23:07:05Z,7,ballast-2.bin,536870912,453.947,
1789254425.863124,2026-09-12T23:07:05Z,7,ballast-13.bin,536870912,459.307,
1789254426.322502,2026-09-12T23:07:06Z,7,ballast-1.bin,536870912,455.296,
1789254426.777873,2026-09-12T23:07:06Z,7,ballast-28.bin,536870912,455.603,
1789254427.233549,2026-09-12T23:07:07Z,7,ballast-9.bin,536870912,466.049,
1789254427.699667,2026-09-12T23:07:07Z,7,ballast-24.bin,536870912,453.425,
1789254428.153158,2026-09-12T23:07:08Z,7,ballast-17.bin,536870912,453.776,
1789254428.607004,2026-09-12T23:07:08Z,7,ballast-16.bin,536870912,573.508,
1789254429.180590,2026-09-12T23:07:09Z,7,ballast-8.bin,536870912,607.963,
1789254429.788637,2026-09-12T23:07:09Z,7,ballast-36.bin,536870912,584.801,
1789254430.373508,2026-09-12T23:07:10Z,7,ballast-38.bin,536870912,633.565,
1789254431.007160,2026-09-12T23:07:11Z,7,ballast-34.bin,536870912,598.342,
1789254431.605588,2026-09-12T23:07:11Z,7,ballast-6.bin,536870912,624.310,
1789254432.229990,2026-09-12T23:07:12Z,8,ballast-34.bin,536870912,637.273,
1789254432.867377,2026-09-12T23:07:12Z,8,ballast-8.bin,536870912,613.815,
1789254433.481289,2026-09-12T23:07:13Z,8,ballast-4.bin,536870912,626.952,
1789254434.108311,2026-09-12T23:07:14Z,8,ballast-33.bin,536870912,599.975,
1789254434.708377,2026-09-12T23:07:14Z,8,ballast-28.bin,536870912,607.008,
1789254435.315463,2026-09-12T23:07:15Z,8,ballast-27.bin,536870912,643.971,
1789254435.959766,2026-09-12T23:07:15Z,8,ballast-37.bin,536870912,652.395,
1789254436.612252,2026-09-12T23:07:16Z,8,ballast-14.bin,536870912,673.491,
1789254437.285843,2026-09-12T23:07:17Z,8,ballast-20.bin,536870912,679.784,
1789254437.965703,2026-09-12T23:07:17Z,8,ballast-1.bin,536870912,561.968,
1789254438.527745,2026-09-12T23:07:18Z,8,ballast-7.bin,536870912,452.688,
1789254438.980503,2026-09-12T23:07:18Z,8,ballast-24.bin,536870912,476.776,
1789254439.457370,2026-09-12T23:07:19Z,8,ballast-26.bin,536870912,455.513,
1789254439.912963,2026-09-12T23:07:19Z,8,ballast-6.bin,536870912,462.224,
1789254440.375257,2026-09-12T23:07:20Z,8,ballast-21.bin,536870912,503.392,
1789254440.878724,2026-09-12T23:07:20Z,8,ballast-3.bin,536870912,465.881,
1789254441.344680,2026-09-12T23:07:21Z,8,ballast-12.bin,536870912,466.244,
1789254441.810998,2026-09-12T23:07:21Z,8,ballast-2.bin,536870912,457.910,
1789254442.268978,2026-09-12T23:07:22Z,8,ballast-15.bin,536870912,457.204,
1789254442.726251,2026-09-12T23:07:22Z,8,ballast-22.bin,536870912,454.676,
1789254443.181001,2026-09-12T23:07:23Z,8,ballast-19.bin,536870912,579.776,
1789254443.760849,2026-09-12T23:07:23Z,8,ballast-18.bin,536870912,452.175,
1789254444.213097,2026-09-12T23:07:24Z,8,ballast-36.bin,536870912,457.349,
1789254444.670518,2026-09-12T23:07:24Z,8,ballast-38.bin,536870912,455.436,
1789254445.126024,2026-09-12T23:07:25Z,8,ballast-13.bin,536870912,458.917,
1789254445.585008,2026-09-12T23:07:25Z,8,ballast-29.bin,536870912,475.510,
1789254446.060587,2026-09-12T23:07:26Z,8,ballast-23.bin,536870912,461.748,
1789254446.522404,2026-09-12T23:07:26Z,8,ballast-39.bin,536870912,459.298,
1789254446.981778,2026-09-12T23:07:26Z,8,ballast-25.bin,536870912,451.584,
1789254447.433432,2026-09-12T23:07:27Z,8,ballast-17.bin,536870912,452.959,
1789254447.886461,2026-09-12T23:07:27Z,8,ballast-30.bin,536870912,495.270,
1789254448.381800,2026-09-12T23:07:28Z,8,ballast-40.bin,536870912,451.829,
1789254448.833697,2026-09-12T23:07:28Z,8,ballast-16.bin,536870912,456.833,
1789254449.290599,2026-09-12T23:07:29Z,8,ballast-10.bin,536870912,463.367,
1789254449.754035,2026-09-12T23:07:29Z,8,ballast-5.bin,536870912,454.794,
1789254450.208900,2026-09-12T23:07:30Z,8,ballast-35.bin,536870912,451.478,
1789254450.660446,2026-09-12T23:07:30Z,8,ballast-9.bin,536870912,460.907,
1789254451.121424,2026-09-12T23:07:31Z,8,ballast-32.bin,536870912,1279.922,
1789254452.401416,2026-09-12T23:07:32Z,8,ballast-31.bin,536870912,457.134,
1789254452.858621,2026-09-12T23:07:32Z,8,ballast-11.bin,536870912,452.920,
1789254453.311636,2026-09-12T23:07:33Z,9,ballast-31.bin,536870912,463.348,
1789254453.775056,2026-09-12T23:07:33Z,9,ballast-30.bin,536870912,462.926,
1789254454.238052,2026-09-12T23:07:34Z,9,ballast-37.bin,536870912,459.251,
1789254454.697396,2026-09-12T23:07:34Z,9,ballast-20.bin,536870912,460.227,
1789254455.157695,2026-09-12T23:07:35Z,9,ballast-17.bin,536870912,461.708,
1789254455.619474,2026-09-12T23:07:35Z,9,ballast-26.bin,536870912,454.111,
1789254456.073655,2026-09-12T23:07:36Z,9,ballast-36.bin,536870912,452.253,
1789254456.525975,2026-09-12T23:07:36Z,9,ballast-27.bin,536870912,460.846,
1789254456.986891,2026-09-12T23:07:36Z,9,ballast-11.bin,536870912,487.669,
1789254457.474628,2026-09-12T23:07:37Z,9,ballast-18.bin,536870912,578.566,
1789254458.053264,2026-09-12T23:07:38Z,9,ballast-9.bin,536870912,614.533,
1789254458.667866,2026-09-12T23:07:38Z,9,ballast-15.bin,536870912,608.677,
1789254459.276626,2026-09-12T23:07:39Z,9,ballast-10.bin,536870912,596.985,
1789254459.873691,2026-09-12T23:07:39Z,9,ballast-40.bin,536870912,592.369,
1789254460.466157,2026-09-12T23:07:40Z,9,ballast-13.bin,536870912,598.195,
1789254461.064456,2026-09-12T23:07:41Z,9,ballast-7.bin,536870912,623.347,
1789254461.687886,2026-09-12T23:07:41Z,9,ballast-24.bin,536870912,596.871,
1789254462.284845,2026-09-12T23:07:42Z,9,ballast-3.bin,536870912,596.308,
1789254462.881234,2026-09-12T23:07:42Z,9,ballast-35.bin,536870912,630.996,
1789254463.512330,2026-09-12T23:07:43Z,9,ballast-14.bin,536870912,716.150,
1789254464.228577,2026-09-12T23:07:44Z,9,ballast-33.bin,536870912,668.208,
1789254464.896878,2026-09-12T23:07:44Z,9,ballast-34.bin,536870912,660.241,
1789254465.557208,2026-09-12T23:07:45Z,9,ballast-12.bin,536870912,649.242,
1789254466.206537,2026-09-12T23:07:46Z,9,ballast-1.bin,536870912,669.327,
1789254466.875936,2026-09-12T23:07:46Z,9,ballast-23.bin,536870912,587.394,
1789254467.463409,2026-09-12T23:07:47Z,9,ballast-8.bin,536870912,600.415,
1789254468.063897,2026-09-12T23:07:48Z,9,ballast-21.bin,536870912,513.441,
1789254468.577408,2026-09-12T23:07:48Z,9,ballast-25.bin,536870912,452.542,
1789254469.030022,2026-09-12T23:07:49Z,9,ballast-39.bin,536870912,461.239,
1789254469.491345,2026-09-12T23:07:49Z,9,ballast-16.bin,536870912,449.996,
1789254469.941409,2026-09-12T23:07:49Z,9,ballast-5.bin,536870912,453.632,
1789254470.395117,2026-09-12T23:07:50Z,9,ballast-22.bin,536870912,452.475,
1789254470.847664,2026-09-12T23:07:50Z,9,ballast-28.bin,536870912,460.967,
1789254471.308704,2026-09-12T23:07:51Z,9,ballast-19.bin,536870912,455.441,
1789254471.764213,2026-09-12T23:07:51Z,9,ballast-6.bin,536870912,454.770,
1789254472.219059,2026-09-12T23:07:52Z,9,ballast-29.bin,536870912,453.998,
1789254472.673125,2026-09-12T23:07:52Z,9,ballast-2.bin,536870912,450.724,
1789254473.123923,2026-09-12T23:07:53Z,9,ballast-4.bin,536870912,608.506,
1789254473.732498,2026-09-12T23:07:53Z,9,ballast-32.bin,536870912,782.274,
1789254474.514843,2026-09-12T23:07:54Z,9,ballast-38.bin,536870912,474.319,
1789254474.989252,2026-09-12T23:07:54Z,10,ballast-13.bin,536870912,468.683,
1789254475.458007,2026-09-12T23:07:55Z,10,ballast-5.bin,536870912,471.685,
1789254475.929763,2026-09-12T23:07:55Z,10,ballast-22.bin,536870912,465.225,
1789254476.395057,2026-09-12T23:07:56Z,10,ballast-29.bin,536870912,461.839,
1789254476.856964,2026-09-12T23:07:56Z,10,ballast-28.bin,536870912,462.366,
1789254477.319400,2026-09-12T23:07:57Z,10,ballast-16.bin,536870912,467.896,
1789254477.787383,2026-09-12T23:07:57Z,10,ballast-14.bin,536870912,460.977,
1789254478.248436,2026-09-12T23:07:58Z,10,ballast-36.bin,536870912,456.039,
1789254478.704545,2026-09-12T23:07:58Z,10,ballast-37.bin,536870912,459.863,
1789254479.164478,2026-09-12T23:07:59Z,10,ballast-31.bin,536870912,508.145,
1789254479.672697,2026-09-12T23:07:59Z,10,ballast-38.bin,536870912,651.781,
1789254480.324579,2026-09-12T23:08:00Z,10,ballast-17.bin,536870912,606.881,
1789254480.931538,2026-09-12T23:08:00Z,10,ballast-34.bin,536870912,448.932,
1789254481.380549,2026-09-12T23:08:01Z,10,ballast-3.bin,536870912,459.797,
1789254481.840415,2026-09-12T23:08:01Z,10,ballast-8.bin,536870912,449.699,
1789254482.290187,2026-09-12T23:08:02Z,10,ballast-33.bin,536870912,464.293,
1789254482.754549,2026-09-12T23:08:02Z,10,ballast-9.bin,536870912,452.427,
1789254483.207047,2026-09-12T23:08:03Z,10,ballast-23.bin,536870912,579.757,
1789254483.786874,2026-09-12T23:08:03Z,10,ballast-10.bin,536870912,649.201,
1789254484.436144,2026-09-12T23:08:04Z,10,ballast-11.bin,536870912,456.714,
1789254484.892926,2026-09-12T23:08:04Z,10,ballast-6.bin,536870912,447.896,
1789254485.340891,2026-09-12T23:08:05Z,10,ballast-39.bin,536870912,453.144,
1789254485.794105,2026-09-12T23:08:05Z,10,ballast-12.bin,536870912,452.534,
1789254486.246714,2026-09-12T23:08:06Z,10,ballast-25.bin,536870912,457.471,
1789254486.704261,2026-09-12T23:08:06Z,10,ballast-35.bin,536870912,456.915,
1789254487.161246,2026-09-12T23:08:07Z,10,ballast-30.bin,536870912,483.789,
1789254487.645092,2026-09-12T23:08:07Z,10,ballast-7.bin,536870912,453.963,
1789254488.099128,2026-09-12T23:08:08Z,10,ballast-2.bin,536870912,451.942,
1789254488.551141,2026-09-12T23:08:08Z,10,ballast-20.bin,536870912,458.677,
1789254489.009895,2026-09-12T23:08:09Z,10,ballast-32.bin,536870912,1639.629,
1789254490.649595,2026-09-12T23:08:10Z,10,ballast-4.bin,536870912,461.053,
1789254491.110725,2026-09-12T23:08:11Z,10,ballast-18.bin,536870912,453.641,
1789254491.564436,2026-09-12T23:08:11Z,10,ballast-21.bin,536870912,465.975,
1789254492.030483,2026-09-12T23:08:12Z,10,ballast-1.bin,536870912,456.942,
1789254492.487494,2026-09-12T23:08:12Z,10,ballast-40.bin,536870912,455.933,
1789254492.943498,2026-09-12T23:08:12Z,10,ballast-15.bin,536870912,461.659,
1789254493.405235,2026-09-12T23:08:13Z,10,ballast-24.bin,536870912,451.584,
1789254493.856895,2026-09-12T23:08:13Z,10,ballast-27.bin,536870912,457.787,
1789254494.314754,2026-09-12T23:08:14Z,10,ballast-26.bin,536870912,448.455,
1789254494.763277,2026-09-12T23:08:14Z,10,ballast-19.bin,536870912,448.838,
1789254495.212212,2026-09-12T23:08:15Z,11,ballast-1.bin,536870912,501.029,
1789254495.713555,2026-09-12T23:08:15Z,11,ballast-10.bin,536870912,608.573,
1789254496.322204,2026-09-12T23:08:16Z,11,ballast-3.bin,536870912,592.553,
1789254496.914833,2026-09-12T23:08:16Z,11,ballast-21.bin,536870912,635.243,
1789254497.550159,2026-09-12T23:08:17Z,11,ballast-30.bin,536870912,619.370,
1789254498.169600,2026-09-12T23:08:18Z,11,ballast-14.bin,536870912,591.497,
1789254498.761182,2026-09-12T23:08:18Z,11,ballast-11.bin,536870912,637.946,
1789254499.399196,2026-09-12T23:08:19Z,11,ballast-15.bin,536870912,463.021,
1789254499.862288,2026-09-12T23:08:19Z,11,ballast-27.bin,536870912,473.257,
1789254500.335616,2026-09-12T23:08:20Z,11,ballast-40.bin,536870912,469.344,
1789254500.805029,2026-09-12T23:08:20Z,11,ballast-26.bin,536870912,756.886,
1789254501.561985,2026-09-12T23:08:21Z,11,ballast-39.bin,536870912,457.371,
1789254502.019427,2026-09-12T23:08:22Z,11,ballast-6.bin,536870912,464.634,
1789254502.484129,2026-09-12T23:08:22Z,11,ballast-2.bin,536870912,460.887,
1789254502.945093,2026-09-12T23:08:22Z,11,ballast-12.bin,536870912,492.550,
1789254503.437712,2026-09-12T23:08:23Z,11,ballast-8.bin,536870912,464.782,
1789254503.902565,2026-09-12T23:08:23Z,11,ballast-9.bin,536870912,493.781,
1789254504.396418,2026-09-12T23:08:24Z,11,ballast-25.bin,536870912,458.731,
1789254504.855223,2026-09-12T23:08:24Z,11,ballast-20.bin,536870912,453.103,
1789254505.308397,2026-09-12T23:08:25Z,11,ballast-18.bin,536870912,471.307,
1789254505.779780,2026-09-12T23:08:25Z,11,ballast-35.bin,536870912,483.013,
1789254506.262867,2026-09-12T23:08:26Z,11,ballast-36.bin,536870912,460.765,
1789254506.723702,2026-09-12T23:08:26Z,11,ballast-16.bin,536870912,457.185,
1789254507.180959,2026-09-12T23:08:27Z,11,ballast-4.bin,536870912,450.589,
1789254507.631615,2026-09-12T23:08:27Z,11,ballast-5.bin,536870912,574.380,
1789254508.206068,2026-09-12T23:08:28Z,11,ballast-19.bin,536870912,486.325,
1789254508.692462,2026-09-12T23:08:28Z,11,ballast-13.bin,536870912,447.923,
1789254509.140452,2026-09-12T23:08:29Z,11,ballast-28.bin,536870912,454.880,
1789254509.595402,2026-09-12T23:08:29Z,11,ballast-17.bin,536870912,455.935,
1789254510.051412,2026-09-12T23:08:30Z,11,ballast-22.bin,536870912,455.048,
1789254510.506526,2026-09-12T23:08:30Z,11,ballast-23.bin,536870912,455.009,
1789254510.961603,2026-09-12T23:08:30Z,11,ballast-7.bin,536870912,456.009,
1789254511.417683,2026-09-12T23:08:31Z,11,ballast-24.bin,536870912,458.243,
1789254511.875997,2026-09-12T23:08:31Z,11,ballast-29.bin,536870912,528.996,
1789254512.405063,2026-09-12T23:08:32Z,11,ballast-33.bin,536870912,454.084,
1789254512.859218,2026-09-12T23:08:32Z,11,ballast-37.bin,536870912,458.454,
1789254513.317747,2026-09-12T23:08:33Z,11,ballast-31.bin,536870912,457.814,
1789254513.775632,2026-09-12T23:08:33Z,11,ballast-38.bin,536870912,459.701,
1789254514.235404,2026-09-12T23:08:34Z,11,ballast-32.bin,536870912,444.083,
1789254514.679566,2026-09-12T23:08:34Z,11,ballast-34.bin,536870912,449.385,
1789254515.129045,2026-09-12T23:08:35Z,12,ballast-3.bin,536870912,451.881,
1789254515.580995,2026-09-12T23:08:35Z,12,ballast-40.bin,536870912,450.626,
1789254516.031689,2026-09-12T23:08:36Z,12,ballast-8.bin,536870912,448.802,
1789254516.480558,2026-09-12T23:08:36Z,12,ballast-18.bin,536870912,466.030,
1789254516.946664,2026-09-12T23:08:36Z,12,ballast-16.bin,536870912,495.069,
1789254517.441814,2026-09-12T23:08:37Z,12,ballast-22.bin,536870912,608.608,
1789254518.050514,2026-09-12T23:08:38Z,12,ballast-10.bin,536870912,589.321,
1789254518.639903,2026-09-12T23:08:38Z,12,ballast-12.bin,536870912,632.169,
1789254519.272143,2026-09-12T23:08:39Z,12,ballast-15.bin,536870912,585.252,
1789254519.857467,2026-09-12T23:08:39Z,12,ballast-14.bin,536870912,473.579,
1789254520.331116,2026-09-12T23:08:40Z,12,ballast-36.bin,536870912,452.900,
1789254520.784086,2026-09-12T23:08:40Z,12,ballast-24.bin,536870912,453.075,
1789254521.237233,2026-09-12T23:08:41Z,12,ballast-33.bin,536870912,452.391,
1789254521.689696,2026-09-12T23:08:41Z,12,ballast-19.bin,536870912,448.781,
1789254522.138547,2026-09-12T23:08:42Z,12,ballast-26.bin,536870912,451.285,
1789254522.589903,2026-09-12T23:08:42Z,12,ballast-17.bin,536870912,452.009,
1789254523.041979,2026-09-12T23:08:43Z,12,ballast-2.bin,536870912,457.838,
1789254523.499885,2026-09-12T23:08:43Z,12,ballast-4.bin,536870912,456.050,
1789254523.956008,2026-09-12T23:08:43Z,12,ballast-28.bin,536870912,455.709,
1789254524.411796,2026-09-12T23:08:44Z,12,ballast-27.bin,536870912,505.209,
1789254524.917077,2026-09-12T23:08:44Z,12,ballast-1.bin,536870912,562.816,
1789254525.479962,2026-09-12T23:08:45Z,12,ballast-25.bin,536870912,454.517,
1789254525.934549,2026-09-12T23:08:45Z,12,ballast-37.bin,536870912,532.994,
1789254526.467613,2026-09-12T23:08:46Z,12,ballast-23.bin,536870912,457.063,
1789254526.924749,2026-09-12T23:08:46Z,12,ballast-9.bin,536870912,446.417,
1789254527.371244,2026-09-12T23:08:47Z,12,ballast-32.bin,536870912,449.131,
1789254527.820443,2026-09-12T23:08:47Z,12,ballast-31.bin,536870912,529.644,
1789254528.350157,2026-09-12T23:08:48Z,12,ballast-11.bin,536870912,453.587,
1789254528.803812,2026-09-12T23:08:48Z,12,ballast-39.bin,536870912,448.997,
1789254529.252879,2026-09-12T23:08:49Z,12,ballast-20.bin,536870912,615.871,
1789254529.868827,2026-09-12T23:08:49Z,12,ballast-38.bin,536870912,474.589,
1789254530.343487,2026-09-12T23:08:50Z,12,ballast-13.bin,536870912,481.699,
1789254530.825257,2026-09-12T23:08:50Z,12,ballast-5.bin,536870912,462.845,
1789254531.288172,2026-09-12T23:08:51Z,12,ballast-6.bin,536870912,457.251,
1789254531.745492,2026-09-12T23:08:51Z,12,ballast-30.bin,536870912,755.901,
1789254532.501469,2026-09-12T23:08:52Z,12,ballast-35.bin,536870912,467.656,
1789254532.969202,2026-09-12T23:08:52Z,12,ballast-7.bin,536870912,455.476,
1789254533.424745,2026-09-12T23:08:53Z,12,ballast-34.bin,536870912,460.802,
1789254533.885618,2026-09-12T23:08:53Z,12,ballast-29.bin,536870912,450.993,
1789254534.336683,2026-09-12T23:08:54Z,12,ballast-21.bin,536870912,453.146,
1789254534.789931,2026-09-12T23:08:54Z,13,ballast-24.bin,536870912,460.621,
1789254535.250623,2026-09-12T23:08:55Z,13,ballast-12.bin,536870912,451.471,
1789254535.702165,2026-09-12T23:08:55Z,13,ballast-25.bin,536870912,456.585,
1789254536.158816,2026-09-12T23:08:56Z,13,ballast-37.bin,536870912,451.381,
1789254536.610265,2026-09-12T23:08:56Z,13,ballast-2.bin,536870912,452.773,
1789254537.063112,2026-09-12T23:08:57Z,13,ballast-5.bin,536870912,491.850,
1789254537.555054,2026-09-12T23:08:57Z,13,ballast-18.bin,536870912,1392.202,
1789254538.947346,2026-09-12T23:08:58Z,13,ballast-20.bin,536870912,470.442,
1789254539.417858,2026-09-12T23:08:59Z,13,ballast-23.bin,536870912,456.034,
1789254539.873962,2026-09-12T23:08:59Z,13,ballast-27.bin,536870912,462.585,
1789254540.336616,2026-09-12T23:09:00Z,13,ballast-4.bin,536870912,450.661,
1789254540.787371,2026-09-12T23:09:00Z,13,ballast-1.bin,536870912,453.217,
1789254541.240657,2026-09-12T23:09:01Z,13,ballast-15.bin,536870912,460.242,
1789254541.700967,2026-09-12T23:09:01Z,13,ballast-7.bin,536870912,462.697,
1789254542.163734,2026-09-12T23:09:02Z,13,ballast-3.bin,536870912,449.705,
1789254542.613507,2026-09-12T23:09:02Z,13,ballast-6.bin,536870912,457.902,
1789254543.071477,2026-09-12T23:09:03Z,13,ballast-35.bin,536870912,451.680,
1789254543.523229,2026-09-12T23:09:03Z,13,ballast-8.bin,536870912,483.590,
1789254544.006894,2026-09-12T23:09:04Z,13,ballast-32.bin,536870912,617.292,
1789254544.624275,2026-09-12T23:09:04Z,13,ballast-36.bin,536870912,652.219,
1789254545.276589,2026-09-12T23:09:05Z,13,ballast-38.bin,536870912,603.036,
1789254545.879699,2026-09-12T23:09:05Z,13,ballast-22.bin,536870912,599.911,
1789254546.479683,2026-09-12T23:09:06Z,13,ballast-26.bin,536870912,641.656,
1789254547.121416,2026-09-12T23:09:07Z,13,ballast-34.bin,536870912,602.328,
1789254547.723829,2026-09-12T23:09:07Z,13,ballast-31.bin,536870912,590.661,
1789254548.314570,2026-09-12T23:09:08Z,13,ballast-9.bin,536870912,578.912,
1789254548.893550,2026-09-12T23:09:08Z,13,ballast-30.bin,536870912,443.694,
1789254549.337311,2026-09-12T23:09:09Z,13,ballast-11.bin,536870912,452.658,
1789254549.790042,2026-09-12T23:09:09Z,13,ballast-28.bin,536870912,445.997,
1789254550.236112,2026-09-12T23:09:10Z,13,ballast-17.bin,536870912,450.896,
1789254550.687079,2026-09-12T23:09:10Z,13,ballast-14.bin,536870912,445.215,
1789254551.132375,2026-09-12T23:09:11Z,13,ballast-33.bin,536870912,491.448,
1789254551.623895,2026-09-12T23:09:11Z,13,ballast-29.bin,536870912,1254.816,
1789254552.878780,2026-09-12T23:09:12Z,13,ballast-13.bin,536870912,450.235,
1789254553.329087,2026-09-12T23:09:13Z,13,ballast-10.bin,536870912,452.899,
1789254553.782072,2026-09-12T23:09:13Z,13,ballast-16.bin,536870912,1692.588,
1789254555.474734,2026-09-12T23:09:15Z,13,ballast-21.bin,536870912,452.867,
1789254555.927673,2026-09-12T23:09:15Z,13,ballast-40.bin,536870912,452.612,
1789254556.380395,2026-09-12T23:09:16Z,13,ballast-39.bin,536870912,450.178,
1789254556.830640,2026-09-12T23:09:16Z,13,ballast-19.bin,536870912,514.406,
1789254557.345155,2026-09-12T23:09:17Z,14,ballast-19.bin,536870912,263.384,
1789254557.608607,2026-09-12T23:09:17Z,14,ballast-18.bin,536870912,469.750,
1789254558.078428,2026-09-12T23:09:18Z,14,ballast-13.bin,536870912,466.299,
1789254558.544797,2026-09-12T23:09:18Z,14,ballast-29.bin,536870912,1114.038,
1789254559.658901,2026-09-12T23:09:19Z,14,ballast-20.bin,536870912,486.481,
1789254560.145468,2026-09-12T23:09:20Z,14,ballast-31.bin,536870912,537.271,
1789254560.682812,2026-09-12T23:09:20Z,14,ballast-4.bin,536870912,505.089,
1789254561.187972,2026-09-12T23:09:21Z,14,ballast-2.bin,536870912,512.997,
1789254561.701046,2026-09-12T23:09:21Z,14,ballast-35.bin,536870912,531.150,
1789254562.232269,2026-09-12T23:09:22Z,14,ballast-12.bin,536870912,531.818,
1789254562.764160,2026-09-12T23:09:22Z,14,ballast-9.bin,536870912,542.836,
1789254563.307089,2026-09-12T23:09:23Z,14,ballast-22.bin,536870912,522.733,
1789254563.829893,2026-09-12T23:09:23Z,14,ballast-14.bin,536870912,511.667,
1789254564.341638,2026-09-12T23:09:24Z,14,ballast-7.bin,536870912,503.142,
1789254564.844853,2026-09-12T23:09:24Z,14,ballast-21.bin,536870912,499.539,
1789254565.344460,2026-09-12T23:09:25Z,14,ballast-40.bin,536870912,492.920,
1789254565.837471,2026-09-12T23:09:25Z,14,ballast-6.bin,536870912,472.884,
1789254566.310431,2026-09-12T23:09:26Z,14,ballast-28.bin,536870912,522.976,
1789254566.833487,2026-09-12T23:09:26Z,14,ballast-1.bin,536870912,508.739,
1789254567.342299,2026-09-12T23:09:27Z,14,ballast-27.bin,536870912,510.252,
1789254567.852622,2026-09-12T23:09:27Z,14,ballast-3.bin,536870912,507.465,
1789254568.360155,2026-09-12T23:09:28Z,14,ballast-15.bin,536870912,563.963,
1789254568.924196,2026-09-12T23:09:28Z,14,ballast-24.bin,536870912,508.670,
1789254569.432943,2026-09-12T23:09:29Z,14,ballast-30.bin,536870912,523.098,
1789254569.956125,2026-09-12T23:09:29Z,14,ballast-11.bin,536870912,537.733,
1789254570.493929,2026-09-12T23:09:30Z,14,ballast-17.bin,536870912,526.261,
1789254571.020260,2026-09-12T23:09:31Z,14,ballast-10.bin,536870912,532.666,
1789254571.553014,2026-09-12T23:09:31Z,14,ballast-23.bin,536870912,554.637,
1789254572.107733,2026-09-12T23:09:32Z,14,ballast-8.bin,536870912,535.761,
1789254572.643578,2026-09-12T23:09:32Z,14,ballast-39.bin,536870912,591.271,
1789254573.234919,2026-09-12T23:09:33Z,14,ballast-33.bin,536870912,533.989,
1789254573.768971,2026-09-12T23:09:33Z,14,ballast-34.bin,536870912,582.615,
1789254574.351656,2026-09-12T23:09:34Z,14,ballast-32.bin,536870912,617.042,
1789254574.968774,2026-09-12T23:09:34Z,14,ballast-25.bin,536870912,702.266,
1789254575.671130,2026-09-12T23:09:35Z,14,ballast-16.bin,536870912,560.028,
1789254576.231234,2026-09-12T23:09:36Z,14,ballast-37.bin,536870912,510.845,
1789254576.742156,2026-09-12T23:09:36Z,14,ballast-38.bin,536870912,528.862,
1789254577.271105,2026-09-12T23:09:37Z,14,ballast-5.bin,536870912,525.530,
1789254577.796714,2026-09-12T23:09:37Z,14,ballast-26.bin,536870912,508.021,
1789254578.304833,2026-09-12T23:09:38Z,14,ballast-36.bin,536870912,521.252,
1789254578.826233,2026-09-12T23:09:38Z,15,ballast-30.bin,536870912,551.217,
1789254579.377520,2026-09-12T23:09:39Z,15,ballast-19.bin,536870912,699.774,
1789254580.077386,2026-09-12T23:09:40Z,15,ballast-4.bin,536870912,529.181,
1789254580.606641,2026-09-12T23:09:40Z,15,ballast-14.bin,536870912,541.189,
1789254581.147899,2026-09-12T23:09:41Z,15,ballast-22.bin,536870912,543.330,
1789254581.691305,2026-09-12T23:09:41Z,15,ballast-8.bin,536870912,525.223,
1789254582.216607,2026-09-12T23:09:42Z,15,ballast-2.bin,536870912,544.050,
1789254582.761076,2026-09-12T23:09:42Z,15,ballast-34.bin,536870912,550.037,
1789254583.311193,2026-09-12T23:09:43Z,15,ballast-24.bin,536870912,519.678,
1789254583.830939,2026-09-12T23:09:43Z,15,ballast-1.bin,536870912,532.196,
1789254584.363209,2026-09-12T23:09:44Z,15,ballast-32.bin,536870912,542.472,
1789254584.905753,2026-09-12T23:09:44Z,15,ballast-10.bin,536870912,599.443,
1789254585.505285,2026-09-12T23:09:45Z,15,ballast-37.bin,536870912,585.610,
1789254586.090965,2026-09-12T23:09:46Z,15,ballast-12.bin,536870912,620.524,
1789254586.711570,2026-09-12T23:09:46Z,15,ballast-6.bin,536870912,544.521,
1789254587.256170,2026-09-12T23:09:47Z,15,ballast-20.bin,536870912,627.400,
1789254587.883641,2026-09-12T23:09:47Z,15,ballast-23.bin,536870912,540.473,
1789254588.424183,2026-09-12T23:09:48Z,15,ballast-17.bin,536870912,561.167,
1789254588.985422,2026-09-12T23:09:48Z,15,ballast-40.bin,536870912,510.226,
1789254589.495723,2026-09-12T23:09:49Z,15,ballast-26.bin,536870912,546.386,
1789254590.042194,2026-09-12T23:09:50Z,15,ballast-7.bin,536870912,566.790,
1789254590.609055,2026-09-12T23:09:50Z,15,ballast-13.bin,536870912,533.437,
1789254591.142564,2026-09-12T23:09:51Z,15,ballast-28.bin,536870912,540.735,
1789254591.683390,2026-09-12T23:09:51Z,15,ballast-33.bin,536870912,519.125,
1789254592.202586,2026-09-12T23:09:52Z,15,ballast-39.bin,536870912,522.774,
1789254592.725430,2026-09-12T23:09:52Z,15,ballast-38.bin,536870912,533.588,
1789254593.259110,2026-09-12T23:09:53Z,15,ballast-36.bin,536870912,539.052,
1789254593.798235,2026-09-12T23:09:53Z,15,ballast-27.bin,536870912,533.627,
1789254594.331933,2026-09-12T23:09:54Z,15,ballast-9.bin,536870912,579.303,
1789254594.911373,2026-09-12T23:09:54Z,15,ballast-3.bin,536870912,546.415,
1789254595.457859,2026-09-12T23:09:55Z,15,ballast-25.bin,536870912,582.084,
1789254596.040015,2026-09-12T23:09:56Z,15,ballast-16.bin,536870912,549.433,
1789254596.589523,2026-09-12T23:09:56Z,15,ballast-35.bin,536870912,536.733,
1789254597.126378,2026-09-12T23:09:57Z,15,ballast-15.bin,536870912,575.293,
1789254597.701743,2026-09-12T23:09:57Z,15,ballast-29.bin,536870912,548.661,
1789254598.250484,2026-09-12T23:09:58Z,15,ballast-5.bin,536870912,541.491,
1789254598.792052,2026-09-12T23:09:58Z,15,ballast-11.bin,536870912,520.640,
1789254599.312763,2026-09-12T23:09:59Z,15,ballast-21.bin,536870912,540.947,
1789254599.853780,2026-09-12T23:09:59Z,15,ballast-18.bin,536870912,559.282,
1789254600.413145,2026-09-12T23:10:00Z,15,ballast-31.bin,536870912,555.882,
1789254600.969127,2026-09-12T23:10:00Z,16,ballast-2.bin,536870912,555.393,
1789254601.524606,2026-09-12T23:10:01Z,16,ballast-3.bin,536870912,580.354,
1789254602.105053,2026-09-12T23:10:02Z,16,ballast-5.bin,536870912,560.851,
1789254602.665977,2026-09-12T23:10:02Z,16,ballast-6.bin,536870912,557.699,
1789254603.223752,2026-09-12T23:10:03Z,16,ballast-8.bin,536870912,565.490,
1789254603.789337,2026-09-12T23:10:03Z,16,ballast-33.bin,536870912,554.793,
1789254604.344204,2026-09-12T23:10:04Z,16,ballast-9.bin,536870912,533.756,
1789254604.878064,2026-09-12T23:10:04Z,16,ballast-21.bin,536870912,557.849,
1789254605.436000,2026-09-12T23:10:05Z,16,ballast-12.bin,536870912,554.769,
1789254605.990848,2026-09-12T23:10:05Z,16,ballast-11.bin,536870912,544.502,
1789254606.535424,2026-09-12T23:10:06Z,16,ballast-7.bin,536870912,525.009,
1789254607.060512,2026-09-12T23:10:07Z,16,ballast-17.bin,536870912,522.723,
1789254607.583310,2026-09-12T23:10:07Z,16,ballast-13.bin,536870912,525.563,
1789254608.108948,2026-09-12T23:10:08Z,16,ballast-14.bin,536870912,531.524,
1789254608.640679,2026-09-12T23:10:08Z,16,ballast-18.bin,536870912,507.845,
1789254609.148596,2026-09-12T23:10:09Z,16,ballast-15.bin,536870912,545.575,
1789254609.694240,2026-09-12T23:10:09Z,16,ballast-4.bin,536870912,511.204,
1789254610.205516,2026-09-12T23:10:10Z,16,ballast-23.bin,536870912,521.665,
1789254610.727252,2026-09-12T23:10:10Z,16,ballast-20.bin,536870912,515.696,
1789254611.243016,2026-09-12T23:10:11Z,16,ballast-38.bin,536870912,500.603,
1789254611.743698,2026-09-12T23:10:11Z,16,ballast-34.bin,536870912,502.481,
1789254612.246252,2026-09-12T23:10:12Z,16,ballast-26.bin,536870912,500.884,
1789254612.747207,2026-09-12T23:10:12Z,16,ballast-10.bin,536870912,522.955,
1789254613.270247,2026-09-12T23:10:13Z,16,ballast-35.bin,536870912,1787.267,
1789254615.057591,2026-09-12T23:10:15Z,16,ballast-36.bin,536870912,726.742,
1789254615.784406,2026-09-12T23:10:15Z,16,ballast-24.bin,536870912,526.315,
1789254616.310805,2026-09-12T23:10:16Z,16,ballast-40.bin,536870912,3482.779,
1789254619.793653,2026-09-12T23:10:19Z,16,ballast-30.bin,536870912,508.155,
1789254620.301879,2026-09-12T23:10:20Z,16,ballast-31.bin,536870912,518.203,
1789254620.820162,2026-09-12T23:10:20Z,16,ballast-19.bin,536870912,3662.921,
1789254624.483155,2026-09-12T23:10:24Z,16,ballast-25.bin,536870912,1968.999,
1789254626.452228,2026-09-12T23:10:26Z,16,ballast-39.bin,536870912,554.234,
1789254627.006550,2026-09-12T23:10:27Z,16,ballast-22.bin,536870912,510.467,
1789254627.517094,2026-09-12T23:10:27Z,16,ballast-37.bin,536870912,585.752,
1789254628.102925,2026-09-12T23:10:28Z,16,ballast-32.bin,536870912,536.806,
1789254628.639809,2026-09-12T23:10:28Z,16,ballast-28.bin,536870912,549.281,
1789254629.189165,2026-09-12T23:10:29Z,16,ballast-27.bin,536870912,544.749,
1789254629.733984,2026-09-12T23:10:29Z,16,ballast-1.bin,536870912,558.527,
1789254630.292598,2026-09-12T23:10:30Z,16,ballast-16.bin,536870912,3626.744,
1789254633.919415,2026-09-12T23:10:33Z,16,ballast-29.bin,536870912,3690.941,
1789254637.610461,2026-09-12T23:10:37Z,17,ballast-19.bin,536870912,519.469,
1789254638.130008,2026-09-12T23:10:38Z,17,ballast-23.bin,536870912,3341.816,
1789254641.471899,2026-09-12T23:10:41Z,17,ballast-37.bin,536870912,1687.659,
1789254643.159630,2026-09-12T23:10:43Z,17,ballast-7.bin,536870912,1463.156,
1789254644.622876,2026-09-12T23:10:44Z,17,ballast-6.bin,536870912,3806.129,
1789254648.429076,2026-09-12T23:10:48Z,17,ballast-13.bin,536870912,2893.739,
1789254651.322887,2026-09-12T23:10:51Z,17,ballast-20.bin,536870912,1513.505,
1789254652.836476,2026-09-12T23:10:52Z,17,ballast-31.bin,536870912,529.793,
1789254653.366365,2026-09-12T23:10:53Z,17,ballast-29.bin,536870912,521.869,
1789254653.888340,2026-09-12T23:10:53Z,17,ballast-26.bin,536870912,3446.418,
1789254657.334829,2026-09-12T23:10:57Z,17,ballast-8.bin,536870912,3693.069,
1789254661.027972,2026-09-12T23:11:01Z,17,ballast-18.bin,536870912,832.758,
1789254661.860809,2026-09-12T23:11:01Z,17,ballast-4.bin,536870912,3339.502,
1789254665.200407,2026-09-12T23:11:05Z,17,ballast-32.bin,536870912,2064.533,
1789254667.265012,2026-09-12T23:11:07Z,17,ballast-36.bin,536870912,3246.663,
1789254670.511750,2026-09-12T23:11:10Z,17,ballast-10.bin,536870912,2449.871,
1789254672.961693,2026-09-12T23:11:12Z,17,ballast-21.bin,536870912,3770.505,
1789254676.732276,2026-09-12T23:11:16Z,17,ballast-16.bin,536870912,614.292,
1789254677.346640,2026-09-12T23:11:17Z,17,ballast-14.bin,536870912,3745.391,
1789254681.092104,2026-09-12T23:11:21Z,17,ballast-38.bin,536870912,2315.247,
1789254683.407428,2026-09-12T23:11:23Z,17,ballast-27.bin,536870912,3579.494,
1789254686.986993,2026-09-12T23:11:26Z,17,ballast-34.bin,536870912,923.776,
1789254687.910856,2026-09-12T23:11:27Z,17,ballast-30.bin,536870912,539.845,
1789254688.450786,2026-09-12T23:11:28Z,17,ballast-2.bin,536870912,4777.447,
1789254693.228369,2026-09-12T23:11:33Z,17,ballast-28.bin,536870912,481.925,
1789254693.710390,2026-09-12T23:11:33Z,17,ballast-12.bin,536870912,4426.120,
1789254698.136589,2026-09-12T23:11:38Z,17,ballast-1.bin,536870912,426.474,
1789254698.563131,2026-09-12T23:11:38Z,17,ballast-17.bin,536870912,2355.349,
1789254700.918583,2026-09-12T23:11:40Z,17,ballast-22.bin,536870912,714.283,
1789254701.632943,2026-09-12T23:11:41Z,17,ballast-9.bin,536870912,5582.172,
1789254707.215223,2026-09-12T23:11:47Z,17,ballast-35.bin,536870912,2019.959,
1789254709.235413,2026-09-12T23:11:49Z,17,ballast-3.bin,536870912,4555.759,
1789254713.791293,2026-09-12T23:11:53Z,17,ballast-25.bin,536870912,545.315,
1789254714.336681,2026-09-12T23:11:54Z,17,ballast-33.bin,536870912,4088.398,
1789254718.425181,2026-09-12T23:11:58Z,17,ballast-39.bin,536870912,511.048,
1789254718.936342,2026-09-12T23:11:58Z,17,ballast-15.bin,536870912,3165.462,
1789254722.101881,2026-09-12T23:12:02Z,17,ballast-11.bin,536870912,3467.674,
1789254725.569632,2026-09-12T23:12:05Z,17,ballast-24.bin,536870912,1762.070,
1789254727.331786,2026-09-12T23:12:07Z,17,ballast-5.bin,536870912,4263.744,
1789254731.595608,2026-09-12T23:12:11Z,17,ballast-40.bin,536870912,511.545,
1789254732.107270,2026-09-12T23:12:12Z,18,ballast-13.bin,536870912,467.598,
1789254732.574944,2026-09-12T23:12:12Z,18,ballast-26.bin,536870912,534.307,
1789254733.109345,2026-09-12T23:12:13Z,18,ballast-17.bin,536870912,535.899,
1789254733.645310,2026-09-12T23:12:13Z,18,ballast-40.bin,536870912,533.845,
1789254734.179233,2026-09-12T23:12:14Z,18,ballast-18.bin,536870912,541.569,
1789254734.720880,2026-09-12T23:12:14Z,18,ballast-2.bin,536870912,580.253,
1789254735.301206,2026-09-12T23:12:15Z,18,ballast-5.bin,536870912,537.032,
1789254735.838349,2026-09-12T23:12:15Z,18,ballast-8.bin,536870912,526.888,
1789254736.365333,2026-09-12T23:12:16Z,18,ballast-7.bin,536870912,557.659,
1789254736.923064,2026-09-12T23:12:16Z,18,ballast-25.bin,536870912,536.899,
1789254737.460046,2026-09-12T23:12:17Z,18,ballast-15.bin,536870912,555.021,
1789254738.015137,2026-09-12T23:12:18Z,18,ballast-33.bin,536870912,549.817,
1789254738.565050,2026-09-12T23:12:18Z,18,ballast-9.bin,536870912,527.178,
1789254739.092298,2026-09-12T23:12:19Z,18,ballast-23.bin,536870912,2593.783,
1789254741.686158,2026-09-12T23:12:21Z,18,ballast-36.bin,536870912,4062.406,
1789254745.748645,2026-09-12T23:12:25Z,18,ballast-22.bin,536870912,3219.877,
1789254748.968599,2026-09-12T23:12:28Z,18,ballast-32.bin,536870912,4217.919,
1789254753.186594,2026-09-12T23:12:33Z,18,ballast-4.bin,536870912,4128.781,
1789254757.315448,2026-09-12T23:12:37Z,18,ballast-30.bin,536870912,3768.223,
1789254761.083745,2026-09-12T23:12:41Z,18,ballast-11.bin,536870912,4156.418,
1789254765.240240,2026-09-12T23:12:45Z,18,ballast-29.bin,536870912,5083.405,
1789254770.323715,2026-09-12T23:12:50Z,18,ballast-28.bin,536870912,3866.697,
1789254774.190490,2026-09-12T23:12:54Z,18,ballast-6.bin,536870912,4084.921,
1789254778.275483,2026-09-12T23:12:58Z,18,ballast-38.bin,536870912,4043.489,
1789254782.319061,2026-09-12T23:13:02Z,18,ballast-37.bin,536870912,4264.736,
1789254786.583878,2026-09-12T23:13:06Z,18,ballast-16.bin,536870912,6350.863,
1789254792.934831,2026-09-12T23:13:12Z,18,ballast-39.bin,536870912,4493.637,
1789254797.428540,2026-09-12T23:13:17Z,18,ballast-24.bin,536870912,4197.568,
1789254801.626184,2026-09-12T23:13:21Z,18,ballast-31.bin,536870912,4495.956,
1789254806.122237,2026-09-12T23:13:26Z,18,ballast-10.bin,536870912,4233.772,
1789254810.356083,2026-09-12T23:13:30Z,18,ballast-35.bin,536870912,4633.833,
1789254814.990012,2026-09-12T23:13:34Z,18,ballast-3.bin,536870912,5379.478,
1789254820.369568,2026-09-12T23:13:40Z,18,ballast-12.bin,536870912,4404.202,
1789254824.773843,2026-09-12T23:13:44Z,18,ballast-14.bin,536870912,4353.338,
1789254829.127253,2026-09-12T23:13:49Z,18,ballast-21.bin,536870912,4020.868,
1789254833.148196,2026-09-12T23:13:53Z,18,ballast-19.bin,536870912,4196.079,
1789254837.344376,2026-09-12T23:13:57Z,18,ballast-1.bin,536870912,4685.302,
1789254842.029812,2026-09-12T23:14:02Z,18,ballast-34.bin,536870912,5780.725,
1789254847.810618,2026-09-12T23:14:07Z,18,ballast-20.bin,536870912,4079.237,
1789254851.889929,2026-09-12T23:14:11Z,18,ballast-27.bin,536870912,5063.442,
1789254856.953507,2026-09-12T23:14:16Z,19,ballast-40.bin,536870912,4889.129,
1789254861.842707,2026-09-12T23:14:21Z,19,ballast-33.bin,536870912,5601.669,
1789254867.444474,2026-09-12T23:14:27Z,19,ballast-24.bin,536870912,538.902,
1789254867.983461,2026-09-12T23:14:27Z,19,ballast-22.bin,536870912,672.540,
1789254868.656072,2026-09-12T23:14:28Z,19,ballast-37.bin,536870912,491.655,
1789254869.147798,2026-09-12T23:14:29Z,19,ballast-18.bin,536870912,4581.672,
1789254873.729554,2026-09-12T23:14:33Z,19,ballast-29.bin,536870912,509.219,
1789254874.238845,2026-09-12T23:14:34Z,19,ballast-19.bin,536870912,514.246,
1789254874.753168,2026-09-12T23:14:34Z,19,ballast-25.bin,536870912,1292.478,
1789254876.045722,2026-09-12T23:14:36Z,19,ballast-8.bin,536870912,5714.127,
1789254881.759939,2026-09-12T23:14:41Z,19,ballast-2.bin,536870912,4284.351,
1789254886.044391,2026-09-12T23:14:46Z,19,ballast-4.bin,536870912,519.065,
1789254886.563542,2026-09-12T23:14:46Z,19,ballast-14.bin,536870912,944.195,
1789254887.507808,2026-09-12T23:14:47Z,19,ballast-10.bin,536870912,511.551,
1789254888.019433,2026-09-12T23:14:48Z,19,ballast-30.bin,536870912,527.571,
1789254888.547075,2026-09-12T23:14:48Z,19,ballast-12.bin,536870912,515.190,
1789254889.062394,2026-09-12T23:14:49Z,19,ballast-1.bin,536870912,542.021,
1789254889.604495,2026-09-12T23:14:49Z,19,ballast-15.bin,536870912,4142.644,
1789254893.747226,2026-09-12T23:14:53Z,19,ballast-31.bin,536870912,496.960,
1789254894.244267,2026-09-12T23:14:54Z,19,ballast-27.bin,536870912,519.927,
1789254894.764268,2026-09-12T23:14:54Z,19,ballast-9.bin,536870912,4433.524,
1789254899.197863,2026-09-12T23:14:59Z,19,ballast-16.bin,536870912,470.661,
1789254899.668593,2026-09-12T23:14:59Z,19,ballast-20.bin,536870912,493.666,
1789254900.162362,2026-09-12T23:15:00Z,19,ballast-11.bin,536870912,487.387,
1789254900.649824,2026-09-12T23:15:00Z,19,ballast-36.bin,536870912,4057.862,
1789254904.707764,2026-09-12T23:15:04Z,19,ballast-28.bin,536870912,524.020,
1789254905.231856,2026-09-12T23:15:05Z,19,ballast-3.bin,536870912,502.787,
1789254905.734713,2026-09-12T23:15:05Z,19,ballast-32.bin,536870912,4902.725,
1789254910.637513,2026-09-12T23:15:10Z,19,ballast-5.bin,536870912,4256.250,
1789254914.893842,2026-09-12T23:15:14Z,19,ballast-17.bin,536870912,4176.599,
1789254919.070518,2026-09-12T23:15:19Z,19,ballast-23.bin,536870912,4049.644,
1789254923.120233,2026-09-12T23:15:23Z,19,ballast-21.bin,536870912,725.230,
1789254923.845539,2026-09-12T23:15:23Z,19,ballast-6.bin,536870912,4929.507,
1789254928.775119,2026-09-12T23:15:28Z,19,ballast-26.bin,536870912,4533.952,
1789254933.309143,2026-09-12T23:15:33Z,19,ballast-7.bin,536870912,4073.721,
1789254937.382943,2026-09-12T23:15:37Z,19,ballast-39.bin,536870912,4300.692,
1789254941.683709,2026-09-12T23:15:41Z,19,ballast-13.bin,536870912,4150.742,
1789254945.834522,2026-09-12T23:15:45Z,19,ballast-35.bin,536870912,533.898,
1789254946.368498,2026-09-12T23:15:46Z,19,ballast-34.bin,536870912,495.704,
1789254946.864273,2026-09-12T23:15:46Z,19,ballast-38.bin,536870912,4549.455,
1789254951.414192,2026-09-12T23:15:51Z,20,ballast-33.bin,536870912,491.242,
1789254951.905512,2026-09-12T23:15:51Z,20,ballast-17.bin,536870912,529.956,
1789254952.435559,2026-09-12T23:15:52Z,20,ballast-5.bin,536870912,560.922,
1789254952.996567,2026-09-12T23:15:52Z,20,ballast-21.bin,536870912,546.068,
1789254953.542725,2026-09-12T23:15:53Z,20,ballast-9.bin,536870912,518.118,
1789254954.060921,2026-09-12T23:15:54Z,20,ballast-19.bin,536870912,552.294,
1789254954.613291,2026-09-12T23:15:54Z,20,ballast-8.bin,536870912,723.936,
1789254955.337331,2026-09-12T23:15:55Z,20,ballast-31.bin,536870912,4150.492,
1789254959.487893,2026-09-12T23:15:59Z,20,ballast-32.bin,536870912,465.769,
1789254959.953736,2026-09-12T23:15:59Z,20,ballast-40.bin,536870912,476.029,
1789254960.429841,2026-09-12T23:16:00Z,20,ballast-24.bin,536870912,481.724,
1789254960.911641,2026-09-12T23:16:00Z,20,ballast-11.bin,536870912,491.035,
1789254961.402746,2026-09-12T23:16:01Z,20,ballast-38.bin,536870912,469.103,
1789254961.871916,2026-09-12T23:16:01Z,20,ballast-2.bin,536870912,497.095,
1789254962.369084,2026-09-12T23:16:02Z,20,ballast-4.bin,536870912,488.579,
1789254962.857734,2026-09-12T23:16:02Z,20,ballast-27.bin,536870912,471.158,
1789254963.328962,2026-09-12T23:16:03Z,20,ballast-15.bin,536870912,493.304,
1789254963.822370,2026-09-12T23:16:03Z,20,ballast-13.bin,536870912,497.984,
1789254964.320426,2026-09-12T23:16:04Z,20,ballast-26.bin,536870912,501.590,
1789254964.822088,2026-09-12T23:16:04Z,20,ballast-36.bin,536870912,476.474,
1789254965.298666,2026-09-12T23:16:05Z,20,ballast-23.bin,536870912,538.546,
1789254965.837294,2026-09-12T23:16:05Z,20,ballast-12.bin,536870912,3624.041,
1789254969.461460,2026-09-12T23:16:09Z,20,ballast-20.bin,536870912,528.042,
1789254969.989596,2026-09-12T23:16:09Z,20,ballast-18.bin,536870912,559.441,
1789254970.549127,2026-09-12T23:16:10Z,20,ballast-30.bin,536870912,3528.616,
1789254974.077827,2026-09-12T23:16:14Z,20,ballast-29.bin,536870912,1388.906,
1789254975.466805,2026-09-12T23:16:15Z,20,ballast-28.bin,536870912,465.016,
1789254975.931893,2026-09-12T23:16:15Z,20,ballast-3.bin,536870912,4231.905,
1789254980.163872,2026-09-12T23:16:20Z,20,ballast-1.bin,536870912,4050.009,
1789254984.213961,2026-09-12T23:16:24Z,20,ballast-10.bin,536870912,1423.170,
1789254985.637204,2026-09-12T23:16:25Z,20,ballast-25.bin,536870912,659.488,
1789254986.296767,2026-09-12T23:16:26Z,20,ballast-7.bin,536870912,499.711,
1789254986.796546,2026-09-12T23:16:26Z,20,ballast-16.bin,536870912,506.819,
1789254987.303461,2026-09-12T23:16:27Z,20,ballast-34.bin,536870912,4078.387,
1789254991.381922,2026-09-12T23:16:31Z,20,ballast-6.bin,536870912,513.699,
1789254991.895694,2026-09-12T23:16:31Z,20,ballast-14.bin,536870912,3856.171,
1789254995.751938,2026-09-12T23:16:35Z,20,ballast-39.bin,536870912,499.429,
1789254996.251439,2026-09-12T23:16:36Z,20,ballast-35.bin,536870912,527.647,
1789254996.779165,2026-09-12T23:16:36Z,20,ballast-22.bin,536870912,4021.723,
1789255000.800969,2026-09-12T23:16:40Z,20,ballast-37.bin,536870912,4184.902,
1789255004.985996,2026-09-12T23:16:44Z,21,ballast-40.bin,536870912,500.833,
1789255005.486903,2026-09-12T23:16:45Z,21,ballast-2.bin,536870912,480.080,
1789255005.967054,2026-09-12T23:16:45Z,21,ballast-39.bin,536870912,542.008,
1789255006.509148,2026-09-12T23:16:46Z,21,ballast-10.bin,536870912,492.430,
1789255007.001657,2026-09-12T23:16:47Z,21,ballast-37.bin,536870912,523.569,
1789255007.525297,2026-09-12T23:16:47Z,21,ballast-5.bin,536870912,516.984,
1789255008.042381,2026-09-12T23:16:48Z,21,ballast-19.bin,536870912,3301.105,
1789255011.343568,2026-09-12T23:16:51Z,21,ballast-16.bin,536870912,532.728,
1789255011.876398,2026-09-12T23:16:51Z,21,ballast-13.bin,536870912,505.030,
1789255012.381501,2026-09-12T23:16:52Z,21,ballast-15.bin,536870912,3742.418,
1789255016.123994,2026-09-12T23:16:56Z,21,ballast-29.bin,536870912,3851.952,
1789255019.976020,2026-09-12T23:16:59Z,21,ballast-24.bin,536870912,512.938,
1789255020.489033,2026-09-12T23:17:00Z,21,ballast-31.bin,536870912,575.935,
1789255021.065042,2026-09-12T23:17:01Z,21,ballast-21.bin,536870912,941.585,
1789255022.006712,2026-09-12T23:17:02Z,21,ballast-30.bin,536870912,670.949,
1789255022.677727,2026-09-12T23:17:02Z,21,ballast-27.bin,536870912,540.099,
1789255023.217916,2026-09-12T23:17:03Z,21,ballast-8.bin,536870912,1643.044,
1789255024.861051,2026-09-12T23:17:04Z,21,ballast-6.bin,536870912,528.553,
1789255025.389676,2026-09-12T23:17:05Z,21,ballast-36.bin,536870912,541.868,
1789255025.931617,2026-09-12T23:17:05Z,21,ballast-38.bin,536870912,530.523,
1789255026.462235,2026-09-12T23:17:06Z,21,ballast-35.bin,536870912,531.985,
1789255026.994289,2026-09-12T23:17:06Z,21,ballast-28.bin,536870912,4271.588,
1789255031.265947,2026-09-12T23:17:11Z,21,ballast-1.bin,536870912,505.722,
1789255031.771733,2026-09-12T23:17:11Z,21,ballast-12.bin,536870912,1267.831,
1789255033.039637,2026-09-12T23:17:13Z,21,ballast-33.bin,536870912,947.641,
1789255033.987375,2026-09-12T23:17:13Z,21,ballast-14.bin,536870912,498.405,
1789255034.485851,2026-09-12T23:17:14Z,21,ballast-25.bin,536870912,516.221,
1789255035.002143,2026-09-12T23:17:15Z,21,ballast-26.bin,536870912,516.768,
1789255035.518981,2026-09-12T23:17:15Z,21,ballast-17.bin,536870912,514.670,
1789255036.033719,2026-09-12T23:17:16Z,21,ballast-34.bin,536870912,532.917,
1789255036.566705,2026-09-12T23:17:16Z,21,ballast-20.bin,536870912,529.050,
1789255037.095831,2026-09-12T23:17:17Z,21,ballast-32.bin,536870912,812.460,
1789255037.908387,2026-09-12T23:17:17Z,21,ballast-22.bin,536870912,539.432,
1789255038.447889,2026-09-12T23:17:18Z,21,ballast-3.bin,536870912,832.228,
1789255039.280195,2026-09-12T23:17:19Z,21,ballast-11.bin,536870912,533.696,
1789255039.813971,2026-09-12T23:17:19Z,21,ballast-18.bin,536870912,1023.397,
1789255040.837449,2026-09-12T23:17:20Z,21,ballast-4.bin,536870912,3407.810,
1789255044.245354,2026-09-12T23:17:24Z,21,ballast-7.bin,536870912,474.838,
1789255044.720265,2026-09-12T23:17:24Z,21,ballast-9.bin,536870912,1739.413,
1789255046.459756,2026-09-12T23:17:26Z,21,ballast-23.bin,536870912,3439.793,
1789255049.899668,2026-09-12T23:17:29Z,22,ballast-26.bin,536870912,511.812,
1789255050.411559,2026-09-12T23:17:30Z,22,ballast-28.bin,536870912,481.636,
1789255050.893285,2026-09-12T23:17:30Z,22,ballast-18.bin,536870912,612.503,
1789255051.505860,2026-09-12T23:17:31Z,22,ballast-3.bin,536870912,579.974,
1789255052.085905,2026-09-12T23:17:32Z,22,ballast-30.bin,536870912,564.296,
1789255052.650270,2026-09-12T23:17:32Z,22,ballast-13.bin,536870912,512.662,
1789255053.163002,2026-09-12T23:17:33Z,22,ballast-27.bin,536870912,524.121,
1789255053.687200,2026-09-12T23:17:33Z,22,ballast-6.bin,536870912,827.496,
1789255054.514783,2026-09-12T23:17:34Z,22,ballast-38.bin,536870912,517.929,
1789255055.032786,2026-09-12T23:17:35Z,22,ballast-34.bin,536870912,511.469,
1789255055.544354,2026-09-12T23:17:35Z,22,ballast-32.bin,536870912,551.312,
1789255056.095743,2026-09-12T23:17:36Z,22,ballast-8.bin,536870912,538.102,
1789255056.633924,2026-09-12T23:17:36Z,22,ballast-4.bin,536870912,523.667,
1789255057.157681,2026-09-12T23:17:37Z,22,ballast-31.bin,536870912,508.146,
1789255057.665895,2026-09-12T23:17:37Z,22,ballast-39.bin,536870912,994.526,
1789255058.660494,2026-09-12T23:17:38Z,22,ballast-7.bin,536870912,548.708,
1789255059.209275,2026-09-12T23:17:39Z,22,ballast-29.bin,536870912,556.328,
1789255059.765675,2026-09-12T23:17:39Z,22,ballast-36.bin,536870912,545.212,
1789255060.310958,2026-09-12T23:17:40Z,22,ballast-1.bin,536870912,530.955,
1789255060.841989,2026-09-12T23:17:40Z,22,ballast-22.bin,536870912,533.841,
1789255061.375900,2026-09-12T23:17:41Z,22,ballast-25.bin,536870912,535.360,
1789255061.911368,2026-09-12T23:17:41Z,22,ballast-12.bin,536870912,562.796,
1789255062.474252,2026-09-12T23:17:42Z,22,ballast-14.bin,536870912,578.874,
1789255063.053201,2026-09-12T23:17:43Z,22,ballast-37.bin,536870912,541.791,
1789255063.595062,2026-09-12T23:17:43Z,22,ballast-2.bin,536870912,550.779,
1789255064.145949,2026-09-12T23:17:44Z,22,ballast-15.bin,536870912,534.350,
1789255064.680441,2026-09-12T23:17:44Z,22,ballast-24.bin,536870912,539.990,
1789255065.220508,2026-09-12T23:17:45Z,22,ballast-33.bin,536870912,537.620,
1789255065.758206,2026-09-12T23:17:45Z,22,ballast-21.bin,536870912,771.210,
1789255066.529488,2026-09-12T23:17:46Z,22,ballast-35.bin,536870912,605.653,
1789255067.135221,2026-09-12T23:17:47Z,22,ballast-5.bin,536870912,2988.644,
1789255070.123940,2026-09-12T23:17:50Z,22,ballast-11.bin,536870912,498.469,
1789255070.622484,2026-09-12T23:17:50Z,22,ballast-19.bin,536870912,913.798,
1789255071.536377,2026-09-12T23:17:51Z,22,ballast-16.bin,536870912,1013.533,
1789255072.549988,2026-09-12T23:17:52Z,22,ballast-20.bin,536870912,523.636,
1789255073.073706,2026-09-12T23:17:53Z,22,ballast-40.bin,536870912,516.504,
1789255073.590292,2026-09-12T23:17:53Z,22,ballast-9.bin,536870912,501.186,
1789255074.091569,2026-09-12T23:17:54Z,22,ballast-23.bin,536870912,568.575,
1789255074.660225,2026-09-12T23:17:54Z,22,ballast-10.bin,536870912,511.737,
1789255075.172033,2026-09-12T23:17:55Z,22,ballast-17.bin,536870912,2610.310,
1789255077.782440,2026-09-12T23:17:57Z,23,ballast-5.bin,536870912,513.776,
1789255078.296284,2026-09-12T23:17:58Z,23,ballast-2.bin,536870912,1658.701,
1789255079.955076,2026-09-12T23:17:59Z,23,ballast-34.bin,536870912,512.289,
1789255080.467447,2026-09-12T23:18:00Z,23,ballast-16.bin,536870912,537.320,
1789255081.004839,2026-09-12T23:18:01Z,23,ballast-32.bin,536870912,565.829,
1789255081.570741,2026-09-12T23:18:01Z,23,ballast-18.bin,536870912,536.193,
1789255082.107007,2026-09-12T23:18:02Z,23,ballast-11.bin,536870912,533.627,
1789255082.640704,2026-09-12T23:18:02Z,23,ballast-28.bin,536870912,507.814,
1789255083.148591,2026-09-12T23:18:03Z,23,ballast-4.bin,536870912,611.016,
1789255083.759683,2026-09-12T23:18:03Z,23,ballast-3.bin,536870912,502.048,
1789255084.261807,2026-09-12T23:18:04Z,23,ballast-29.bin,536870912,494.401,
1789255084.756278,2026-09-12T23:18:04Z,23,ballast-8.bin,536870912,543.361,
1789255085.299726,2026-09-12T23:18:05Z,23,ballast-25.bin,536870912,502.256,
1789255085.802055,2026-09-12T23:18:05Z,23,ballast-38.bin,536870912,1186.996,
1789255086.989136,2026-09-12T23:18:06Z,23,ballast-1.bin,536870912,516.458,
1789255087.505679,2026-09-12T23:18:07Z,23,ballast-36.bin,536870912,518.569,
1789255088.024337,2026-09-12T23:18:08Z,23,ballast-35.bin,536870912,502.478,
1789255088.526886,2026-09-12T23:18:08Z,23,ballast-12.bin,536870912,2143.406,
1789255090.670383,2026-09-12T23:18:10Z,23,ballast-19.bin,536870912,525.675,
1789255091.196136,2026-09-12T23:18:11Z,23,ballast-15.bin,536870912,1534.436,
1789255092.730644,2026-09-12T23:18:12Z,23,ballast-6.bin,536870912,545.990,
1789255093.276711,2026-09-12T23:18:13Z,23,ballast-20.bin,536870912,606.473,
1789255093.883272,2026-09-12T23:18:13Z,23,ballast-23.bin,536870912,564.944,
1789255094.448285,2026-09-12T23:18:14Z,23,ballast-9.bin,536870912,528.002,
1789255094.976406,2026-09-12T23:18:14Z,23,ballast-30.bin,536870912,534.044,
1789255095.510526,2026-09-12T23:18:15Z,23,ballast-40.bin,536870912,1921.300,
1789255097.431903,2026-09-12T23:18:17Z,23,ballast-31.bin,536870912,503.541,
1789255097.935515,2026-09-12T23:18:17Z,23,ballast-27.bin,536870912,512.407,
1789255098.448000,2026-09-12T23:18:18Z,23,ballast-37.bin,536870912,535.655,
1789255098.983730,2026-09-12T23:18:18Z,23,ballast-10.bin,536870912,2508.305,
1789255101.492111,2026-09-12T23:18:21Z,23,ballast-14.bin,536870912,2478.133,
1789255103.970343,2026-09-12T23:18:23Z,23,ballast-33.bin,536870912,658.618,
1789255104.629032,2026-09-12T23:18:24Z,23,ballast-24.bin,536870912,747.586,
1789255105.376692,2026-09-12T23:18:25Z,23,ballast-26.bin,536870912,541.614,
1789255105.918522,2026-09-12T23:18:25Z,23,ballast-7.bin,536870912,525.764,
1789255106.444419,2026-09-12T23:18:26Z,23,ballast-21.bin,536870912,539.465,
1789255106.983958,2026-09-12T23:18:26Z,23,ballast-13.bin,536870912,677.058,
1789255107.661085,2026-09-12T23:18:27Z,23,ballast-17.bin,536870912,543.971,
1789255108.205131,2026-09-12T23:18:28Z,23,ballast-22.bin,536870912,1169.734,
1789255109.374943,2026-09-12T23:18:29Z,23,ballast-39.bin,536870912,2454.762,
1789255111.829800,2026-09-12T23:18:31Z,24,ballast-37.bin,536870912,503.759,
1789255112.333633,2026-09-12T23:18:32Z,24,ballast-1.bin,536870912,508.972,
1789255112.842685,2026-09-12T23:18:32Z,24,ballast-32.bin,536870912,541.469,
1789255113.384226,2026-09-12T23:18:33Z,24,ballast-40.bin,536870912,538.909,
1789255113.923209,2026-09-12T23:18:33Z,24,ballast-34.bin,536870912,518.266,
1789255114.441555,2026-09-12T23:18:34Z,24,ballast-30.bin,536870912,540.943,
1789255114.982565,2026-09-12T23:18:34Z,24,ballast-24.bin,536870912,519.090,
1789255115.501725,2026-09-12T23:18:35Z,24,ballast-33.bin,536870912,517.784,
1789255116.019594,2026-09-12T23:18:36Z,24,ballast-23.bin,536870912,517.775,
1789255116.537443,2026-09-12T23:18:36Z,24,ballast-27.bin,536870912,509.702,
1789255117.047217,2026-09-12T23:18:37Z,24,ballast-4.bin,536870912,503.440,
1789255117.550740,2026-09-12T23:18:37Z,24,ballast-20.bin,536870912,501.884,
1789255118.052695,2026-09-12T23:18:38Z,24,ballast-14.bin,536870912,500.380,
1789255118.553169,2026-09-12T23:18:38Z,24,ballast-19.bin,536870912,506.279,
1789255119.059549,2026-09-12T23:18:39Z,24,ballast-18.bin,536870912,506.012,
1789255119.565640,2026-09-12T23:18:39Z,24,ballast-5.bin,536870912,558.221,
1789255120.123933,2026-09-12T23:18:40Z,24,ballast-13.bin,536870912,516.948,
1789255120.640955,2026-09-12T23:18:40Z,24,ballast-7.bin,536870912,530.512,
1789255121.171562,2026-09-12T23:18:41Z,24,ballast-10.bin,536870912,526.342,
1789255121.698956,2026-09-12T23:18:41Z,24,ballast-38.bin,536870912,536.563,
1789255122.235605,2026-09-12T23:18:42Z,24,ballast-2.bin,536870912,541.877,
1789255122.777558,2026-09-12T23:18:42Z,24,ballast-22.bin,536870912,1829.001,
1789255124.606630,2026-09-12T23:18:44Z,24,ballast-16.bin,536870912,518.296,
1789255125.124997,2026-09-12T23:18:45Z,24,ballast-28.bin,536870912,510.911,
1789255125.635979,2026-09-12T23:18:45Z,24,ballast-35.bin,536870912,2411.289,
1789255128.047381,2026-09-12T23:18:48Z,24,ballast-6.bin,536870912,513.545,
1789255128.560993,2026-09-12T23:18:48Z,24,ballast-3.bin,536870912,895.443,
1789255129.456513,2026-09-12T23:18:49Z,24,ballast-15.bin,536870912,1315.462,
1789255130.772050,2026-09-12T23:18:50Z,24,ballast-31.bin,536870912,1700.907,
1789255132.473027,2026-09-12T23:18:52Z,24,ballast-25.bin,536870912,1310.121,
1789255133.783226,2026-09-12T23:18:53Z,24,ballast-9.bin,536870912,550.871,
1789255134.334169,2026-09-12T23:18:54Z,24,ballast-39.bin,536870912,549.955,
1789255134.884195,2026-09-12T23:18:54Z,24,ballast-26.bin,536870912,591.477,
1789255135.475746,2026-09-12T23:18:55Z,24,ballast-12.bin,536870912,545.070,
1789255136.020886,2026-09-12T23:18:56Z,24,ballast-17.bin,536870912,526.472,
1789255136.547451,2026-09-12T23:18:56Z,24,ballast-11.bin,536870912,522.288,
1789255137.069808,2026-09-12T23:18:57Z,24,ballast-8.bin,536870912,1229.544,
1789255138.299426,2026-09-12T23:18:58Z,24,ballast-21.bin,536870912,714.674,
1789255139.014174,2026-09-12T23:18:59Z,24,ballast-29.bin,536870912,1003.499,
1789255140.017749,2026-09-12T23:19:00Z,24,ballast-36.bin,536870912,1887.063,
1789255141.904911,2026-09-12T23:19:01Z,25,ballast-36.bin,536870912,307.360,
1789255142.212367,2026-09-12T23:19:02Z,25,ballast-27.bin,536870912,505.308,
1789255142.717750,2026-09-12T23:19:02Z,25,ballast-17.bin,536870912,538.850,
1789255143.256668,2026-09-12T23:19:03Z,25,ballast-21.bin,536870912,535.316,
1789255143.792055,2026-09-12T23:19:03Z,25,ballast-10.bin,536870912,494.606,
1789255144.286733,2026-09-12T23:19:04Z,25,ballast-23.bin,536870912,511.625,
1789255144.798429,2026-09-12T23:19:04Z,25,ballast-22.bin,536870912,526.577,
1789255145.325079,2026-09-12T23:19:05Z,25,ballast-2.bin,536870912,509.984,
1789255145.835204,2026-09-12T23:19:05Z,25,ballast-25.bin,536870912,999.513,
1789255146.834788,2026-09-12T23:19:06Z,25,ballast-32.bin,536870912,1608.261,
1789255148.443139,2026-09-12T23:19:08Z,25,ballast-6.bin,536870912,539.523,
1789255148.982732,2026-09-12T23:19:08Z,25,ballast-15.bin,536870912,542.566,
1789255149.525423,2026-09-12T23:19:09Z,25,ballast-20.bin,536870912,509.569,
1789255150.035074,2026-09-12T23:19:10Z,25,ballast-24.bin,536870912,529.524,
1789255150.564676,2026-09-12T23:19:10Z,25,ballast-19.bin,536870912,505.195,
1789255151.069942,2026-09-12T23:19:11Z,25,ballast-14.bin,536870912,607.570,
1789255151.677582,2026-09-12T23:19:11Z,25,ballast-9.bin,536870912,520.103,
1789255152.197766,2026-09-12T23:19:12Z,25,ballast-13.bin,536870912,723.797,
1789255152.921636,2026-09-12T23:19:12Z,25,ballast-34.bin,536870912,733.789,
1789255153.655488,2026-09-12T23:19:13Z,25,ballast-29.bin,536870912,530.500,
1789255154.186060,2026-09-12T23:19:14Z,25,ballast-35.bin,536870912,567.511,
1789255154.753643,2026-09-12T23:19:14Z,25,ballast-3.bin,536870912,728.297,
1789255155.482032,2026-09-12T23:19:15Z,25,ballast-1.bin,536870912,751.602,
1789255156.233738,2026-09-12T23:19:16Z,25,ballast-18.bin,536870912,572.510,
1789255156.806367,2026-09-12T23:19:16Z,25,ballast-28.bin,536870912,1346.520,
1789255158.152958,2026-09-12T23:19:18Z,25,ballast-12.bin,536870912,636.588,
1789255158.789617,2026-09-12T23:19:18Z,25,ballast-40.bin,536870912,524.518,
1789255159.314210,2026-09-12T23:19:19Z,25,ballast-39.bin,536870912,532.053,
1789255159.846353,2026-09-12T23:19:19Z,25,ballast-30.bin,536870912,538.186,
1789255160.384606,2026-09-12T23:19:20Z,25,ballast-5.bin,536870912,525.988,
1789255160.910673,2026-09-12T23:19:20Z,25,ballast-33.bin,536870912,643.781,
1789255161.554546,2026-09-12T23:19:21Z,25,ballast-8.bin,536870912,580.568,
1789255162.135211,2026-09-12T23:19:22Z,25,ballast-4.bin,536870912,2173.238,
1789255164.308528,2026-09-12T23:19:24Z,25,ballast-11.bin,536870912,533.327,
1789255164.841925,2026-09-12T23:19:24Z,25,ballast-7.bin,536870912,506.732,
1789255165.348729,2026-09-12T23:19:25Z,25,ballast-26.bin,536870912,654.680,
1789255166.003495,2026-09-12T23:19:26Z,25,ballast-31.bin,536870912,546.481,
1789255166.550049,2026-09-12T23:19:26Z,25,ballast-38.bin,536870912,1125.193,
1789255167.675345,2026-09-12T23:19:27Z,25,ballast-37.bin,536870912,598.608,
1789255168.274029,2026-09-12T23:19:28Z,25,ballast-16.bin,536870912,504.986,
1789255168.779112,2026-09-12T23:19:28Z,26,ballast-28.bin,536870912,697.169,
1789255169.476370,2026-09-12T23:19:29Z,26,ballast-8.bin,536870912,582.233,
1789255170.058685,2026-09-12T23:19:30Z,26,ballast-13.bin,536870912,752.234,
1789255170.810989,2026-09-12T23:19:30Z,26,ballast-39.bin,536870912,538.504,
1789255171.349568,2026-09-12T23:19:31Z,26,ballast-37.bin,536870912,497.819,
1789255171.847460,2026-09-12T23:19:31Z,26,ballast-30.bin,536870912,621.629,
1789255172.469170,2026-09-12T23:19:32Z,26,ballast-23.bin,536870912,548.003,
1789255173.017244,2026-09-12T23:19:33Z,26,ballast-5.bin,536870912,873.886,
1789255173.891202,2026-09-12T23:19:33Z,26,ballast-7.bin,536870912,513.195,
1789255174.404475,2026-09-12T23:19:34Z,26,ballast-18.bin,536870912,520.953,
1789255174.925524,2026-09-12T23:19:34Z,26,ballast-6.bin,536870912,530.655,
1789255175.456260,2026-09-12T23:19:35Z,26,ballast-22.bin,536870912,1336.009,
1789255176.792362,2026-09-12T23:19:36Z,26,ballast-29.bin,536870912,763.554,
1789255177.555986,2026-09-12T23:19:37Z,26,ballast-16.bin,536870912,537.738,
1789255178.093798,2026-09-12T23:19:38Z,26,ballast-9.bin,536870912,502.116,
1789255178.595989,2026-09-12T23:19:38Z,26,ballast-19.bin,536870912,520.154,
1789255179.116221,2026-09-12T23:19:39Z,26,ballast-10.bin,536870912,549.583,
1789255179.665873,2026-09-12T23:19:39Z,26,ballast-3.bin,536870912,509.632,
1789255180.175593,2026-09-12T23:19:40Z,26,ballast-14.bin,536870912,501.483,
1789255180.677140,2026-09-12T23:19:40Z,26,ballast-4.bin,536870912,576.549,
1789255181.253772,2026-09-12T23:19:41Z,26,ballast-15.bin,536870912,514.932,
1789255181.768782,2026-09-12T23:19:41Z,26,ballast-33.bin,536870912,515.363,
1789255182.284223,2026-09-12T23:19:42Z,26,ballast-31.bin,536870912,510.956,
1789255182.795252,2026-09-12T23:19:42Z,26,ballast-27.bin,536870912,532.645,
1789255183.327967,2026-09-12T23:19:43Z,26,ballast-35.bin,536870912,511.928,
1789255183.839978,2026-09-12T23:19:43Z,26,ballast-25.bin,536870912,521.290,
1789255184.361360,2026-09-12T23:19:44Z,26,ballast-38.bin,536870912,518.736,
1789255184.880168,2026-09-12T23:19:44Z,26,ballast-26.bin,536870912,510.831,
1789255185.391083,2026-09-12T23:19:45Z,26,ballast-2.bin,536870912,1125.309,
1789255186.516462,2026-09-12T23:19:46Z,26,ballast-1.bin,536870912,528.488,
1789255187.045022,2026-09-12T23:19:47Z,26,ballast-36.bin,536870912,529.305,
1789255187.574398,2026-09-12T23:19:47Z,26,ballast-21.bin,536870912,698.946,
1789255188.273431,2026-09-12T23:19:48Z,26,ballast-12.bin,536870912,527.998,
1789255188.801504,2026-09-12T23:19:48Z,26,ballast-11.bin,536870912,2579.071,
1789255191.380664,2026-09-12T23:19:51Z,26,ballast-17.bin,536870912,532.697,
1789255191.913450,2026-09-12T23:19:51Z,26,ballast-20.bin,536870912,537.731,
1789255192.451259,2026-09-12T23:19:52Z,26,ballast-32.bin,536870912,507.306,
1789255192.958637,2026-09-12T23:19:52Z,26,ballast-40.bin,536870912,520.273,
1789255193.478987,2026-09-12T23:19:53Z,26,ballast-24.bin,536870912,510.435,
1789255193.989497,2026-09-12T23:19:53Z,26,ballast-34.bin,536870912,2611.444,
1789255196.601046,2026-09-12T23:19:56Z,27,ballast-31.bin,536870912,532.592,
1789255197.133710,2026-09-12T23:19:57Z,27,ballast-32.bin,536870912,541.842,
1789255197.675633,2026-09-12T23:19:57Z,27,ballast-12.bin,536870912,1431.256,
1789255199.106961,2026-09-12T23:19:59Z,27,ballast-7.bin,536870912,496.506,
1789255199.603564,2026-09-12T23:19:59Z,27,ballast-3.bin,536870912,843.397,
1789255200.447062,2026-09-12T23:20:00Z,27,ballast-10.bin,536870912,515.660,
1789255200.962810,2026-09-12T23:20:00Z,27,ballast-6.bin,536870912,2186.410,
1789255203.149297,2026-09-12T23:20:03Z,27,ballast-14.bin,536870912,535.056,
1789255203.684425,2026-09-12T23:20:03Z,27,ballast-26.bin,536870912,549.043,
1789255204.233547,2026-09-12T23:20:04Z,27,ballast-11.bin,536870912,560.369,
1789255204.793989,2026-09-12T23:20:04Z,27,ballast-35.bin,536870912,758.002,
1789255205.552063,2026-09-12T23:20:05Z,27,ballast-27.bin,536870912,520.652,
1789255206.072794,2026-09-12T23:20:06Z,27,ballast-17.bin,536870912,504.836,
1789255206.577709,2026-09-12T23:20:06Z,27,ballast-40.bin,536870912,1337.477,
1789255207.915263,2026-09-12T23:20:07Z,27,ballast-30.bin,536870912,512.489,
1789255208.427830,2026-09-12T23:20:08Z,27,ballast-9.bin,536870912,538.520,
1789255208.966421,2026-09-12T23:20:08Z,27,ballast-13.bin,536870912,495.142,
1789255209.461640,2026-09-12T23:20:09Z,27,ballast-4.bin,536870912,973.918,
1789255210.435633,2026-09-12T23:20:10Z,27,ballast-19.bin,536870912,1435.608,
1789255211.871345,2026-09-12T23:20:11Z,27,ballast-8.bin,536870912,1343.057,
1789255213.214472,2026-09-12T23:20:13Z,27,ballast-18.bin,536870912,1136.763,
1789255214.351306,2026-09-12T23:20:14Z,27,ballast-20.bin,536870912,504.852,
1789255214.856241,2026-09-12T23:20:14Z,27,ballast-25.bin,536870912,1016.826,
1789255215.873137,2026-09-12T23:20:15Z,27,ballast-22.bin,536870912,799.351,
1789255216.672558,2026-09-12T23:20:16Z,27,ballast-1.bin,536870912,777.768,
1789255217.450399,2026-09-12T23:20:17Z,27,ballast-28.bin,536870912,1037.541,
1789255218.488027,2026-09-12T23:20:18Z,27,ballast-21.bin,536870912,1931.357,
1789255220.419456,2026-09-12T23:20:20Z,27,ballast-2.bin,536870912,503.454,
1789255220.922978,2026-09-12T23:20:20Z,27,ballast-16.bin,536870912,645.739,
1789255221.568789,2026-09-12T23:20:21Z,27,ballast-29.bin,536870912,552.231,
1789255222.121097,2026-09-12T23:20:22Z,27,ballast-23.bin,536870912,534.340,
1789255222.655509,2026-09-12T23:20:22Z,27,ballast-33.bin,536870912,2102.061,
1789255224.757639,2026-09-12T23:20:24Z,27,ballast-24.bin,536870912,532.254,
1789255225.289964,2026-09-12T23:20:25Z,27,ballast-39.bin,536870912,1805.442,
1789255227.095480,2026-09-12T23:20:27Z,27,ballast-38.bin,536870912,1437.065,
1789255228.532628,2026-09-12T23:20:28Z,27,ballast-5.bin,536870912,2140.776,
1789255230.673486,2026-09-12T23:20:30Z,27,ballast-36.bin,536870912,551.892,
1789255231.225466,2026-09-12T23:20:31Z,27,ballast-37.bin,536870912,904.378,
1789255232.129917,2026-09-12T23:20:32Z,27,ballast-34.bin,536870912,504.845,
1789255232.634833,2026-09-12T23:20:32Z,27,ballast-15.bin,536870912,1011.708,
1789255233.646644,2026-09-12T23:20:33Z,28,ballast-11.bin,536870912,529.811,
1789255234.176535,2026-09-12T23:20:34Z,28,ballast-19.bin,536870912,538.838,
1789255234.715461,2026-09-12T23:20:34Z,28,ballast-12.bin,536870912,555.090,
1789255235.270630,2026-09-12T23:20:35Z,28,ballast-6.bin,536870912,496.505,
1789255235.767223,2026-09-12T23:20:35Z,28,ballast-18.bin,536870912,510.891,
1789255236.278202,2026-09-12T23:20:36Z,28,ballast-39.bin,536870912,696.892,
1789255236.975175,2026-09-12T23:20:36Z,28,ballast-5.bin,536870912,524.608,
1789255237.499856,2026-09-12T23:20:37Z,28,ballast-4.bin,536870912,559.415,
1789255238.059373,2026-09-12T23:20:38Z,28,ballast-8.bin,536870912,573.975,
1789255238.633420,2026-09-12T23:20:38Z,28,ballast-16.bin,536870912,510.407,
1789255239.143895,2026-09-12T23:20:39Z,28,ballast-38.bin,536870912,541.656,
1789255239.685621,2026-09-12T23:20:39Z,28,ballast-13.bin,536870912,551.488,
1789255240.237189,2026-09-12T23:20:40Z,28,ballast-37.bin,536870912,521.218,
1789255240.758486,2026-09-12T23:20:40Z,28,ballast-23.bin,536870912,495.767,
1789255241.254345,2026-09-12T23:20:41Z,28,ballast-10.bin,536870912,533.803,
1789255241.788220,2026-09-12T23:20:41Z,28,ballast-2.bin,536870912,577.029,
1789255242.365346,2026-09-12T23:20:42Z,28,ballast-20.bin,536870912,512.632,
1789255242.878055,2026-09-12T23:20:42Z,28,ballast-25.bin,536870912,522.482,
1789255243.400614,2026-09-12T23:20:43Z,28,ballast-40.bin,536870912,560.439,
1789255243.961143,2026-09-12T23:20:43Z,28,ballast-22.bin,536870912,1085.576,
1789255245.046796,2026-09-12T23:20:45Z,28,ballast-15.bin,536870912,498.539,
1789255245.545418,2026-09-12T23:20:45Z,28,ballast-36.bin,536870912,491.449,
1789255246.036942,2026-09-12T23:20:46Z,28,ballast-29.bin,536870912,563.500,
1789255246.600513,2026-09-12T23:20:46Z,28,ballast-17.bin,536870912,805.660,
1789255247.406245,2026-09-12T23:20:47Z,28,ballast-32.bin,536870912,4347.435,
1789255251.753757,2026-09-12T23:20:51Z,28,ballast-34.bin,536870912,511.939,
1789255252.265774,2026-09-12T23:20:52Z,28,ballast-1.bin,536870912,513.638,
1789255252.779497,2026-09-12T23:20:52Z,28,ballast-9.bin,536870912,1064.081,
1789255253.843647,2026-09-12T23:20:53Z,28,ballast-26.bin,536870912,512.711,
1789255254.356439,2026-09-12T23:20:54Z,28,ballast-7.bin,536870912,1016.038,
1789255255.372556,2026-09-12T23:20:55Z,28,ballast-24.bin,536870912,1284.025,
1789255256.656668,2026-09-12T23:20:56Z,28,ballast-33.bin,536870912,581.910,
1789255257.238666,2026-09-12T23:20:57Z,28,ballast-14.bin,536870912,575.475,
1789255257.814211,2026-09-12T23:20:57Z,28,ballast-21.bin,536870912,777.249,
1789255258.591539,2026-09-12T23:20:58Z,28,ballast-35.bin,536870912,510.169,
1789255259.101781,2026-09-12T23:20:59Z,28,ballast-27.bin,536870912,535.713,
1789255259.637564,2026-09-12T23:20:59Z,28,ballast-30.bin,536870912,514.405,
1789255260.152045,2026-09-12T23:21:00Z,28,ballast-3.bin,536870912,1258.881,
1789255261.410996,2026-09-12T23:21:01Z,28,ballast-31.bin,536870912,594.841,
1789255262.005910,2026-09-12T23:21:02Z,28,ballast-28.bin,536870912,658.222,
1789255262.664232,2026-09-12T23:21:02Z,29,ballast-24.bin,536870912,523.314,
1789255263.187623,2026-09-12T23:21:03Z,29,ballast-16.bin,536870912,508.302,
1789255263.695994,2026-09-12T23:21:03Z,29,ballast-33.bin,536870912,521.865,
1789255264.217934,2026-09-12T23:21:04Z,29,ballast-12.bin,536870912,500.929,
1789255264.718948,2026-09-12T23:21:04Z,29,ballast-38.bin,536870912,577.884,
1789255265.296906,2026-09-12T23:21:05Z,29,ballast-6.bin,536870912,493.811,
1789255265.790788,2026-09-12T23:21:05Z,29,ballast-5.bin,536870912,489.364,
1789255266.280236,2026-09-12T23:21:06Z,29,ballast-20.bin,536870912,602.743,
1789255266.883050,2026-09-12T23:21:06Z,29,ballast-17.bin,536870912,528.180,
1789255267.411355,2026-09-12T23:21:07Z,29,ballast-37.bin,536870912,673.401,
1789255268.084822,2026-09-12T23:21:08Z,29,ballast-8.bin,536870912,700.889,
1789255268.785784,2026-09-12T23:21:08Z,29,ballast-40.bin,536870912,539.867,
1789255269.325724,2026-09-12T23:21:09Z,29,ballast-9.bin,536870912,542.466,
1789255269.868265,2026-09-12T23:21:09Z,29,ballast-19.bin,536870912,565.471,
1789255270.433807,2026-09-12T23:21:10Z,29,ballast-1.bin,536870912,532.191,
1789255270.966070,2026-09-12T23:21:10Z,29,ballast-23.bin,536870912,976.958,
1789255271.943103,2026-09-12T23:21:11Z,29,ballast-29.bin,536870912,537.388,
1789255272.480568,2026-09-12T23:21:12Z,29,ballast-31.bin,536870912,3707.873,
1789255276.188532,2026-09-12T23:21:16Z,29,ballast-22.bin,536870912,1219.980,
1789255277.408581,2026-09-12T23:21:17Z,29,ballast-21.bin,536870912,496.327,
1789255277.904980,2026-09-12T23:21:17Z,29,ballast-34.bin,536870912,1592.821,
1789255279.497896,2026-09-12T23:21:19Z,29,ballast-32.bin,536870912,543.001,
1789255280.040986,2026-09-12T23:21:20Z,29,ballast-35.bin,536870912,527.434,
1789255280.568502,2026-09-12T23:21:20Z,29,ballast-15.bin,536870912,545.842,
1789255281.114420,2026-09-12T23:21:21Z,29,ballast-30.bin,536870912,1432.719,
1789255282.547231,2026-09-12T23:21:22Z,29,ballast-27.bin,536870912,548.855,
1789255283.096157,2026-09-12T23:21:23Z,29,ballast-3.bin,536870912,554.183,
1789255283.650414,2026-09-12T23:21:23Z,29,ballast-28.bin,536870912,634.270,
1789255284.284759,2026-09-12T23:21:24Z,29,ballast-18.bin,536870912,560.176,
1789255284.845005,2026-09-12T23:21:24Z,29,ballast-4.bin,536870912,1705.477,
1789255286.550562,2026-09-12T23:21:26Z,29,ballast-11.bin,536870912,2820.408,
1789255289.371042,2026-09-12T23:21:29Z,29,ballast-7.bin,536870912,943.855,
1789255290.314974,2026-09-12T23:21:30Z,29,ballast-10.bin,536870912,505.793,
1789255290.820856,2026-09-12T23:21:30Z,29,ballast-13.bin,536870912,820.068,
1789255291.640986,2026-09-12T23:21:31Z,29,ballast-2.bin,536870912,934.141,
1789255292.575204,2026-09-12T23:21:32Z,29,ballast-36.bin,536870912,507.463,
1789255293.082738,2026-09-12T23:21:33Z,29,ballast-25.bin,536870912,540.089,
1789255293.622896,2026-09-12T23:21:33Z,29,ballast-26.bin,536870912,536.593,
1789255294.159577,2026-09-12T23:21:34Z,29,ballast-39.bin,536870912,680.443,
1789255294.840108,2026-09-12T23:21:34Z,29,ballast-14.bin,536870912,525.438,
1789255295.365643,2026-09-12T23:21:35Z,30,ballast-22.bin,536870912,520.266,
1789255295.885979,2026-09-12T23:21:35Z,30,ballast-31.bin,536870912,520.677,
1789255296.406732,2026-09-12T23:21:36Z,30,ballast-27.bin,536870912,571.756,
1789255296.978562,2026-09-12T23:21:36Z,30,ballast-13.bin,536870912,531.516,
1789255297.510150,2026-09-12T23:21:37Z,30,ballast-36.bin,536870912,502.990,
1789255298.013214,2026-09-12T23:21:38Z,30,ballast-25.bin,536870912,562.467,
1789255298.575768,2026-09-12T23:21:38Z,30,ballast-35.bin,536870912,972.270,
1789255299.548114,2026-09-12T23:21:39Z,30,ballast-1.bin,536870912,532.829,
1789255300.081023,2026-09-12T23:21:40Z,30,ballast-11.bin,536870912,681.358,
1789255300.762457,2026-09-12T23:21:40Z,30,ballast-16.bin,536870912,527.999,
1789255301.290522,2026-09-12T23:21:41Z,30,ballast-37.bin,536870912,522.849,
1789255301.813443,2026-09-12T23:21:41Z,30,ballast-23.bin,536870912,508.331,
1789255302.321847,2026-09-12T23:21:42Z,30,ballast-34.bin,536870912,552.866,
1789255302.874785,2026-09-12T23:21:42Z,30,ballast-12.bin,536870912,513.462,
1789255303.388343,2026-09-12T23:21:43Z,30,ballast-39.bin,536870912,525.783,
1789255303.914207,2026-09-12T23:21:43Z,30,ballast-2.bin,536870912,500.502,
1789255304.414787,2026-09-12T23:21:44Z,30,ballast-3.bin,536870912,532.406,
1789255304.947270,2026-09-12T23:21:44Z,30,ballast-20.bin,536870912,520.167,
1789255305.467512,2026-09-12T23:21:45Z,30,ballast-29.bin,536870912,498.711,
1789255305.966291,2026-09-12T23:21:45Z,30,ballast-38.bin,536870912,562.311,
1789255306.528676,2026-09-12T23:21:46Z,30,ballast-19.bin,536870912,529.529,
1789255307.058276,2026-09-12T23:21:47Z,30,ballast-17.bin,536870912,3780.100,
1789255310.838448,2026-09-12T23:21:50Z,30,ballast-15.bin,536870912,595.606,
1789255311.434129,2026-09-12T23:21:51Z,30,ballast-10.bin,536870912,678.115,
1789255312.112363,2026-09-12T23:21:52Z,30,ballast-14.bin,536870912,1540.617,
1789255313.653049,2026-09-12T23:21:53Z,30,ballast-9.bin,536870912,1369.460,
1789255315.022580,2026-09-12T23:21:55Z,30,ballast-4.bin,536870912,822.870,
1789255315.845529,2026-09-12T23:21:55Z,30,ballast-28.bin,536870912,520.596,
1789255316.366221,2026-09-12T23:21:56Z,30,ballast-26.bin,536870912,560.596,
1789255316.926886,2026-09-12T23:21:56Z,30,ballast-6.bin,536870912,1703.704,
1789255318.630688,2026-09-12T23:21:58Z,30,ballast-5.bin,536870912,750.658,
1789255319.381440,2026-09-12T23:21:59Z,30,ballast-7.bin,536870912,535.826,
1789255319.917380,2026-09-12T23:21:59Z,30,ballast-21.bin,536870912,764.853,
1789255320.682293,2026-09-12T23:22:00Z,30,ballast-30.bin,536870912,980.457,
1789255321.662844,2026-09-12T23:22:01Z,30,ballast-24.bin,536870912,585.245,
1789255322.248161,2026-09-12T23:22:02Z,30,ballast-40.bin,536870912,1152.001,
1789255323.400254,2026-09-12T23:22:03Z,30,ballast-18.bin,536870912,3382.836,
1789255326.783169,2026-09-12T23:22:06Z,30,ballast-33.bin,536870912,1266.474,
1789255328.049718,2026-09-12T23:22:08Z,30,ballast-8.bin,536870912,1515.347,
1789255329.565137,2026-09-12T23:22:09Z,30,ballast-32.bin,536870912,494.744,
1789255330.059976,2026-09-12T23:22:10Z,31,ballast-19.bin,536870912,840.039,
1789255330.900089,2026-09-12T23:22:10Z,31,ballast-25.bin,536870912,4051.333,
1789255334.951489,2026-09-12T23:22:14Z,31,ballast-35.bin,536870912,1393.901,
1789255336.345465,2026-09-12T23:22:16Z,31,ballast-11.bin,536870912,776.638,
1789255337.122204,2026-09-12T23:22:17Z,31,ballast-32.bin,536870912,535.405,
1789255337.657681,2026-09-12T23:22:17Z,31,ballast-28.bin,536870912,625.417,
1789255338.283176,2026-09-12T23:22:18Z,31,ballast-38.bin,536870912,2355.441,
1789255340.638685,2026-09-12T23:22:20Z,31,ballast-33.bin,536870912,1427.225,
1789255342.065989,2026-09-12T23:22:22Z,31,ballast-8.bin,536870912,752.632,
1789255342.818692,2026-09-12T23:22:22Z,31,ballast-5.bin,536870912,2497.256,
1789255345.316025,2026-09-12T23:22:25Z,31,ballast-3.bin,536870912,506.075,
1789255345.822191,2026-09-12T23:22:25Z,31,ballast-36.bin,536870912,512.284,
1789255346.334551,2026-09-12T23:22:26Z,31,ballast-20.bin,536870912,512.345,
1789255346.846966,2026-09-12T23:22:26Z,31,ballast-12.bin,536870912,502.820,
1789255347.349862,2026-09-12T23:22:27Z,31,ballast-27.bin,536870912,504.379,
1789255347.854331,2026-09-12T23:22:27Z,31,ballast-31.bin,536870912,523.802,
1789255348.378204,2026-09-12T23:22:28Z,31,ballast-6.bin,536870912,502.621,
1789255348.880894,2026-09-12T23:22:28Z,31,ballast-10.bin,536870912,517.061,
1789255349.398024,2026-09-12T23:22:29Z,31,ballast-4.bin,536870912,690.687,
1789255350.088799,2026-09-12T23:22:30Z,31,ballast-37.bin,536870912,1234.267,
1789255351.323144,2026-09-12T23:22:31Z,31,ballast-1.bin,536870912,671.714,
1789255351.994943,2026-09-12T23:22:31Z,31,ballast-14.bin,536870912,526.554,
1789255352.521570,2026-09-12T23:22:32Z,31,ballast-40.bin,536870912,574.008,
1789255353.095835,2026-09-12T23:22:33Z,31,ballast-15.bin,536870912,535.807,
1789255353.631714,2026-09-12T23:22:33Z,31,ballast-30.bin,536870912,1034.448,
1789255354.666235,2026-09-12T23:22:34Z,31,ballast-2.bin,536870912,557.239,
1789255355.223557,2026-09-12T23:22:35Z,31,ballast-16.bin,536870912,4494.295,
1789255359.717925,2026-09-12T23:22:39Z,31,ballast-21.bin,536870912,559.993,
1789255360.277991,2026-09-12T23:22:40Z,31,ballast-17.bin,536870912,1426.492,
1789255361.704561,2026-09-12T23:22:41Z,31,ballast-29.bin,536870912,695.422,
1789255362.400068,2026-09-12T23:22:42Z,31,ballast-34.bin,536870912,677.760,
1789255363.077899,2026-09-12T23:22:43Z,31,ballast-39.bin,536870912,763.495,
1789255363.841465,2026-09-12T23:22:43Z,31,ballast-23.bin,536870912,2059.524,
1789255365.901061,2026-09-12T23:22:45Z,31,ballast-9.bin,536870912,1675.497,
1789255367.576630,2026-09-12T23:22:47Z,31,ballast-13.bin,536870912,739.843,
1789255368.316543,2026-09-12T23:22:48Z,31,ballast-18.bin,536870912,625.490,
1789255368.942103,2026-09-12T23:22:48Z,31,ballast-7.bin,536870912,533.857,
1789255369.476032,2026-09-12T23:22:49Z,31,ballast-22.bin,536870912,495.620,
1789255369.971726,2026-09-12T23:22:49Z,31,ballast-24.bin,536870912,504.491,
1789255370.476305,2026-09-12T23:22:50Z,31,ballast-26.bin,536870912,518.641,
1789255370.995041,2026-09-12T23:22:50Z,32,ballast-3.bin,536870912,716.888,
1789255371.711998,2026-09-12T23:22:51Z,32,ballast-18.bin,536870912,512.871,
1789255372.224945,2026-09-12T23:22:52Z,32,ballast-13.bin,536870912,516.980,
1789255372.742000,2026-09-12T23:22:52Z,32,ballast-15.bin,536870912,513.545,
1789255373.255619,2026-09-12T23:22:53Z,32,ballast-23.bin,536870912,570.273,
1789255373.825964,2026-09-12T23:22:53Z,32,ballast-6.bin,536870912,887.219,
1789255374.713256,2026-09-12T23:22:54Z,32,ballast-1.bin,536870912,1721.929,
1789255376.435262,2026-09-12T23:22:56Z,32,ballast-4.bin,536870912,519.930,
1789255376.955270,2026-09-12T23:22:56Z,32,ballast-25.bin,536870912,569.642,
1789255377.524985,2026-09-12T23:22:57Z,32,ballast-12.bin,536870912,532.428,
1789255378.057485,2026-09-12T23:22:58Z,32,ballast-7.bin,536870912,541.614,
1789255378.599170,2026-09-12T23:22:58Z,32,ballast-29.bin,536870912,1926.610,
1789255380.525853,2026-09-12T23:23:00Z,32,ballast-31.bin,536870912,1795.985,
1789255382.321911,2026-09-12T23:23:02Z,32,ballast-24.bin,536870912,544.826,
1789255382.866813,2026-09-12T23:23:02Z,32,ballast-20.bin,536870912,512.021,
1789255383.378912,2026-09-12T23:23:03Z,32,ballast-33.bin,536870912,665.332,
1789255384.044346,2026-09-12T23:23:04Z,32,ballast-40.bin,536870912,495.429,
1789255384.539843,2026-09-12T23:23:04Z,32,ballast-11.bin,536870912,521.038,
1789255385.060954,2026-09-12T23:23:05Z,32,ballast-35.bin,536870912,1066.848,
1789255386.127872,2026-09-12T23:23:06Z,32,ballast-22.bin,536870912,575.958,
1789255386.703916,2026-09-12T23:23:06Z,32,ballast-9.bin,536870912,525.455,
1789255387.229464,2026-09-12T23:23:07Z,32,ballast-16.bin,536870912,541.396,
1789255387.770934,2026-09-12T23:23:07Z,32,ballast-36.bin,536870912,533.594,
1789255388.304599,2026-09-12T23:23:08Z,32,ballast-21.bin,536870912,503.004,
1789255388.807695,2026-09-12T23:23:08Z,32,ballast-10.bin,536870912,2331.102,
1789255391.138867,2026-09-12T23:23:11Z,32,ballast-27.bin,536870912,526.484,
1789255391.665435,2026-09-12T23:23:11Z,32,ballast-28.bin,536870912,526.266,
1789255392.191782,2026-09-12T23:23:12Z,32,ballast-17.bin,536870912,546.510,
1789255392.738460,2026-09-12T23:23:12Z,32,ballast-2.bin,536870912,913.817,
1789255393.652378,2026-09-12T23:23:13Z,32,ballast-39.bin,536870912,766.844,
1789255394.419306,2026-09-12T23:23:14Z,32,ballast-14.bin,536870912,3123.706,
1789255397.543091,2026-09-12T23:23:17Z,32,ballast-5.bin,536870912,786.934,
1789255398.330117,2026-09-12T23:23:18Z,32,ballast-34.bin,536870912,537.579,
1789255398.867767,2026-09-12T23:23:18Z,32,ballast-19.bin,536870912,3374.295,
1789255402.242142,2026-09-12T23:23:22Z,32,ballast-26.bin,536870912,3939.426,
1789255406.181642,2026-09-12T23:23:26Z,32,ballast-37.bin,536870912,1738.647,
1789255407.920390,2026-09-12T23:23:27Z,32,ballast-32.bin,536870912,571.903,
1789255408.492389,2026-09-12T23:23:28Z,32,ballast-8.bin,536870912,632.156,
1789255409.124619,2026-09-12T23:23:29Z,32,ballast-38.bin,536870912,1554.950,
1789255410.679637,2026-09-12T23:23:30Z,32,ballast-30.bin,536870912,850.660,
1789255411.530415,2026-09-12T23:23:31Z,33,ballast-29.bin,536870912,528.952,
1789255412.059460,2026-09-12T23:23:32Z,33,ballast-4.bin,536870912,1581.742,
1789255413.641280,2026-09-12T23:23:33Z,33,ballast-33.bin,536870912,496.570,
1789255414.137933,2026-09-12T23:23:34Z,33,ballast-18.bin,536870912,532.050,
1789255414.670054,2026-09-12T23:23:34Z,33,ballast-31.bin,536870912,512.029,
1789255415.182151,2026-09-12T23:23:35Z,33,ballast-27.bin,536870912,530.459,
1789255415.712687,2026-09-12T23:23:35Z,33,ballast-30.bin,536870912,501.927,
1789255416.214696,2026-09-12T23:23:36Z,33,ballast-23.bin,536870912,498.150,
1789255416.712916,2026-09-12T23:23:36Z,33,ballast-24.bin,536870912,920.263,
1789255417.633257,2026-09-12T23:23:37Z,33,ballast-25.bin,536870912,533.886,
1789255418.167231,2026-09-12T23:23:38Z,33,ballast-39.bin,536870912,536.824,
1789255418.704125,2026-09-12T23:23:38Z,33,ballast-21.bin,536870912,2501.627,
1789255421.205825,2026-09-12T23:23:41Z,33,ballast-40.bin,536870912,496.726,
1789255421.702627,2026-09-12T23:23:41Z,33,ballast-22.bin,536870912,521.900,
1789255422.224598,2026-09-12T23:23:42Z,33,ballast-3.bin,536870912,497.133,
1789255422.721807,2026-09-12T23:23:42Z,33,ballast-35.bin,536870912,2445.940,
1789255425.167819,2026-09-12T23:23:45Z,33,ballast-14.bin,536870912,481.907,
1789255425.649786,2026-09-12T23:23:45Z,33,ballast-28.bin,536870912,3430.708,
1789255429.080600,2026-09-12T23:23:49Z,33,ballast-6.bin,536870912,516.997,
1789255429.597667,2026-09-12T23:23:49Z,33,ballast-34.bin,536870912,512.192,
1789255430.109964,2026-09-12T23:23:50Z,33,ballast-15.bin,536870912,3403.098,
1789255433.513135,2026-09-12T23:23:53Z,33,ballast-11.bin,536870912,518.317,
1789255434.031540,2026-09-12T23:23:54Z,33,ballast-37.bin,536870912,500.913,
1789255434.532522,2026-09-12T23:23:54Z,33,ballast-10.bin,536870912,495.586,
1789255435.028184,2026-09-12T23:23:55Z,33,ballast-32.bin,536870912,677.452,
1789255435.705704,2026-09-12T23:23:55Z,33,ballast-19.bin,536870912,495.805,
1789255436.201585,2026-09-12T23:23:56Z,33,ballast-2.bin,536870912,826.629,
1789255437.028290,2026-09-12T23:23:57Z,33,ballast-5.bin,536870912,782.630,
1789255437.811002,2026-09-12T23:23:57Z,33,ballast-7.bin,536870912,537.604,
1789255438.348682,2026-09-12T23:23:58Z,33,ballast-17.bin,536870912,1342.735,
1789255439.691485,2026-09-12T23:23:59Z,33,ballast-36.bin,536870912,3342.551,
1789255443.034108,2026-09-12T23:24:03Z,33,ballast-20.bin,536870912,445.436,
1789255443.479621,2026-09-12T23:24:03Z,33,ballast-1.bin,536870912,3155.641,
1789255446.635363,2026-09-12T23:24:06Z,33,ballast-8.bin,536870912,2153.881,
1789255448.789356,2026-09-12T23:24:08Z,33,ballast-16.bin,536870912,1470.891,
1789255450.260344,2026-09-12T23:24:10Z,33,ballast-9.bin,536870912,561.108,
1789255450.821548,2026-09-12T23:24:10Z,33,ballast-38.bin,536870912,534.807,
1789255451.356434,2026-09-12T23:24:11Z,33,ballast-13.bin,536870912,555.221,
1789255451.911729,2026-09-12T23:24:11Z,33,ballast-12.bin,536870912,4357.689,
1789255456.269508,2026-09-12T23:24:16Z,33,ballast-26.bin,536870912,453.066,
1789255456.722685,2026-09-12T23:24:16Z,34,ballast-10.bin,536870912,493.569,
1789255457.216376,2026-09-12T23:24:17Z,34,ballast-3.bin,536870912,837.626,
1789255458.054078,2026-09-12T23:24:18Z,34,ballast-21.bin,536870912,579.004,
1789255458.633155,2026-09-12T23:24:18Z,34,ballast-25.bin,536870912,1085.621,
1789255459.718849,2026-09-12T23:24:19Z,34,ballast-1.bin,536870912,520.890,
1789255460.239809,2026-09-12T23:24:20Z,34,ballast-27.bin,536870912,535.649,
1789255460.775539,2026-09-12T23:24:20Z,34,ballast-16.bin,536870912,558.435,
1789255461.334067,2026-09-12T23:24:21Z,34,ballast-20.bin,536870912,489.382,
1789255461.823540,2026-09-12T23:24:21Z,34,ballast-23.bin,536870912,1785.035,
1789255463.608664,2026-09-12T23:24:23Z,34,ballast-11.bin,536870912,474.584,
1789255464.083374,2026-09-12T23:24:24Z,34,ballast-2.bin,536870912,655.216,
1789255464.738670,2026-09-12T23:24:24Z,34,ballast-28.bin,536870912,461.200,
1789255465.199941,2026-09-12T23:24:25Z,34,ballast-17.bin,536870912,766.370,
1789255465.966408,2026-09-12T23:24:25Z,34,ballast-4.bin,536870912,457.947,
1789255466.424437,2026-09-12T23:24:26Z,34,ballast-40.bin,536870912,501.942,
1789255466.926512,2026-09-12T23:24:26Z,34,ballast-18.bin,536870912,2101.146,
1789255469.027745,2026-09-12T23:24:29Z,34,ballast-15.bin,536870912,503.156,
1789255469.530983,2026-09-12T23:24:29Z,34,ballast-32.bin,536870912,520.410,
1789255470.051484,2026-09-12T23:24:30Z,34,ballast-36.bin,536870912,501.786,
1789255470.553392,2026-09-12T23:24:30Z,34,ballast-30.bin,536870912,509.616,
1789255471.063111,2026-09-12T23:24:31Z,34,ballast-37.bin,536870912,484.437,
1789255471.547635,2026-09-12T23:24:31Z,34,ballast-5.bin,536870912,503.352,
1789255472.051080,2026-09-12T23:24:32Z,34,ballast-33.bin,536870912,508.907,
1789255472.560061,2026-09-12T23:24:32Z,34,ballast-9.bin,536870912,507.850,
1789255473.067982,2026-09-12T23:24:33Z,34,ballast-12.bin,536870912,531.940,
1789255473.600018,2026-09-12T23:24:33Z,34,ballast-7.bin,536870912,3684.042,
1789255477.284136,2026-09-12T23:24:37Z,34,ballast-8.bin,536870912,470.852,
1789255477.755065,2026-09-12T23:24:37Z,34,ballast-29.bin,536870912,2104.272,
1789255479.859416,2026-09-12T23:24:39Z,34,ballast-38.bin,536870912,513.417,
1789255480.372905,2026-09-12T23:24:40Z,34,ballast-22.bin,536870912,833.237,
1789255481.206209,2026-09-12T23:24:41Z,34,ballast-13.bin,536870912,603.935,
1789255481.810219,2026-09-12T23:24:41Z,34,ballast-39.bin,536870912,515.477,
1789255482.325768,2026-09-12T23:24:42Z,34,ballast-6.bin,536870912,641.426,
1789255482.967268,2026-09-12T23:24:42Z,34,ballast-26.bin,536870912,491.230,
1789255483.458570,2026-09-12T23:24:43Z,34,ballast-35.bin,536870912,2973.132,
1789255486.431784,2026-09-12T23:24:46Z,34,ballast-14.bin,536870912,547.901,
1789255486.979771,2026-09-12T23:24:46Z,34,ballast-19.bin,536870912,570.638,
1789255487.550500,2026-09-12T23:24:47Z,34,ballast-31.bin,536870912,4915.683,
1789255492.466282,2026-09-12T23:24:52Z,34,ballast-24.bin,536870912,3782.154,
1789255496.248507,2026-09-12T23:24:56Z,34,ballast-34.bin,536870912,4148.713,
1789255500.397332,2026-09-12T23:25:00Z,35,ballast-16.bin,536870912,1079.380,
1789255501.476801,2026-09-12T23:25:01Z,35,ballast-13.bin,536870912,518.569,
1789255501.995464,2026-09-12T23:25:01Z,35,ballast-24.bin,536870912,543.168,
1789255502.538717,2026-09-12T23:25:02Z,35,ballast-28.bin,536870912,556.332,
1789255503.095136,2026-09-12T23:25:03Z,35,ballast-23.bin,536870912,612.855,
1789255503.708083,2026-09-12T23:25:03Z,35,ballast-2.bin,536870912,632.808,
1789255504.340964,2026-09-12T23:25:04Z,35,ballast-34.bin,536870912,533.625,
1789255504.874662,2026-09-12T23:25:04Z,35,ballast-26.bin,536870912,718.525,
1789255505.593258,2026-09-12T23:25:05Z,35,ballast-6.bin,536870912,488.926,
1789255506.082261,2026-09-12T23:25:06Z,35,ballast-18.bin,536870912,534.250,
1789255506.616601,2026-09-12T23:25:06Z,35,ballast-9.bin,536870912,515.745,
1789255507.132420,2026-09-12T23:25:07Z,35,ballast-29.bin,536870912,499.614,
1789255507.632108,2026-09-12T23:25:07Z,35,ballast-36.bin,536870912,509.298,
1789255508.141486,2026-09-12T23:25:08Z,35,ballast-3.bin,536870912,521.681,
1789255508.663251,2026-09-12T23:25:08Z,35,ballast-32.bin,536870912,1492.188,
1789255510.155526,2026-09-12T23:25:10Z,35,ballast-20.bin,536870912,488.542,
1789255510.644137,2026-09-12T23:25:10Z,35,ballast-21.bin,536870912,1844.995,
1789255512.489210,2026-09-12T23:25:12Z,35,ballast-14.bin,536870912,2188.602,
1789255514.677879,2026-09-12T23:25:14Z,35,ballast-4.bin,536870912,2630.288,
1789255517.308240,2026-09-12T23:25:17Z,35,ballast-27.bin,536870912,543.829,
1789255517.852142,2026-09-12T23:25:17Z,35,ballast-22.bin,536870912,658.841,
1789255518.511075,2026-09-12T23:25:18Z,35,ballast-37.bin,536870912,3131.715,
1789255521.642856,2026-09-12T23:25:21Z,35,ballast-33.bin,536870912,3139.753,
1789255524.782682,2026-09-12T23:25:24Z,35,ballast-10.bin,536870912,529.722,
1789255525.312476,2026-09-12T23:25:25Z,35,ballast-35.bin,536870912,1273.035,
1789255526.585597,2026-09-12T23:25:26Z,35,ballast-1.bin,536870912,520.289,
1789255527.105964,2026-09-12T23:25:27Z,35,ballast-19.bin,536870912,3798.948,
1789255530.904988,2026-09-12T23:25:30Z,35,ballast-11.bin,536870912,2544.871,
1789255533.449932,2026-09-12T23:25:33Z,35,ballast-30.bin,536870912,1254.482,
1789255534.704483,2026-09-12T23:25:34Z,35,ballast-39.bin,536870912,752.329,
1789255535.456890,2026-09-12T23:25:35Z,35,ballast-25.bin,536870912,539.361,
1789255535.996350,2026-09-12T23:25:35Z,35,ballast-8.bin,536870912,540.115,
1789255536.536541,2026-09-12T23:25:36Z,35,ballast-40.bin,536870912,751.382,
1789255537.288006,2026-09-12T23:25:37Z,35,ballast-7.bin,536870912,778.448,
1789255538.066528,2026-09-12T23:25:38Z,35,ballast-12.bin,536870912,503.203,
1789255538.569805,2026-09-12T23:25:38Z,35,ballast-38.bin,536870912,509.013,
1789255539.078888,2026-09-12T23:25:39Z,35,ballast-15.bin,536870912,1630.296,
1789255540.709260,2026-09-12T23:25:40Z,35,ballast-17.bin,536870912,3185.660,
1789255543.894995,2026-09-12T23:25:43Z,35,ballast-31.bin,536870912,686.739,
1789255544.581804,2026-09-12T23:25:44Z,35,ballast-5.bin,536870912,2886.548,
1789255547.468446,2026-09-12T23:25:47Z,36,ballast-27.bin,536870912,526.096,
1789255547.994613,2026-09-12T23:25:47Z,36,ballast-8.bin,536870912,1090.412,
1789255549.085116,2026-09-12T23:25:49Z,36,ballast-17.bin,536870912,547.744,
1789255549.632956,2026-09-12T23:25:49Z,36,ballast-19.bin,536870912,596.468,
1789255550.229499,2026-09-12T23:25:50Z,36,ballast-7.bin,536870912,530.500,
1789255550.760078,2026-09-12T23:25:50Z,36,ballast-6.bin,536870912,1102.157,
1789255551.862345,2026-09-12T23:25:51Z,36,ballast-18.bin,536870912,967.380,
1789255552.829795,2026-09-12T23:25:52Z,36,ballast-2.bin,536870912,518.847,
1789255553.348719,2026-09-12T23:25:53Z,36,ballast-35.bin,536870912,525.384,
1789255553.874182,2026-09-12T23:25:53Z,36,ballast-28.bin,536870912,1034.436,
1789255554.908691,2026-09-12T23:25:54Z,36,ballast-15.bin,536870912,521.476,
1789255555.430238,2026-09-12T23:25:55Z,36,ballast-20.bin,536870912,590.425,
1789255556.020736,2026-09-12T23:25:56Z,36,ballast-32.bin,536870912,527.840,
1789255556.548663,2026-09-12T23:25:56Z,36,ballast-4.bin,536870912,604.101,
1789255557.152841,2026-09-12T23:25:57Z,36,ballast-36.bin,536870912,1639.749,
1789255558.792686,2026-09-12T23:25:58Z,36,ballast-22.bin,536870912,529.866,
1789255559.322634,2026-09-12T23:25:59Z,36,ballast-5.bin,536870912,529.090,
1789255559.851800,2026-09-12T23:25:59Z,36,ballast-31.bin,536870912,539.276,
1789255560.391147,2026-09-12T23:26:00Z,36,ballast-38.bin,536870912,513.231,
1789255560.904466,2026-09-12T23:26:00Z,36,ballast-30.bin,536870912,558.670,
1789255561.463213,2026-09-12T23:26:01Z,36,ballast-40.bin,536870912,1310.343,
1789255562.773631,2026-09-12T23:26:02Z,36,ballast-29.bin,536870912,527.503,
1789255563.301208,2026-09-12T23:26:03Z,36,ballast-12.bin,536870912,791.485,
1789255564.092771,2026-09-12T23:26:04Z,36,ballast-13.bin,536870912,562.957,
1789255564.655806,2026-09-12T23:26:04Z,36,ballast-21.bin,536870912,2085.666,
1789255566.741546,2026-09-12T23:26:06Z,36,ballast-24.bin,536870912,512.781,
1789255567.254398,2026-09-12T23:26:07Z,36,ballast-37.bin,536870912,629.970,
1789255567.884447,2026-09-12T23:26:07Z,36,ballast-33.bin,536870912,1278.749,
1789255569.163268,2026-09-12T23:26:09Z,36,ballast-34.bin,536870912,592.183,
1789255569.755533,2026-09-12T23:26:09Z,36,ballast-25.bin,536870912,562.981,
1789255570.318586,2026-09-12T23:26:10Z,36,ballast-26.bin,536870912,3494.637,
1789255573.813295,2026-09-12T23:26:13Z,36,ballast-14.bin,536870912,457.494,
1789255574.270860,2026-09-12T23:26:14Z,36,ballast-10.bin,536870912,804.208,
1789255575.075137,2026-09-12T23:26:15Z,36,ballast-3.bin,536870912,3331.223,
1789255578.406431,2026-09-12T23:26:18Z,36,ballast-16.bin,536870912,3627.351,
1789255582.033859,2026-09-12T23:26:22Z,36,ballast-1.bin,536870912,548.139,
1789255582.582069,2026-09-12T23:26:22Z,36,ballast-11.bin,536870912,565.770,
1789255583.147912,2026-09-12T23:26:23Z,36,ballast-39.bin,536870912,548.647,
1789255583.696651,2026-09-12T23:26:23Z,36,ballast-23.bin,536870912,4006.847,
1789255587.703582,2026-09-12T23:26:27Z,36,ballast-9.bin,536870912,1250.813,
1789255588.954500,2026-09-12T23:26:28Z,37,ballast-32.bin,536870912,621.977,
1789255589.576548,2026-09-12T23:26:29Z,37,ballast-23.bin,536870912,495.262,
1789255590.071883,2026-09-12T23:26:30Z,37,ballast-9.bin,536870912,531.233,
1789255590.603188,2026-09-12T23:26:30Z,37,ballast-1.bin,536870912,508.655,
1789255591.111920,2026-09-12T23:26:31Z,37,ballast-39.bin,536870912,519.971,
1789255591.631978,2026-09-12T23:26:31Z,37,ballast-34.bin,536870912,4195.632,
1789255595.827688,2026-09-12T23:26:35Z,37,ballast-22.bin,536870912,534.253,
1789255596.362013,2026-09-12T23:26:36Z,37,ballast-13.bin,536870912,3956.241,
1789255600.318346,2026-09-12T23:26:40Z,37,ballast-2.bin,536870912,1502.244,
1789255601.820663,2026-09-12T23:26:41Z,37,ballast-29.bin,536870912,1374.269,
1789255603.195002,2026-09-12T23:26:43Z,37,ballast-5.bin,536870912,515.887,
1789255603.710961,2026-09-12T23:26:43Z,37,ballast-11.bin,536870912,518.074,
1789255604.229105,2026-09-12T23:26:44Z,37,ballast-25.bin,536870912,515.039,
1789255604.744216,2026-09-12T23:26:44Z,37,ballast-19.bin,536870912,505.614,
1789255605.249904,2026-09-12T23:26:45Z,37,ballast-16.bin,536870912,529.750,
1789255605.779722,2026-09-12T23:26:45Z,37,ballast-7.bin,536870912,1900.414,
1789255607.680213,2026-09-12T23:26:47Z,37,ballast-30.bin,536870912,649.950,
1789255608.330243,2026-09-12T23:26:48Z,37,ballast-40.bin,536870912,513.247,
1789255608.843572,2026-09-12T23:26:48Z,37,ballast-8.bin,536870912,847.667,
1789255609.691309,2026-09-12T23:26:49Z,37,ballast-31.bin,536870912,528.589,
1789255610.219975,2026-09-12T23:26:50Z,37,ballast-36.bin,536870912,2158.757,
1789255612.378809,2026-09-12T23:26:52Z,37,ballast-27.bin,536870912,539.693,
1789255612.918578,2026-09-12T23:26:52Z,37,ballast-14.bin,536870912,545.653,
1789255613.464309,2026-09-12T23:26:53Z,37,ballast-17.bin,536870912,502.588,
1789255613.966975,2026-09-12T23:26:53Z,37,ballast-10.bin,536870912,689.732,
1789255614.656776,2026-09-12T23:26:54Z,37,ballast-3.bin,536870912,814.633,
1789255615.471485,2026-09-12T23:26:55Z,37,ballast-15.bin,536870912,521.263,
1789255615.992823,2026-09-12T23:26:55Z,37,ballast-35.bin,536870912,2688.694,
1789255618.681581,2026-09-12T23:26:58Z,37,ballast-33.bin,536870912,2975.561,
1789255621.657215,2026-09-12T23:27:01Z,37,ballast-24.bin,536870912,1049.818,
1789255622.707121,2026-09-12T23:27:02Z,37,ballast-18.bin,536870912,2285.346,
1789255624.992555,2026-09-12T23:27:04Z,37,ballast-6.bin,536870912,4505.510,
1789255629.498136,2026-09-12T23:27:09Z,37,ballast-12.bin,536870912,504.313,
1789255630.002537,2026-09-12T23:27:10Z,37,ballast-21.bin,536870912,764.608,
1789255630.767225,2026-09-12T23:27:10Z,37,ballast-20.bin,536870912,635.197,
1789255631.402522,2026-09-12T23:27:11Z,37,ballast-28.bin,536870912,3193.329,
1789255634.595929,2026-09-12T23:27:14Z,37,ballast-4.bin,536870912,4106.616,
1789255638.702619,2026-09-12T23:27:18Z,37,ballast-38.bin,536870912,526.168,
1789255639.228857,2026-09-12T23:27:19Z,37,ballast-26.bin,536870912,2059.304,
1789255641.288235,2026-09-12T23:27:21Z,37,ballast-37.bin,536870912,581.481,
1789255641.869831,2026-09-12T23:27:21Z,38,ballast-31.bin,536870912,1840.525,
1789255643.710433,2026-09-12T23:27:23Z,38,ballast-37.bin,536870912,523.760,
1789255644.234271,2026-09-12T23:27:24Z,38,ballast-4.bin,536870912,550.707,
1789255644.785054,2026-09-12T23:27:24Z,38,ballast-5.bin,536870912,564.162,
1789255645.349287,2026-09-12T23:27:25Z,38,ballast-3.bin,536870912,546.115,
1789255645.895481,2026-09-12T23:27:25Z,38,ballast-22.bin,536870912,509.814,
1789255646.405387,2026-09-12T23:27:26Z,38,ballast-30.bin,536870912,4195.385,
1789255650.600845,2026-09-12T23:27:30Z,38,ballast-10.bin,536870912,509.060,
1789255651.109977,2026-09-12T23:27:31Z,38,ballast-6.bin,536870912,566.836,
1789255651.676891,2026-09-12T23:27:31Z,38,ballast-21.bin,536870912,556.492,
1789255652.233462,2026-09-12T23:27:32Z,38,ballast-17.bin,536870912,1064.991,
1789255653.298540,2026-09-12T23:27:33Z,38,ballast-14.bin,536870912,510.382,
1789255653.808995,2026-09-12T23:27:33Z,38,ballast-28.bin,536870912,669.498,
1789255654.478593,2026-09-12T23:27:34Z,38,ballast-1.bin,536870912,570.978,
1789255655.049670,2026-09-12T23:27:35Z,38,ballast-16.bin,536870912,538.574,
1789255655.588345,2026-09-12T23:27:35Z,38,ballast-36.bin,536870912,1379.460,
1789255656.967880,2026-09-12T23:27:36Z,38,ballast-15.bin,536870912,2434.405,
1789255659.402379,2026-09-12T23:27:39Z,38,ballast-9.bin,536870912,533.684,
1789255659.936128,2026-09-12T23:27:39Z,38,ballast-35.bin,536870912,515.901,
1789255660.452101,2026-09-12T23:27:40Z,38,ballast-40.bin,536870912,1473.296,
1789255661.925467,2026-09-12T23:27:41Z,38,ballast-26.bin,536870912,514.133,
1789255662.439672,2026-09-12T23:27:42Z,38,ballast-33.bin,536870912,897.925,
1789255663.337690,2026-09-12T23:27:43Z,38,ballast-12.bin,536870912,525.702,
1789255663.863477,2026-09-12T23:27:43Z,38,ballast-34.bin,536870912,535.154,
1789255664.398702,2026-09-12T23:27:44Z,38,ballast-13.bin,536870912,1496.807,
1789255665.895628,2026-09-12T23:27:45Z,38,ballast-2.bin,536870912,520.482,
1789255666.416187,2026-09-12T23:27:46Z,38,ballast-18.bin,536870912,1239.529,
1789255667.655784,2026-09-12T23:27:47Z,38,ballast-39.bin,536870912,4220.093,
1789255671.875956,2026-09-12T23:27:51Z,38,ballast-38.bin,536870912,3047.008,
1789255674.923034,2026-09-12T23:27:54Z,38,ballast-27.bin,536870912,503.023,
1789255675.426131,2026-09-12T23:27:55Z,38,ballast-25.bin,536870912,535.628,
1789255675.961837,2026-09-12T23:27:55Z,38,ballast-11.bin,536870912,1979.784,
1789255677.941703,2026-09-12T23:27:57Z,38,ballast-32.bin,536870912,4744.497,
1789255682.686267,2026-09-12T23:28:02Z,38,ballast-23.bin,536870912,4384.384,
1789255687.070727,2026-09-12T23:28:07Z,38,ballast-19.bin,536870912,3830.609,
1789255690.901431,2026-09-12T23:28:10Z,38,ballast-8.bin,536870912,2220.006,
1789255693.121534,2026-09-12T23:28:13Z,38,ballast-29.bin,536870912,4071.661,
1789255697.193272,2026-09-12T23:28:17Z,38,ballast-7.bin,536870912,4318.653,
1789255701.512000,2026-09-12T23:28:21Z,38,ballast-20.bin,536870912,450.857,
1789255701.962928,2026-09-12T23:28:21Z,38,ballast-24.bin,536870912,451.375,
1789255702.414422,2026-09-12T23:28:22Z,39,ballast-4.bin,536870912,441.119,
1789255702.855614,2026-09-12T23:28:22Z,39,ballast-30.bin,536870912,467.167,
1789255703.322850,2026-09-12T23:28:23Z,39,ballast-12.bin,536870912,442.853,
1789255703.765772,2026-09-12T23:28:23Z,39,ballast-2.bin,536870912,446.274,
1789255704.212113,2026-09-12T23:28:24Z,39,ballast-27.bin,536870912,488.648,
1789255704.700831,2026-09-12T23:28:24Z,39,ballast-40.bin,536870912,491.252,
1789255705.192161,2026-09-12T23:28:25Z,39,ballast-18.bin,536870912,451.096,
1789255705.643342,2026-09-12T23:28:25Z,39,ballast-21.bin,536870912,454.377,
1789255706.097801,2026-09-12T23:28:26Z,39,ballast-5.bin,536870912,456.474,
1789255706.554417,2026-09-12T23:28:26Z,39,ballast-39.bin,536870912,454.046,
1789255707.008535,2026-09-12T23:28:27Z,39,ballast-7.bin,536870912,452.756,
1789255707.461381,2026-09-12T23:28:27Z,39,ballast-15.bin,536870912,643.087,
1789255708.104538,2026-09-12T23:28:28Z,39,ballast-32.bin,536870912,451.233,
1789255708.555843,2026-09-12T23:28:28Z,39,ballast-28.bin,536870912,446.704,
1789255709.002621,2026-09-12T23:28:29Z,39,ballast-38.bin,536870912,459.178,
1789255709.461869,2026-09-12T23:28:29Z,39,ballast-25.bin,536870912,444.837,
1789255709.906778,2026-09-12T23:28:29Z,39,ballast-22.bin,536870912,451.100,
1789255710.357949,2026-09-12T23:28:30Z,39,ballast-31.bin,536870912,491.653,
1789255710.849672,2026-09-12T23:28:30Z,39,ballast-37.bin,536870912,452.452,
1789255711.302196,2026-09-12T23:28:31Z,39,ballast-19.bin,536870912,443.520,
1789255711.745785,2026-09-12T23:28:31Z,39,ballast-23.bin,536870912,446.546,
1789255712.192399,2026-09-12T23:28:32Z,39,ballast-36.bin,536870912,449.454,
1789255712.641923,2026-09-12T23:28:32Z,39,ballast-10.bin,536870912,1902.109,
1789255714.544113,2026-09-12T23:28:34Z,39,ballast-16.bin,536870912,1358.186,
1789255715.902385,2026-09-12T23:28:35Z,39,ballast-9.bin,536870912,701.821,
1789255716.604279,2026-09-12T23:28:36Z,39,ballast-1.bin,536870912,2301.397,
1789255718.905745,2026-09-12T23:28:38Z,39,ballast-33.bin,536870912,1654.090,
1789255720.559907,2026-09-12T23:28:40Z,39,ballast-14.bin,536870912,499.142,
1789255721.059120,2026-09-12T23:28:41Z,39,ballast-6.bin,536870912,455.144,
1789255721.514355,2026-09-12T23:28:41Z,39,ballast-8.bin,536870912,542.333,
1789255722.056763,2026-09-12T23:28:42Z,39,ballast-11.bin,536870912,463.012,
1789255722.519844,2026-09-12T23:28:42Z,39,ballast-29.bin,536870912,454.508,
1789255722.974422,2026-09-12T23:28:42Z,39,ballast-26.bin,536870912,456.308,
1789255723.430804,2026-09-12T23:28:43Z,39,ballast-34.bin,536870912,2408.785,
1789255725.839661,2026-09-12T23:28:45Z,39,ballast-24.bin,536870912,738.679,
1789255726.578409,2026-09-12T23:28:46Z,39,ballast-17.bin,536870912,2821.880,
1789255729.400386,2026-09-12T23:28:49Z,39,ballast-20.bin,536870912,455.008,
1789255729.855464,2026-09-12T23:28:49Z,39,ballast-35.bin,536870912,2810.768,
1789255732.666303,2026-09-12T23:28:52Z,39,ballast-3.bin,536870912,827.659,
1789255733.494034,2026-09-12T23:28:53Z,39,ballast-13.bin,536870912,1225.468,
1789255734.719610,2026-09-12T23:28:54Z,40,ballast-6.bin,536870912,595.229,
1789255735.314909,2026-09-12T23:28:55Z,40,ballast-17.bin,536870912,468.835,
1789255735.783836,2026-09-12T23:28:55Z,40,ballast-12.bin,536870912,3427.517,
1789255739.211431,2026-09-12T23:28:59Z,40,ballast-28.bin,536870912,398.244,
1789255739.609747,2026-09-12T23:28:59Z,40,ballast-24.bin,536870912,424.345,
1789255740.034170,2026-09-12T23:29:00Z,40,ballast-33.bin,536870912,445.604,
1789255740.479844,2026-09-12T23:29:00Z,40,ballast-10.bin,536870912,449.676,
1789255740.929588,2026-09-12T23:29:00Z,40,ballast-25.bin,536870912,444.780,
1789255741.374435,2026-09-12T23:29:01Z,40,ballast-20.bin,536870912,454.234,
1789255741.828737,2026-09-12T23:29:01Z,40,ballast-30.bin,536870912,437.995,
1789255742.266800,2026-09-12T23:29:02Z,40,ballast-15.bin,536870912,443.563,
1789255742.710432,2026-09-12T23:29:02Z,40,ballast-23.bin,536870912,438.028,
1789255743.148526,2026-09-12T23:29:03Z,40,ballast-1.bin,536870912,440.312,
1789255743.588910,2026-09-12T23:29:03Z,40,ballast-3.bin,536870912,448.636,
1789255744.037612,2026-09-12T23:29:04Z,40,ballast-36.bin,536870912,496.437,
1789255744.534144,2026-09-12T23:29:04Z,40,ballast-4.bin,536870912,603.647,
1789255745.137881,2026-09-12T23:29:05Z,40,ballast-29.bin,536870912,610.764,
1789255745.748727,2026-09-12T23:29:05Z,40,ballast-9.bin,536870912,626.200,
1789255746.375004,2026-09-12T23:29:06Z,40,ballast-40.bin,536870912,599.793,
1789255746.974887,2026-09-12T23:29:06Z,40,ballast-31.bin,536870912,632.984,
1789255747.607958,2026-09-12T23:29:07Z,40,ballast-13.bin,536870912,638.889,
1789255748.246919,2026-09-12T23:29:08Z,40,ballast-26.bin,536870912,572.985,
1789255748.819976,2026-09-12T23:29:08Z,40,ballast-5.bin,536870912,618.522,
1789255749.438580,2026-09-12T23:29:09Z,40,ballast-35.bin,536870912,625.369,
1789255750.064026,2026-09-12T23:29:10Z,40,ballast-8.bin,536870912,571.488,
1789255750.635595,2026-09-12T23:29:10Z,40,ballast-14.bin,536870912,595.463,
1789255751.231148,2026-09-12T23:29:11Z,40,ballast-16.bin,536870912,662.413,
1789255751.893650,2026-09-12T23:29:11Z,40,ballast-27.bin,536870912,623.849,
1789255752.517577,2026-09-12T23:29:12Z,40,ballast-11.bin,536870912,611.269,
1789255753.128929,2026-09-12T23:29:13Z,40,ballast-39.bin,536870912,611.019,
1789255753.740029,2026-09-12T23:29:13Z,40,ballast-18.bin,536870912,1551.091,
1789255755.291190,2026-09-12T23:29:15Z,40,ballast-32.bin,536870912,448.083,
1789255755.739353,2026-09-12T23:29:15Z,40,ballast-19.bin,536870912,448.681,
1789255756.188104,2026-09-12T23:29:16Z,40,ballast-7.bin,536870912,445.197,
1789255756.633388,2026-09-12T23:29:16Z,40,ballast-2.bin,536870912,447.846,
1789255757.081303,2026-09-12T23:29:17Z,40,ballast-37.bin,536870912,3345.699,
1789255760.427075,2026-09-12T23:29:20Z,40,ballast-34.bin,536870912,455.844,
1789255760.882986,2026-09-12T23:29:20Z,40,ballast-38.bin,536870912,1244.612,
1789255762.127669,2026-09-12T23:29:22Z,40,ballast-21.bin,536870912,3414.260,
1789255765.542002,2026-09-12T23:29:25Z,40,ballast-22.bin,536870912,3207.968,
1789255768.750062,2026-09-12T23:29:28Z,41,ballast-6.bin,536870912,392.926,
1789255769.143056,2026-09-12T23:29:29Z,41,ballast-28.bin,536870912,552.417,
1789255769.695553,2026-09-12T23:29:29Z,41,ballast-23.bin,536870912,439.083,
1789255770.134707,2026-09-12T23:29:30Z,41,ballast-27.bin,536870912,447.446,
1789255770.582224,2026-09-12T23:29:30Z,41,ballast-30.bin,536870912,3167.284,
1789255773.749585,2026-09-12T23:29:33Z,41,ballast-11.bin,536870912,444.122,
1789255774.193779,2026-09-12T23:29:34Z,41,ballast-39.bin,536870912,439.612,
1789255774.633461,2026-09-12T23:29:34Z,41,ballast-38.bin,536870912,456.398,
1789255775.089930,2026-09-12T23:29:35Z,41,ballast-18.bin,536870912,443.426,
1789255775.533424,2026-09-12T23:29:35Z,41,ballast-35.bin,536870912,442.760,
1789255775.976257,2026-09-12T23:29:35Z,41,ballast-1.bin,536870912,604.317,
1789255776.580653,2026-09-12T23:29:36Z,41,ballast-36.bin,536870912,1088.940,
1789255777.669657,2026-09-12T23:29:37Z,41,ballast-10.bin,536870912,439.633,
1789255778.109388,2026-09-12T23:29:38Z,41,ballast-15.bin,536870912,446.572,
1789255778.556031,2026-09-12T23:29:38Z,41,ballast-29.bin,536870912,454.814,
1789255779.010927,2026-09-12T23:29:39Z,41,ballast-2.bin,536870912,455.068,
1789255779.466068,2026-09-12T23:29:39Z,41,ballast-9.bin,536870912,453.229,
1789255779.919383,2026-09-12T23:29:39Z,41,ballast-16.bin,536870912,645.114,
1789255780.564570,2026-09-12T23:29:40Z,41,ballast-34.bin,536870912,459.204,
1789255781.023846,2026-09-12T23:29:41Z,41,ballast-7.bin,536870912,458.292,
1789255781.482208,2026-09-12T23:29:41Z,41,ballast-14.bin,536870912,541.188,
1789255782.023466,2026-09-12T23:29:42Z,41,ballast-31.bin,536870912,994.397,
1789255783.017935,2026-09-12T23:29:43Z,41,ballast-5.bin,536870912,1410.855,
1789255784.428860,2026-09-12T23:29:44Z,41,ballast-20.bin,536870912,439.692,
1789255784.868630,2026-09-12T23:29:44Z,41,ballast-17.bin,536870912,441.319,
1789255785.310018,2026-09-12T23:29:45Z,41,ballast-32.bin,536870912,442.441,
1789255785.752530,2026-09-12T23:29:45Z,41,ballast-13.bin,536870912,441.085,
1789255786.193682,2026-09-12T23:29:46Z,41,ballast-33.bin,536870912,440.585,
1789255786.634357,2026-09-12T23:29:46Z,41,ballast-8.bin,536870912,450.451,
1789255787.084882,2026-09-12T23:29:47Z,41,ballast-12.bin,536870912,446.810,
1789255787.531768,2026-09-12T23:29:47Z,41,ballast-24.bin,536870912,442.843,
1789255787.974679,2026-09-12T23:29:47Z,41,ballast-19.bin,536870912,449.708,
1789255788.424454,2026-09-12T23:29:48Z,41,ballast-37.bin,536870912,450.265,
1789255788.874794,2026-09-12T23:29:48Z,41,ballast-21.bin,536870912,456.674,
1789255789.331562,2026-09-12T23:29:49Z,41,ballast-22.bin,536870912,593.187,
1789255789.924828,2026-09-12T23:29:49Z,41,ballast-3.bin,536870912,627.929,
1789255790.552847,2026-09-12T23:29:50Z,41,ballast-40.bin,536870912,498.456,
1789255791.051427,2026-09-12T23:29:51Z,41,ballast-26.bin,536870912,610.998,
1789255791.662502,2026-09-12T23:29:51Z,41,ballast-25.bin,536870912,540.885,
1789255792.203482,2026-09-12T23:29:52Z,41,ballast-4.bin,536870912,544.355,
1789255792.747936,2026-09-12T23:29:52Z,42,ballast-4.bin,536870912,334.731,
1789255793.082733,2026-09-12T23:29:53Z,42,ballast-31.bin,536870912,559.681,
1789255793.642487,2026-09-12T23:29:53Z,42,ballast-34.bin,536870912,634.638,
1789255794.277197,2026-09-12T23:29:54Z,42,ballast-23.bin,536870912,439.404,
1789255794.716670,2026-09-12T23:29:54Z,42,ballast-19.bin,536870912,464.298,
1789255795.181044,2026-09-12T23:29:55Z,42,ballast-7.bin,536870912,437.798,
1789255795.618914,2026-09-12T23:29:55Z,42,ballast-1.bin,536870912,472.246,
1789255796.091231,2026-09-12T23:29:56Z,42,ballast-24.bin,536870912,450.875,
1789255796.542178,2026-09-12T23:29:56Z,42,ballast-3.bin,536870912,455.391,
1789255796.997642,2026-09-12T23:29:56Z,42,ballast-15.bin,536870912,446.972,
1789255797.444682,2026-09-12T23:29:57Z,42,ballast-5.bin,536870912,447.843,
1789255797.892594,2026-09-12T23:29:57Z,42,ballast-39.bin,536870912,447.459,
1789255798.340126,2026-09-12T23:29:58Z,42,ballast-37.bin,536870912,447.335,
1789255798.787539,2026-09-12T23:29:58Z,42,ballast-32.bin,536870912,452.571,
1789255799.240179,2026-09-12T23:29:59Z,42,ballast-30.bin,536870912,446.662,
1789255799.686910,2026-09-12T23:29:59Z,42,ballast-36.bin,536870912,1858.742,
1789255801.545735,2026-09-12T23:30:01Z,42,ballast-33.bin,536870912,453.259,
1789255801.999063,2026-09-12T23:30:01Z,42,ballast-6.bin,536870912,493.626,
1789255802.492762,2026-09-12T23:30:02Z,42,ballast-29.bin,536870912,449.474,
1789255802.942304,2026-09-12T23:30:02Z,42,ballast-25.bin,536870912,465.610,
1789255803.407990,2026-09-12T23:30:03Z,42,ballast-20.bin,536870912,451.400,
1789255803.859459,2026-09-12T23:30:03Z,42,ballast-18.bin,536870912,580.098,
1789255804.439627,2026-09-12T23:30:04Z,42,ballast-8.bin,536870912,445.600,
1789255804.885296,2026-09-12T23:30:04Z,42,ballast-26.bin,536870912,547.046,
1789255805.432417,2026-09-12T23:30:05Z,42,ballast-27.bin,536870912,457.322,
1789255805.889809,2026-09-12T23:30:05Z,42,ballast-12.bin,536870912,451.927,
1789255806.341815,2026-09-12T23:30:06Z,42,ballast-22.bin,536870912,451.282,
1789255806.793166,2026-09-12T23:30:06Z,42,ballast-10.bin,536870912,450.538,
1789255807.243773,2026-09-12T23:30:07Z,42,ballast-17.bin,536870912,450.067,
1789255807.693907,2026-09-12T23:30:07Z,42,ballast-40.bin,536870912,452.030,
1789255808.146007,2026-09-12T23:30:08Z,42,ballast-11.bin,536870912,461.829,
1789255808.607924,2026-09-12T23:30:08Z,42,ballast-13.bin,536870912,448.750,
1789255809.056743,2026-09-12T23:30:09Z,42,ballast-9.bin,536870912,475.240,
1789255809.532054,2026-09-12T23:30:09Z,42,ballast-14.bin,536870912,447.845,
1789255809.979972,2026-09-12T23:30:09Z,42,ballast-35.bin,536870912,449.745,
1789255810.429790,2026-09-12T23:30:10Z,42,ballast-2.bin,536870912,1242.848,
1789255811.672713,2026-09-12T23:30:11Z,42,ballast-21.bin,536870912,449.347,
1789255812.122129,2026-09-12T23:30:12Z,42,ballast-28.bin,536870912,515.662,
1789255812.637863,2026-09-12T23:30:12Z,42,ballast-16.bin,536870912,457.791,
1789255813.095722,2026-09-12T23:30:13Z,42,ballast-38.bin,536870912,447.860,
1789255813.543678,2026-09-12T23:30:13Z,43,ballast-40.bin,536870912,483.056,
1789255814.026803,2026-09-12T23:30:14Z,43,ballast-7.bin,536870912,454.354,
1789255814.481228,2026-09-12T23:30:14Z,43,ballast-11.bin,536870912,458.689,
1789255814.939986,2026-09-12T23:30:14Z,43,ballast-14.bin,536870912,465.924,
1789255815.405983,2026-09-12T23:30:15Z,43,ballast-6.bin,536870912,456.471,
1789255815.862530,2026-09-12T23:30:15Z,43,ballast-3.bin,536870912,456.032,
1789255816.318629,2026-09-12T23:30:16Z,43,ballast-28.bin,536870912,464.820,
1789255816.783514,2026-09-12T23:30:16Z,43,ballast-19.bin,536870912,459.942,
1789255817.243535,2026-09-12T23:30:17Z,43,ballast-26.bin,536870912,476.905,
1789255817.720526,2026-09-12T23:30:17Z,43,ballast-33.bin,536870912,598.073,
1789255818.318689,2026-09-12T23:30:18Z,43,ballast-13.bin,536870912,600.923,
1789255818.919681,2026-09-12T23:30:18Z,43,ballast-21.bin,536870912,579.328,
1789255819.499093,2026-09-12T23:30:19Z,43,ballast-39.bin,536870912,893.841,
1789255820.393002,2026-09-12T23:30:20Z,43,ballast-20.bin,536870912,450.826,
1789255820.843896,2026-09-12T23:30:20Z,43,ballast-5.bin,536870912,450.220,
1789255821.294185,2026-09-12T23:30:21Z,43,ballast-29.bin,536870912,453.362,
1789255821.747620,2026-09-12T23:30:21Z,43,ballast-17.bin,536870912,453.814,
1789255822.201501,2026-09-12T23:30:22Z,43,ballast-25.bin,536870912,458.747,
1789255822.660377,2026-09-12T23:30:22Z,43,ballast-8.bin,536870912,456.427,
1789255823.116877,2026-09-12T23:30:23Z,43,ballast-1.bin,536870912,450.828,
1789255823.567779,2026-09-12T23:30:23Z,43,ballast-24.bin,536870912,447.048,
1789255824.014899,2026-09-12T23:30:24Z,43,ballast-15.bin,536870912,459.760,
1789255824.474732,2026-09-12T23:30:24Z,43,ballast-4.bin,536870912,469.112,
1789255824.943914,2026-09-12T23:30:24Z,43,ballast-31.bin,536870912,478.212,
1789255825.422199,2026-09-12T23:30:25Z,43,ballast-37.bin,536870912,602.721,
1789255826.024991,2026-09-12T23:30:26Z,43,ballast-36.bin,536870912,593.138,
1789255826.618199,2026-09-12T23:30:26Z,43,ballast-16.bin,536870912,586.970,
1789255827.205251,2026-09-12T23:30:27Z,43,ballast-34.bin,536870912,620.191,
1789255827.825528,2026-09-12T23:30:27Z,43,ballast-18.bin,536870912,757.936,
1789255828.583545,2026-09-12T23:30:28Z,43,ballast-12.bin,536870912,467.513,
1789255829.051128,2026-09-12T23:30:29Z,43,ballast-9.bin,536870912,473.033,
1789255829.524234,2026-09-12T23:30:29Z,43,ballast-30.bin,536870912,454.368,
1789255829.978672,2026-09-12T23:30:29Z,43,ballast-35.bin,536870912,459.947,
1789255830.438688,2026-09-12T23:30:30Z,43,ballast-38.bin,536870912,521.399,
1789255830.960162,2026-09-12T23:30:30Z,43,ballast-10.bin,536870912,462.756,
1789255831.422994,2026-09-12T23:30:31Z,43,ballast-23.bin,536870912,458.570,
1789255831.881633,2026-09-12T23:30:31Z,43,ballast-22.bin,536870912,454.919,
1789255832.336621,2026-09-12T23:30:32Z,43,ballast-32.bin,536870912,501.806,
1789255832.838495,2026-09-12T23:30:32Z,43,ballast-27.bin,536870912,456.613,
1789255833.295177,2026-09-12T23:30:33Z,43,ballast-2.bin,536870912,453.746,
1789255833.749017,2026-09-12T23:30:33Z,44,ballast-28.bin,536870912,464.796,
1789255834.213880,2026-09-12T23:30:34Z,44,ballast-10.bin,536870912,468.847,
1789255834.682796,2026-09-12T23:30:34Z,44,ballast-8.bin,536870912,454.922,
1789255835.137788,2026-09-12T23:30:35Z,44,ballast-20.bin,536870912,459.697,
1789255835.597553,2026-09-12T23:30:35Z,44,ballast-14.bin,536870912,452.653,
1789255836.050271,2026-09-12T23:30:36Z,44,ballast-5.bin,536870912,458.228,
1789255836.508568,2026-09-12T23:30:36Z,44,ballast-1.bin,536870912,454.520,
1789255836.963161,2026-09-12T23:30:36Z,44,ballast-27.bin,536870912,466.638,
1789255837.429868,2026-09-12T23:30:37Z,44,ballast-29.bin,536870912,570.151,
1789255838.000093,2026-09-12T23:30:38Z,44,ballast-15.bin,536870912,595.886,
1789255838.596061,2026-09-12T23:30:38Z,44,ballast-38.bin,536870912,562.018,
1789255839.158175,2026-09-12T23:30:39Z,44,ballast-26.bin,536870912,583.994,
1789255839.742252,2026-09-12T23:30:39Z,44,ballast-24.bin,536870912,559.456,
1789255840.301802,2026-09-12T23:30:40Z,44,ballast-11.bin,536870912,1130.098,
1789255841.431969,2026-09-12T23:30:41Z,44,ballast-34.bin,536870912,452.407,
1789255841.884446,2026-09-12T23:30:41Z,44,ballast-40.bin,536870912,452.099,
1789255842.336615,2026-09-12T23:30:42Z,44,ballast-33.bin,536870912,465.548,
1789255842.802231,2026-09-12T23:30:42Z,44,ballast-22.bin,536870912,450.181,
1789255843.252486,2026-09-12T23:30:43Z,44,ballast-12.bin,536870912,462.623,
1789255843.715183,2026-09-12T23:30:43Z,44,ballast-30.bin,536870912,458.728,
1789255844.173985,2026-09-12T23:30:44Z,44,ballast-2.bin,536870912,454.895,
1789255844.628949,2026-09-12T23:30:44Z,44,ballast-18.bin,536870912,451.977,
1789255845.080997,2026-09-12T23:30:45Z,44,ballast-13.bin,536870912,454.643,
1789255845.535712,2026-09-12T23:30:45Z,44,ballast-19.bin,536870912,454.943,
1789255845.990731,2026-09-12T23:30:45Z,44,ballast-17.bin,536870912,457.495,
1789255846.448299,2026-09-12T23:30:46Z,44,ballast-37.bin,536870912,582.694,
1789255847.031064,2026-09-12T23:30:47Z,44,ballast-31.bin,536870912,550.356,
1789255847.581521,2026-09-12T23:30:47Z,44,ballast-32.bin,536870912,867.974,
1789255848.449572,2026-09-12T23:30:48Z,44,ballast-36.bin,536870912,458.252,
1789255848.907890,2026-09-12T23:30:48Z,44,ballast-16.bin,536870912,450.168,
1789255849.358127,2026-09-12T23:30:49Z,44,ballast-9.bin,536870912,446.552,
1789255849.804753,2026-09-12T23:30:49Z,44,ballast-23.bin,536870912,457.420,
1789255850.262243,2026-09-12T23:30:50Z,44,ballast-25.bin,536870912,461.227,
1789255850.723548,2026-09-12T23:30:50Z,44,ballast-3.bin,536870912,449.430,
1789255851.173046,2026-09-12T23:30:51Z,44,ballast-35.bin,536870912,455.322,
1789255851.628436,2026-09-12T23:30:51Z,44,ballast-21.bin,536870912,451.856,
1789255852.080388,2026-09-12T23:30:52Z,44,ballast-7.bin,536870912,452.685,
1789255852.533143,2026-09-12T23:30:52Z,44,ballast-6.bin,536870912,449.145,
1789255852.982379,2026-09-12T23:30:52Z,44,ballast-4.bin,536870912,489.211,
1789255853.471687,2026-09-12T23:30:53Z,44,ballast-39.bin,536870912,636.282,
1789255854.108098,2026-09-12T23:30:54Z,45,ballast-2.bin,536870912,629.401,
1789255854.737601,2026-09-12T23:30:54Z,45,ballast-7.bin,536870912,640.609,
1789255855.378304,2026-09-12T23:30:55Z,45,ballast-27.bin,536870912,608.943,
1789255855.987368,2026-09-12T23:30:55Z,45,ballast-22.bin,536870912,636.214,
1789255856.623670,2026-09-12T23:30:56Z,45,ballast-10.bin,536870912,573.895,
1789255857.197640,2026-09-12T23:30:57Z,45,ballast-25.bin,536870912,662.212,
1789255857.859923,2026-09-12T23:30:57Z,45,ballast-4.bin,536870912,754.432,
1789255858.614427,2026-09-12T23:30:58Z,45,ballast-12.bin,536870912,465.792,
1789255859.080288,2026-09-12T23:30:59Z,45,ballast-29.bin,536870912,454.275,
1789255859.534640,2026-09-12T23:30:59Z,45,ballast-38.bin,536870912,451.488,
1789255859.986197,2026-09-12T23:30:59Z,45,ballast-26.bin,536870912,446.935,
1789255860.433200,2026-09-12T23:31:00Z,45,ballast-34.bin,536870912,481.403,
1789255860.914668,2026-09-12T23:31:00Z,45,ballast-20.bin,536870912,453.736,
1789255861.368478,2026-09-12T23:31:01Z,45,ballast-33.bin,536870912,984.643,
1789255862.353194,2026-09-12T23:31:02Z,45,ballast-30.bin,536870912,460.971,
1789255862.814243,2026-09-12T23:31:02Z,45,ballast-31.bin,536870912,457.489,
1789255863.271800,2026-09-12T23:31:03Z,45,ballast-28.bin,536870912,547.055,
1789255863.818930,2026-09-12T23:31:03Z,45,ballast-36.bin,536870912,464.112,
1789255864.283119,2026-09-12T23:31:04Z,45,ballast-23.bin,536870912,458.466,
1789255864.741652,2026-09-12T23:31:04Z,45,ballast-32.bin,536870912,452.726,
1789255865.194451,2026-09-12T23:31:05Z,45,ballast-6.bin,536870912,453.604,
1789255865.648113,2026-09-12T23:31:05Z,45,ballast-8.bin,536870912,989.424,
1789255866.637607,2026-09-12T23:31:06Z,45,ballast-14.bin,536870912,732.256,
1789255867.369933,2026-09-12T23:31:07Z,45,ballast-16.bin,536870912,539.043,
1789255867.909055,2026-09-12T23:31:07Z,45,ballast-37.bin,536870912,458.675,
1789255868.367800,2026-09-12T23:31:08Z,45,ballast-24.bin,536870912,708.580,
1789255869.076449,2026-09-12T23:31:09Z,45,ballast-18.bin,536870912,457.057,
1789255869.533575,2026-09-12T23:31:09Z,45,ballast-3.bin,536870912,1353.490,
1789255870.887144,2026-09-12T23:31:10Z,45,ballast-39.bin,536870912,458.014,
1789255871.345229,2026-09-12T23:31:11Z,45,ballast-21.bin,536870912,452.417,
1789255871.797715,2026-09-12T23:31:11Z,45,ballast-5.bin,536870912,451.312,
1789255872.249096,2026-09-12T23:31:12Z,45,ballast-40.bin,536870912,457.722,
1789255872.706888,2026-09-12T23:31:12Z,45,ballast-11.bin,536870912,453.583,
1789255873.160540,2026-09-12T23:31:13Z,45,ballast-15.bin,536870912,1822.296,
1789255874.982913,2026-09-12T23:31:14Z,45,ballast-17.bin,536870912,3473.126,
1789255878.456108,2026-09-12T23:31:18Z,45,ballast-19.bin,536870912,457.492,
1789255878.913673,2026-09-12T23:31:18Z,45,ballast-1.bin,536870912,1316.837,
1789255880.230580,2026-09-12T23:31:20Z,45,ballast-13.bin,536870912,639.572,
1789255880.870223,2026-09-12T23:31:20Z,45,ballast-35.bin,536870912,461.005,
1789255881.331300,2026-09-12T23:31:21Z,45,ballast-9.bin,536870912,553.855,
1789255881.885253,2026-09-12T23:31:21Z,46,ballast-15.bin,536870912,469.984,
1789255882.355334,2026-09-12T23:31:22Z,46,ballast-3.bin,536870912,464.766,
1789255882.820172,2026-09-12T23:31:22Z,46,ballast-32.bin,536870912,465.996,
1789255883.286237,2026-09-12T23:31:23Z,46,ballast-23.bin,536870912,460.226,
1789255883.746534,2026-09-12T23:31:23Z,46,ballast-12.bin,536870912,454.263,
1789255884.200866,2026-09-12T23:31:24Z,46,ballast-30.bin,536870912,450.829,
1789255884.651771,2026-09-12T23:31:24Z,46,ballast-27.bin,536870912,460.855,
1789255885.112696,2026-09-12T23:31:25Z,46,ballast-34.bin,536870912,459.948,
1789255885.572710,2026-09-12T23:31:25Z,46,ballast-2.bin,536870912,452.193,
1789255886.024974,2026-09-12T23:31:26Z,46,ballast-1.bin,536870912,456.213,
1789255886.481259,2026-09-12T23:31:26Z,46,ballast-33.bin,536870912,494.290,
1789255886.975619,2026-09-12T23:31:26Z,46,ballast-21.bin,536870912,589.071,
1789255887.564775,2026-09-12T23:31:27Z,46,ballast-18.bin,536870912,622.015,
1789255888.186867,2026-09-12T23:31:28Z,46,ballast-6.bin,536870912,619.647,
1789255888.806588,2026-09-12T23:31:28Z,46,ballast-11.bin,536870912,595.757,
1789255889.402420,2026-09-12T23:31:29Z,46,ballast-37.bin,536870912,571.873,
1789255889.974388,2026-09-12T23:31:29Z,46,ballast-35.bin,536870912,578.834,
1789255890.553353,2026-09-12T23:31:30Z,46,ballast-24.bin,536870912,538.601,
1789255891.092031,2026-09-12T23:31:31Z,46,ballast-17.bin,536870912,587.082,
1789255891.679192,2026-09-12T23:31:31Z,46,ballast-22.bin,536870912,613.933,
1789255892.293202,2026-09-12T23:31:32Z,46,ballast-26.bin,536870912,488.650,
1789255892.781919,2026-09-12T23:31:32Z,46,ballast-5.bin,536870912,2617.986,
1789255895.399979,2026-09-12T23:31:35Z,46,ballast-31.bin,536870912,818.137,
1789255896.218188,2026-09-12T23:31:36Z,46,ballast-19.bin,536870912,464.085,
1789255896.682364,2026-09-12T23:31:36Z,46,ballast-9.bin,536870912,1332.987,
1789255898.015423,2026-09-12T23:31:38Z,46,ballast-38.bin,536870912,458.787,
1789255898.474281,2026-09-12T23:31:38Z,46,ballast-14.bin,536870912,1459.798,
1789255899.934150,2026-09-12T23:31:39Z,46,ballast-4.bin,536870912,549.358,
1789255900.483586,2026-09-12T23:31:40Z,46,ballast-16.bin,536870912,449.493,
1789255900.933147,2026-09-12T23:31:40Z,46,ballast-8.bin,536870912,970.870,
1789255901.904089,2026-09-12T23:31:41Z,46,ballast-40.bin,536870912,519.210,
1789255902.423393,2026-09-12T23:31:42Z,46,ballast-29.bin,536870912,450.013,
1789255902.873477,2026-09-12T23:31:42Z,46,ballast-7.bin,536870912,687.545,
1789255903.561092,2026-09-12T23:31:43Z,46,ballast-39.bin,536870912,456.044,
1789255904.017205,2026-09-12T23:31:44Z,46,ballast-25.bin,536870912,449.502,
1789255904.466778,2026-09-12T23:31:44Z,46,ballast-20.bin,536870912,445.751,
1789255904.912614,2026-09-12T23:31:44Z,46,ballast-13.bin,536870912,1363.986,
1789255906.276670,2026-09-12T23:31:46Z,46,ballast-28.bin,536870912,447.537,
1789255906.724275,2026-09-12T23:31:46Z,46,ballast-10.bin,536870912,2611.103,
1789255909.335452,2026-09-12T23:31:49Z,46,ballast-36.bin,536870912,450.905,
1789255909.786451,2026-09-12T23:31:49Z,47,ballast-40.bin,536870912,461.300,
1789255910.247818,2026-09-12T23:31:50Z,47,ballast-2.bin,536870912,451.092,
1789255910.698980,2026-09-12T23:31:50Z,47,ballast-23.bin,536870912,455.714,
1789255911.154763,2026-09-12T23:31:51Z,47,ballast-30.bin,536870912,446.811,
1789255911.601645,2026-09-12T23:31:51Z,47,ballast-36.bin,536870912,458.076,
1789255912.059793,2026-09-12T23:31:52Z,47,ballast-16.bin,536870912,558.655,
1789255912.618518,2026-09-12T23:31:52Z,47,ballast-7.bin,536870912,462.650,
1789255913.081242,2026-09-12T23:31:53Z,47,ballast-21.bin,536870912,457.712,
1789255913.539023,2026-09-12T23:31:53Z,47,ballast-3.bin,536870912,454.943,
1789255913.994035,2026-09-12T23:31:53Z,47,ballast-22.bin,536870912,455.406,
1789255914.449510,2026-09-12T23:31:54Z,47,ballast-5.bin,536870912,456.474,
1789255914.906054,2026-09-12T23:31:54Z,47,ballast-6.bin,536870912,456.208,
1789255915.362345,2026-09-12T23:31:55Z,47,ballast-26.bin,536870912,455.128,
1789255915.817542,2026-09-12T23:31:55Z,47,ballast-1.bin,536870912,455.478,
1789255916.273088,2026-09-12T23:31:56Z,47,ballast-39.bin,536870912,452.016,
1789255916.725173,2026-09-12T23:31:56Z,47,ballast-32.bin,536870912,459.165,
1789255917.184412,2026-09-12T23:31:57Z,47,ballast-10.bin,536870912,479.513,
1789255917.664019,2026-09-12T23:31:57Z,47,ballast-13.bin,536870912,578.338,
1789255918.242428,2026-09-12T23:31:58Z,47,ballast-28.bin,536870912,605.492,
1789255918.848012,2026-09-12T23:31:58Z,47,ballast-15.bin,536870912,571.596,
1789255919.419698,2026-09-12T23:31:59Z,47,ballast-9.bin,536870912,611.953,
1789255920.031750,2026-09-12T23:32:00Z,47,ballast-34.bin,536870912,616.170,
1789255920.647997,2026-09-12T23:32:00Z,47,ballast-24.bin,536870912,599.456,
1789255921.247537,2026-09-12T23:32:01Z,47,ballast-4.bin,536870912,601.536,
1789255921.849142,2026-09-12T23:32:01Z,47,ballast-35.bin,536870912,765.081,
1789255922.614307,2026-09-12T23:32:02Z,47,ballast-33.bin,536870912,463.689,
1789255923.078066,2026-09-12T23:32:03Z,47,ballast-8.bin,536870912,451.997,
1789255923.530134,2026-09-12T23:32:03Z,47,ballast-29.bin,536870912,449.911,
1789255923.980116,2026-09-12T23:32:03Z,47,ballast-25.bin,536870912,455.579,
1789255924.435764,2026-09-12T23:32:04Z,47,ballast-31.bin,536870912,452.935,
1789255924.888773,2026-09-12T23:32:04Z,47,ballast-17.bin,536870912,468.900,
1789255925.357742,2026-09-12T23:32:05Z,47,ballast-14.bin,536870912,450.955,
1789255925.808765,2026-09-12T23:32:05Z,47,ballast-37.bin,536870912,485.022,
1789255926.293855,2026-09-12T23:32:06Z,47,ballast-19.bin,536870912,708.643,
1789255927.002571,2026-09-12T23:32:07Z,47,ballast-11.bin,536870912,485.389,
1789255927.488028,2026-09-12T23:32:07Z,47,ballast-12.bin,536870912,3225.209,
1789255930.713304,2026-09-12T23:32:10Z,47,ballast-20.bin,536870912,450.520,
1789255931.163897,2026-09-12T23:32:11Z,47,ballast-38.bin,536870912,675.521,
1789255931.839489,2026-09-12T23:32:11Z,47,ballast-18.bin,536870912,451.051,
1789255932.290610,2026-09-12T23:32:12Z,47,ballast-27.bin,536870912,468.331,
1789255932.759052,2026-09-12T23:32:12Z,48,ballast-2.bin,536870912,803.797,
1789255933.562926,2026-09-12T23:32:13Z,48,ballast-13.bin,536870912,464.802,
1789255934.027801,2026-09-12T23:32:14Z,48,ballast-38.bin,536870912,464.672,
1789255934.492543,2026-09-12T23:32:14Z,48,ballast-8.bin,536870912,474.013,
1789255934.966644,2026-09-12T23:32:14Z,48,ballast-39.bin,536870912,754.541,
1789255935.721254,2026-09-12T23:32:15Z,48,ballast-6.bin,536870912,1090.650,
1789255936.811974,2026-09-12T23:32:16Z,48,ballast-28.bin,536870912,811.540,
1789255937.623595,2026-09-12T23:32:17Z,48,ballast-4.bin,536870912,448.542,
1789255938.072208,2026-09-12T23:32:18Z,48,ballast-35.bin,536870912,451.807,
1789255938.524087,2026-09-12T23:32:18Z,48,ballast-26.bin,536870912,452.460,
1789255938.976615,2026-09-12T23:32:18Z,48,ballast-18.bin,536870912,453.308,
1789255939.429989,2026-09-12T23:32:19Z,48,ballast-16.bin,536870912,607.793,
1789255940.037847,2026-09-12T23:32:20Z,48,ballast-21.bin,536870912,738.083,
1789255940.775998,2026-09-12T23:32:20Z,48,ballast-36.bin,536870912,967.370,
1789255941.743444,2026-09-12T23:32:21Z,48,ballast-9.bin,536870912,456.949,
1789255942.200466,2026-09-12T23:32:22Z,48,ballast-37.bin,536870912,462.326,
1789255942.662863,2026-09-12T23:32:22Z,48,ballast-5.bin,536870912,509.068,
1789255943.172007,2026-09-12T23:32:23Z,48,ballast-1.bin,536870912,454.933,
1789255943.627011,2026-09-12T23:32:23Z,48,ballast-33.bin,536870912,1476.997,
1789255945.104078,2026-09-12T23:32:25Z,48,ballast-30.bin,536870912,650.513,
1789255945.754661,2026-09-12T23:32:25Z,48,ballast-20.bin,536870912,458.587,
1789255946.213339,2026-09-12T23:32:26Z,48,ballast-31.bin,536870912,459.173,
1789255946.672581,2026-09-12T23:32:26Z,48,ballast-14.bin,536870912,453.863,
1789255947.126516,2026-09-12T23:32:27Z,48,ballast-10.bin,536870912,455.281,
1789255947.581870,2026-09-12T23:32:27Z,48,ballast-11.bin,536870912,489.031,
1789255948.070969,2026-09-12T23:32:28Z,48,ballast-15.bin,536870912,456.215,
1789255948.527262,2026-09-12T23:32:28Z,48,ballast-22.bin,536870912,606.317,
1789255949.133648,2026-09-12T23:32:29Z,48,ballast-25.bin,536870912,447.446,
1789255949.581162,2026-09-12T23:32:29Z,48,ballast-29.bin,536870912,731.708,
1789255950.312937,2026-09-12T23:32:30Z,48,ballast-27.bin,536870912,451.087,
1789255950.764106,2026-09-12T23:32:30Z,48,ballast-19.bin,536870912,456.921,
1789255951.221099,2026-09-12T23:32:31Z,48,ballast-3.bin,536870912,467.981,
1789255951.689150,2026-09-12T23:32:31Z,48,ballast-34.bin,536870912,461.447,
1789255952.150672,2026-09-12T23:32:32Z,48,ballast-7.bin,536870912,1708.358,
1789255953.859104,2026-09-12T23:32:33Z,48,ballast-24.bin,536870912,453.128,
1789255954.312303,2026-09-12T23:32:34Z,48,ballast-40.bin,536870912,454.684,
1789255954.767058,2026-09-12T23:32:34Z,48,ballast-17.bin,536870912,459.317,
1789255955.226453,2026-09-12T23:32:35Z,48,ballast-12.bin,536870912,453.455,
1789255955.679981,2026-09-12T23:32:35Z,48,ballast-32.bin,536870912,450.984,
1789255956.131033,2026-09-12T23:32:36Z,48,ballast-23.bin,536870912,452.837,
1789255956.583971,2026-09-12T23:32:36Z,49,ballast-28.bin,536870912,450.757,
1789255957.034797,2026-09-12T23:32:37Z,49,ballast-21.bin,536870912,522.486,
1789255957.557369,2026-09-12T23:32:37Z,49,ballast-13.bin,536870912,665.146,
1789255958.222584,2026-09-12T23:32:38Z,49,ballast-36.bin,536870912,453.542,
1789255958.676196,2026-09-12T23:32:38Z,49,ballast-26.bin,536870912,455.030,
1789255959.131297,2026-09-12T23:32:39Z,49,ballast-34.bin,536870912,467.709,
1789255959.599081,2026-09-12T23:32:39Z,49,ballast-11.bin,536870912,459.595,
1789255960.058745,2026-09-12T23:32:40Z,49,ballast-32.bin,536870912,467.157,
1789255960.525972,2026-09-12T23:32:40Z,49,ballast-19.bin,536870912,463.066,
1789255960.989109,2026-09-12T23:32:40Z,49,ballast-33.bin,536870912,863.593,
1789255961.852780,2026-09-12T23:32:41Z,49,ballast-17.bin,536870912,454.730,
1789255962.307587,2026-09-12T23:32:42Z,49,ballast-16.bin,536870912,449.257,
1789255962.756914,2026-09-12T23:32:42Z,49,ballast-2.bin,536870912,452.498,
1789255963.209482,2026-09-12T23:32:43Z,49,ballast-6.bin,536870912,455.975,
1789255963.665521,2026-09-12T23:32:43Z,49,ballast-14.bin,536870912,451.031,
1789255964.116621,2026-09-12T23:32:44Z,49,ballast-1.bin,536870912,456.618,
1789255964.573310,2026-09-12T23:32:44Z,49,ballast-12.bin,536870912,457.677,
1789255965.031061,2026-09-12T23:32:45Z,49,ballast-40.bin,536870912,450.099,
1789255965.481231,2026-09-12T23:32:45Z,49,ballast-39.bin,536870912,447.613,
1789255965.928910,2026-09-12T23:32:45Z,49,ballast-37.bin,536870912,452.601,
1789255966.381580,2026-09-12T23:32:46Z,49,ballast-10.bin,536870912,460.486,
1789255966.842155,2026-09-12T23:32:46Z,49,ballast-38.bin,536870912,578.636,
1789255967.420861,2026-09-12T23:32:47Z,49,ballast-3.bin,536870912,589.659,
1789255968.010592,2026-09-12T23:32:48Z,49,ballast-25.bin,536870912,585.696,
1789255968.596382,2026-09-12T23:32:48Z,49,ballast-24.bin,536870912,574.305,
1789255969.170770,2026-09-12T23:32:49Z,49,ballast-15.bin,536870912,589.632,
1789255969.760475,2026-09-12T23:32:49Z,49,ballast-29.bin,536870912,570.804,
1789255970.331397,2026-09-12T23:32:50Z,49,ballast-20.bin,536870912,627.861,
1789255970.959363,2026-09-12T23:32:50Z,49,ballast-9.bin,536870912,617.793,
1789255971.577228,2026-09-12T23:32:51Z,49,ballast-18.bin,536870912,829.708,
1789255972.407008,2026-09-12T23:32:52Z,49,ballast-23.bin,536870912,454.615,
1789255972.861691,2026-09-12T23:32:52Z,49,ballast-22.bin,536870912,458.029,
1789255973.319798,2026-09-12T23:32:53Z,49,ballast-8.bin,536870912,487.357,
1789255973.807226,2026-09-12T23:32:53Z,49,ballast-7.bin,536870912,455.971,
1789255974.263266,2026-09-12T23:32:54Z,49,ballast-5.bin,536870912,452.681,
1789255974.716019,2026-09-12T23:32:54Z,49,ballast-4.bin,536870912,451.227,
1789255975.167333,2026-09-12T23:32:55Z,49,ballast-31.bin,536870912,455.428,
1789255975.622830,2026-09-12T23:32:55Z,49,ballast-30.bin,536870912,449.032,
1789255976.071931,2026-09-12T23:32:56Z,49,ballast-27.bin,536870912,447.273,
1789255976.519278,2026-09-12T23:32:56Z,49,ballast-35.bin,536870912,450.902,
1789255976.970267,2026-09-12T23:32:56Z,50,ballast-13.bin,536870912,569.918,
1789255977.540261,2026-09-12T23:32:57Z,50,ballast-2.bin,536870912,596.838,
1789255978.137167,2026-09-12T23:32:58Z,50,ballast-14.bin,536870912,454.293,
1789255978.591541,2026-09-12T23:32:58Z,50,ballast-17.bin,536870912,453.625,
1789255979.045242,2026-09-12T23:32:59Z,50,ballast-39.bin,536870912,1753.819,
1789255980.799134,2026-09-12T23:33:00Z,50,ballast-35.bin,536870912,457.433,
1789255981.256641,2026-09-12T23:33:01Z,50,ballast-40.bin,536870912,450.269,
1789255981.706979,2026-09-12T23:33:01Z,50,ballast-23.bin,536870912,455.592,
1789255982.162641,2026-09-12T23:33:02Z,50,ballast-19.bin,536870912,450.287,
1789255982.612997,2026-09-12T23:33:02Z,50,ballast-27.bin,536870912,467.710,
1789255983.080777,2026-09-12T23:33:03Z,50,ballast-36.bin,536870912,584.554,
1789255983.665400,2026-09-12T23:33:03Z,50,ballast-28.bin,536870912,463.403,
1789255984.128876,2026-09-12T23:33:04Z,50,ballast-20.bin,536870912,451.696,
1789255984.580641,2026-09-12T23:33:04Z,50,ballast-32.bin,536870912,457.992,
1789255985.038704,2026-09-12T23:33:05Z,50,ballast-11.bin,536870912,454.411,
1789255985.493185,2026-09-12T23:33:05Z,50,ballast-18.bin,536870912,521.343,
1789255986.014599,2026-09-12T23:33:06Z,50,ballast-24.bin,536870912,457.672,
1789255986.472363,2026-09-12T23:33:06Z,50,ballast-16.bin,536870912,700.376,
1789255987.172809,2026-09-12T23:33:07Z,50,ballast-22.bin,536870912,447.383,
1789255987.620260,2026-09-12T23:33:07Z,50,ballast-34.bin,536870912,448.865,
1789255988.069194,2026-09-12T23:33:08Z,50,ballast-5.bin,536870912,449.493,
1789255988.518759,2026-09-12T23:33:08Z,50,ballast-37.bin,536870912,489.672,
1789255989.008503,2026-09-12T23:33:09Z,50,ballast-33.bin,536870912,453.109,
1789255989.461681,2026-09-12T23:33:09Z,50,ballast-25.bin,536870912,489.180,
1789255989.950929,2026-09-12T23:33:09Z,50,ballast-1.bin,536870912,577.910,
1789255990.528906,2026-09-12T23:33:10Z,50,ballast-30.bin,536870912,967.211,
1789255991.496187,2026-09-12T23:33:11Z,50,ballast-29.bin,536870912,456.122,
1789255991.952394,2026-09-12T23:33:11Z,50,ballast-6.bin,536870912,448.711,
1789255992.401176,2026-09-12T23:33:12Z,50,ballast-26.bin,536870912,448.258,
1789255992.849503,2026-09-12T23:33:12Z,50,ballast-38.bin,536870912,514.693,
1789255993.364263,2026-09-12T23:33:13Z,50,ballast-9.bin,536870912,459.832,
1789255993.824164,2026-09-12T23:33:13Z,50,ballast-8.bin,536870912,457.983,
1789255994.282219,2026-09-12T23:33:14Z,50,ballast-15.bin,536870912,465.118,
1789255994.747414,2026-09-12T23:33:14Z,50,ballast-7.bin,536870912,459.492,
1789255995.206975,2026-09-12T23:33:15Z,50,ballast-31.bin,536870912,451.402,
1789255995.658441,2026-09-12T23:33:15Z,50,ballast-4.bin,536870912,452.131,
1789255996.110640,2026-09-12T23:33:16Z,50,ballast-3.bin,536870912,469.429,
1789255996.580140,2026-09-12T23:33:16Z,50,ballast-10.bin,536870912,465.693,
1789255997.045904,2026-09-12T23:33:17Z,50,ballast-21.bin,536870912,539.135,
1789255997.585111,2026-09-12T23:33:17Z,50,ballast-12.bin,536870912,454.468,
1789255998.039674,2026-09-12T23:33:18Z,51,ballast-2.bin,536870912,455.468,
1789255998.495209,2026-09-12T23:33:18Z,51,ballast-18.bin,536870912,455.785,
1789255998.951062,2026-09-12T23:33:18Z,51,ballast-36.bin,536870912,453.654,
1789255999.404785,2026-09-12T23:33:19Z,51,ballast-28.bin,536870912,463.089,
1789255999.867945,2026-09-12T23:33:19Z,51,ballast-1.bin,536870912,460.895,
1789256000.328915,2026-09-12T23:33:20Z,51,ballast-38.bin,536870912,466.538,
1789256000.795540,2026-09-12T23:33:20Z,51,ballast-12.bin,536870912,469.215,
1789256001.264833,2026-09-12T23:33:21Z,51,ballast-17.bin,536870912,469.062,
1789256001.733979,2026-09-12T23:33:21Z,51,ballast-13.bin,536870912,452.625,
1789256002.186677,2026-09-12T23:33:22Z,51,ballast-5.bin,536870912,478.254,
1789256002.665003,2026-09-12T23:33:22Z,51,ballast-15.bin,536870912,642.909,
1789256003.308000,2026-09-12T23:33:23Z,51,ballast-3.bin,536870912,574.021,
1789256003.882098,2026-09-12T23:33:23Z,51,ballast-4.bin,536870912,580.157,
1789256004.462346,2026-09-12T23:33:24Z,51,ballast-16.bin,536870912,605.191,
1789256005.067628,2026-09-12T23:33:25Z,51,ballast-33.bin,536870912,593.474,
1789256005.661180,2026-09-12T23:33:25Z,51,ballast-11.bin,536870912,593.327,
