ts_epoch,iso,loop,file,bytes,ms,errno
1789252184.090211,2026-09-12T22:29:44Z,0,ballast-10.bin,536870912,693.609,
1789252184.783940,2026-09-12T22:29:44Z,0,ballast-19.bin,536870912,610.806,
1789252185.395267,2026-09-12T22:29:45Z,0,ballast-14.bin,536870912,630.346,
1789252186.025685,2026-09-12T22:29:46Z,0,ballast-33.bin,536870912,450.858,
1789252186.476616,2026-09-12T22:29:46Z,0,ballast-17.bin,536870912,449.394,
1789252186.926081,2026-09-12T22:29:46Z,0,ballast-34.bin,536870912,451.220,
1789252187.377397,2026-09-12T22:29:47Z,0,ballast-40.bin,536870912,458.272,
1789252187.835738,2026-09-12T22:29:47Z,0,ballast-27.bin,536870912,463.292,
1789252188.299102,2026-09-12T22:29:48Z,0,ballast-13.bin,536870912,451.192,
1789252188.750383,2026-09-12T22:29:48Z,0,ballast-39.bin,536870912,462.122,
1789252189.212579,2026-09-12T22:29:49Z,0,ballast-9.bin,536870912,454.561,
1789252189.667215,2026-09-12T22:29:49Z,0,ballast-11.bin,536870912,446.860,
1789252190.114145,2026-09-12T22:29:50Z,0,ballast-2.bin,536870912,455.129,
1789252190.569384,2026-09-12T22:29:50Z,0,ballast-18.bin,536870912,628.832,
1789252191.198291,2026-09-12T22:29:51Z,0,ballast-22.bin,536870912,623.014,
1789252191.821405,2026-09-12T22:29:51Z,0,ballast-24.bin,536870912,616.457,
1789252192.437943,2026-09-12T22:29:52Z,0,ballast-28.bin,536870912,625.865,
1789252193.063907,2026-09-12T22:29:53Z,0,ballast-4.bin,536870912,2800.678,
1789252195.864656,2026-09-12T22:29:55Z,0,ballast-35.bin,536870912,455.385,
1789252196.320117,2026-09-12T22:29:56Z,0,ballast-36.bin,536870912,448.669,
1789252196.768859,2026-09-12T22:29:56Z,0,ballast-5.bin,536870912,450.892,
1789252197.219826,2026-09-12T22:29:57Z,0,ballast-15.bin,536870912,454.108,
1789252197.674005,2026-09-12T22:29:57Z,0,ballast-25.bin,536870912,455.990,
1789252198.130064,2026-09-12T22:29:58Z,0,ballast-32.bin,536870912,457.890,
1789252198.588022,2026-09-12T22:29:58Z,0,ballast-20.bin,536870912,453.927,
1789252199.042024,2026-09-12T22:29:59Z,0,ballast-21.bin,536870912,448.378,
1789252199.490475,2026-09-12T22:29:59Z,0,ballast-12.bin,536870912,519.305,
1789252200.009857,2026-09-12T22:30:00Z,0,ballast-30.bin,536870912,469.206,
1789252200.479135,2026-09-12T22:30:00Z,0,ballast-26.bin,536870912,456.597,
1789252200.935811,2026-09-12T22:30:00Z,0,ballast-31.bin,536870912,450.664,
1789252201.386549,2026-09-12T22:30:01Z,0,ballast-38.bin,536870912,466.676,
1789252201.853296,2026-09-12T22:30:01Z,0,ballast-16.bin,536870912,451.216,
1789252202.304584,2026-09-12T22:30:02Z,0,ballast-23.bin,536870912,458.364,
1789252202.763019,2026-09-12T22:30:02Z,0,ballast-7.bin,536870912,1940.988,
1789252204.704081,2026-09-12T22:30:04Z,0,ballast-37.bin,536870912,457.874,
1789252205.162033,2026-09-12T22:30:05Z,0,ballast-3.bin,536870912,450.065,
1789252205.612159,2026-09-12T22:30:05Z,0,ballast-6.bin,536870912,586.665,
1789252206.198894,2026-09-12T22:30:06Z,0,ballast-1.bin,536870912,1463.868,
1789252207.662839,2026-09-12T22:30:07Z,0,ballast-8.bin,536870912,808.519,
1789252208.471431,2026-09-12T22:30:08Z,0,ballast-29.bin,536870912,455.086,
1789252208.926622,2026-09-12T22:30:08Z,1,ballast-34.bin,536870912,449.616,
1789252209.376311,2026-09-12T22:30:09Z,1,ballast-12.bin,536870912,464.883,
1789252209.841269,2026-09-12T22:30:09Z,1,ballast-14.bin,536870912,449.021,
1789252210.290381,2026-09-12T22:30:10Z,1,ballast-17.bin,536870912,453.012,
1789252210.743463,2026-09-12T22:30:10Z,1,ballast-10.bin,536870912,851.586,
1789252211.595122,2026-09-12T22:30:11Z,1,ballast-4.bin,536870912,453.327,
1789252212.048517,2026-09-12T22:30:12Z,1,ballast-15.bin,536870912,459.925,
1789252212.508521,2026-09-12T22:30:12Z,1,ballast-8.bin,536870912,463.730,
1789252212.972344,2026-09-12T22:30:12Z,1,ballast-40.bin,536870912,462.385,
1789252213.434801,2026-09-12T22:30:13Z,1,ballast-37.bin,536870912,470.124,
1789252213.904998,2026-09-12T22:30:13Z,1,ballast-9.bin,536870912,460.890,
1789252214.365968,2026-09-12T22:30:14Z,1,ballast-28.bin,536870912,456.000,
1789252214.822047,2026-09-12T22:30:14Z,1,ballast-25.bin,536870912,466.161,
1789252215.288282,2026-09-12T22:30:15Z,1,ballast-21.bin,536870912,456.003,
1789252215.744373,2026-09-12T22:30:15Z,1,ballast-39.bin,536870912,448.007,
1789252216.192456,2026-09-12T22:30:16Z,1,ballast-29.bin,536870912,585.606,
1789252216.778154,2026-09-12T22:30:16Z,1,ballast-7.bin,536870912,600.689,
1789252217.378922,2026-09-12T22:30:17Z,1,ballast-26.bin,536870912,598.284,
1789252217.977286,2026-09-12T22:30:17Z,1,ballast-24.bin,536870912,584.180,
1789252218.561557,2026-09-12T22:30:18Z,1,ballast-27.bin,536870912,588.469,
1789252219.150098,2026-09-12T22:30:19Z,1,ballast-19.bin,536870912,543.406,
1789252219.693576,2026-09-12T22:30:19Z,1,ballast-3.bin,536870912,460.077,
1789252220.153726,2026-09-12T22:30:20Z,1,ballast-33.bin,536870912,440.502,
1789252220.594299,2026-09-12T22:30:20Z,1,ballast-6.bin,536870912,454.778,
1789252221.049147,2026-09-12T22:30:21Z,1,ballast-35.bin,536870912,452.205,
1789252221.501427,2026-09-12T22:30:21Z,1,ballast-22.bin,536870912,456.127,
1789252221.957628,2026-09-12T22:30:21Z,1,ballast-36.bin,536870912,454.005,
1789252222.411704,2026-09-12T22:30:22Z,1,ballast-38.bin,536870912,456.048,
1789252222.867830,2026-09-12T22:30:22Z,1,ballast-32.bin,536870912,459.629,
1789252223.327539,2026-09-12T22:30:23Z,1,ballast-11.bin,536870912,1319.903,
1789252224.647514,2026-09-12T22:30:24Z,1,ballast-1.bin,536870912,465.695,
1789252225.113281,2026-09-12T22:30:25Z,1,ballast-5.bin,536870912,465.098,
1789252225.578462,2026-09-12T22:30:25Z,1,ballast-2.bin,536870912,471.277,
1789252226.049811,2026-09-12T22:30:26Z,1,ballast-30.bin,536870912,459.056,
1789252226.508940,2026-09-12T22:30:26Z,1,ballast-13.bin,536870912,753.427,
1789252227.262443,2026-09-12T22:30:27Z,1,ballast-16.bin,536870912,463.998,
1789252227.726514,2026-09-12T22:30:27Z,1,ballast-18.bin,536870912,466.564,
1789252228.193151,2026-09-12T22:30:28Z,1,ballast-23.bin,536870912,462.309,
1789252228.655541,2026-09-12T22:30:28Z,1,ballast-31.bin,536870912,468.431,
1789252229.124046,2026-09-12T22:30:29Z,1,ballast-20.bin,536870912,466.429,
1789252229.590583,2026-09-12T22:30:29Z,2,ballast-5.bin,536870912,471.363,
1789252230.062019,2026-09-12T22:30:30Z,2,ballast-1.bin,536870912,471.082,
1789252230.533178,2026-09-12T22:30:30Z,2,ballast-21.bin,536870912,632.369,
1789252231.165617,2026-09-12T22:30:31Z,2,ballast-31.bin,536870912,464.000,
1789252231.629682,2026-09-12T22:30:31Z,2,ballast-36.bin,536870912,465.748,
1789252232.095499,2026-09-12T22:30:32Z,2,ballast-35.bin,536870912,459.767,
1789252232.555358,2026-09-12T22:30:32Z,2,ballast-11.bin,536870912,463.458,
1789252233.018886,2026-09-12T22:30:33Z,2,ballast-14.bin,536870912,459.468,
1789252233.478426,2026-09-12T22:30:33Z,2,ballast-8.bin,536870912,456.424,
1789252233.934918,2026-09-12T22:30:33Z,2,ballast-12.bin,536870912,457.386,
1789252234.392398,2026-09-12T22:30:34Z,2,ballast-18.bin,536870912,471.513,
1789252234.863983,2026-09-12T22:30:34Z,2,ballast-37.bin,536870912,458.080,
1789252235.322135,2026-09-12T22:30:35Z,2,ballast-13.bin,536870912,464.750,
1789252235.786958,2026-09-12T22:30:35Z,2,ballast-24.bin,536870912,572.783,
1789252236.359817,2026-09-12T22:30:36Z,2,ballast-7.bin,536870912,604.648,
1789252236.964539,2026-09-12T22:30:36Z,2,ballast-34.bin,536870912,537.814,
1789252237.502424,2026-09-12T22:30:37Z,2,ballast-4.bin,536870912,594.568,
1789252238.097063,2026-09-12T22:30:38Z,2,ballast-9.bin,536870912,597.031,
1789252238.694173,2026-09-12T22:30:38Z,2,ballast-38.bin,536870912,604.940,
1789252239.299201,2026-09-12T22:30:39Z,2,ballast-33.bin,536870912,559.397,
1789252239.858677,2026-09-12T22:30:39Z,2,ballast-17.bin,536870912,598.949,
1789252240.458031,2026-09-12T22:30:40Z,2,ballast-29.bin,536870912,634.693,
1789252241.092812,2026-09-12T22:30:41Z,2,ballast-6.bin,536870912,683.053,
1789252241.775949,2026-09-12T22:30:41Z,2,ballast-39.bin,536870912,656.205,
1789252242.432244,2026-09-12T22:30:42Z,2,ballast-28.bin,536870912,647.814,
1789252243.080128,2026-09-12T22:30:43Z,2,ballast-26.bin,536870912,589.697,
1789252243.669903,2026-09-12T22:30:43Z,2,ballast-2.bin,536870912,666.693,
1789252244.336671,2026-09-12T22:30:44Z,2,ballast-16.bin,536870912,648.932,
1789252244.985678,2026-09-12T22:30:44Z,2,ballast-15.bin,536870912,602.589,
1789252245.588370,2026-09-12T22:30:45Z,2,ballast-27.bin,536870912,588.648,
1789252246.177106,2026-09-12T22:30:46Z,2,ballast-19.bin,536870912,595.945,
1789252246.773144,2026-09-12T22:30:46Z,2,ballast-22.bin,536870912,577.377,
1789252247.350594,2026-09-12T22:30:47Z,2,ballast-32.bin,536870912,602.739,
1789252247.953408,2026-09-12T22:30:47Z,2,ballast-23.bin,536870912,535.071,
1789252248.488551,2026-09-12T22:30:48Z,2,ballast-25.bin,536870912,583.136,
1789252249.071767,2026-09-12T22:30:49Z,2,ballast-3.bin,536870912,609.468,
1789252249.681306,2026-09-12T22:30:49Z,2,ballast-30.bin,536870912,578.742,
1789252250.260123,2026-09-12T22:30:50Z,2,ballast-40.bin,536870912,591.087,
1789252250.851279,2026-09-12T22:30:50Z,2,ballast-20.bin,536870912,585.291,
1789252251.436644,2026-09-12T22:30:51Z,2,ballast-10.bin,536870912,610.506,
1789252252.047277,2026-09-12T22:30:52Z,3,ballast-22.bin,536870912,593.976,
1789252252.641349,2026-09-12T22:30:52Z,3,ballast-24.bin,536870912,944.112,
1789252253.585529,2026-09-12T22:30:53Z,3,ballast-1.bin,536870912,542.421,
1789252254.128018,2026-09-12T22:30:54Z,3,ballast-36.bin,536870912,2320.568,
1789252256.448656,2026-09-12T22:30:56Z,3,ballast-34.bin,536870912,468.793,
1789252256.917522,2026-09-12T22:30:56Z,3,ballast-16.bin,536870912,461.842,
1789252257.379435,2026-09-12T22:30:57Z,3,ballast-13.bin,536870912,1823.079,
1789252259.202587,2026-09-12T22:30:59Z,3,ballast-33.bin,536870912,443.453,
1789252259.646115,2026-09-12T22:30:59Z,3,ballast-12.bin,536870912,957.912,
1789252260.604097,2026-09-12T22:31:00Z,3,ballast-39.bin,536870912,646.229,
1789252261.250396,2026-09-12T22:31:01Z,3,ballast-25.bin,536870912,461.429,
1789252261.711897,2026-09-12T22:31:01Z,3,ballast-20.bin,536870912,1908.171,
1789252263.620133,2026-09-12T22:31:03Z,3,ballast-31.bin,536870912,783.930,
1789252264.404135,2026-09-12T22:31:04Z,3,ballast-27.bin,536870912,449.780,
1789252264.853984,2026-09-12T22:31:04Z,3,ballast-4.bin,536870912,452.317,
1789252265.306390,2026-09-12T22:31:05Z,3,ballast-14.bin,536870912,1731.308,
1789252267.037776,2026-09-12T22:31:07Z,3,ballast-19.bin,536870912,521.683,
1789252267.559539,2026-09-12T22:31:07Z,3,ballast-9.bin,536870912,556.204,
1789252268.115810,2026-09-12T22:31:08Z,3,ballast-23.bin,536870912,460.412,
1789252268.576299,2026-09-12T22:31:08Z,3,ballast-15.bin,536870912,523.925,
1789252269.100297,2026-09-12T22:31:09Z,3,ballast-28.bin,536870912,961.943,
1789252270.062311,2026-09-12T22:31:10Z,3,ballast-40.bin,536870912,529.249,
1789252270.591638,2026-09-12T22:31:10Z,3,ballast-3.bin,536870912,501.591,
1789252271.093306,2026-09-12T22:31:11Z,3,ballast-17.bin,536870912,635.138,
1789252271.728520,2026-09-12T22:31:11Z,3,ballast-8.bin,536870912,482.547,
1789252272.211138,2026-09-12T22:31:12Z,3,ballast-30.bin,536870912,458.137,
1789252272.669361,2026-09-12T22:31:12Z,3,ballast-32.bin,536870912,554.287,
1789252273.223723,2026-09-12T22:31:13Z,3,ballast-37.bin,536870912,581.667,
1789252273.805474,2026-09-12T22:31:13Z,3,ballast-35.bin,536870912,3301.417,
1789252277.106966,2026-09-12T22:31:17Z,3,ballast-2.bin,536870912,559.574,
1789252277.666620,2026-09-12T22:31:17Z,3,ballast-7.bin,536870912,487.458,
1789252278.154155,2026-09-12T22:31:18Z,3,ballast-26.bin,536870912,459.746,
1789252278.613971,2026-09-12T22:31:18Z,3,ballast-6.bin,536870912,699.205,
1789252279.313246,2026-09-12T22:31:19Z,3,ballast-5.bin,536870912,455.490,
1789252279.768811,2026-09-12T22:31:19Z,3,ballast-29.bin,536870912,452.689,
1789252280.221572,2026-09-12T22:31:20Z,3,ballast-21.bin,536870912,1528.602,
1789252281.750245,2026-09-12T22:31:21Z,3,ballast-10.bin,536870912,610.487,
1789252282.360801,2026-09-12T22:31:22Z,3,ballast-18.bin,536870912,2008.869,
1789252284.369743,2026-09-12T22:31:24Z,3,ballast-38.bin,536870912,453.838,
1789252284.823652,2026-09-12T22:31:24Z,3,ballast-11.bin,536870912,450.596,
1789252285.274376,2026-09-12T22:31:25Z,4,ballast-36.bin,536870912,452.237,
1789252285.726686,2026-09-12T22:31:25Z,4,ballast-21.bin,536870912,455.879,
1789252286.182633,2026-09-12T22:31:26Z,4,ballast-13.bin,536870912,608.900,
1789252286.791605,2026-09-12T22:31:26Z,4,ballast-16.bin,536870912,454.961,
1789252287.246637,2026-09-12T22:31:27Z,4,ballast-8.bin,536870912,458.499,
1789252287.705214,2026-09-12T22:31:27Z,4,ballast-19.bin,536870912,462.984,
1789252288.168275,2026-09-12T22:31:28Z,4,ballast-24.bin,536870912,452.133,
1789252288.620477,2026-09-12T22:31:28Z,4,ballast-37.bin,536870912,469.647,
1789252289.090199,2026-09-12T22:31:29Z,4,ballast-26.bin,536870912,464.251,
1789252289.554527,2026-09-12T22:31:29Z,4,ballast-14.bin,536870912,516.958,
1789252290.071566,2026-09-12T22:31:30Z,4,ballast-39.bin,536870912,449.856,
1789252290.521493,2026-09-12T22:31:30Z,4,ballast-33.bin,536870912,436.856,
1789252290.958421,2026-09-12T22:31:30Z,4,ballast-12.bin,536870912,449.404,
1789252291.407914,2026-09-12T22:31:31Z,4,ballast-15.bin,536870912,853.850,
1789252292.261839,2026-09-12T22:31:32Z,4,ballast-17.bin,536870912,747.161,
1789252293.009071,2026-09-12T22:31:33Z,4,ballast-29.bin,536870912,450.637,
1789252293.459780,2026-09-12T22:31:33Z,4,ballast-7.bin,536870912,453.593,
1789252293.913442,2026-09-12T22:31:33Z,4,ballast-27.bin,536870912,452.807,
1789252294.366337,2026-09-12T22:31:34Z,4,ballast-25.bin,536870912,476.837,
1789252294.843249,2026-09-12T22:31:34Z,4,ballast-30.bin,536870912,454.826,
1789252295.298147,2026-09-12T22:31:35Z,4,ballast-1.bin,536870912,460.746,
1789252295.758962,2026-09-12T22:31:35Z,4,ballast-28.bin,536870912,458.381,
1789252296.217408,2026-09-12T22:31:36Z,4,ballast-11.bin,536870912,455.411,
1789252296.672891,2026-09-12T22:31:36Z,4,ballast-38.bin,536870912,454.944,
1789252297.127906,2026-09-12T22:31:37Z,4,ballast-3.bin,536870912,468.543,
1789252297.596521,2026-09-12T22:31:37Z,4,ballast-18.bin,536870912,488.837,
1789252298.085438,2026-09-12T22:31:38Z,4,ballast-34.bin,536870912,581.165,
1789252298.666680,2026-09-12T22:31:38Z,4,ballast-6.bin,536870912,588.082,
1789252299.254837,2026-09-12T22:31:39Z,4,ballast-40.bin,536870912,592.330,
1789252299.847253,2026-09-12T22:31:39Z,4,ballast-2.bin,536870912,575.958,
1789252300.423293,2026-09-12T22:31:40Z,4,ballast-5.bin,536870912,611.967,
1789252301.035361,2026-09-12T22:31:41Z,4,ballast-9.bin,536870912,587.779,
1789252301.623217,2026-09-12T22:31:41Z,4,ballast-22.bin,536870912,656.585,
1789252302.279872,2026-09-12T22:31:42Z,4,ballast-31.bin,536870912,445.899,
1789252302.725842,2026-09-12T22:31:42Z,4,ballast-32.bin,536870912,448.449,
1789252303.174378,2026-09-12T22:31:43Z,4,ballast-10.bin,536870912,437.819,
1789252303.612257,2026-09-12T22:31:43Z,4,ballast-35.bin,536870912,435.721,
1789252304.048054,2026-09-12T22:31:44Z,4,ballast-23.bin,536870912,540.762,
1789252304.588888,2026-09-12T22:31:44Z,4,ballast-4.bin,536870912,439.948,
1789252305.028906,2026-09-12T22:31:45Z,4,ballast-20.bin,536870912,442.789,
1789252305.471801,2026-09-12T22:31:45Z,5,ballast-40.bin,536870912,452.257,
1789252305.924137,2026-09-12T22:31:45Z,5,ballast-28.bin,536870912,446.819,
1789252306.371032,2026-09-12T22:31:46Z,5,ballast-32.bin,536870912,450.902,
1789252306.822009,2026-09-12T22:31:46Z,5,ballast-9.bin,536870912,452.278,
1789252307.274377,2026-09-12T22:31:47Z,5,ballast-33.bin,536870912,431.675,
1789252307.706121,2026-09-12T22:31:47Z,5,ballast-4.bin,536870912,466.347,
1789252308.172544,2026-09-12T22:31:48Z,5,ballast-20.bin,536870912,449.362,
1789252308.621975,2026-09-12T22:31:48Z,5,ballast-24.bin,536870912,568.716,
1789252309.190763,2026-09-12T22:31:49Z,5,ballast-21.bin,536870912,705.110,
1789252309.895948,2026-09-12T22:31:49Z,5,ballast-29.bin,536870912,447.477,
1789252310.343504,2026-09-12T22:31:50Z,5,ballast-11.bin,536870912,458.595,
1789252310.802170,2026-09-12T22:31:50Z,5,ballast-14.bin,536870912,452.329,
1789252311.254570,2026-09-12T22:31:51Z,5,ballast-5.bin,536870912,455.690,
1789252311.710351,2026-09-12T22:31:51Z,5,ballast-31.bin,536870912,453.667,
1789252312.164092,2026-09-12T22:31:52Z,5,ballast-22.bin,536870912,454.679,
1789252312.618838,2026-09-12T22:31:52Z,5,ballast-3.bin,536870912,450.354,
1789252313.069261,2026-09-12T22:31:53Z,5,ballast-1.bin,536870912,455.616,
1789252313.524947,2026-09-12T22:31:53Z,5,ballast-30.bin,536870912,448.923,
1789252313.973939,2026-09-12T22:31:53Z,5,ballast-37.bin,536870912,459.254,
1789252314.433264,2026-09-12T22:31:54Z,5,ballast-6.bin,536870912,471.442,
1789252314.904778,2026-09-12T22:31:54Z,5,ballast-16.bin,536870912,561.942,
1789252315.466810,2026-09-12T22:31:55Z,5,ballast-35.bin,536870912,601.228,
1789252316.068137,2026-09-12T22:31:56Z,5,ballast-15.bin,536870912,580.379,
1789252316.648593,2026-09-12T22:31:56Z,5,ballast-12.bin,536870912,596.047,
1789252317.244727,2026-09-12T22:31:57Z,5,ballast-2.bin,536870912,606.577,
1789252317.851402,2026-09-12T22:31:57Z,5,ballast-13.bin,536870912,617.859,
1789252318.469391,2026-09-12T22:31:58Z,5,ballast-19.bin,536870912,597.545,
1789252319.067008,2026-09-12T22:31:59Z,5,ballast-38.bin,536870912,606.401,
1789252319.673497,2026-09-12T22:31:59Z,5,ballast-23.bin,536870912,602.360,
1789252320.275928,2026-09-12T22:32:00Z,5,ballast-10.bin,536870912,624.824,
1789252320.900829,2026-09-12T22:32:00Z,5,ballast-7.bin,536870912,645.023,
1789252321.545953,2026-09-12T22:32:01Z,5,ballast-36.bin,536870912,636.439,
1789252322.182492,2026-09-12T22:32:02Z,5,ballast-25.bin,536870912,738.000,
1789252322.920585,2026-09-12T22:32:02Z,5,ballast-8.bin,536870912,698.721,
1789252323.619423,2026-09-12T22:32:03Z,5,ballast-34.bin,536870912,629.601,
1789252324.249094,2026-09-12T22:32:04Z,5,ballast-39.bin,536870912,464.370,
1789252324.713531,2026-09-12T22:32:04Z,5,ballast-26.bin,536870912,463.763,
1789252325.177380,2026-09-12T22:32:05Z,5,ballast-27.bin,536870912,458.189,
1789252325.635640,2026-09-12T22:32:05Z,5,ballast-18.bin,536870912,1121.574,
1789252326.757288,2026-09-12T22:32:06Z,5,ballast-17.bin,536870912,463.238,
1789252327.220625,2026-09-12T22:32:07Z,6,ballast-28.bin,536870912,460.169,
1789252327.680863,2026-09-12T22:32:07Z,6,ballast-8.bin,536870912,471.024,
1789252328.151958,2026-09-12T22:32:08Z,6,ballast-15.bin,536870912,465.589,
1789252328.617615,2026-09-12T22:32:08Z,6,ballast-6.bin,536870912,461.499,
1789252329.079184,2026-09-12T22:32:09Z,6,ballast-7.bin,536870912,463.634,
1789252329.542886,2026-09-12T22:32:09Z,6,ballast-17.bin,536870912,474.131,
1789252330.017087,2026-09-12T22:32:10Z,6,ballast-24.bin,536870912,457.788,
1789252330.474951,2026-09-12T22:32:10Z,6,ballast-38.bin,536870912,474.617,
1789252330.949646,2026-09-12T22:32:10Z,6,ballast-13.bin,536870912,459.694,
1789252331.409409,2026-09-12T22:32:11Z,6,ballast-33.bin,536870912,472.562,
1789252331.882043,2026-09-12T22:32:11Z,6,ballast-40.bin,536870912,632.120,
1789252332.514259,2026-09-12T22:32:12Z,6,ballast-20.bin,536870912,633.289,
1789252333.147641,2026-09-12T22:32:13Z,6,ballast-9.bin,536870912,604.208,
1789252333.751920,2026-09-12T22:32:13Z,6,ballast-29.bin,536870912,648.937,
1789252334.400927,2026-09-12T22:32:14Z,6,ballast-25.bin,536870912,680.018,
1789252335.081024,2026-09-12T22:32:15Z,6,ballast-18.bin,536870912,724.333,
1789252335.805445,2026-09-12T22:32:15Z,6,ballast-21.bin,536870912,744.535,
1789252336.550061,2026-09-12T22:32:16Z,6,ballast-36.bin,536870912,654.021,
1789252337.204180,2026-09-12T22:32:17Z,6,ballast-10.bin,536870912,726.175,
1789252337.930447,2026-09-12T22:32:17Z,6,ballast-27.bin,536870912,656.195,
1789252338.586735,2026-09-12T22:32:18Z,6,ballast-37.bin,536870912,1630.609,
1789252340.217417,2026-09-12T22:32:20Z,6,ballast-19.bin,536870912,457.688,
1789252340.675175,2026-09-12T22:32:20Z,6,ballast-5.bin,536870912,470.247,
1789252341.145492,2026-09-12T22:32:21Z,6,ballast-3.bin,536870912,472.035,
1789252341.617593,2026-09-12T22:32:21Z,6,ballast-16.bin,536870912,469.517,
1789252342.087196,2026-09-12T22:32:22Z,6,ballast-32.bin,536870912,2382.947,
1789252344.470214,2026-09-12T22:32:24Z,6,ballast-12.bin,536870912,2908.464,
1789252347.378757,2026-09-12T22:32:27Z,6,ballast-1.bin,536870912,456.028,
1789252347.834858,2026-09-12T22:32:27Z,6,ballast-4.bin,536870912,970.183,
1789252348.805112,2026-09-12T22:32:28Z,6,ballast-26.bin,536870912,450.696,
1789252349.255878,2026-09-12T22:32:29Z,6,ballast-22.bin,536870912,456.070,
1789252349.712027,2026-09-12T22:32:29Z,6,ballast-35.bin,536870912,453.065,
1789252350.165161,2026-09-12T22:32:30Z,6,ballast-2.bin,536870912,3421.802,
1789252353.587037,2026-09-12T22:32:33Z,6,ballast-31.bin,536870912,504.078,
1789252354.091190,2026-09-12T22:32:34Z,6,ballast-30.bin,536870912,450.569,
1789252354.541832,2026-09-12T22:32:34Z,6,ballast-34.bin,536870912,3225.369,
1789252357.767274,2026-09-12T22:32:37Z,6,ballast-11.bin,536870912,441.229,
1789252358.208571,2026-09-12T22:32:38Z,6,ballast-14.bin,536870912,440.649,
1789252358.649291,2026-09-12T22:32:38Z,6,ballast-23.bin,536870912,439.680,
1789252359.089037,2026-09-12T22:32:39Z,6,ballast-39.bin,536870912,438.462,
1789252359.527599,2026-09-12T22:32:39Z,7,ballast-29.bin,536870912,443.277,
1789252359.970947,2026-09-12T22:32:39Z,7,ballast-25.bin,536870912,1115.229,
1789252361.086247,2026-09-12T22:32:41Z,7,ballast-33.bin,536870912,427.747,
1789252361.514067,2026-09-12T22:32:41Z,7,ballast-18.bin,536870912,760.663,
1789252362.274802,2026-09-12T22:32:42Z,7,ballast-15.bin,536870912,446.191,
1789252362.721067,2026-09-12T22:32:42Z,7,ballast-30.bin,536870912,471.445,
1789252363.192586,2026-09-12T22:32:43Z,7,ballast-19.bin,536870912,444.451,
1789252363.637105,2026-09-12T22:32:43Z,7,ballast-26.bin,536870912,453.337,
1789252364.090512,2026-09-12T22:32:44Z,7,ballast-32.bin,536870912,501.364,
1789252364.591948,2026-09-12T22:32:44Z,7,ballast-40.bin,536870912,450.415,
1789252365.042443,2026-09-12T22:32:45Z,7,ballast-4.bin,536870912,457.198,
1789252365.499710,2026-09-12T22:32:45Z,7,ballast-35.bin,536870912,454.374,
1789252365.954155,2026-09-12T22:32:45Z,7,ballast-37.bin,536870912,464.913,
1789252366.419142,2026-09-12T22:32:46Z,7,ballast-20.bin,536870912,454.892,
1789252366.874106,2026-09-12T22:32:46Z,7,ballast-23.bin,536870912,451.612,
1789252367.325786,2026-09-12T22:32:47Z,7,ballast-10.bin,536870912,1031.639,
1789252368.357498,2026-09-12T22:32:48Z,7,ballast-3.bin,536870912,446.194,
1789252368.803762,2026-09-12T22:32:48Z,7,ballast-21.bin,536870912,457.915,
1789252369.261750,2026-09-12T22:32:49Z,7,ballast-14.bin,536870912,461.027,
1789252369.722849,2026-09-12T22:32:49Z,7,ballast-12.bin,536870912,456.210,
1789252370.179130,2026-09-12T22:32:50Z,7,ballast-39.bin,536870912,453.217,
1789252370.632417,2026-09-12T22:32:50Z,7,ballast-11.bin,536870912,457.435,
1789252371.089921,2026-09-12T22:32:51Z,7,ballast-5.bin,536870912,3348.003,
1789252374.438010,2026-09-12T22:32:54Z,7,ballast-27.bin,536870912,3598.628,
1789252378.036709,2026-09-12T22:32:58Z,7,ballast-7.bin,536870912,460.157,
1789252378.496937,2026-09-12T22:32:58Z,7,ballast-31.bin,536870912,460.136,
1789252378.957144,2026-09-12T22:32:58Z,7,ballast-22.bin,536870912,452.785,
1789252379.409997,2026-09-12T22:32:59Z,7,ballast-2.bin,536870912,461.648,
1789252379.871721,2026-09-12T22:32:59Z,7,ballast-13.bin,536870912,457.281,
1789252380.329072,2026-09-12T22:33:00Z,7,ballast-1.bin,536870912,447.055,
1789252380.776198,2026-09-12T22:33:00Z,7,ballast-28.bin,536870912,457.511,
1789252381.233780,2026-09-12T22:33:01Z,7,ballast-9.bin,536870912,460.806,
1789252381.694658,2026-09-12T22:33:01Z,7,ballast-24.bin,536870912,462.775,
1789252382.157503,2026-09-12T22:33:02Z,7,ballast-17.bin,536870912,450.047,
1789252382.607624,2026-09-12T22:33:02Z,7,ballast-16.bin,536870912,470.829,
1789252383.078530,2026-09-12T22:33:03Z,7,ballast-8.bin,536870912,595.301,
1789252383.673921,2026-09-12T22:33:03Z,7,ballast-36.bin,536870912,631.237,
1789252384.305229,2026-09-12T22:33:04Z,7,ballast-38.bin,536870912,596.207,
1789252384.901507,2026-09-12T22:33:04Z,7,ballast-34.bin,536870912,579.873,
1789252385.481454,2026-09-12T22:33:05Z,7,ballast-6.bin,536870912,583.076,
1789252386.064650,2026-09-12T22:33:06Z,8,ballast-34.bin,536870912,638.031,
1789252386.702754,2026-09-12T22:33:06Z,8,ballast-8.bin,536870912,649.230,
1789252387.352059,2026-09-12T22:33:07Z,8,ballast-4.bin,536870912,1065.120,
1789252388.417255,2026-09-12T22:33:08Z,8,ballast-33.bin,536870912,432.258,
1789252388.849583,2026-09-12T22:33:08Z,8,ballast-28.bin,536870912,460.523,
1789252389.310182,2026-09-12T22:33:09Z,8,ballast-27.bin,536870912,446.977,
1789252389.757229,2026-09-12T22:33:09Z,8,ballast-37.bin,536870912,458.116,
1789252390.215416,2026-09-12T22:33:10Z,8,ballast-14.bin,536870912,456.065,
1789252390.671567,2026-09-12T22:33:10Z,8,ballast-20.bin,536870912,453.890,
1789252391.125529,2026-09-12T22:33:11Z,8,ballast-1.bin,536870912,459.493,
1789252391.585093,2026-09-12T22:33:11Z,8,ballast-7.bin,536870912,452.580,
1789252392.037742,2026-09-12T22:33:12Z,8,ballast-24.bin,536870912,469.985,
1789252392.507795,2026-09-12T22:33:12Z,8,ballast-26.bin,536870912,459.207,
1789252392.967074,2026-09-12T22:33:12Z,8,ballast-6.bin,536870912,471.791,
1789252393.438949,2026-09-12T22:33:13Z,8,ballast-21.bin,536870912,640.874,
1789252394.079890,2026-09-12T22:33:14Z,8,ballast-3.bin,536870912,644.874,
1789252394.724834,2026-09-12T22:33:14Z,8,ballast-12.bin,536870912,659.211,
1789252395.384119,2026-09-12T22:33:15Z,8,ballast-2.bin,536870912,644.843,
1789252396.029176,2026-09-12T22:33:16Z,8,ballast-15.bin,536870912,646.347,
1789252396.675602,2026-09-12T22:33:16Z,8,ballast-22.bin,536870912,646.598,
1789252397.322270,2026-09-12T22:33:17Z,8,ballast-19.bin,536870912,669.596,
1789252397.991944,2026-09-12T22:33:17Z,8,ballast-18.bin,536870912,650.467,
1789252398.642483,2026-09-12T22:33:18Z,8,ballast-36.bin,536870912,473.232,
1789252399.115783,2026-09-12T22:33:19Z,8,ballast-38.bin,536870912,1420.988,
1789252400.536843,2026-09-12T22:33:20Z,8,ballast-13.bin,536870912,464.369,
1789252401.001285,2026-09-12T22:33:21Z,8,ballast-29.bin,536870912,455.615,
1789252401.456975,2026-09-12T22:33:21Z,8,ballast-23.bin,536870912,1505.177,
1789252402.962223,2026-09-12T22:33:22Z,8,ballast-39.bin,536870912,3241.182,
1789252406.203483,2026-09-12T22:33:26Z,8,ballast-25.bin,536870912,2548.534,
1789252408.752092,2026-09-12T22:33:28Z,8,ballast-17.bin,536870912,2985.324,
1789252411.737488,2026-09-12T22:33:31Z,8,ballast-30.bin,536870912,1770.206,
1789252413.507767,2026-09-12T22:33:33Z,8,ballast-40.bin,536870912,444.183,
1789252413.952021,2026-09-12T22:33:33Z,8,ballast-16.bin,536870912,3509.459,
1789252417.461552,2026-09-12T22:33:37Z,8,ballast-10.bin,536870912,2952.996,
1789252420.414623,2026-09-12T22:33:40Z,8,ballast-5.bin,536870912,456.022,
1789252420.870716,2026-09-12T22:33:40Z,8,ballast-35.bin,536870912,458.751,
1789252421.329540,2026-09-12T22:33:41Z,8,ballast-9.bin,536870912,3417.119,
1789252424.746729,2026-09-12T22:33:44Z,8,ballast-32.bin,536870912,1313.154,
1789252426.059955,2026-09-12T22:33:46Z,8,ballast-31.bin,536870912,1380.688,
1789252427.440715,2026-09-12T22:33:47Z,8,ballast-11.bin,536870912,450.741,
1789252427.891569,2026-09-12T22:33:47Z,9,ballast-31.bin,536870912,461.972,
1789252428.353614,2026-09-12T22:33:48Z,9,ballast-30.bin,536870912,467.575,
1789252428.821262,2026-09-12T22:33:48Z,9,ballast-37.bin,536870912,450.574,
1789252429.271911,2026-09-12T22:33:49Z,9,ballast-20.bin,536870912,456.147,
1789252429.728129,2026-09-12T22:33:49Z,9,ballast-17.bin,536870912,460.433,
1789252430.188630,2026-09-12T22:33:50Z,9,ballast-26.bin,536870912,454.722,
1789252430.643424,2026-09-12T22:33:50Z,9,ballast-36.bin,536870912,456.206,
1789252431.099702,2026-09-12T22:33:51Z,9,ballast-27.bin,536870912,454.401,
1789252431.554174,2026-09-12T22:33:51Z,9,ballast-11.bin,536870912,458.987,
1789252432.013231,2026-09-12T22:33:52Z,9,ballast-18.bin,536870912,466.630,
1789252432.479936,2026-09-12T22:33:52Z,9,ballast-9.bin,536870912,604.012,
1789252433.084040,2026-09-12T22:33:53Z,9,ballast-15.bin,536870912,651.800,
1789252433.735936,2026-09-12T22:33:53Z,9,ballast-10.bin,536870912,658.783,
1789252434.394791,2026-09-12T22:33:54Z,9,ballast-40.bin,536870912,628.087,
1789252435.022970,2026-09-12T22:33:55Z,9,ballast-13.bin,536870912,652.498,
1789252435.675569,2026-09-12T22:33:55Z,9,ballast-7.bin,536870912,625.011,
1789252436.300651,2026-09-12T22:33:56Z,9,ballast-24.bin,536870912,639.690,
1789252436.940429,2026-09-12T22:33:56Z,9,ballast-3.bin,536870912,642.012,
1789252437.582530,2026-09-12T22:33:57Z,9,ballast-35.bin,536870912,690.756,
1789252438.273382,2026-09-12T22:33:58Z,9,ballast-14.bin,536870912,932.822,
1789252439.206276,2026-09-12T22:33:59Z,9,ballast-33.bin,536870912,433.625,
1789252439.639967,2026-09-12T22:33:59Z,9,ballast-34.bin,536870912,442.520,
1789252440.082555,2026-09-12T22:34:00Z,9,ballast-12.bin,536870912,447.463,
1789252440.530095,2026-09-12T22:34:00Z,9,ballast-1.bin,536870912,451.771,
1789252440.981940,2026-09-12T22:34:00Z,9,ballast-23.bin,536870912,450.935,
1789252441.432944,2026-09-12T22:34:01Z,9,ballast-8.bin,536870912,820.904,
1789252442.253918,2026-09-12T22:34:02Z,9,ballast-21.bin,536870912,1840.350,
1789252444.094358,2026-09-12T22:34:04Z,9,ballast-25.bin,536870912,467.190,
1789252444.561618,2026-09-12T22:34:04Z,9,ballast-39.bin,536870912,461.991,
1789252445.023677,2026-09-12T22:34:05Z,9,ballast-16.bin,536870912,454.449,
1789252445.478196,2026-09-12T22:34:05Z,9,ballast-5.bin,536870912,458.201,
1789252445.936464,2026-09-12T22:34:05Z,9,ballast-22.bin,536870912,453.191,
1789252446.389729,2026-09-12T22:34:06Z,9,ballast-28.bin,536870912,456.078,
1789252446.845876,2026-09-12T22:34:06Z,9,ballast-19.bin,536870912,622.931,
1789252447.468877,2026-09-12T22:34:07Z,9,ballast-6.bin,536870912,450.242,
1789252447.919187,2026-09-12T22:34:07Z,9,ballast-29.bin,536870912,547.798,
1789252448.467059,2026-09-12T22:34:08Z,9,ballast-2.bin,536870912,453.419,
1789252448.920550,2026-09-12T22:34:08Z,9,ballast-4.bin,536870912,463.553,
1789252449.384175,2026-09-12T22:34:09Z,9,ballast-32.bin,536870912,461.967,
1789252449.846213,2026-09-12T22:34:09Z,9,ballast-38.bin,536870912,721.728,
1789252450.568043,2026-09-12T22:34:10Z,10,ballast-13.bin,536870912,1180.548,
1789252451.748664,2026-09-12T22:34:11Z,10,ballast-5.bin,536870912,465.739,
1789252452.214485,2026-09-12T22:34:12Z,10,ballast-22.bin,536870912,456.813,
1789252452.671383,2026-09-12T22:34:12Z,10,ballast-29.bin,536870912,464.358,
1789252453.135818,2026-09-12T22:34:13Z,10,ballast-28.bin,536870912,465.986,
1789252453.601875,2026-09-12T22:34:13Z,10,ballast-16.bin,536870912,457.630,
1789252454.059583,2026-09-12T22:34:14Z,10,ballast-14.bin,536870912,740.619,
1789252454.800274,2026-09-12T22:34:14Z,10,ballast-36.bin,536870912,997.247,
1789252455.797592,2026-09-12T22:34:15Z,10,ballast-37.bin,536870912,2961.231,
1789252458.758893,2026-09-12T22:34:18Z,10,ballast-31.bin,536870912,451.154,
1789252459.210120,2026-09-12T22:34:19Z,10,ballast-38.bin,536870912,460.811,
1789252459.671001,2026-09-12T22:34:19Z,10,ballast-17.bin,536870912,449.018,
1789252460.120095,2026-09-12T22:34:20Z,10,ballast-34.bin,536870912,451.941,
1789252460.572106,2026-09-12T22:34:20Z,10,ballast-3.bin,536870912,1320.769,
1789252461.892947,2026-09-12T22:34:21Z,10,ballast-8.bin,536870912,455.994,
1789252462.349009,2026-09-12T22:34:22Z,10,ballast-33.bin,536870912,434.793,
1789252462.783870,2026-09-12T22:34:22Z,10,ballast-9.bin,536870912,457.899,
1789252463.241837,2026-09-12T22:34:23Z,10,ballast-23.bin,536870912,457.237,
1789252463.699157,2026-09-12T22:34:23Z,10,ballast-10.bin,536870912,457.684,
1789252464.156919,2026-09-12T22:34:24Z,10,ballast-11.bin,536870912,687.961,
1789252464.844955,2026-09-12T22:34:24Z,10,ballast-6.bin,536870912,458.218,
1789252465.303247,2026-09-12T22:34:25Z,10,ballast-39.bin,536870912,452.105,
1789252465.755424,2026-09-12T22:34:25Z,10,ballast-12.bin,536870912,459.474,
1789252466.214966,2026-09-12T22:34:26Z,10,ballast-25.bin,536870912,452.477,
1789252466.667511,2026-09-12T22:34:26Z,10,ballast-35.bin,536870912,2797.536,
1789252469.465118,2026-09-12T22:34:29Z,10,ballast-30.bin,536870912,453.407,
1789252469.918598,2026-09-12T22:34:29Z,10,ballast-7.bin,536870912,559.749,
1789252470.478419,2026-09-12T22:34:30Z,10,ballast-2.bin,536870912,446.394,
1789252470.924885,2026-09-12T22:34:30Z,10,ballast-20.bin,536870912,476.063,
1789252471.401021,2026-09-12T22:34:31Z,10,ballast-32.bin,536870912,447.970,
1789252471.849060,2026-09-12T22:34:31Z,10,ballast-4.bin,536870912,447.775,
1789252472.296905,2026-09-12T22:34:32Z,10,ballast-18.bin,536870912,447.624,
1789252472.744600,2026-09-12T22:34:32Z,10,ballast-21.bin,536870912,448.156,
1789252473.192827,2026-09-12T22:34:33Z,10,ballast-1.bin,536870912,456.551,
1789252473.649448,2026-09-12T22:34:33Z,10,ballast-40.bin,536870912,443.486,
1789252474.093002,2026-09-12T22:34:34Z,10,ballast-15.bin,536870912,527.028,
1789252474.620099,2026-09-12T22:34:34Z,10,ballast-24.bin,536870912,453.649,
1789252475.073824,2026-09-12T22:34:35Z,10,ballast-27.bin,536870912,445.755,
1789252475.519663,2026-09-12T22:34:35Z,10,ballast-26.bin,536870912,2072.344,
1789252477.592078,2026-09-12T22:34:37Z,10,ballast-19.bin,536870912,461.101,
1789252478.053271,2026-09-12T22:34:38Z,11,ballast-1.bin,536870912,476.136,
1789252478.529480,2026-09-12T22:34:38Z,11,ballast-10.bin,536870912,453.522,
1789252478.983078,2026-09-12T22:34:38Z,11,ballast-3.bin,536870912,453.197,
1789252479.436363,2026-09-12T22:34:39Z,11,ballast-21.bin,536870912,462.010,
1789252479.898449,2026-09-12T22:34:39Z,11,ballast-30.bin,536870912,460.592,
1789252480.359112,2026-09-12T22:34:40Z,11,ballast-14.bin,536870912,455.424,
1789252480.814604,2026-09-12T22:34:40Z,11,ballast-11.bin,536870912,454.687,
1789252481.269384,2026-09-12T22:34:41Z,11,ballast-15.bin,536870912,466.814,
1789252481.736272,2026-09-12T22:34:41Z,11,ballast-27.bin,536870912,456.977,
1789252482.193348,2026-09-12T22:34:42Z,11,ballast-40.bin,536870912,481.574,
1789252482.674991,2026-09-12T22:34:42Z,11,ballast-26.bin,536870912,590.190,
1789252483.265260,2026-09-12T22:34:43Z,11,ballast-39.bin,536870912,591.583,
1789252483.856916,2026-09-12T22:34:43Z,11,ballast-6.bin,536870912,620.578,
1789252484.477592,2026-09-12T22:34:44Z,11,ballast-2.bin,536870912,496.590,
1789252484.974261,2026-09-12T22:34:44Z,11,ballast-12.bin,536870912,446.484,
1789252485.420816,2026-09-12T22:34:45Z,11,ballast-8.bin,536870912,458.734,
1789252485.879622,2026-09-12T22:34:45Z,11,ballast-9.bin,536870912,503.276,
1789252486.382969,2026-09-12T22:34:46Z,11,ballast-25.bin,536870912,524.041,
1789252486.907084,2026-09-12T22:34:46Z,11,ballast-20.bin,536870912,516.567,
1789252487.423721,2026-09-12T22:34:47Z,11,ballast-18.bin,536870912,530.662,
1789252487.954452,2026-09-12T22:34:47Z,11,ballast-35.bin,536870912,535.468,
1789252488.489994,2026-09-12T22:34:48Z,11,ballast-36.bin,536870912,509.722,
1789252488.999787,2026-09-12T22:34:48Z,11,ballast-16.bin,536870912,495.305,
1789252489.495170,2026-09-12T22:34:49Z,11,ballast-4.bin,536870912,523.252,
1789252490.018494,2026-09-12T22:34:50Z,11,ballast-5.bin,536870912,531.984,
1789252490.550604,2026-09-12T22:34:50Z,11,ballast-19.bin,536870912,554.081,
1789252491.104755,2026-09-12T22:34:51Z,11,ballast-13.bin,536870912,550.055,
1789252491.654881,2026-09-12T22:34:51Z,11,ballast-28.bin,536870912,507.119,
1789252492.162069,2026-09-12T22:34:52Z,11,ballast-17.bin,536870912,531.409,
1789252492.693564,2026-09-12T22:34:52Z,11,ballast-22.bin,536870912,581.077,
1789252493.274719,2026-09-12T22:34:53Z,11,ballast-23.bin,536870912,555.327,
1789252493.830131,2026-09-12T22:34:53Z,11,ballast-7.bin,536870912,579.275,
1789252494.409496,2026-09-12T22:34:54Z,11,ballast-24.bin,536870912,598.481,
1789252495.008068,2026-09-12T22:34:55Z,11,ballast-29.bin,536870912,610.067,
1789252495.618208,2026-09-12T22:34:55Z,11,ballast-33.bin,536870912,559.031,
1789252496.177310,2026-09-12T22:34:56Z,11,ballast-37.bin,536870912,572.545,
1789252496.749932,2026-09-12T22:34:56Z,11,ballast-31.bin,536870912,567.277,
1789252497.317281,2026-09-12T22:34:57Z,11,ballast-38.bin,536870912,562.966,
1789252497.880363,2026-09-12T22:34:57Z,11,ballast-32.bin,536870912,606.090,
1789252498.486551,2026-09-12T22:34:58Z,11,ballast-34.bin,536870912,561.959,
1789252499.048604,2026-09-12T22:34:59Z,12,ballast-3.bin,536870912,553.188,
1789252499.601873,2026-09-12T22:34:59Z,12,ballast-40.bin,536870912,588.803,
1789252500.190750,2026-09-12T22:35:00Z,12,ballast-8.bin,536870912,571.324,
1789252500.762158,2026-09-12T22:35:00Z,12,ballast-18.bin,536870912,558.337,
1789252501.320569,2026-09-12T22:35:01Z,12,ballast-16.bin,536870912,531.855,
1789252501.852540,2026-09-12T22:35:01Z,12,ballast-22.bin,536870912,554.142,
1789252502.406773,2026-09-12T22:35:02Z,12,ballast-10.bin,536870912,562.369,
1789252502.969220,2026-09-12T22:35:02Z,12,ballast-12.bin,536870912,529.076,
1789252503.498399,2026-09-12T22:35:03Z,12,ballast-15.bin,536870912,544.724,
1789252504.043192,2026-09-12T22:35:04Z,12,ballast-14.bin,536870912,537.506,
1789252504.580770,2026-09-12T22:35:04Z,12,ballast-36.bin,536870912,563.407,
1789252505.144248,2026-09-12T22:35:05Z,12,ballast-24.bin,536870912,533.799,
1789252505.678118,2026-09-12T22:35:05Z,12,ballast-33.bin,536870912,523.639,
1789252506.201837,2026-09-12T22:35:06Z,12,ballast-19.bin,536870912,524.995,
1789252506.726907,2026-09-12T22:35:06Z,12,ballast-26.bin,536870912,509.173,
1789252507.236156,2026-09-12T22:35:07Z,12,ballast-17.bin,536870912,532.389,
1789252507.768633,2026-09-12T22:35:07Z,12,ballast-2.bin,536870912,545.809,
1789252508.314511,2026-09-12T22:35:08Z,12,ballast-4.bin,536870912,541.944,
1789252508.856531,2026-09-12T22:35:08Z,12,ballast-28.bin,536870912,563.079,
1789252509.419684,2026-09-12T22:35:09Z,12,ballast-27.bin,536870912,575.137,
1789252509.994901,2026-09-12T22:35:09Z,12,ballast-1.bin,536870912,553.533,
1789252510.548518,2026-09-12T22:35:10Z,12,ballast-25.bin,536870912,585.522,
1789252511.134118,2026-09-12T22:35:11Z,12,ballast-37.bin,536870912,554.906,
1789252511.689096,2026-09-12T22:35:11Z,12,ballast-23.bin,536870912,490.045,
1789252512.179219,2026-09-12T22:35:12Z,12,ballast-9.bin,536870912,522.493,
1789252512.701791,2026-09-12T22:35:12Z,12,ballast-32.bin,536870912,548.239,
1789252513.250109,2026-09-12T22:35:13Z,12,ballast-31.bin,536870912,532.190,
1789252513.782396,2026-09-12T22:35:13Z,12,ballast-11.bin,536870912,552.843,
1789252514.335337,2026-09-12T22:35:14Z,12,ballast-39.bin,536870912,544.481,
1789252514.879897,2026-09-12T22:35:14Z,12,ballast-20.bin,536870912,525.671,
1789252515.405642,2026-09-12T22:35:15Z,12,ballast-38.bin,536870912,524.437,
1789252515.930150,2026-09-12T22:35:15Z,12,ballast-13.bin,536870912,538.225,
1789252516.468453,2026-09-12T22:35:16Z,12,ballast-5.bin,536870912,543.149,
1789252517.011678,2026-09-12T22:35:17Z,12,ballast-6.bin,536870912,543.824,
1789252517.555583,2026-09-12T22:35:17Z,12,ballast-30.bin,536870912,537.632,
1789252518.093306,2026-09-12T22:35:18Z,12,ballast-35.bin,536870912,534.986,
1789252518.628420,2026-09-12T22:35:18Z,12,ballast-7.bin,536870912,495.439,
1789252519.123937,2026-09-12T22:35:19Z,12,ballast-34.bin,536870912,2845.565,
1789252521.969574,2026-09-12T22:35:21Z,12,ballast-29.bin,536870912,2427.514,
1789252524.397165,2026-09-12T22:35:24Z,12,ballast-21.bin,536870912,515.140,
1789252524.912453,2026-09-12T22:35:24Z,13,ballast-24.bin,536870912,515.419,
1789252525.427944,2026-09-12T22:35:25Z,13,ballast-12.bin,536870912,2840.629,
1789252528.268653,2026-09-12T22:35:28Z,13,ballast-25.bin,536870912,3288.269,
1789252531.557013,2026-09-12T22:35:31Z,13,ballast-37.bin,536870912,806.243,
1789252532.363346,2026-09-12T22:35:32Z,13,ballast-2.bin,536870912,3146.415,
1789252535.509834,2026-09-12T22:35:35Z,13,ballast-5.bin,536870912,3042.835,
1789252538.552758,2026-09-12T22:35:38Z,13,ballast-18.bin,536870912,3381.998,
1789252541.934834,2026-09-12T22:35:41Z,13,ballast-20.bin,536870912,503.532,
1789252542.438443,2026-09-12T22:35:42Z,13,ballast-23.bin,536870912,4018.277,
1789252546.456798,2026-09-12T22:35:46Z,13,ballast-27.bin,536870912,3059.783,
1789252549.516659,2026-09-12T22:35:49Z,13,ballast-4.bin,536870912,3248.275,
1789252552.765025,2026-09-12T22:35:52Z,13,ballast-1.bin,536870912,4079.829,
1789252556.844936,2026-09-12T22:35:56Z,13,ballast-15.bin,536870912,4347.859,
1789252561.192874,2026-09-12T22:36:01Z,13,ballast-7.bin,536870912,1680.082,
1789252562.873031,2026-09-12T22:36:02Z,13,ballast-3.bin,536870912,3850.710,
1789252566.723822,2026-09-12T22:36:06Z,13,ballast-6.bin,536870912,3909.762,
1789252570.633657,2026-09-12T22:36:10Z,13,ballast-35.bin,536870912,1268.682,
1789252571.902414,2026-09-12T22:36:11Z,13,ballast-8.bin,536870912,4204.120,
1789252576.106616,2026-09-12T22:36:16Z,13,ballast-32.bin,536870912,3560.413,
1789252579.667121,2026-09-12T22:36:19Z,13,ballast-36.bin,536870912,3922.855,
1789252583.590052,2026-09-12T22:36:23Z,13,ballast-38.bin,536870912,5263.952,
1789252588.854080,2026-09-12T22:36:28Z,13,ballast-22.bin,536870912,4527.664,
1789252593.381821,2026-09-12T22:36:33Z,13,ballast-26.bin,536870912,4316.291,
1789252597.698187,2026-09-12T22:36:37Z,13,ballast-34.bin,536870912,473.399,
1789252598.171658,2026-09-12T22:36:38Z,13,ballast-31.bin,536870912,4372.390,
1789252602.544137,2026-09-12T22:36:42Z,13,ballast-9.bin,536870912,5644.372,
1789252608.188641,2026-09-12T22:36:48Z,13,ballast-30.bin,536870912,3621.390,
1789252611.810156,2026-09-12T22:36:51Z,13,ballast-11.bin,536870912,3798.090,
1789252615.608351,2026-09-12T22:36:55Z,13,ballast-28.bin,536870912,6391.688,
1789252622.000108,2026-09-12T22:37:02Z,13,ballast-17.bin,536870912,5307.300,
1789252627.307479,2026-09-12T22:37:07Z,13,ballast-14.bin,536870912,4359.003,
1789252631.666603,2026-09-12T22:37:11Z,13,ballast-33.bin,536870912,4154.332,
1789252635.821052,2026-09-12T22:37:15Z,13,ballast-29.bin,536870912,1181.872,
1789252637.002996,2026-09-12T22:37:17Z,13,ballast-13.bin,536870912,4374.349,
1789252641.377438,2026-09-12T22:37:21Z,13,ballast-10.bin,536870912,4169.542,
1789252645.547088,2026-09-12T22:37:25Z,13,ballast-16.bin,536870912,4260.352,
1789252649.807515,2026-09-12T22:37:29Z,13,ballast-21.bin,536870912,1047.571,
1789252650.855176,2026-09-12T22:37:30Z,13,ballast-40.bin,536870912,3977.722,
1789252654.832976,2026-09-12T22:37:34Z,13,ballast-39.bin,536870912,4043.293,
1789252658.876375,2026-09-12T22:37:38Z,13,ballast-19.bin,536870912,4021.695,
1789252662.898574,2026-09-12T22:37:42Z,14,ballast-19.bin,536870912,295.543,
1789252663.194209,2026-09-12T22:37:43Z,14,ballast-18.bin,536870912,4072.596,
1789252667.266887,2026-09-12T22:37:47Z,14,ballast-13.bin,536870912,3500.121,
1789252670.767080,2026-09-12T22:37:50Z,14,ballast-29.bin,536870912,736.028,
1789252671.503182,2026-09-12T22:37:51Z,14,ballast-20.bin,536870912,3998.930,
1789252675.502206,2026-09-12T22:37:55Z,14,ballast-31.bin,536870912,4188.175,
1789252679.690462,2026-09-12T22:37:59Z,14,ballast-4.bin,536870912,4039.910,
1789252683.730453,2026-09-12T22:38:03Z,14,ballast-2.bin,536870912,4018.181,
1789252687.748711,2026-09-12T22:38:07Z,14,ballast-35.bin,536870912,4112.591,
1789252691.861397,2026-09-12T22:38:11Z,14,ballast-12.bin,536870912,4437.989,
1789252696.299454,2026-09-12T22:38:16Z,14,ballast-9.bin,536870912,4312.785,
1789252700.612340,2026-09-12T22:38:20Z,14,ballast-22.bin,536870912,4402.184,
1789252705.014601,2026-09-12T22:38:25Z,14,ballast-14.bin,536870912,4348.374,
1789252709.363064,2026-09-12T22:38:29Z,14,ballast-7.bin,536870912,4328.829,
1789252713.691967,2026-09-12T22:38:33Z,14,ballast-21.bin,536870912,4300.531,
1789252717.992574,2026-09-12T22:38:37Z,14,ballast-40.bin,536870912,5060.773,
1789252723.053420,2026-09-12T22:38:43Z,14,ballast-6.bin,536870912,5428.058,
1789252728.481560,2026-09-12T22:38:48Z,14,ballast-28.bin,536870912,4728.847,
1789252733.210480,2026-09-12T22:38:53Z,14,ballast-1.bin,536870912,4302.652,
1789252737.513211,2026-09-12T22:38:57Z,14,ballast-27.bin,536870912,4235.732,
1789252741.749024,2026-09-12T22:39:01Z,14,ballast-3.bin,536870912,4133.202,
1789252745.882304,2026-09-12T22:39:05Z,14,ballast-15.bin,536870912,4478.547,
1789252750.360936,2026-09-12T22:39:10Z,14,ballast-24.bin,536870912,4499.267,
1789252754.860284,2026-09-12T22:39:14Z,14,ballast-30.bin,536870912,5894.788,
1789252760.755144,2026-09-12T22:39:20Z,14,ballast-11.bin,536870912,4636.012,
1789252765.391232,2026-09-12T22:39:25Z,14,ballast-17.bin,536870912,4238.176,
1789252769.629482,2026-09-12T22:39:29Z,14,ballast-10.bin,536870912,3867.504,
1789252773.497066,2026-09-12T22:39:33Z,14,ballast-23.bin,536870912,4657.681,
1789252778.154847,2026-09-12T22:39:38Z,14,ballast-8.bin,536870912,4589.790,
1789252782.744733,2026-09-12T22:39:42Z,14,ballast-39.bin,536870912,4211.379,
1789252786.956191,2026-09-12T22:39:46Z,14,ballast-33.bin,536870912,3921.539,
1789252790.877802,2026-09-12T22:39:50Z,14,ballast-34.bin,536870912,4142.887,
1789252795.020776,2026-09-12T22:39:55Z,14,ballast-32.bin,536870912,4160.594,
1789252799.181446,2026-09-12T22:39:59Z,14,ballast-25.bin,536870912,3938.909,
1789252803.120444,2026-09-12T22:40:03Z,14,ballast-16.bin,536870912,4622.928,
1789252807.743450,2026-09-12T22:40:07Z,14,ballast-37.bin,536870912,3817.286,
1789252811.560811,2026-09-12T22:40:11Z,14,ballast-38.bin,536870912,4141.648,
1789252815.702531,2026-09-12T22:40:15Z,14,ballast-5.bin,536870912,4185.609,
1789252819.888209,2026-09-12T22:40:19Z,14,ballast-26.bin,536870912,4160.369,
1789252824.048670,2026-09-12T22:40:24Z,14,ballast-36.bin,536870912,5280.312,
1789252829.329079,2026-09-12T22:40:29Z,15,ballast-30.bin,536870912,4148.322,
1789252833.477479,2026-09-12T22:40:33Z,15,ballast-19.bin,536870912,4166.096,
1789252837.643646,2026-09-12T22:40:37Z,15,ballast-4.bin,536870912,4107.535,
1789252841.751252,2026-09-12T22:40:41Z,15,ballast-14.bin,536870912,4047.679,
1789252845.799011,2026-09-12T22:40:45Z,15,ballast-22.bin,536870912,4018.943,
1789252849.818041,2026-09-12T22:40:49Z,15,ballast-8.bin,536870912,1800.589,
1789252851.618698,2026-09-12T22:40:51Z,15,ballast-2.bin,536870912,4380.700,
1789252855.999468,2026-09-12T22:40:55Z,15,ballast-34.bin,536870912,507.420,
1789252856.506979,2026-09-12T22:40:56Z,15,ballast-24.bin,536870912,4422.299,
1789252860.929378,2026-09-12T22:41:00Z,15,ballast-1.bin,536870912,4347.503,
1789252865.276952,2026-09-12T22:41:05Z,15,ballast-32.bin,536870912,555.116,
1789252865.832155,2026-09-12T22:41:05Z,15,ballast-10.bin,536870912,2673.829,
1789252868.506063,2026-09-12T22:41:08Z,15,ballast-37.bin,536870912,545.791,
1789252869.051926,2026-09-12T22:41:09Z,15,ballast-12.bin,536870912,4262.921,
1789252873.314927,2026-09-12T22:41:13Z,15,ballast-6.bin,536870912,4079.751,
1789252877.394747,2026-09-12T22:41:17Z,15,ballast-20.bin,536870912,4117.291,
1789252881.512116,2026-09-12T22:41:21Z,15,ballast-23.bin,536870912,3729.519,
1789252885.241715,2026-09-12T22:41:25Z,15,ballast-17.bin,536870912,4437.165,
1789252889.678959,2026-09-12T22:41:29Z,15,ballast-40.bin,536870912,3656.285,
1789252893.335340,2026-09-12T22:41:33Z,15,ballast-26.bin,536870912,521.541,
1789252893.856960,2026-09-12T22:41:33Z,15,ballast-7.bin,536870912,4303.221,
1789252898.160268,2026-09-12T22:41:38Z,15,ballast-13.bin,536870912,4269.172,
1789252902.429516,2026-09-12T22:41:42Z,15,ballast-28.bin,536870912,4220.518,
1789252906.650107,2026-09-12T22:41:46Z,15,ballast-33.bin,536870912,1019.933,
1789252907.670116,2026-09-12T22:41:47Z,15,ballast-39.bin,536870912,2475.341,
1789252910.145529,2026-09-12T22:41:50Z,15,ballast-38.bin,536870912,504.088,
1789252910.649694,2026-09-12T22:41:50Z,15,ballast-36.bin,536870912,510.403,
1789252911.160169,2026-09-12T22:41:51Z,15,ballast-27.bin,536870912,4203.974,
1789252915.364227,2026-09-12T22:41:55Z,15,ballast-9.bin,536870912,4605.445,
1789252919.969750,2026-09-12T22:41:59Z,15,ballast-3.bin,536870912,5304.223,
1789252925.274051,2026-09-12T22:42:05Z,15,ballast-25.bin,536870912,516.914,
1789252925.791035,2026-09-12T22:42:05Z,15,ballast-16.bin,536870912,501.409,
1789252926.292517,2026-09-12T22:42:06Z,15,ballast-35.bin,536870912,4295.345,
1789252930.587956,2026-09-12T22:42:10Z,15,ballast-15.bin,536870912,4283.405,
1789252934.871434,2026-09-12T22:42:14Z,15,ballast-29.bin,536870912,4195.483,
1789252939.067008,2026-09-12T22:42:19Z,15,ballast-5.bin,536870912,529.717,
1789252939.596795,2026-09-12T22:42:19Z,15,ballast-11.bin,536870912,4280.946,
1789252943.877828,2026-09-12T22:42:23Z,15,ballast-21.bin,536870912,4612.187,
1789252948.490093,2026-09-12T22:42:28Z,15,ballast-18.bin,536870912,4311.546,
1789252952.801710,2026-09-12T22:42:32Z,15,ballast-31.bin,536870912,4258.313,
1789252957.060142,2026-09-12T22:42:37Z,16,ballast-2.bin,536870912,1040.026,
1789252958.100243,2026-09-12T22:42:38Z,16,ballast-3.bin,536870912,500.700,
1789252958.601022,2026-09-12T22:42:38Z,16,ballast-5.bin,536870912,508.902,
1789252959.109993,2026-09-12T22:42:39Z,16,ballast-6.bin,536870912,564.625,
1789252959.674697,2026-09-12T22:42:39Z,16,ballast-8.bin,536870912,1044.793,
1789252960.719580,2026-09-12T22:42:40Z,16,ballast-33.bin,536870912,762.808,
1789252961.482466,2026-09-12T22:42:41Z,16,ballast-9.bin,536870912,521.693,
1789252962.004242,2026-09-12T22:42:42Z,16,ballast-21.bin,536870912,530.405,
1789252962.534747,2026-09-12T22:42:42Z,16,ballast-12.bin,536870912,525.280,
1789252963.060121,2026-09-12T22:42:43Z,16,ballast-11.bin,536870912,510.953,
1789252963.571146,2026-09-12T22:42:43Z,16,ballast-7.bin,536870912,497.215,
1789252964.068435,2026-09-12T22:42:44Z,16,ballast-17.bin,536870912,517.718,
1789252964.586224,2026-09-12T22:42:44Z,16,ballast-13.bin,536870912,507.532,
1789252965.093847,2026-09-12T22:42:45Z,16,ballast-14.bin,536870912,1068.840,
1789252966.162760,2026-09-12T22:42:46Z,16,ballast-18.bin,536870912,501.336,
1789252966.664170,2026-09-12T22:42:46Z,16,ballast-15.bin,536870912,500.690,
1789252967.164948,2026-09-12T22:42:47Z,16,ballast-4.bin,536870912,1129.646,
1789252968.294667,2026-09-12T22:42:48Z,16,ballast-23.bin,536870912,531.862,
1789252968.826612,2026-09-12T22:42:48Z,16,ballast-20.bin,536870912,448.823,
1789252969.275505,2026-09-12T22:42:49Z,16,ballast-38.bin,536870912,499.087,
1789252969.774667,2026-09-12T22:42:49Z,16,ballast-34.bin,536870912,1081.590,
1789252970.856352,2026-09-12T22:42:50Z,16,ballast-26.bin,536870912,4870.753,
1789252975.727175,2026-09-12T22:42:55Z,16,ballast-10.bin,536870912,643.085,
1789252976.370358,2026-09-12T22:42:56Z,16,ballast-35.bin,536870912,546.636,
1789252976.917086,2026-09-12T22:42:56Z,16,ballast-36.bin,536870912,540.164,
1789252977.457348,2026-09-12T22:42:57Z,16,ballast-24.bin,536870912,1070.876,
1789252978.528307,2026-09-12T22:42:58Z,16,ballast-40.bin,536870912,536.407,
1789252979.064807,2026-09-12T22:42:59Z,16,ballast-30.bin,536870912,4621.658,
1789252983.686558,2026-09-12T22:43:03Z,16,ballast-31.bin,536870912,527.949,
1789252984.214589,2026-09-12T22:43:04Z,16,ballast-19.bin,536870912,4127.323,
1789252988.342002,2026-09-12T22:43:08Z,16,ballast-25.bin,536870912,508.600,
1789252988.850684,2026-09-12T22:43:08Z,16,ballast-39.bin,536870912,1277.404,
1789252990.128165,2026-09-12T22:43:10Z,16,ballast-22.bin,536870912,1086.685,
1789252991.214942,2026-09-12T22:43:11Z,16,ballast-37.bin,536870912,2972.320,
1789252994.187349,2026-09-12T22:43:14Z,16,ballast-32.bin,536870912,1021.755,
1789252995.209174,2026-09-12T22:43:15Z,16,ballast-28.bin,536870912,455.039,
1789252995.664285,2026-09-12T22:43:15Z,16,ballast-27.bin,536870912,480.730,
1789252996.145084,2026-09-12T22:43:16Z,16,ballast-1.bin,536870912,1017.704,
1789252997.162863,2026-09-12T22:43:17Z,16,ballast-16.bin,536870912,497.545,
1789252997.660480,2026-09-12T22:43:17Z,16,ballast-29.bin,536870912,481.072,
1789252998.141654,2026-09-12T22:43:18Z,17,ballast-19.bin,536870912,1086.085,
1789252999.227837,2026-09-12T22:43:19Z,17,ballast-23.bin,536870912,463.576,
1789252999.691511,2026-09-12T22:43:19Z,17,ballast-37.bin,536870912,503.995,
1789253000.195584,2026-09-12T22:43:20Z,17,ballast-7.bin,536870912,485.775,
1789253000.681430,2026-09-12T22:43:20Z,17,ballast-6.bin,536870912,511.628,
1789253001.193125,2026-09-12T22:43:21Z,17,ballast-13.bin,536870912,490.692,
1789253001.683895,2026-09-12T22:43:21Z,17,ballast-20.bin,536870912,465.109,
1789253002.149074,2026-09-12T22:43:22Z,17,ballast-31.bin,536870912,502.953,
1789253002.652099,2026-09-12T22:43:22Z,17,ballast-29.bin,536870912,521.540,
1789253003.173726,2026-09-12T22:43:23Z,17,ballast-26.bin,536870912,530.544,
1789253003.704391,2026-09-12T22:43:23Z,17,ballast-8.bin,536870912,2105.958,
1789253005.810418,2026-09-12T22:43:25Z,17,ballast-18.bin,536870912,460.957,
1789253006.271447,2026-09-12T22:43:26Z,17,ballast-4.bin,536870912,1487.979,
1789253007.759516,2026-09-12T22:43:27Z,17,ballast-32.bin,536870912,445.613,
1789253008.205206,2026-09-12T22:43:28Z,17,ballast-36.bin,536870912,510.243,
1789253008.715537,2026-09-12T22:43:28Z,17,ballast-10.bin,536870912,508.330,
1789253009.223932,2026-09-12T22:43:29Z,17,ballast-21.bin,536870912,516.531,
1789253009.740538,2026-09-12T22:43:29Z,17,ballast-16.bin,536870912,507.104,
1789253010.247719,2026-09-12T22:43:30Z,17,ballast-14.bin,536870912,3495.909,
1789253013.743701,2026-09-12T22:43:33Z,17,ballast-38.bin,536870912,506.267,
1789253014.250050,2026-09-12T22:43:34Z,17,ballast-27.bin,536870912,519.778,
1789253014.769900,2026-09-12T22:43:34Z,17,ballast-34.bin,536870912,2114.592,
1789253016.884567,2026-09-12T22:43:36Z,17,ballast-30.bin,536870912,535.954,
1789253017.420599,2026-09-12T22:43:37Z,17,ballast-2.bin,536870912,532.319,
1789253017.952990,2026-09-12T22:43:37Z,17,ballast-28.bin,536870912,541.794,
1789253018.494859,2026-09-12T22:43:38Z,17,ballast-12.bin,536870912,2034.109,
1789253020.529050,2026-09-12T22:43:40Z,17,ballast-1.bin,536870912,3511.783,
1789253024.040924,2026-09-12T22:43:44Z,17,ballast-17.bin,536870912,558.605,
1789253024.599610,2026-09-12T22:43:44Z,17,ballast-22.bin,536870912,2188.820,
1789253026.788517,2026-09-12T22:43:46Z,17,ballast-9.bin,536870912,540.084,
1789253027.328671,2026-09-12T22:43:47Z,17,ballast-35.bin,536870912,535.562,
1789253027.864303,2026-09-12T22:43:47Z,17,ballast-3.bin,536870912,534.226,
1789253028.398620,2026-09-12T22:43:48Z,17,ballast-25.bin,536870912,521.301,
1789253028.919994,2026-09-12T22:43:48Z,17,ballast-33.bin,536870912,544.193,
1789253029.464262,2026-09-12T22:43:49Z,17,ballast-39.bin,536870912,511.303,
1789253029.975637,2026-09-12T22:43:49Z,17,ballast-15.bin,536870912,511.274,
1789253030.486994,2026-09-12T22:43:50Z,17,ballast-11.bin,536870912,524.361,
1789253031.011427,2026-09-12T22:43:51Z,17,ballast-24.bin,536870912,3846.876,
1789253034.858423,2026-09-12T22:43:54Z,17,ballast-5.bin,536870912,561.673,
1789253035.420167,2026-09-12T22:43:55Z,17,ballast-40.bin,536870912,527.137,
1789253035.947419,2026-09-12T22:43:55Z,18,ballast-13.bin,536870912,1293.647,
1789253037.241143,2026-09-12T22:43:57Z,18,ballast-26.bin,536870912,484.219,
1789253037.725454,2026-09-12T22:43:57Z,18,ballast-17.bin,536870912,493.571,
1789253038.219107,2026-09-12T22:43:58Z,18,ballast-40.bin,536870912,506.263,
1789253038.725439,2026-09-12T22:43:58Z,18,ballast-18.bin,536870912,515.663,
1789253039.241176,2026-09-12T22:43:59Z,18,ballast-2.bin,536870912,552.200,
1789253039.793450,2026-09-12T22:43:59Z,18,ballast-5.bin,536870912,495.124,
1789253040.288645,2026-09-12T22:44:00Z,18,ballast-8.bin,536870912,504.378,
1789253040.793094,2026-09-12T22:44:00Z,18,ballast-7.bin,536870912,1104.141,
1789253041.897339,2026-09-12T22:44:01Z,18,ballast-25.bin,536870912,525.457,
1789253042.422864,2026-09-12T22:44:02Z,18,ballast-15.bin,536870912,518.332,
1789253042.941268,2026-09-12T22:44:02Z,18,ballast-33.bin,536870912,510.244,
1789253043.451596,2026-09-12T22:44:03Z,18,ballast-9.bin,536870912,521.257,
1789253043.972931,2026-09-12T22:44:03Z,18,ballast-23.bin,536870912,1131.926,
1789253045.104938,2026-09-12T22:44:05Z,18,ballast-36.bin,536870912,3632.692,
1789253048.737725,2026-09-12T22:44:08Z,18,ballast-22.bin,536870912,533.707,
1789253049.271507,2026-09-12T22:44:09Z,18,ballast-32.bin,536870912,1067.673,
1789253050.339262,2026-09-12T22:44:10Z,18,ballast-4.bin,536870912,531.646,
1789253050.871003,2026-09-12T22:44:10Z,18,ballast-30.bin,536870912,513.070,
1789253051.384149,2026-09-12T22:44:11Z,18,ballast-11.bin,536870912,513.602,
1789253051.897825,2026-09-12T22:44:11Z,18,ballast-29.bin,536870912,505.878,
1789253052.403774,2026-09-12T22:44:12Z,18,ballast-28.bin,536870912,673.648,
1789253053.077495,2026-09-12T22:44:13Z,18,ballast-6.bin,536870912,2479.561,
1789253055.557127,2026-09-12T22:44:15Z,18,ballast-38.bin,536870912,736.333,
1789253056.293538,2026-09-12T22:44:16Z,18,ballast-37.bin,536870912,710.813,
1789253057.004426,2026-09-12T22:44:17Z,18,ballast-16.bin,536870912,1673.396,
1789253058.677896,2026-09-12T22:44:18Z,18,ballast-39.bin,536870912,3836.230,
1789253062.514218,2026-09-12T22:44:22Z,18,ballast-24.bin,536870912,545.737,
1789253063.060028,2026-09-12T22:44:23Z,18,ballast-31.bin,536870912,538.659,
1789253063.598757,2026-09-12T22:44:23Z,18,ballast-10.bin,536870912,514.843,
1789253064.113678,2026-09-12T22:44:24Z,18,ballast-35.bin,536870912,533.230,
1789253064.646984,2026-09-12T22:44:24Z,18,ballast-3.bin,536870912,526.411,
1789253065.173469,2026-09-12T22:44:25Z,18,ballast-12.bin,536870912,498.464,
1789253065.672121,2026-09-12T22:44:25Z,18,ballast-14.bin,536870912,527.647,
1789253066.199845,2026-09-12T22:44:26Z,18,ballast-21.bin,536870912,498.514,
1789253066.698432,2026-09-12T22:44:26Z,18,ballast-19.bin,536870912,573.017,
1789253067.271530,2026-09-12T22:44:27Z,18,ballast-1.bin,536870912,531.621,
1789253067.803231,2026-09-12T22:44:27Z,18,ballast-34.bin,536870912,518.702,
1789253068.322004,2026-09-12T22:44:28Z,18,ballast-20.bin,536870912,1077.995,
1789253069.400196,2026-09-12T22:44:29Z,18,ballast-27.bin,536870912,940.419,
1789253070.340721,2026-09-12T22:44:30Z,19,ballast-40.bin,536870912,515.124,
1789253070.855923,2026-09-12T22:44:30Z,19,ballast-33.bin,536870912,485.080,
1789253071.341079,2026-09-12T22:44:31Z,19,ballast-24.bin,536870912,528.618,
1789253071.869770,2026-09-12T22:44:31Z,19,ballast-22.bin,536870912,526.213,
1789253072.396074,2026-09-12T22:44:32Z,19,ballast-37.bin,536870912,500.200,
1789253072.896364,2026-09-12T22:44:32Z,19,ballast-18.bin,536870912,515.746,
1789253073.412180,2026-09-12T22:44:33Z,19,ballast-29.bin,536870912,751.683,
1789253074.163934,2026-09-12T22:44:34Z,19,ballast-19.bin,536870912,545.510,
1789253074.709517,2026-09-12T22:44:34Z,19,ballast-25.bin,536870912,1506.362,
1789253076.215955,2026-09-12T22:44:36Z,19,ballast-8.bin,536870912,524.378,
1789253076.740421,2026-09-12T22:44:36Z,19,ballast-2.bin,536870912,548.969,
1789253077.289462,2026-09-12T22:44:37Z,19,ballast-4.bin,536870912,523.815,
1789253077.813365,2026-09-12T22:44:37Z,19,ballast-14.bin,536870912,521.088,
1789253078.334544,2026-09-12T22:44:38Z,19,ballast-10.bin,536870912,530.579,
1789253078.865196,2026-09-12T22:44:38Z,19,ballast-30.bin,536870912,518.656,
1789253079.383939,2026-09-12T22:44:39Z,19,ballast-12.bin,536870912,532.602,
1789253079.916611,2026-09-12T22:44:39Z,19,ballast-1.bin,536870912,498.171,
1789253080.414876,2026-09-12T22:44:40Z,19,ballast-15.bin,536870912,1438.808,
1789253081.853754,2026-09-12T22:44:41Z,19,ballast-31.bin,536870912,553.049,
1789253082.406879,2026-09-12T22:44:42Z,19,ballast-27.bin,536870912,507.306,
1789253082.914261,2026-09-12T22:44:42Z,19,ballast-9.bin,536870912,519.089,
1789253083.433430,2026-09-12T22:44:43Z,19,ballast-16.bin,536870912,507.119,
1789253083.940644,2026-09-12T22:44:43Z,19,ballast-20.bin,536870912,525.026,
1789253084.465741,2026-09-12T22:44:44Z,19,ballast-11.bin,536870912,551.157,
1789253085.016992,2026-09-12T22:44:45Z,19,ballast-36.bin,536870912,529.382,
1789253085.546472,2026-09-12T22:44:45Z,19,ballast-28.bin,536870912,532.250,
1789253086.078809,2026-09-12T22:44:46Z,19,ballast-3.bin,536870912,538.078,
1789253086.616957,2026-09-12T22:44:46Z,19,ballast-32.bin,536870912,505.574,
1789253087.122605,2026-09-12T22:44:47Z,19,ballast-5.bin,536870912,797.083,
1789253087.919763,2026-09-12T22:44:47Z,19,ballast-17.bin,536870912,546.949,
1789253088.466788,2026-09-12T22:44:48Z,19,ballast-23.bin,536870912,581.306,
1789253089.048172,2026-09-12T22:44:49Z,19,ballast-21.bin,536870912,572.890,
1789253089.621162,2026-09-12T22:44:49Z,19,ballast-6.bin,536870912,1024.400,
1789253090.645638,2026-09-12T22:44:50Z,19,ballast-26.bin,536870912,554.860,
1789253091.200592,2026-09-12T22:44:51Z,19,ballast-7.bin,536870912,558.302,
1789253091.758965,2026-09-12T22:44:51Z,19,ballast-39.bin,536870912,534.050,
1789253092.293088,2026-09-12T22:44:52Z,19,ballast-13.bin,536870912,574.101,
1789253092.867277,2026-09-12T22:44:52Z,19,ballast-35.bin,536870912,513.171,
1789253093.380526,2026-09-12T22:44:53Z,19,ballast-34.bin,536870912,524.096,
1789253093.904698,2026-09-12T22:44:53Z,19,ballast-38.bin,536870912,539.702,
1789253094.444707,2026-09-12T22:44:54Z,20,ballast-33.bin,536870912,512.669,
1789253094.957453,2026-09-12T22:44:54Z,20,ballast-17.bin,536870912,520.535,
1789253095.478065,2026-09-12T22:44:55Z,20,ballast-5.bin,536870912,525.084,
1789253096.003222,2026-09-12T22:44:56Z,20,ballast-21.bin,536870912,503.942,
1789253096.507237,2026-09-12T22:44:56Z,20,ballast-9.bin,536870912,1859.551,
1789253098.366858,2026-09-12T22:44:58Z,20,ballast-19.bin,536870912,510.070,
1789253098.876999,2026-09-12T22:44:58Z,20,ballast-8.bin,536870912,511.142,
1789253099.388209,2026-09-12T22:44:59Z,20,ballast-31.bin,536870912,511.005,
1789253099.899287,2026-09-12T22:44:59Z,20,ballast-32.bin,536870912,535.819,
1789253100.435178,2026-09-12T22:45:00Z,20,ballast-40.bin,536870912,515.739,
1789253100.950988,2026-09-12T22:45:00Z,20,ballast-24.bin,536870912,513.635,
1789253101.464691,2026-09-12T22:45:01Z,20,ballast-11.bin,536870912,587.425,
1789253102.052206,2026-09-12T22:45:02Z,20,ballast-38.bin,536870912,572.966,
1789253102.625242,2026-09-12T22:45:02Z,20,ballast-2.bin,536870912,733.509,
1789253103.358828,2026-09-12T22:45:03Z,20,ballast-4.bin,536870912,541.317,
1789253103.900217,2026-09-12T22:45:03Z,20,ballast-27.bin,536870912,532.742,
1789253104.433043,2026-09-12T22:45:04Z,20,ballast-15.bin,536870912,559.872,
1789253104.992987,2026-09-12T22:45:04Z,20,ballast-13.bin,536870912,500.319,
1789253105.493422,2026-09-12T22:45:05Z,20,ballast-26.bin,536870912,507.167,
1789253106.000663,2026-09-12T22:45:06Z,20,ballast-36.bin,536870912,526.320,
1789253106.527055,2026-09-12T22:45:06Z,20,ballast-23.bin,536870912,550.971,
1789253107.078099,2026-09-12T22:45:07Z,20,ballast-12.bin,536870912,522.305,
1789253107.600488,2026-09-12T22:45:07Z,20,ballast-20.bin,536870912,628.580,
1789253108.229141,2026-09-12T22:45:08Z,20,ballast-18.bin,536870912,1009.807,
1789253109.239025,2026-09-12T22:45:09Z,20,ballast-30.bin,536870912,550.967,
1789253109.790070,2026-09-12T22:45:09Z,20,ballast-29.bin,536870912,517.318,
1789253110.307458,2026-09-12T22:45:10Z,20,ballast-28.bin,536870912,535.439,
1789253110.842987,2026-09-12T22:45:10Z,20,ballast-3.bin,536870912,559.733,
1789253111.402793,2026-09-12T22:45:11Z,20,ballast-1.bin,536870912,766.046,
1789253112.168912,2026-09-12T22:45:12Z,20,ballast-10.bin,536870912,524.290,
1789253112.693277,2026-09-12T22:45:12Z,20,ballast-25.bin,536870912,532.509,
1789253113.225863,2026-09-12T22:45:13Z,20,ballast-7.bin,536870912,531.347,
1789253113.757292,2026-09-12T22:45:13Z,20,ballast-16.bin,536870912,547.477,
1789253114.304937,2026-09-12T22:45:14Z,20,ballast-34.bin,536870912,510.867,
1789253114.815878,2026-09-12T22:45:14Z,20,ballast-6.bin,536870912,537.402,
1789253115.353389,2026-09-12T22:45:15Z,20,ballast-14.bin,536870912,678.990,
1789253116.032457,2026-09-12T22:45:16Z,20,ballast-39.bin,536870912,552.467,
1789253116.585001,2026-09-12T22:45:16Z,20,ballast-35.bin,536870912,821.698,
1789253117.406810,2026-09-12T22:45:17Z,20,ballast-22.bin,536870912,2668.636,
1789253120.075545,2026-09-12T22:45:20Z,20,ballast-37.bin,536870912,816.898,
1789253120.892538,2026-09-12T22:45:20Z,21,ballast-40.bin,536870912,528.692,
1789253121.421306,2026-09-12T22:45:21Z,21,ballast-2.bin,536870912,510.665,
1789253121.932045,2026-09-12T22:45:21Z,21,ballast-39.bin,536870912,521.013,
1789253122.453128,2026-09-12T22:45:22Z,21,ballast-10.bin,536870912,510.484,
1789253122.963685,2026-09-12T22:45:22Z,21,ballast-37.bin,536870912,787.873,
1789253123.751628,2026-09-12T22:45:23Z,21,ballast-5.bin,536870912,525.649,
1789253124.277384,2026-09-12T22:45:24Z,21,ballast-19.bin,536870912,533.908,
1789253124.811380,2026-09-12T22:45:24Z,21,ballast-16.bin,536870912,525.381,
1789253125.336834,2026-09-12T22:45:25Z,21,ballast-13.bin,536870912,1268.923,
1789253126.605849,2026-09-12T22:45:26Z,21,ballast-15.bin,536870912,501.040,
1789253127.106962,2026-09-12T22:45:27Z,21,ballast-29.bin,536870912,495.455,
1789253127.602491,2026-09-12T22:45:27Z,21,ballast-24.bin,536870912,504.148,
1789253128.106710,2026-09-12T22:45:28Z,21,ballast-31.bin,536870912,516.310,
1789253128.623098,2026-09-12T22:45:28Z,21,ballast-21.bin,536870912,501.872,
1789253129.125057,2026-09-12T22:45:29Z,21,ballast-30.bin,536870912,568.584,
1789253129.693715,2026-09-12T22:45:29Z,21,ballast-27.bin,536870912,1068.370,
1789253130.762166,2026-09-12T22:45:30Z,21,ballast-8.bin,536870912,530.210,
1789253131.292447,2026-09-12T22:45:31Z,21,ballast-6.bin,536870912,501.346,
1789253131.793866,2026-09-12T22:45:31Z,21,ballast-36.bin,536870912,546.284,
1789253132.340226,2026-09-12T22:45:32Z,21,ballast-38.bin,536870912,536.858,
1789253132.877156,2026-09-12T22:45:32Z,21,ballast-35.bin,536870912,510.331,
1789253133.387567,2026-09-12T22:45:33Z,21,ballast-28.bin,536870912,2701.936,
1789253136.089575,2026-09-12T22:45:36Z,21,ballast-1.bin,536870912,724.573,
1789253136.814221,2026-09-12T22:45:36Z,21,ballast-12.bin,536870912,1852.945,
1789253138.667237,2026-09-12T22:45:38Z,21,ballast-33.bin,536870912,519.918,
1789253139.187224,2026-09-12T22:45:39Z,21,ballast-14.bin,536870912,953.382,
1789253140.140679,2026-09-12T22:45:40Z,21,ballast-25.bin,536870912,606.113,
1789253140.746869,2026-09-12T22:45:40Z,21,ballast-26.bin,536870912,1055.351,
1789253141.802298,2026-09-12T22:45:41Z,21,ballast-17.bin,536870912,517.006,
1789253142.319392,2026-09-12T22:45:42Z,21,ballast-34.bin,536870912,546.262,
1789253142.865726,2026-09-12T22:45:42Z,21,ballast-20.bin,536870912,899.170,
1789253143.764966,2026-09-12T22:45:43Z,21,ballast-32.bin,536870912,1326.923,
1789253145.091963,2026-09-12T22:45:45Z,21,ballast-22.bin,536870912,672.995,
1789253145.765037,2026-09-12T22:45:45Z,21,ballast-3.bin,536870912,563.481,
1789253146.328588,2026-09-12T22:45:46Z,21,ballast-11.bin,536870912,502.864,
1789253146.831534,2026-09-12T22:45:46Z,21,ballast-18.bin,536870912,1019.220,
1789253147.850835,2026-09-12T22:45:47Z,21,ballast-4.bin,536870912,509.257,
1789253148.360187,2026-09-12T22:45:48Z,21,ballast-7.bin,536870912,500.983,
1789253148.861251,2026-09-12T22:45:48Z,21,ballast-9.bin,536870912,517.682,
1789253149.379005,2026-09-12T22:45:49Z,21,ballast-23.bin,536870912,533.981,
1789253149.913096,2026-09-12T22:45:49Z,22,ballast-26.bin,536870912,678.163,
1789253150.591370,2026-09-12T22:45:50Z,22,ballast-28.bin,536870912,513.413,
1789253151.104863,2026-09-12T22:45:51Z,22,ballast-18.bin,536870912,528.047,
1789253151.632981,2026-09-12T22:45:51Z,22,ballast-3.bin,536870912,526.073,
1789253152.159126,2026-09-12T22:45:52Z,22,ballast-30.bin,536870912,552.673,
1789253152.711874,2026-09-12T22:45:52Z,22,ballast-13.bin,536870912,912.369,
1789253153.624351,2026-09-12T22:45:53Z,22,ballast-27.bin,536870912,524.310,
1789253154.148732,2026-09-12T22:45:54Z,22,ballast-6.bin,536870912,525.916,
1789253154.674721,2026-09-12T22:45:54Z,22,ballast-38.bin,536870912,518.662,
1789253155.193475,2026-09-12T22:45:55Z,22,ballast-34.bin,536870912,520.310,
1789253155.713861,2026-09-12T22:45:55Z,22,ballast-32.bin,536870912,535.782,
1789253156.249727,2026-09-12T22:45:56Z,22,ballast-8.bin,536870912,3534.153,
1789253159.783956,2026-09-12T22:45:59Z,22,ballast-4.bin,536870912,516.518,
1789253160.300547,2026-09-12T22:46:00Z,22,ballast-31.bin,536870912,514.745,
1789253160.815396,2026-09-12T22:46:00Z,22,ballast-39.bin,536870912,519.423,
1789253161.334890,2026-09-12T22:46:01Z,22,ballast-7.bin,536870912,811.569,
1789253162.146533,2026-09-12T22:46:02Z,22,ballast-29.bin,536870912,560.823,
1789253162.707424,2026-09-12T22:46:02Z,22,ballast-36.bin,536870912,570.250,
1789253163.277763,2026-09-12T22:46:03Z,22,ballast-1.bin,536870912,528.588,
1789253163.806428,2026-09-12T22:46:03Z,22,ballast-22.bin,536870912,1214.358,
1789253165.020865,2026-09-12T22:46:05Z,22,ballast-25.bin,536870912,558.387,
1789253165.579350,2026-09-12T22:46:05Z,22,ballast-12.bin,536870912,502.074,
1789253166.081494,2026-09-12T22:46:06Z,22,ballast-14.bin,536870912,519.548,
1789253166.601112,2026-09-12T22:46:06Z,22,ballast-37.bin,536870912,3342.431,
1789253169.943620,2026-09-12T22:46:09Z,22,ballast-2.bin,536870912,514.834,
1789253170.458533,2026-09-12T22:46:10Z,22,ballast-15.bin,536870912,504.449,
1789253170.963063,2026-09-12T22:46:10Z,22,ballast-24.bin,536870912,1398.751,
1789253172.361904,2026-09-12T22:46:12Z,22,ballast-33.bin,536870912,585.928,
1789253172.947908,2026-09-12T22:46:12Z,22,ballast-21.bin,536870912,659.708,
1789253173.607691,2026-09-12T22:46:13Z,22,ballast-35.bin,536870912,852.897,
1789253174.460672,2026-09-12T22:46:14Z,22,ballast-5.bin,536870912,1260.798,
1789253175.721542,2026-09-12T22:46:15Z,22,ballast-11.bin,536870912,509.343,
1789253176.230966,2026-09-12T22:46:16Z,22,ballast-19.bin,536870912,726.410,
1789253176.957448,2026-09-12T22:46:16Z,22,ballast-16.bin,536870912,646.749,
1789253177.604268,2026-09-12T22:46:17Z,22,ballast-20.bin,536870912,509.764,
1789253178.114108,2026-09-12T22:46:18Z,22,ballast-40.bin,536870912,506.076,
1789253178.620254,2026-09-12T22:46:18Z,22,ballast-9.bin,536870912,806.056,
1789253179.426404,2026-09-12T22:46:19Z,22,ballast-23.bin,536870912,842.016,
1789253180.268504,2026-09-12T22:46:20Z,22,ballast-10.bin,536870912,1671.291,
1789253181.939883,2026-09-12T22:46:21Z,22,ballast-17.bin,536870912,564.833,
1789253182.504838,2026-09-12T22:46:22Z,23,ballast-5.bin,536870912,527.651,
1789253183.032582,2026-09-12T22:46:23Z,23,ballast-2.bin,536870912,554.813,
1789253183.587474,2026-09-12T22:46:23Z,23,ballast-34.bin,536870912,1001.252,
1789253184.588803,2026-09-12T22:46:24Z,23,ballast-16.bin,536870912,563.219,
1789253185.152095,2026-09-12T22:46:25Z,23,ballast-32.bin,536870912,540.925,
1789253185.693120,2026-09-12T22:46:25Z,23,ballast-18.bin,536870912,732.970,
1789253186.426170,2026-09-12T22:46:26Z,23,ballast-11.bin,536870912,524.631,
1789253186.950891,2026-09-12T22:46:26Z,23,ballast-28.bin,536870912,525.938,
1789253187.476915,2026-09-12T22:46:27Z,23,ballast-4.bin,536870912,523.679,
1789253188.000671,2026-09-12T22:46:28Z,23,ballast-3.bin,536870912,578.060,
1789253188.578800,2026-09-12T22:46:28Z,23,ballast-29.bin,536870912,501.832,
1789253189.080711,2026-09-12T22:46:29Z,23,ballast-8.bin,536870912,521.111,
1789253189.601893,2026-09-12T22:46:29Z,23,ballast-25.bin,536870912,491.326,
1789253190.093296,2026-09-12T22:46:30Z,23,ballast-38.bin,536870912,1698.500,
1789253191.791872,2026-09-12T22:46:31Z,23,ballast-1.bin,536870912,463.221,
1789253192.255172,2026-09-12T22:46:32Z,23,ballast-36.bin,536870912,514.703,
1789253192.769962,2026-09-12T22:46:32Z,23,ballast-35.bin,536870912,518.989,
1789253193.289028,2026-09-12T22:46:33Z,23,ballast-12.bin,536870912,490.448,
1789253193.779558,2026-09-12T22:46:33Z,23,ballast-19.bin,536870912,664.947,
1789253194.444577,2026-09-12T22:46:34Z,23,ballast-15.bin,536870912,493.135,
1789253194.937804,2026-09-12T22:46:34Z,23,ballast-6.bin,536870912,616.427,
1789253195.554298,2026-09-12T22:46:35Z,23,ballast-20.bin,536870912,510.194,
1789253196.064562,2026-09-12T22:46:36Z,23,ballast-23.bin,536870912,518.213,
1789253196.582847,2026-09-12T22:46:36Z,23,ballast-9.bin,536870912,870.782,
1789253197.453717,2026-09-12T22:46:37Z,23,ballast-30.bin,536870912,519.628,
1789253197.973431,2026-09-12T22:46:37Z,23,ballast-40.bin,536870912,503.933,
1789253198.477440,2026-09-12T22:46:38Z,23,ballast-31.bin,536870912,515.409,
1789253198.992920,2026-09-12T22:46:38Z,23,ballast-27.bin,536870912,1010.360,
1789253200.003450,2026-09-12T22:46:40Z,23,ballast-37.bin,536870912,535.792,
1789253200.539337,2026-09-12T22:46:40Z,23,ballast-10.bin,536870912,530.399,
1789253201.069827,2026-09-12T22:46:41Z,23,ballast-14.bin,536870912,636.867,
1789253201.706769,2026-09-12T22:46:41Z,23,ballast-33.bin,536870912,554.778,
1789253202.261619,2026-09-12T22:46:42Z,23,ballast-24.bin,536870912,548.653,
1789253202.810365,2026-09-12T22:46:42Z,23,ballast-26.bin,536870912,831.349,
1789253203.641784,2026-09-12T22:46:43Z,23,ballast-7.bin,536870912,538.090,
1789253204.179949,2026-09-12T22:46:44Z,23,ballast-21.bin,536870912,538.335,
1789253204.718400,2026-09-12T22:46:44Z,23,ballast-13.bin,536870912,705.299,
1789253205.423773,2026-09-12T22:46:45Z,23,ballast-17.bin,536870912,524.891,
1789253205.948736,2026-09-12T22:46:45Z,23,ballast-22.bin,536870912,626.628,
1789253206.575442,2026-09-12T22:46:46Z,23,ballast-39.bin,536870912,554.687,
1789253207.130259,2026-09-12T22:46:47Z,24,ballast-37.bin,536870912,528.688,
1789253207.659019,2026-09-12T22:46:47Z,24,ballast-1.bin,536870912,516.487,
1789253208.175586,2026-09-12T22:46:48Z,24,ballast-32.bin,536870912,3277.558,
1789253211.453231,2026-09-12T22:46:51Z,24,ballast-40.bin,536870912,577.570,
1789253212.030891,2026-09-12T22:46:52Z,24,ballast-34.bin,536870912,536.316,
1789253212.567282,2026-09-12T22:46:52Z,24,ballast-30.bin,536870912,543.382,
1789253213.110751,2026-09-12T22:46:53Z,24,ballast-24.bin,536870912,561.406,
1789253213.672237,2026-09-12T22:46:53Z,24,ballast-33.bin,536870912,544.973,
1789253214.217281,2026-09-12T22:46:54Z,24,ballast-23.bin,536870912,544.752,
1789253214.762120,2026-09-12T22:46:54Z,24,ballast-27.bin,536870912,1937.104,
1789253216.699296,2026-09-12T22:46:56Z,24,ballast-4.bin,536870912,588.270,
1789253217.287656,2026-09-12T22:46:57Z,24,ballast-20.bin,536870912,489.087,
1789253217.776823,2026-09-12T22:46:57Z,24,ballast-14.bin,536870912,513.516,
1789253218.290422,2026-09-12T22:46:58Z,24,ballast-19.bin,536870912,611.927,
1789253218.902421,2026-09-12T22:46:58Z,24,ballast-18.bin,536870912,511.405,
1789253219.413898,2026-09-12T22:46:59Z,24,ballast-5.bin,536870912,517.091,
1789253219.931058,2026-09-12T22:46:59Z,24,ballast-13.bin,536870912,1265.322,
1789253221.196458,2026-09-12T22:47:01Z,24,ballast-7.bin,536870912,543.737,
1789253221.740264,2026-09-12T22:47:01Z,24,ballast-10.bin,536870912,529.024,
1789253222.269391,2026-09-12T22:47:02Z,24,ballast-38.bin,536870912,1647.291,
1789253223.916758,2026-09-12T22:47:03Z,24,ballast-2.bin,536870912,1320.038,
1789253225.236870,2026-09-12T22:47:05Z,24,ballast-22.bin,536870912,669.513,
1789253225.906459,2026-09-12T22:47:05Z,24,ballast-16.bin,536870912,2275.503,
1789253228.182051,2026-09-12T22:47:08Z,24,ballast-28.bin,536870912,1357.579,
1789253229.539707,2026-09-12T22:47:09Z,24,ballast-35.bin,536870912,1727.034,
1789253231.266813,2026-09-12T22:47:11Z,24,ballast-6.bin,536870912,2038.526,
1789253233.305428,2026-09-12T22:47:13Z,24,ballast-3.bin,536870912,2794.612,
1789253236.100137,2026-09-12T22:47:16Z,24,ballast-15.bin,536870912,531.171,
1789253236.631397,2026-09-12T22:47:16Z,24,ballast-31.bin,536870912,1789.428,
1789253238.420898,2026-09-12T22:47:18Z,24,ballast-25.bin,536870912,1242.521,
1789253239.663494,2026-09-12T22:47:19Z,24,ballast-9.bin,536870912,546.008,
1789253240.209585,2026-09-12T22:47:20Z,24,ballast-39.bin,536870912,535.780,
1789253240.745454,2026-09-12T22:47:20Z,24,ballast-26.bin,536870912,1095.736,
1789253241.841291,2026-09-12T22:47:21Z,24,ballast-12.bin,536870912,644.245,
1789253242.485611,2026-09-12T22:47:22Z,24,ballast-17.bin,536870912,519.920,
1789253243.005602,2026-09-12T22:47:23Z,24,ballast-11.bin,536870912,701.936,
1789253243.707610,2026-09-12T22:47:23Z,24,ballast-8.bin,536870912,784.409,
1789253244.492093,2026-09-12T22:47:24Z,24,ballast-21.bin,536870912,523.674,
1789253245.015838,2026-09-12T22:47:25Z,24,ballast-29.bin,536870912,498.407,
1789253245.514370,2026-09-12T22:47:25Z,24,ballast-36.bin,536870912,524.112,
1789253246.038575,2026-09-12T22:47:26Z,25,ballast-36.bin,536870912,303.029,
1789253246.341675,2026-09-12T22:47:26Z,25,ballast-27.bin,536870912,624.441,
1789253246.966194,2026-09-12T22:47:26Z,25,ballast-17.bin,536870912,542.412,
1789253247.508681,2026-09-12T22:47:27Z,25,ballast-21.bin,536870912,543.821,
1789253248.052580,2026-09-12T22:47:28Z,25,ballast-10.bin,536870912,596.554,
1789253248.649232,2026-09-12T22:47:28Z,25,ballast-23.bin,536870912,521.829,
1789253249.171141,2026-09-12T22:47:29Z,25,ballast-22.bin,536870912,525.033,
1789253249.696245,2026-09-12T22:47:29Z,25,ballast-2.bin,536870912,495.421,
1789253250.191743,2026-09-12T22:47:30Z,25,ballast-25.bin,536870912,557.519,
1789253250.749352,2026-09-12T22:47:30Z,25,ballast-32.bin,536870912,759.299,
1789253251.508722,2026-09-12T22:47:31Z,25,ballast-6.bin,536870912,514.185,
1789253252.023010,2026-09-12T22:47:32Z,25,ballast-15.bin,536870912,543.657,
1789253252.566736,2026-09-12T22:47:32Z,25,ballast-20.bin,536870912,562.734,
1789253253.129562,2026-09-12T22:47:33Z,25,ballast-24.bin,536870912,538.027,
1789253253.667666,2026-09-12T22:47:33Z,25,ballast-19.bin,536870912,545.364,
1789253254.213099,2026-09-12T22:47:34Z,25,ballast-14.bin,536870912,545.847,
1789253254.759018,2026-09-12T22:47:34Z,25,ballast-9.bin,536870912,737.873,
1789253255.496969,2026-09-12T22:47:35Z,25,ballast-13.bin,536870912,570.030,
1789253256.067080,2026-09-12T22:47:36Z,25,ballast-34.bin,536870912,632.682,
1789253256.699834,2026-09-12T22:47:36Z,25,ballast-29.bin,536870912,541.034,
1789253257.240940,2026-09-12T22:47:37Z,25,ballast-35.bin,536870912,654.201,
1789253257.895217,2026-09-12T22:47:37Z,25,ballast-3.bin,536870912,710.907,
1789253258.606194,2026-09-12T22:47:38Z,25,ballast-1.bin,536870912,694.506,
1789253259.300812,2026-09-12T22:47:39Z,25,ballast-18.bin,536870912,542.964,
1789253259.843864,2026-09-12T22:47:39Z,25,ballast-28.bin,536870912,530.071,
1789253260.374006,2026-09-12T22:47:40Z,25,ballast-12.bin,536870912,525.489,
1789253260.899579,2026-09-12T22:47:40Z,25,ballast-40.bin,536870912,524.450,
1789253261.424101,2026-09-12T22:47:41Z,25,ballast-39.bin,536870912,524.035,
1789253261.948217,2026-09-12T22:47:41Z,25,ballast-30.bin,536870912,532.005,
1789253262.480298,2026-09-12T22:47:42Z,25,ballast-5.bin,536870912,544.398,
1789253263.024787,2026-09-12T22:47:43Z,25,ballast-33.bin,536870912,1140.824,
1789253264.165681,2026-09-12T22:47:44Z,25,ballast-8.bin,536870912,537.745,
1789253264.703497,2026-09-12T22:47:44Z,25,ballast-4.bin,536870912,528.702,
1789253265.232272,2026-09-12T22:47:45Z,25,ballast-11.bin,536870912,539.155,
1789253265.771509,2026-09-12T22:47:45Z,25,ballast-7.bin,536870912,565.422,
1789253266.337019,2026-09-12T22:47:46Z,25,ballast-26.bin,536870912,619.172,
1789253266.956264,2026-09-12T22:47:46Z,25,ballast-31.bin,536870912,972.522,
1789253267.928861,2026-09-12T22:47:47Z,25,ballast-38.bin,536870912,538.515,
1789253268.467448,2026-09-12T22:47:48Z,25,ballast-37.bin,536870912,549.803,
1789253269.017360,2026-09-12T22:47:49Z,25,ballast-16.bin,536870912,577.734,
1789253269.595184,2026-09-12T22:47:49Z,26,ballast-28.bin,536870912,540.109,
1789253270.135381,2026-09-12T22:47:50Z,26,ballast-8.bin,536870912,518.389,
1789253270.653843,2026-09-12T22:47:50Z,26,ballast-13.bin,536870912,511.392,
1789253271.165346,2026-09-12T22:47:51Z,26,ballast-39.bin,536870912,526.586,
1789253271.692008,2026-09-12T22:47:51Z,26,ballast-37.bin,536870912,517.252,
1789253272.209363,2026-09-12T22:47:52Z,26,ballast-30.bin,536870912,538.290,
1789253272.747726,2026-09-12T22:47:52Z,26,ballast-23.bin,536870912,521.971,
1789253273.269768,2026-09-12T22:47:53Z,26,ballast-5.bin,536870912,513.370,
1789253273.783219,2026-09-12T22:47:53Z,26,ballast-7.bin,536870912,513.650,
1789253274.296944,2026-09-12T22:47:54Z,26,ballast-18.bin,536870912,508.217,
1789253274.805237,2026-09-12T22:47:54Z,26,ballast-6.bin,536870912,490.049,
1789253275.295381,2026-09-12T22:47:55Z,26,ballast-22.bin,536870912,492.116,
1789253275.787578,2026-09-12T22:47:55Z,26,ballast-29.bin,536870912,2285.176,
1789253278.072830,2026-09-12T22:47:58Z,26,ballast-16.bin,536870912,526.246,
1789253278.599147,2026-09-12T22:47:58Z,26,ballast-9.bin,536870912,515.610,
1789253279.114846,2026-09-12T22:47:59Z,26,ballast-19.bin,536870912,534.670,
1789253279.649593,2026-09-12T22:47:59Z,26,ballast-10.bin,536870912,547.058,
1789253280.196725,2026-09-12T22:48:00Z,26,ballast-3.bin,536870912,547.350,
1789253280.744149,2026-09-12T22:48:00Z,26,ballast-14.bin,536870912,1355.055,
1789253282.099277,2026-09-12T22:48:02Z,26,ballast-4.bin,536870912,2626.260,
1789253284.725613,2026-09-12T22:48:04Z,26,ballast-15.bin,536870912,520.111,
1789253285.245797,2026-09-12T22:48:05Z,26,ballast-33.bin,536870912,3071.889,
1789253288.317783,2026-09-12T22:48:08Z,26,ballast-31.bin,536870912,535.741,
1789253288.853596,2026-09-12T22:48:08Z,26,ballast-27.bin,536870912,642.285,
1789253289.495966,2026-09-12T22:48:09Z,26,ballast-35.bin,536870912,677.485,
1789253290.173532,2026-09-12T22:48:10Z,26,ballast-25.bin,536870912,750.466,
1789253290.924075,2026-09-12T22:48:10Z,26,ballast-38.bin,536870912,552.495,
1789253291.476648,2026-09-12T22:48:11Z,26,ballast-26.bin,536870912,536.932,
1789253292.013653,2026-09-12T22:48:12Z,26,ballast-2.bin,536870912,940.254,
1789253292.953978,2026-09-12T22:48:12Z,26,ballast-1.bin,536870912,700.519,
1789253293.654577,2026-09-12T22:48:13Z,26,ballast-36.bin,536870912,548.102,
1789253294.202787,2026-09-12T22:48:14Z,26,ballast-21.bin,536870912,2506.945,
1789253296.709813,2026-09-12T22:48:16Z,26,ballast-12.bin,536870912,1809.799,
1789253298.519705,2026-09-12T22:48:18Z,26,ballast-11.bin,536870912,1288.340,
1789253299.808123,2026-09-12T22:48:19Z,26,ballast-17.bin,536870912,548.118,
1789253300.356342,2026-09-12T22:48:20Z,26,ballast-20.bin,536870912,1046.162,
1789253301.402573,2026-09-12T22:48:21Z,26,ballast-32.bin,536870912,933.797,
1789253302.336447,2026-09-12T22:48:22Z,26,ballast-40.bin,536870912,524.863,
1789253302.861445,2026-09-12T22:48:22Z,26,ballast-24.bin,536870912,2235.169,
1789253305.096687,2026-09-12T22:48:25Z,26,ballast-34.bin,536870912,1245.656,
1789253306.342469,2026-09-12T22:48:26Z,27,ballast-31.bin,536870912,534.892,
1789253306.877442,2026-09-12T22:48:26Z,27,ballast-32.bin,536870912,544.094,
1789253307.421629,2026-09-12T22:48:27Z,27,ballast-12.bin,536870912,571.100,
1789253307.992804,2026-09-12T22:48:27Z,27,ballast-7.bin,536870912,572.374,
1789253308.565255,2026-09-12T22:48:28Z,27,ballast-3.bin,536870912,515.918,
1789253309.081249,2026-09-12T22:48:29Z,27,ballast-10.bin,536870912,528.213,
1789253309.609529,2026-09-12T22:48:29Z,27,ballast-6.bin,536870912,555.494,
1789253310.165103,2026-09-12T22:48:30Z,27,ballast-14.bin,536870912,515.224,
1789253310.680406,2026-09-12T22:48:30Z,27,ballast-26.bin,536870912,740.111,
1789253311.420585,2026-09-12T22:48:31Z,27,ballast-11.bin,536870912,513.647,
1789253311.934303,2026-09-12T22:48:31Z,27,ballast-35.bin,536870912,501.886,
1789253312.436263,2026-09-12T22:48:32Z,27,ballast-27.bin,536870912,499.829,
1789253312.936173,2026-09-12T22:48:32Z,27,ballast-17.bin,536870912,507.685,
1789253313.443938,2026-09-12T22:48:33Z,27,ballast-40.bin,536870912,534.158,
1789253313.978164,2026-09-12T22:48:33Z,27,ballast-30.bin,536870912,1643.080,
1789253315.621339,2026-09-12T22:48:35Z,27,ballast-9.bin,536870912,803.353,
1789253316.424762,2026-09-12T22:48:36Z,27,ballast-13.bin,536870912,552.595,
1789253316.977432,2026-09-12T22:48:36Z,27,ballast-4.bin,536870912,622.828,
1789253317.600368,2026-09-12T22:48:37Z,27,ballast-19.bin,536870912,896.605,
1789253318.497050,2026-09-12T22:48:38Z,27,ballast-8.bin,536870912,543.668,
1789253319.040810,2026-09-12T22:48:39Z,27,ballast-18.bin,536870912,1361.690,
1789253320.402596,2026-09-12T22:48:40Z,27,ballast-20.bin,536870912,542.469,
1789253320.945133,2026-09-12T22:48:40Z,27,ballast-25.bin,536870912,620.853,
1789253321.566066,2026-09-12T22:48:41Z,27,ballast-22.bin,536870912,603.566,
1789253322.169704,2026-09-12T22:48:42Z,27,ballast-1.bin,536870912,601.200,
1789253322.770977,2026-09-12T22:48:42Z,27,ballast-28.bin,536870912,550.529,
1789253323.321590,2026-09-12T22:48:43Z,27,ballast-21.bin,536870912,537.074,
1789253323.858741,2026-09-12T22:48:43Z,27,ballast-2.bin,536870912,549.516,
1789253324.408361,2026-09-12T22:48:44Z,27,ballast-16.bin,536870912,601.886,
1789253325.010354,2026-09-12T22:48:45Z,27,ballast-29.bin,536870912,521.801,
1789253325.532225,2026-09-12T22:48:45Z,27,ballast-23.bin,536870912,559.572,
1789253326.091886,2026-09-12T22:48:46Z,27,ballast-33.bin,536870912,503.469,
1789253326.595433,2026-09-12T22:48:46Z,27,ballast-24.bin,536870912,562.229,
1789253327.157733,2026-09-12T22:48:47Z,27,ballast-39.bin,536870912,501.021,
1789253327.658827,2026-09-12T22:48:47Z,27,ballast-38.bin,536870912,1325.984,
1789253328.984900,2026-09-12T22:48:48Z,27,ballast-5.bin,536870912,813.359,
1789253329.798362,2026-09-12T22:48:49Z,27,ballast-36.bin,536870912,506.458,
1789253330.304895,2026-09-12T22:48:50Z,27,ballast-37.bin,536870912,859.176,
1789253331.164150,2026-09-12T22:48:51Z,27,ballast-34.bin,536870912,750.315,
1789253331.914540,2026-09-12T22:48:51Z,27,ballast-15.bin,536870912,509.470,
1789253332.424114,2026-09-12T22:48:52Z,28,ballast-11.bin,536870912,523.452,
1789253332.947641,2026-09-12T22:48:52Z,28,ballast-19.bin,536870912,545.817,
1789253333.493532,2026-09-12T22:48:53Z,28,ballast-12.bin,536870912,533.013,
1789253334.026619,2026-09-12T22:48:54Z,28,ballast-6.bin,536870912,520.579,
1789253334.547329,2026-09-12T22:48:54Z,28,ballast-18.bin,536870912,557.818,
1789253335.105221,2026-09-12T22:48:55Z,28,ballast-39.bin,536870912,540.390,
1789253335.645686,2026-09-12T22:48:55Z,28,ballast-5.bin,536870912,567.942,
1789253336.213700,2026-09-12T22:48:56Z,28,ballast-4.bin,536870912,545.345,
1789253336.759113,2026-09-12T22:48:56Z,28,ballast-8.bin,536870912,561.051,
1789253337.320234,2026-09-12T22:48:57Z,28,ballast-16.bin,536870912,1050.270,
1789253338.370576,2026-09-12T22:48:58Z,28,ballast-38.bin,536870912,2217.885,
1789253340.588534,2026-09-12T22:49:00Z,28,ballast-13.bin,536870912,2498.579,
1789253343.087186,2026-09-12T22:49:03Z,28,ballast-37.bin,536870912,537.770,
1789253343.625023,2026-09-12T22:49:03Z,28,ballast-23.bin,536870912,536.810,
1789253344.161914,2026-09-12T22:49:04Z,28,ballast-10.bin,536870912,1517.637,
1789253345.679637,2026-09-12T22:49:05Z,28,ballast-2.bin,536870912,586.414,
1789253346.266124,2026-09-12T22:49:06Z,28,ballast-20.bin,536870912,535.256,
1789253346.801460,2026-09-12T22:49:06Z,28,ballast-25.bin,536870912,672.268,
1789253347.473814,2026-09-12T22:49:07Z,28,ballast-40.bin,536870912,538.568,
1789253348.012461,2026-09-12T22:49:08Z,28,ballast-22.bin,536870912,1048.819,
1789253349.061403,2026-09-12T22:49:09Z,28,ballast-15.bin,536870912,2226.827,
1789253351.288333,2026-09-12T22:49:11Z,28,ballast-36.bin,536870912,1326.977,
1789253352.615404,2026-09-12T22:49:12Z,28,ballast-29.bin,536870912,1663.701,
1789253354.279193,2026-09-12T22:49:14Z,28,ballast-17.bin,536870912,526.105,
1789253354.805395,2026-09-12T22:49:14Z,28,ballast-32.bin,536870912,504.893,
1789253355.310387,2026-09-12T22:49:15Z,28,ballast-34.bin,536870912,515.013,
1789253355.825475,2026-09-12T22:49:15Z,28,ballast-1.bin,536870912,516.696,
1789253356.342246,2026-09-12T22:49:16Z,28,ballast-9.bin,536870912,925.812,
1789253357.268128,2026-09-12T22:49:17Z,28,ballast-26.bin,536870912,1282.539,
1789253358.550760,2026-09-12T22:49:18Z,28,ballast-7.bin,536870912,1367.437,
1789253359.918268,2026-09-12T22:49:19Z,28,ballast-24.bin,536870912,763.218,
1789253360.681557,2026-09-12T22:49:20Z,28,ballast-33.bin,536870912,509.347,
1789253361.190977,2026-09-12T22:49:21Z,28,ballast-14.bin,536870912,1171.378,
1789253362.362440,2026-09-12T22:49:22Z,28,ballast-21.bin,536870912,1164.702,
1789253363.527213,2026-09-12T22:49:23Z,28,ballast-35.bin,536870912,510.371,
1789253364.037669,2026-09-12T22:49:24Z,28,ballast-27.bin,536870912,537.355,
1789253364.575097,2026-09-12T22:49:24Z,28,ballast-30.bin,536870912,534.130,
1789253365.109305,2026-09-12T22:49:25Z,28,ballast-3.bin,536870912,534.750,
1789253365.644144,2026-09-12T22:49:25Z,28,ballast-31.bin,536870912,533.400,
1789253366.177618,2026-09-12T22:49:26Z,28,ballast-28.bin,536870912,3246.538,
1789253369.424253,2026-09-12T22:49:29Z,29,ballast-24.bin,536870912,456.149,
1789253369.880479,2026-09-12T22:49:29Z,29,ballast-16.bin,536870912,498.287,
1789253370.378839,2026-09-12T22:49:30Z,29,ballast-33.bin,536870912,534.950,
1789253370.914056,2026-09-12T22:49:30Z,29,ballast-12.bin,536870912,506.868,
1789253371.420998,2026-09-12T22:49:31Z,29,ballast-38.bin,536870912,516.461,
1789253371.937534,2026-09-12T22:49:31Z,29,ballast-6.bin,536870912,2723.021,
1789253374.660626,2026-09-12T22:49:34Z,29,ballast-5.bin,536870912,1510.795,
1789253376.171496,2026-09-12T22:49:36Z,29,ballast-20.bin,536870912,546.718,
1789253376.718298,2026-09-12T22:49:36Z,29,ballast-17.bin,536870912,543.058,
1789253377.261442,2026-09-12T22:49:37Z,29,ballast-37.bin,536870912,754.061,
1789253378.015587,2026-09-12T22:49:38Z,29,ballast-8.bin,536870912,752.594,
1789253378.768253,2026-09-12T22:49:38Z,29,ballast-40.bin,536870912,611.208,
1789253379.379559,2026-09-12T22:49:39Z,29,ballast-9.bin,536870912,1071.642,
1789253380.451296,2026-09-12T22:49:40Z,29,ballast-19.bin,536870912,600.386,
1789253381.051766,2026-09-12T22:49:41Z,29,ballast-1.bin,536870912,598.607,
1789253381.650448,2026-09-12T22:49:41Z,29,ballast-23.bin,536870912,537.159,
1789253382.187706,2026-09-12T22:49:42Z,29,ballast-29.bin,536870912,745.375,
1789253382.933158,2026-09-12T22:49:42Z,29,ballast-31.bin,536870912,508.629,
1789253383.441864,2026-09-12T22:49:43Z,29,ballast-22.bin,536870912,518.039,
1789253383.959976,2026-09-12T22:49:43Z,29,ballast-21.bin,536870912,521.112,
1789253384.481161,2026-09-12T22:49:44Z,29,ballast-34.bin,536870912,522.196,
1789253385.003434,2026-09-12T22:49:45Z,29,ballast-32.bin,536870912,498.294,
1789253385.501808,2026-09-12T22:49:45Z,29,ballast-35.bin,536870912,516.324,
1789253386.018202,2026-09-12T22:49:46Z,29,ballast-15.bin,536870912,526.210,
1789253386.544491,2026-09-12T22:49:46Z,29,ballast-30.bin,536870912,506.658,
1789253387.051224,2026-09-12T22:49:47Z,29,ballast-27.bin,536870912,571.200,
1789253387.622531,2026-09-12T22:49:47Z,29,ballast-3.bin,536870912,686.882,
1789253388.309483,2026-09-12T22:49:48Z,29,ballast-28.bin,536870912,502.952,
1789253388.812508,2026-09-12T22:49:48Z,29,ballast-18.bin,536870912,842.789,
1789253389.655406,2026-09-12T22:49:49Z,29,ballast-4.bin,536870912,1985.700,
1789253391.641198,2026-09-12T22:49:51Z,29,ballast-11.bin,536870912,566.428,
1789253392.207723,2026-09-12T22:49:52Z,29,ballast-7.bin,536870912,578.880,
1789253392.786697,2026-09-12T22:49:52Z,29,ballast-10.bin,536870912,1462.978,
1789253394.249759,2026-09-12T22:49:54Z,29,ballast-13.bin,536870912,525.749,
1789253394.775594,2026-09-12T22:49:54Z,29,ballast-2.bin,536870912,523.606,
1789253395.299271,2026-09-12T22:49:55Z,29,ballast-36.bin,536870912,523.997,
1789253395.823362,2026-09-12T22:49:55Z,29,ballast-25.bin,536870912,527.988,
1789253396.351427,2026-09-12T22:49:56Z,29,ballast-26.bin,536870912,517.574,
1789253396.869075,2026-09-12T22:49:56Z,29,ballast-39.bin,536870912,1064.534,
1789253397.933685,2026-09-12T22:49:57Z,29,ballast-14.bin,536870912,3056.421,
1789253400.990222,2026-09-12T22:50:00Z,30,ballast-22.bin,536870912,551.250,
1789253401.541534,2026-09-12T22:50:01Z,30,ballast-31.bin,536870912,3149.461,
1789253404.691087,2026-09-12T22:50:04Z,30,ballast-27.bin,536870912,1992.983,
1789253406.684138,2026-09-12T22:50:06Z,30,ballast-13.bin,536870912,533.005,
1789253407.217248,2026-09-12T22:50:07Z,30,ballast-36.bin,536870912,595.114,
1789253407.812438,2026-09-12T22:50:07Z,30,ballast-25.bin,536870912,506.520,
1789253408.319037,2026-09-12T22:50:08Z,30,ballast-35.bin,536870912,1175.057,
1789253409.494191,2026-09-12T22:50:09Z,30,ballast-1.bin,536870912,536.595,
1789253410.030865,2026-09-12T22:50:10Z,30,ballast-11.bin,536870912,3670.475,
1789253413.701411,2026-09-12T22:50:13Z,30,ballast-16.bin,536870912,1015.248,
1789253414.716730,2026-09-12T22:50:14Z,30,ballast-37.bin,536870912,514.005,
1789253415.230818,2026-09-12T22:50:15Z,30,ballast-23.bin,536870912,526.090,
1789253415.756979,2026-09-12T22:50:15Z,30,ballast-34.bin,536870912,2174.819,
1789253417.931877,2026-09-12T22:50:17Z,30,ballast-12.bin,536870912,635.072,
1789253418.567025,2026-09-12T22:50:18Z,30,ballast-39.bin,536870912,535.979,
1789253419.103091,2026-09-12T22:50:19Z,30,ballast-2.bin,536870912,2735.283,
1789253421.838446,2026-09-12T22:50:21Z,30,ballast-3.bin,536870912,496.670,
1789253422.335246,2026-09-12T22:50:22Z,30,ballast-20.bin,536870912,532.667,
1789253422.868001,2026-09-12T22:50:22Z,30,ballast-29.bin,536870912,508.931,
1789253423.377003,2026-09-12T22:50:23Z,30,ballast-38.bin,536870912,501.746,
1789253423.878978,2026-09-12T22:50:23Z,30,ballast-19.bin,536870912,559.066,
1789253424.438114,2026-09-12T22:50:24Z,30,ballast-17.bin,536870912,539.320,
1789253424.977522,2026-09-12T22:50:24Z,30,ballast-15.bin,536870912,1098.491,
1789253426.076091,2026-09-12T22:50:26Z,30,ballast-10.bin,536870912,1208.735,
1789253427.284914,2026-09-12T22:50:27Z,30,ballast-14.bin,536870912,570.477,
1789253427.855475,2026-09-12T22:50:27Z,30,ballast-9.bin,536870912,1144.936,
1789253429.000482,2026-09-12T22:50:29Z,30,ballast-4.bin,536870912,2516.516,
1789253431.517082,2026-09-12T22:50:31Z,30,ballast-28.bin,536870912,551.753,
1789253432.068914,2026-09-12T22:50:32Z,30,ballast-26.bin,536870912,560.102,
1789253432.629102,2026-09-12T22:50:32Z,30,ballast-6.bin,536870912,1226.972,
1789253433.856143,2026-09-12T22:50:33Z,30,ballast-5.bin,536870912,781.794,
1789253434.638022,2026-09-12T22:50:34Z,30,ballast-7.bin,536870912,645.509,
1789253435.283609,2026-09-12T22:50:35Z,30,ballast-21.bin,536870912,529.750,
1789253435.813433,2026-09-12T22:50:35Z,30,ballast-30.bin,536870912,600.801,
1789253436.414305,2026-09-12T22:50:36Z,30,ballast-24.bin,536870912,515.349,
1789253436.929725,2026-09-12T22:50:36Z,30,ballast-40.bin,536870912,510.683,
1789253437.440492,2026-09-12T22:50:37Z,30,ballast-18.bin,536870912,2493.291,
1789253439.933853,2026-09-12T22:50:39Z,30,ballast-33.bin,536870912,726.170,
1789253440.660101,2026-09-12T22:50:40Z,30,ballast-8.bin,536870912,2228.757,
1789253442.889668,2026-09-12T22:50:42Z,30,ballast-32.bin,536870912,1478.583,
1789253444.368395,2026-09-12T22:50:44Z,31,ballast-19.bin,536870912,536.342,
1789253444.904809,2026-09-12T22:50:44Z,31,ballast-25.bin,536870912,533.534,
1789253445.438420,2026-09-12T22:50:45Z,31,ballast-35.bin,536870912,564.887,
1789253446.003408,2026-09-12T22:50:46Z,31,ballast-11.bin,536870912,651.140,
1789253446.654698,2026-09-12T22:50:46Z,31,ballast-32.bin,536870912,598.230,
1789253447.253000,2026-09-12T22:50:47Z,31,ballast-28.bin,536870912,537.832,
1789253447.790914,2026-09-12T22:50:47Z,31,ballast-38.bin,536870912,1037.048,
1789253448.828037,2026-09-12T22:50:48Z,31,ballast-33.bin,536870912,542.522,
1789253449.370632,2026-09-12T22:50:49Z,31,ballast-8.bin,536870912,537.256,
1789253449.907965,2026-09-12T22:50:49Z,31,ballast-5.bin,536870912,529.898,
1789253450.437943,2026-09-12T22:50:50Z,31,ballast-3.bin,536870912,533.152,
1789253450.971170,2026-09-12T22:50:50Z,31,ballast-36.bin,536870912,535.283,
1789253451.506526,2026-09-12T22:50:51Z,31,ballast-20.bin,536870912,536.652,
1789253452.043267,2026-09-12T22:50:52Z,31,ballast-12.bin,536870912,511.601,
1789253452.554938,2026-09-12T22:50:52Z,31,ballast-27.bin,536870912,535.608,
1789253453.090614,2026-09-12T22:50:53Z,31,ballast-31.bin,536870912,516.248,
1789253453.606951,2026-09-12T22:50:53Z,31,ballast-6.bin,536870912,574.404,
1789253454.181425,2026-09-12T22:50:54Z,31,ballast-10.bin,536870912,813.975,
1789253454.995477,2026-09-12T22:50:54Z,31,ballast-4.bin,536870912,523.368,
1789253455.518919,2026-09-12T22:50:55Z,31,ballast-37.bin,536870912,560.766,
1789253456.079760,2026-09-12T22:50:56Z,31,ballast-1.bin,536870912,568.210,
1789253456.648041,2026-09-12T22:50:56Z,31,ballast-14.bin,536870912,520.556,
1789253457.168667,2026-09-12T22:50:57Z,31,ballast-40.bin,536870912,580.943,
1789253457.749683,2026-09-12T22:50:57Z,31,ballast-15.bin,536870912,2489.795,
1789253460.239565,2026-09-12T22:51:00Z,31,ballast-30.bin,536870912,553.960,
1789253460.793602,2026-09-12T22:51:00Z,31,ballast-2.bin,536870912,1392.126,
1789253462.185819,2026-09-12T22:51:02Z,31,ballast-16.bin,536870912,670.943,
1789253462.856840,2026-09-12T22:51:02Z,31,ballast-21.bin,536870912,518.043,
1789253463.374971,2026-09-12T22:51:03Z,31,ballast-17.bin,536870912,527.023,
1789253463.902064,2026-09-12T22:51:03Z,31,ballast-29.bin,536870912,788.840,
1789253464.690979,2026-09-12T22:51:04Z,31,ballast-34.bin,536870912,843.755,
1789253465.534810,2026-09-12T22:51:05Z,31,ballast-39.bin,536870912,842.677,
1789253466.377560,2026-09-12T22:51:06Z,31,ballast-23.bin,536870912,533.853,
1789253466.911487,2026-09-12T22:51:06Z,31,ballast-9.bin,536870912,871.873,
1789253467.783446,2026-09-12T22:51:07Z,31,ballast-13.bin,536870912,551.120,
1789253468.334639,2026-09-12T22:51:08Z,31,ballast-18.bin,536870912,554.561,
1789253468.889281,2026-09-12T22:51:08Z,31,ballast-7.bin,536870912,1210.365,
1789253470.099726,2026-09-12T22:51:10Z,31,ballast-22.bin,536870912,686.100,
1789253470.785900,2026-09-12T22:51:10Z,31,ballast-24.bin,536870912,2471.458,
1789253473.257440,2026-09-12T22:51:13Z,31,ballast-26.bin,536870912,1543.473,
1789253474.801013,2026-09-12T22:51:14Z,32,ballast-3.bin,536870912,531.883,
1789253475.332973,2026-09-12T22:51:15Z,32,ballast-18.bin,536870912,559.508,
1789253475.892572,2026-09-12T22:51:15Z,32,ballast-13.bin,536870912,624.762,
1789253476.517426,2026-09-12T22:51:16Z,32,ballast-15.bin,536870912,565.063,
1789253477.082584,2026-09-12T22:51:17Z,32,ballast-23.bin,536870912,550.383,
1789253477.633068,2026-09-12T22:51:17Z,32,ballast-6.bin,536870912,2364.933,
1789253479.998076,2026-09-12T22:51:19Z,32,ballast-1.bin,536870912,664.284,
1789253480.662435,2026-09-12T22:51:20Z,32,ballast-4.bin,536870912,522.499,
1789253481.185007,2026-09-12T22:51:21Z,32,ballast-25.bin,536870912,540.121,
1789253481.725239,2026-09-12T22:51:21Z,32,ballast-12.bin,536870912,1367.851,
1789253483.093166,2026-09-12T22:51:23Z,32,ballast-7.bin,536870912,498.719,
1789253483.591958,2026-09-12T22:51:23Z,32,ballast-29.bin,536870912,580.876,
1789253484.172912,2026-09-12T22:51:24Z,32,ballast-31.bin,536870912,502.271,
1789253484.675257,2026-09-12T22:51:24Z,32,ballast-24.bin,536870912,538.293,
1789253485.213633,2026-09-12T22:51:25Z,32,ballast-20.bin,536870912,512.220,
1789253485.725929,2026-09-12T22:51:25Z,32,ballast-33.bin,536870912,558.527,
1789253486.284526,2026-09-12T22:51:26Z,32,ballast-40.bin,536870912,531.900,
1789253486.816496,2026-09-12T22:51:26Z,32,ballast-11.bin,536870912,536.518,
1789253487.353085,2026-09-12T22:51:27Z,32,ballast-35.bin,536870912,2132.782,
1789253489.485947,2026-09-12T22:51:29Z,32,ballast-22.bin,536870912,650.319,
1789253490.136388,2026-09-12T22:51:30Z,32,ballast-9.bin,536870912,839.767,
1789253490.976302,2026-09-12T22:51:30Z,32,ballast-16.bin,536870912,517.956,
1789253491.494354,2026-09-12T22:51:31Z,32,ballast-36.bin,536870912,677.843,
1789253492.172271,2026-09-12T22:51:32Z,32,ballast-21.bin,536870912,520.420,
1789253492.692763,2026-09-12T22:51:32Z,32,ballast-10.bin,536870912,542.323,
1789253493.235161,2026-09-12T22:51:33Z,32,ballast-27.bin,536870912,524.082,
1789253493.759343,2026-09-12T22:51:33Z,32,ballast-28.bin,536870912,859.999,
1789253494.619412,2026-09-12T22:51:34Z,32,ballast-17.bin,536870912,532.791,
1789253495.152277,2026-09-12T22:51:35Z,32,ballast-2.bin,536870912,598.055,
1789253495.750408,2026-09-12T22:51:35Z,32,ballast-39.bin,536870912,656.623,
1789253496.407104,2026-09-12T22:51:36Z,32,ballast-14.bin,536870912,2771.967,
1789253499.179144,2026-09-12T22:51:39Z,32,ballast-5.bin,536870912,521.207,
1789253499.700424,2026-09-12T22:51:39Z,32,ballast-34.bin,536870912,565.848,
1789253500.266375,2026-09-12T22:51:40Z,32,ballast-19.bin,536870912,563.550,
1789253500.830003,2026-09-12T22:51:40Z,32,ballast-26.bin,536870912,528.953,
1789253501.359029,2026-09-12T22:51:41Z,32,ballast-37.bin,536870912,572.029,
1789253501.931131,2026-09-12T22:51:41Z,32,ballast-32.bin,536870912,644.341,
1789253502.575562,2026-09-12T22:51:42Z,32,ballast-8.bin,536870912,698.935,
1789253503.274572,2026-09-12T22:51:43Z,32,ballast-38.bin,536870912,715.984,
1789253503.990629,2026-09-12T22:51:43Z,32,ballast-30.bin,536870912,577.532,
1789253504.568259,2026-09-12T22:51:44Z,33,ballast-29.bin,536870912,542.960,
1789253505.111294,2026-09-12T22:51:45Z,33,ballast-4.bin,536870912,545.867,
1789253505.657239,2026-09-12T22:51:45Z,33,ballast-33.bin,536870912,535.051,
1789253506.192388,2026-09-12T22:51:46Z,33,ballast-18.bin,536870912,613.672,
1789253506.806133,2026-09-12T22:51:46Z,33,ballast-31.bin,536870912,2655.226,
1789253509.461435,2026-09-12T22:51:49Z,33,ballast-27.bin,536870912,2867.270,
1789253512.328803,2026-09-12T22:51:52Z,33,ballast-30.bin,536870912,530.068,
1789253512.858950,2026-09-12T22:51:52Z,33,ballast-23.bin,536870912,501.011,
1789253513.360032,2026-09-12T22:51:53Z,33,ballast-24.bin,536870912,532.040,
1789253513.892143,2026-09-12T22:51:53Z,33,ballast-25.bin,536870912,1206.414,
1789253515.098627,2026-09-12T22:51:55Z,33,ballast-39.bin,536870912,542.895,
1789253515.641602,2026-09-12T22:51:55Z,33,ballast-21.bin,536870912,524.472,
1789253516.166171,2026-09-12T22:51:56Z,33,ballast-40.bin,536870912,526.167,
1789253516.692408,2026-09-12T22:51:56Z,33,ballast-22.bin,536870912,592.467,
1789253517.284953,2026-09-12T22:51:57Z,33,ballast-3.bin,536870912,537.625,
1789253517.822649,2026-09-12T22:51:57Z,33,ballast-35.bin,536870912,866.154,
1789253518.688886,2026-09-12T22:51:58Z,33,ballast-14.bin,536870912,521.981,
1789253519.210941,2026-09-12T22:51:59Z,33,ballast-28.bin,536870912,505.925,
1789253519.716955,2026-09-12T22:51:59Z,33,ballast-6.bin,536870912,550.384,
1789253520.267408,2026-09-12T22:52:00Z,33,ballast-34.bin,536870912,803.206,
1789253521.070685,2026-09-12T22:52:01Z,33,ballast-15.bin,536870912,515.755,
1789253521.586510,2026-09-12T22:52:01Z,33,ballast-11.bin,536870912,1462.912,
1789253523.049497,2026-09-12T22:52:03Z,33,ballast-37.bin,536870912,1224.806,
1789253524.274396,2026-09-12T22:52:04Z,33,ballast-10.bin,536870912,512.483,
1789253524.786954,2026-09-12T22:52:04Z,33,ballast-32.bin,536870912,507.409,
1789253525.294445,2026-09-12T22:52:05Z,33,ballast-19.bin,536870912,532.483,
1789253525.826998,2026-09-12T22:52:05Z,33,ballast-2.bin,536870912,1227.045,
1789253527.054113,2026-09-12T22:52:07Z,33,ballast-5.bin,536870912,533.079,
1789253527.587263,2026-09-12T22:52:07Z,33,ballast-7.bin,536870912,526.101,
1789253528.113450,2026-09-12T22:52:08Z,33,ballast-17.bin,536870912,570.729,
1789253528.684263,2026-09-12T22:52:08Z,33,ballast-36.bin,536870912,4291.712,
1789253532.976049,2026-09-12T22:52:12Z,33,ballast-20.bin,536870912,1238.802,
1789253534.214931,2026-09-12T22:52:14Z,33,ballast-1.bin,536870912,759.426,
1789253534.974431,2026-09-12T22:52:14Z,33,ballast-8.bin,536870912,534.261,
1789253535.508764,2026-09-12T22:52:15Z,33,ballast-16.bin,536870912,530.423,
1789253536.039284,2026-09-12T22:52:16Z,33,ballast-9.bin,536870912,1128.382,
1789253537.167745,2026-09-12T22:52:17Z,33,ballast-38.bin,536870912,1671.757,
1789253538.839715,2026-09-12T22:52:18Z,33,ballast-13.bin,536870912,675.004,
1789253539.514792,2026-09-12T22:52:19Z,33,ballast-12.bin,536870912,2115.413,
1789253541.630276,2026-09-12T22:52:21Z,33,ballast-26.bin,536870912,530.818,
1789253542.161196,2026-09-12T22:52:22Z,34,ballast-10.bin,536870912,701.056,
1789253542.862352,2026-09-12T22:52:22Z,34,ballast-3.bin,536870912,1081.724,
1789253543.944162,2026-09-12T22:52:23Z,34,ballast-21.bin,536870912,516.677,
1789253544.460912,2026-09-12T22:52:24Z,34,ballast-25.bin,536870912,531.349,
1789253544.992369,2026-09-12T22:52:24Z,34,ballast-1.bin,536870912,554.859,
1789253545.547294,2026-09-12T22:52:25Z,34,ballast-27.bin,536870912,526.164,
1789253546.073534,2026-09-12T22:52:26Z,34,ballast-16.bin,536870912,511.867,
1789253546.585473,2026-09-12T22:52:26Z,34,ballast-20.bin,536870912,536.358,
1789253547.121905,2026-09-12T22:52:27Z,34,ballast-23.bin,536870912,519.158,
1789253547.641137,2026-09-12T22:52:27Z,34,ballast-11.bin,536870912,895.142,
1789253548.536394,2026-09-12T22:52:28Z,34,ballast-2.bin,536870912,526.987,
1789253549.063457,2026-09-12T22:52:29Z,34,ballast-28.bin,536870912,751.570,
1789253549.815105,2026-09-12T22:52:29Z,34,ballast-17.bin,536870912,556.437,
1789253550.371635,2026-09-12T22:52:30Z,34,ballast-4.bin,536870912,824.399,
1789253551.196113,2026-09-12T22:52:31Z,34,ballast-40.bin,536870912,539.961,
1789253551.736150,2026-09-12T22:52:31Z,34,ballast-18.bin,536870912,533.543,
1789253552.269769,2026-09-12T22:52:32Z,34,ballast-15.bin,536870912,821.110,
1789253553.090964,2026-09-12T22:52:33Z,34,ballast-32.bin,536870912,527.688,
1789253553.618717,2026-09-12T22:52:33Z,34,ballast-36.bin,536870912,564.530,
1789253554.183347,2026-09-12T22:52:34Z,34,ballast-30.bin,536870912,493.421,
1789253554.676838,2026-09-12T22:52:34Z,34,ballast-37.bin,536870912,530.224,
1789253555.207131,2026-09-12T22:52:35Z,34,ballast-5.bin,536870912,563.731,
1789253555.770938,2026-09-12T22:52:35Z,34,ballast-33.bin,536870912,602.519,
1789253556.373535,2026-09-12T22:52:36Z,34,ballast-9.bin,536870912,541.539,
1789253556.915151,2026-09-12T22:52:36Z,34,ballast-12.bin,536870912,507.850,
1789253557.423077,2026-09-12T22:52:37Z,34,ballast-7.bin,536870912,535.427,
1789253557.958579,2026-09-12T22:52:37Z,34,ballast-8.bin,536870912,610.921,
1789253558.569583,2026-09-12T22:52:38Z,34,ballast-29.bin,536870912,1309.919,
1789253559.879590,2026-09-12T22:52:39Z,34,ballast-38.bin,536870912,1198.213,
1789253561.077873,2026-09-12T22:52:41Z,34,ballast-22.bin,536870912,475.122,
1789253561.553067,2026-09-12T22:52:41Z,34,ballast-13.bin,536870912,507.130,
1789253562.060269,2026-09-12T22:52:42Z,34,ballast-39.bin,536870912,643.537,
1789253562.703879,2026-09-12T22:52:42Z,34,ballast-6.bin,536870912,920.933,
1789253563.624880,2026-09-12T22:52:43Z,34,ballast-26.bin,536870912,493.390,
1789253564.118359,2026-09-12T22:52:44Z,34,ballast-35.bin,536870912,697.674,
1789253564.816102,2026-09-12T22:52:44Z,34,ballast-14.bin,536870912,693.077,
1789253565.509251,2026-09-12T22:52:45Z,34,ballast-19.bin,536870912,843.463,
1789253566.352804,2026-09-12T22:52:46Z,34,ballast-31.bin,536870912,572.651,
1789253566.925552,2026-09-12T22:52:46Z,34,ballast-24.bin,536870912,507.131,
1789253567.432756,2026-09-12T22:52:47Z,34,ballast-34.bin,536870912,519.480,
1789253567.952358,2026-09-12T22:52:47Z,35,ballast-16.bin,536870912,481.092,
1789253568.433545,2026-09-12T22:52:48Z,35,ballast-13.bin,536870912,512.040,
1789253568.945656,2026-09-12T22:52:48Z,35,ballast-24.bin,536870912,514.470,
1789253569.460209,2026-09-12T22:52:49Z,35,ballast-28.bin,536870912,571.036,
1789253570.031354,2026-09-12T22:52:50Z,35,ballast-23.bin,536870912,747.268,
1789253570.778693,2026-09-12T22:52:50Z,35,ballast-2.bin,536870912,663.815,
1789253571.442586,2026-09-12T22:52:51Z,35,ballast-34.bin,536870912,564.926,
1789253572.007594,2026-09-12T22:52:52Z,35,ballast-26.bin,536870912,534.551,
1789253572.542217,2026-09-12T22:52:52Z,35,ballast-6.bin,536870912,551.177,
1789253573.093481,2026-09-12T22:52:53Z,35,ballast-18.bin,536870912,3804.924,
1789253576.898513,2026-09-12T22:52:56Z,35,ballast-9.bin,536870912,464.864,
1789253577.363448,2026-09-12T22:52:57Z,35,ballast-29.bin,536870912,990.975,
1789253578.354500,2026-09-12T22:52:58Z,35,ballast-36.bin,536870912,476.757,
1789253578.831367,2026-09-12T22:52:58Z,35,ballast-3.bin,536870912,1428.200,
1789253580.259643,2026-09-12T22:53:00Z,35,ballast-32.bin,536870912,536.427,
1789253580.796162,2026-09-12T22:53:00Z,35,ballast-20.bin,536870912,530.582,
1789253581.326819,2026-09-12T22:53:01Z,35,ballast-21.bin,536870912,817.719,
1789253582.144613,2026-09-12T22:53:02Z,35,ballast-14.bin,536870912,510.988,
1789253582.655679,2026-09-12T22:53:02Z,35,ballast-4.bin,536870912,1338.586,
1789253583.994365,2026-09-12T22:53:03Z,35,ballast-27.bin,536870912,538.541,
1789253584.532977,2026-09-12T22:53:04Z,35,ballast-22.bin,536870912,695.781,
1789253585.228832,2026-09-12T22:53:05Z,35,ballast-37.bin,536870912,505.111,
1789253585.734033,2026-09-12T22:53:05Z,35,ballast-33.bin,536870912,536.778,
1789253586.270888,2026-09-12T22:53:06Z,35,ballast-10.bin,536870912,534.241,
1789253586.805199,2026-09-12T22:53:06Z,35,ballast-35.bin,536870912,503.711,
1789253587.308987,2026-09-12T22:53:07Z,35,ballast-1.bin,536870912,1061.439,
1789253588.370501,2026-09-12T22:53:08Z,35,ballast-19.bin,536870912,515.859,
1789253588.886480,2026-09-12T22:53:08Z,35,ballast-11.bin,536870912,518.890,
1789253589.405445,2026-09-12T22:53:09Z,35,ballast-30.bin,536870912,668.173,
1789253590.073697,2026-09-12T22:53:10Z,35,ballast-39.bin,536870912,2804.151,
1789253592.877926,2026-09-12T22:53:12Z,35,ballast-25.bin,536870912,537.101,
1789253593.415102,2026-09-12T22:53:13Z,35,ballast-8.bin,536870912,504.346,
1789253593.919551,2026-09-12T22:53:13Z,35,ballast-40.bin,536870912,524.077,
1789253594.443699,2026-09-12T22:53:14Z,35,ballast-7.bin,536870912,527.889,
1789253594.971659,2026-09-12T22:53:14Z,35,ballast-12.bin,536870912,517.135,
1789253595.488866,2026-09-12T22:53:15Z,35,ballast-38.bin,536870912,529.749,
1789253596.018686,2026-09-12T22:53:16Z,35,ballast-15.bin,536870912,1315.124,
1789253597.333884,2026-09-12T22:53:17Z,35,ballast-17.bin,536870912,532.539,
1789253597.866498,2026-09-12T22:53:17Z,35,ballast-31.bin,536870912,1314.683,
1789253599.181264,2026-09-12T22:53:19Z,35,ballast-5.bin,536870912,550.231,
1789253599.731616,2026-09-12T22:53:19Z,36,ballast-27.bin,536870912,868.852,
1789253600.600540,2026-09-12T22:53:20Z,36,ballast-8.bin,536870912,516.634,
1789253601.117248,2026-09-12T22:53:21Z,36,ballast-17.bin,536870912,547.279,
1789253601.664599,2026-09-12T22:53:21Z,36,ballast-19.bin,536870912,542.655,
1789253602.207345,2026-09-12T22:53:22Z,36,ballast-7.bin,536870912,506.292,
1789253602.713722,2026-09-12T22:53:22Z,36,ballast-6.bin,536870912,601.739,
1789253603.315541,2026-09-12T22:53:23Z,36,ballast-18.bin,536870912,537.070,
1789253603.852700,2026-09-12T22:53:23Z,36,ballast-2.bin,536870912,650.161,
1789253604.502936,2026-09-12T22:53:24Z,36,ballast-35.bin,536870912,1050.599,
1789253605.553610,2026-09-12T22:53:25Z,36,ballast-28.bin,536870912,1444.147,
1789253606.997827,2026-09-12T22:53:26Z,36,ballast-15.bin,536870912,530.104,
1789253607.528012,2026-09-12T22:53:27Z,36,ballast-20.bin,536870912,533.662,
1789253608.061746,2026-09-12T22:53:28Z,36,ballast-32.bin,536870912,591.559,
1789253608.653418,2026-09-12T22:53:28Z,36,ballast-4.bin,536870912,532.999,
1789253609.186494,2026-09-12T22:53:29Z,36,ballast-36.bin,536870912,516.031,
1789253609.702601,2026-09-12T22:53:29Z,36,ballast-22.bin,536870912,580.668,
1789253610.283368,2026-09-12T22:53:30Z,36,ballast-5.bin,536870912,554.023,
1789253610.837480,2026-09-12T22:53:30Z,36,ballast-31.bin,536870912,615.372,
1789253611.452932,2026-09-12T22:53:31Z,36,ballast-38.bin,536870912,627.798,
1789253612.080817,2026-09-12T22:53:32Z,36,ballast-30.bin,536870912,574.448,
1789253612.655358,2026-09-12T22:53:32Z,36,ballast-40.bin,536870912,573.200,
1789253613.228647,2026-09-12T22:53:33Z,36,ballast-29.bin,536870912,1331.023,
1789253614.559740,2026-09-12T22:53:34Z,36,ballast-12.bin,536870912,521.296,
1789253615.081106,2026-09-12T22:53:35Z,36,ballast-13.bin,536870912,556.718,
1789253615.637894,2026-09-12T22:53:35Z,36,ballast-21.bin,536870912,517.030,
1789253616.154996,2026-09-12T22:53:36Z,36,ballast-24.bin,536870912,2393.717,
1789253618.548799,2026-09-12T22:53:38Z,36,ballast-37.bin,536870912,540.612,
1789253619.089501,2026-09-12T22:53:39Z,36,ballast-33.bin,536870912,2640.830,
1789253621.730404,2026-09-12T22:53:41Z,36,ballast-34.bin,536870912,455.124,
1789253622.185599,2026-09-12T22:53:42Z,36,ballast-25.bin,536870912,448.873,
1789253622.634543,2026-09-12T22:53:42Z,36,ballast-26.bin,536870912,1671.964,
1789253624.306578,2026-09-12T22:53:44Z,36,ballast-14.bin,536870912,449.537,
1789253624.756187,2026-09-12T22:53:44Z,36,ballast-10.bin,536870912,827.366,
1789253625.583622,2026-09-12T22:53:45Z,36,ballast-3.bin,536870912,484.607,
1789253626.068301,2026-09-12T22:53:46Z,36,ballast-16.bin,536870912,472.939,
1789253626.541333,2026-09-12T22:53:46Z,36,ballast-1.bin,536870912,555.743,
1789253627.097148,2026-09-12T22:53:47Z,36,ballast-11.bin,536870912,454.689,
1789253627.551911,2026-09-12T22:53:47Z,36,ballast-39.bin,536870912,663.865,
1789253628.215849,2026-09-12T22:53:48Z,36,ballast-23.bin,536870912,451.755,
1789253628.667675,2026-09-12T22:53:48Z,36,ballast-9.bin,536870912,455.615,
1789253629.123398,2026-09-12T22:53:49Z,37,ballast-32.bin,536870912,450.348,
1789253629.573818,2026-09-12T22:53:49Z,37,ballast-23.bin,536870912,458.567,
1789253630.032463,2026-09-12T22:53:50Z,37,ballast-9.bin,536870912,454.132,
1789253630.486663,2026-09-12T22:53:50Z,37,ballast-1.bin,536870912,460.917,
1789253630.947649,2026-09-12T22:53:50Z,37,ballast-39.bin,536870912,457.845,
1789253631.405563,2026-09-12T22:53:51Z,37,ballast-34.bin,536870912,3124.200,
1789253634.529834,2026-09-12T22:53:54Z,37,ballast-22.bin,536870912,479.271,
1789253635.009176,2026-09-12T22:53:55Z,37,ballast-13.bin,536870912,450.817,
1789253635.460066,2026-09-12T22:53:55Z,37,ballast-2.bin,536870912,458.191,
1789253635.918342,2026-09-12T22:53:55Z,37,ballast-29.bin,536870912,453.647,
1789253636.372061,2026-09-12T22:53:56Z,37,ballast-5.bin,536870912,456.889,
1789253636.829020,2026-09-12T22:53:56Z,37,ballast-11.bin,536870912,466.112,
1789253637.295204,2026-09-12T22:53:57Z,37,ballast-25.bin,536870912,459.222,
1789253637.754493,2026-09-12T22:53:57Z,37,ballast-19.bin,536870912,482.215,
1789253638.236781,2026-09-12T22:53:58Z,37,ballast-16.bin,536870912,460.194,
1789253638.697063,2026-09-12T22:53:58Z,37,ballast-7.bin,536870912,463.386,
1789253639.160518,2026-09-12T22:53:59Z,37,ballast-30.bin,536870912,454.542,
1789253639.615122,2026-09-12T22:53:59Z,37,ballast-40.bin,536870912,459.574,
1789253640.074768,2026-09-12T22:54:00Z,37,ballast-8.bin,536870912,496.915,
1789253640.571754,2026-09-12T22:54:00Z,37,ballast-31.bin,536870912,517.151,
1789253641.088977,2026-09-12T22:54:01Z,37,ballast-36.bin,536870912,457.321,
1789253641.546398,2026-09-12T22:54:01Z,37,ballast-27.bin,536870912,613.784,
1789253642.160253,2026-09-12T22:54:02Z,37,ballast-14.bin,536870912,454.686,
1789253642.615006,2026-09-12T22:54:02Z,37,ballast-17.bin,536870912,455.494,
1789253643.070569,2026-09-12T22:54:03Z,37,ballast-10.bin,536870912,456.703,
1789253643.527367,2026-09-12T22:54:03Z,37,ballast-3.bin,536870912,456.192,
1789253643.983633,2026-09-12T22:54:03Z,37,ballast-15.bin,536870912,453.567,
1789253644.437270,2026-09-12T22:54:04Z,37,ballast-35.bin,536870912,455.521,
1789253644.892864,2026-09-12T22:54:04Z,37,ballast-33.bin,536870912,454.213,
1789253645.347154,2026-09-12T22:54:05Z,37,ballast-24.bin,536870912,452.277,
1789253645.799502,2026-09-12T22:54:05Z,37,ballast-18.bin,536870912,449.965,
1789253646.249544,2026-09-12T22:54:06Z,37,ballast-6.bin,536870912,1721.349,
1789253647.970963,2026-09-12T22:54:07Z,37,ballast-12.bin,536870912,448.927,
1789253648.419960,2026-09-12T22:54:08Z,37,ballast-21.bin,536870912,452.680,
1789253648.872714,2026-09-12T22:54:08Z,37,ballast-20.bin,536870912,457.971,
1789253649.330760,2026-09-12T22:54:09Z,37,ballast-28.bin,536870912,490.791,
1789253649.821625,2026-09-12T22:54:09Z,37,ballast-4.bin,536870912,461.582,
1789253650.283291,2026-09-12T22:54:10Z,37,ballast-38.bin,536870912,466.890,
1789253650.750252,2026-09-12T22:54:10Z,37,ballast-26.bin,536870912,456.646,
1789253651.206969,2026-09-12T22:54:11Z,37,ballast-37.bin,536870912,456.433,
1789253651.663488,2026-09-12T22:54:11Z,38,ballast-31.bin,536870912,459.886,
1789253652.123453,2026-09-12T22:54:12Z,38,ballast-37.bin,536870912,471.212,
1789253652.594735,2026-09-12T22:54:12Z,38,ballast-4.bin,536870912,460.062,
1789253653.054866,2026-09-12T22:54:13Z,38,ballast-5.bin,536870912,459.948,
1789253653.514893,2026-09-12T22:54:13Z,38,ballast-3.bin,536870912,459.677,
1789253653.974646,2026-09-12T22:54:13Z,38,ballast-22.bin,536870912,446.220,
1789253654.420943,2026-09-12T22:54:14Z,38,ballast-30.bin,536870912,545.336,
1789253654.966402,2026-09-12T22:54:14Z,38,ballast-10.bin,536870912,597.495,
1789253655.563967,2026-09-12T22:54:15Z,38,ballast-6.bin,536870912,605.633,
1789253656.169692,2026-09-12T22:54:16Z,38,ballast-21.bin,536870912,609.293,
1789253656.779065,2026-09-12T22:54:16Z,38,ballast-17.bin,536870912,599.143,
1789253657.378286,2026-09-12T22:54:17Z,38,ballast-14.bin,536870912,613.864,
1789253657.992226,2026-09-12T22:54:17Z,38,ballast-28.bin,536870912,614.949,
1789253658.607247,2026-09-12T22:54:18Z,38,ballast-1.bin,536870912,572.725,
1789253659.180045,2026-09-12T22:54:19Z,38,ballast-16.bin,536870912,615.907,
1789253659.796026,2026-09-12T22:54:19Z,38,ballast-36.bin,536870912,591.515,
1789253660.387610,2026-09-12T22:54:20Z,38,ballast-15.bin,536870912,626.822,
1789253661.014506,2026-09-12T22:54:21Z,38,ballast-9.bin,536870912,2983.545,
1789253663.998140,2026-09-12T22:54:23Z,38,ballast-35.bin,536870912,459.057,
1789253664.457266,2026-09-12T22:54:24Z,38,ballast-40.bin,536870912,469.699,
1789253664.927036,2026-09-12T22:54:24Z,38,ballast-26.bin,536870912,454.355,
1789253665.381461,2026-09-12T22:54:25Z,38,ballast-33.bin,536870912,456.597,
1789253665.838134,2026-09-12T22:54:25Z,38,ballast-12.bin,536870912,457.865,
1789253666.296070,2026-09-12T22:54:26Z,38,ballast-34.bin,536870912,458.948,
1789253666.755090,2026-09-12T22:54:26Z,38,ballast-13.bin,536870912,456.839,
1789253667.211998,2026-09-12T22:54:27Z,38,ballast-2.bin,536870912,453.505,
1789253667.665578,2026-09-12T22:54:27Z,38,ballast-18.bin,536870912,456.461,
1789253668.122108,2026-09-12T22:54:28Z,38,ballast-39.bin,536870912,454.078,
1789253668.576263,2026-09-12T22:54:28Z,38,ballast-38.bin,536870912,722.536,
1789253669.298871,2026-09-12T22:54:29Z,38,ballast-27.bin,536870912,447.659,
1789253669.746599,2026-09-12T22:54:29Z,38,ballast-25.bin,536870912,451.704,
1789253670.198386,2026-09-12T22:54:30Z,38,ballast-11.bin,536870912,461.207,
1789253670.659662,2026-09-12T22:54:30Z,38,ballast-32.bin,536870912,449.805,
1789253671.109542,2026-09-12T22:54:31Z,38,ballast-23.bin,536870912,458.698,
1789253671.568308,2026-09-12T22:54:31Z,38,ballast-19.bin,536870912,461.434,
1789253672.029813,2026-09-12T22:54:32Z,38,ballast-8.bin,536870912,459.322,
1789253672.489205,2026-09-12T22:54:32Z,38,ballast-29.bin,536870912,458.689,
1789253672.947966,2026-09-12T22:54:32Z,38,ballast-7.bin,536870912,453.866,
1789253673.401903,2026-09-12T22:54:33Z,38,ballast-20.bin,536870912,458.338,
1789253673.860311,2026-09-12T22:54:33Z,38,ballast-24.bin,536870912,544.074,
1789253674.404507,2026-09-12T22:54:34Z,39,ballast-4.bin,536870912,606.584,
1789253675.011230,2026-09-12T22:54:35Z,39,ballast-30.bin,536870912,614.309,
1789253675.625631,2026-09-12T22:54:35Z,39,ballast-12.bin,536870912,636.177,
1789253676.261877,2026-09-12T22:54:36Z,39,ballast-2.bin,536870912,446.913,
1789253676.708869,2026-09-12T22:54:36Z,39,ballast-27.bin,536870912,472.045,
1789253677.180984,2026-09-12T22:54:37Z,39,ballast-40.bin,536870912,453.964,
1789253677.635010,2026-09-12T22:54:37Z,39,ballast-18.bin,536870912,461.353,
1789253678.096443,2026-09-12T22:54:38Z,39,ballast-21.bin,536870912,462.676,
1789253678.559190,2026-09-12T22:54:38Z,39,ballast-5.bin,536870912,462.317,
1789253679.021577,2026-09-12T22:54:39Z,39,ballast-39.bin,536870912,456.246,
1789253679.477895,2026-09-12T22:54:39Z,39,ballast-7.bin,536870912,467.446,
1789253679.945414,2026-09-12T22:54:39Z,39,ballast-15.bin,536870912,451.705,
1789253680.397188,2026-09-12T22:54:40Z,39,ballast-32.bin,536870912,454.624,
1789253680.851884,2026-09-12T22:54:40Z,39,ballast-28.bin,536870912,541.199,
1789253681.393161,2026-09-12T22:54:41Z,39,ballast-38.bin,536870912,845.065,
1789253682.238295,2026-09-12T22:54:42Z,39,ballast-25.bin,536870912,1041.567,
1789253683.279933,2026-09-12T22:54:43Z,39,ballast-22.bin,536870912,461.938,
1789253683.741946,2026-09-12T22:54:43Z,39,ballast-31.bin,536870912,462.361,
1789253684.204391,2026-09-12T22:54:44Z,39,ballast-37.bin,536870912,581.176,
1789253684.785639,2026-09-12T22:54:44Z,39,ballast-19.bin,536870912,457.206,
1789253685.242919,2026-09-12T22:54:45Z,39,ballast-23.bin,536870912,452.071,
1789253685.695059,2026-09-12T22:54:45Z,39,ballast-36.bin,536870912,448.840,
1789253686.143967,2026-09-12T22:54:46Z,39,ballast-10.bin,536870912,1474.598,
1789253687.618627,2026-09-12T22:54:47Z,39,ballast-16.bin,536870912,589.221,
1789253688.207917,2026-09-12T22:54:48Z,39,ballast-9.bin,536870912,457.679,
1789253688.665665,2026-09-12T22:54:48Z,39,ballast-1.bin,536870912,452.068,
1789253689.117803,2026-09-12T22:54:49Z,39,ballast-33.bin,536870912,454.723,
1789253689.572597,2026-09-12T22:54:49Z,39,ballast-14.bin,536870912,455.773,
1789253690.028449,2026-09-12T22:54:50Z,39,ballast-6.bin,536870912,458.755,
1789253690.487275,2026-09-12T22:54:50Z,39,ballast-8.bin,536870912,463.338,
1789253690.950685,2026-09-12T22:54:50Z,39,ballast-11.bin,536870912,457.556,
1789253691.408338,2026-09-12T22:54:51Z,39,ballast-29.bin,536870912,462.812,
1789253691.871228,2026-09-12T22:54:51Z,39,ballast-26.bin,536870912,458.884,
1789253692.330181,2026-09-12T22:54:52Z,39,ballast-34.bin,536870912,468.652,
1789253692.798903,2026-09-12T22:54:52Z,39,ballast-24.bin,536870912,485.293,
1789253693.284292,2026-09-12T22:54:53Z,39,ballast-17.bin,536870912,606.322,
1789253693.890686,2026-09-12T22:54:53Z,39,ballast-20.bin,536870912,600.213,
1789253694.490970,2026-09-12T22:54:54Z,39,ballast-35.bin,536870912,587.230,
1789253695.078269,2026-09-12T22:54:55Z,39,ballast-3.bin,536870912,1027.535,
1789253696.105878,2026-09-12T22:54:56Z,39,ballast-13.bin,536870912,615.300,
1789253696.721281,2026-09-12T22:54:56Z,40,ballast-6.bin,536870912,460.124,
1789253697.181479,2026-09-12T22:54:57Z,40,ballast-17.bin,536870912,457.074,
1789253697.638631,2026-09-12T22:54:57Z,40,ballast-12.bin,536870912,690.222,
1789253698.328924,2026-09-12T22:54:58Z,40,ballast-28.bin,536870912,457.627,
1789253698.786622,2026-09-12T22:54:58Z,40,ballast-24.bin,536870912,464.206,
1789253699.250896,2026-09-12T22:54:59Z,40,ballast-33.bin,536870912,468.161,
1789253699.719126,2026-09-12T22:54:59Z,40,ballast-10.bin,536870912,447.765,
1789253700.166959,2026-09-12T22:55:00Z,40,ballast-25.bin,536870912,454.049,
1789253700.621077,2026-09-12T22:55:00Z,40,ballast-20.bin,536870912,464.969,
1789253701.086116,2026-09-12T22:55:01Z,40,ballast-30.bin,536870912,452.017,
1789253701.538205,2026-09-12T22:55:01Z,40,ballast-15.bin,536870912,451.294,
1789253701.989566,2026-09-12T22:55:01Z,40,ballast-23.bin,536870912,1223.638,
1789253703.213277,2026-09-12T22:55:03Z,40,ballast-1.bin,536870912,453.434,
1789253703.666787,2026-09-12T22:55:03Z,40,ballast-3.bin,536870912,464.562,
1789253704.131418,2026-09-12T22:55:04Z,40,ballast-36.bin,536870912,459.116,
1789253704.590601,2026-09-12T22:55:04Z,40,ballast-4.bin,536870912,465.504,
1789253705.056177,2026-09-12T22:55:05Z,40,ballast-29.bin,536870912,460.964,
1789253705.517211,2026-09-12T22:55:05Z,40,ballast-9.bin,536870912,461.850,
1789253705.979131,2026-09-12T22:55:05Z,40,ballast-40.bin,536870912,450.492,
1789253706.429691,2026-09-12T22:55:06Z,40,ballast-31.bin,536870912,453.974,
1789253706.883734,2026-09-12T22:55:06Z,40,ballast-13.bin,536870912,457.936,
1789253707.341740,2026-09-12T22:55:07Z,40,ballast-26.bin,536870912,453.839,
1789253707.795651,2026-09-12T22:55:07Z,40,ballast-5.bin,536870912,566.461,
1789253708.362202,2026-09-12T22:55:08Z,40,ballast-35.bin,536870912,623.528,
1789253708.985817,2026-09-12T22:55:08Z,40,ballast-8.bin,536870912,574.016,
1789253709.559913,2026-09-12T22:55:09Z,40,ballast-14.bin,536870912,600.327,
1789253710.160336,2026-09-12T22:55:10Z,40,ballast-16.bin,536870912,621.959,
1789253710.782415,2026-09-12T22:55:10Z,40,ballast-27.bin,536870912,602.020,
1789253711.384515,2026-09-12T22:55:11Z,40,ballast-11.bin,536870912,607.971,
1789253711.992563,2026-09-12T22:55:11Z,40,ballast-39.bin,536870912,583.921,
1789253712.576563,2026-09-12T22:55:12Z,40,ballast-18.bin,536870912,713.593,
1789253713.290232,2026-09-12T22:55:13Z,40,ballast-32.bin,536870912,447.645,
1789253713.737951,2026-09-12T22:55:13Z,40,ballast-19.bin,536870912,454.329,
1789253714.192374,2026-09-12T22:55:14Z,40,ballast-7.bin,536870912,451.237,
1789253714.643682,2026-09-12T22:55:14Z,40,ballast-2.bin,536870912,452.202,
1789253715.095957,2026-09-12T22:55:15Z,40,ballast-37.bin,536870912,453.412,
1789253715.549448,2026-09-12T22:55:15Z,40,ballast-34.bin,536870912,448.579,
1789253715.998095,2026-09-12T22:55:15Z,40,ballast-38.bin,536870912,591.879,
1789253716.590045,2026-09-12T22:55:16Z,40,ballast-21.bin,536870912,529.670,
1789253717.119785,2026-09-12T22:55:17Z,40,ballast-22.bin,536870912,490.975,
1789253717.610850,2026-09-12T22:55:17Z,41,ballast-6.bin,536870912,847.647,
1789253718.458568,2026-09-12T22:55:18Z,41,ballast-28.bin,536870912,477.641,
1789253718.936280,2026-09-12T22:55:18Z,41,ballast-23.bin,536870912,465.641,
1789253719.401994,2026-09-12T22:55:19Z,41,ballast-27.bin,536870912,459.729,
1789253719.861796,2026-09-12T22:55:19Z,41,ballast-30.bin,536870912,454.147,
1789253720.316024,2026-09-12T22:55:20Z,41,ballast-11.bin,536870912,465.372,
1789253720.781467,2026-09-12T22:55:20Z,41,ballast-39.bin,536870912,474.474,
1789253721.256010,2026-09-12T22:55:21Z,41,ballast-38.bin,536870912,462.664,
1789253721.718744,2026-09-12T22:55:21Z,41,ballast-18.bin,536870912,452.938,
1789253722.171750,2026-09-12T22:55:22Z,41,ballast-35.bin,536870912,454.349,
1789253722.626166,2026-09-12T22:55:22Z,41,ballast-1.bin,536870912,456.123,
1789253723.082385,2026-09-12T22:55:23Z,41,ballast-36.bin,536870912,558.139,
1789253723.640610,2026-09-12T22:55:23Z,41,ballast-10.bin,536870912,634.120,
1789253724.274803,2026-09-12T22:55:24Z,41,ballast-15.bin,536870912,499.944,
1789253724.774817,2026-09-12T22:55:24Z,41,ballast-29.bin,536870912,496.096,
1789253725.270983,2026-09-12T22:55:25Z,41,ballast-2.bin,536870912,449.909,
1789253725.720965,2026-09-12T22:55:25Z,41,ballast-9.bin,536870912,537.827,
1789253726.258861,2026-09-12T22:55:26Z,41,ballast-16.bin,536870912,450.222,
1789253726.709158,2026-09-12T22:55:26Z,41,ballast-34.bin,536870912,449.389,
1789253727.158618,2026-09-12T22:55:27Z,41,ballast-7.bin,536870912,456.682,
1789253727.615393,2026-09-12T22:55:27Z,41,ballast-14.bin,536870912,443.686,
1789253728.059149,2026-09-12T22:55:28Z,41,ballast-31.bin,536870912,451.310,
1789253728.510528,2026-09-12T22:55:28Z,41,ballast-5.bin,536870912,450.414,
1789253728.961008,2026-09-12T22:55:28Z,41,ballast-20.bin,536870912,470.842,
1789253729.431920,2026-09-12T22:55:29Z,41,ballast-17.bin,536870912,452.980,
1789253729.884971,2026-09-12T22:55:29Z,41,ballast-32.bin,536870912,453.883,
1789253730.338928,2026-09-12T22:55:30Z,41,ballast-13.bin,536870912,456.297,
1789253730.795295,2026-09-12T22:55:30Z,41,ballast-33.bin,536870912,488.776,
1789253731.284155,2026-09-12T22:55:31Z,41,ballast-8.bin,536870912,465.769,
1789253731.749993,2026-09-12T22:55:31Z,41,ballast-12.bin,536870912,510.225,
1789253732.260287,2026-09-12T22:55:32Z,41,ballast-24.bin,536870912,455.972,
1789253732.716345,2026-09-12T22:55:32Z,41,ballast-19.bin,536870912,521.635,
1789253733.238056,2026-09-12T22:55:33Z,41,ballast-37.bin,536870912,454.958,
1789253733.693088,2026-09-12T22:55:33Z,41,ballast-21.bin,536870912,454.452,
1789253734.147610,2026-09-12T22:55:34Z,41,ballast-22.bin,536870912,447.689,
1789253734.595381,2026-09-12T22:55:34Z,41,ballast-3.bin,536870912,449.927,
1789253735.045402,2026-09-12T22:55:35Z,41,ballast-40.bin,536870912,447.811,
1789253735.493282,2026-09-12T22:55:35Z,41,ballast-26.bin,536870912,450.412,
1789253735.943761,2026-09-12T22:55:35Z,41,ballast-25.bin,536870912,446.473,
1789253736.390304,2026-09-12T22:55:36Z,41,ballast-4.bin,536870912,445.876,
1789253736.836276,2026-09-12T22:55:36Z,42,ballast-4.bin,536870912,268.885,
1789253737.105233,2026-09-12T22:55:37Z,42,ballast-31.bin,536870912,454.540,
1789253737.559848,2026-09-12T22:55:37Z,42,ballast-34.bin,536870912,456.728,
1789253738.016644,2026-09-12T22:55:38Z,42,ballast-23.bin,536870912,528.828,
1789253738.545589,2026-09-12T22:55:38Z,42,ballast-19.bin,536870912,650.916,
1789253739.196587,2026-09-12T22:55:39Z,42,ballast-7.bin,536870912,625.068,
1789253739.821731,2026-09-12T22:55:39Z,42,ballast-1.bin,536870912,574.076,
1789253740.395894,2026-09-12T22:55:40Z,42,ballast-24.bin,536870912,574.658,
1789253740.970628,2026-09-12T22:55:40Z,42,ballast-3.bin,536870912,596.111,
1789253741.566809,2026-09-12T22:55:41Z,42,ballast-15.bin,536870912,448.669,
1789253742.015555,2026-09-12T22:55:42Z,42,ballast-5.bin,536870912,458.185,
1789253742.473812,2026-09-12T22:55:42Z,42,ballast-39.bin,536870912,458.676,
1789253742.932559,2026-09-12T22:55:42Z,42,ballast-37.bin,536870912,458.919,
1789253743.391558,2026-09-12T22:55:43Z,42,ballast-32.bin,536870912,455.996,
1789253743.847622,2026-09-12T22:55:43Z,42,ballast-30.bin,536870912,461.318,
1789253744.309013,2026-09-12T22:55:44Z,42,ballast-36.bin,536870912,449.860,
1789253744.758945,2026-09-12T22:55:44Z,42,ballast-33.bin,536870912,458.074,
1789253745.217089,2026-09-12T22:55:45Z,42,ballast-6.bin,536870912,459.044,
1789253745.676206,2026-09-12T22:55:45Z,42,ballast-29.bin,536870912,447.493,
1789253746.123766,2026-09-12T22:55:46Z,42,ballast-25.bin,536870912,477.006,
1789253746.600842,2026-09-12T22:55:46Z,42,ballast-20.bin,536870912,605.552,
1789253747.206468,2026-09-12T22:55:47Z,42,ballast-18.bin,536870912,846.328,
1789253748.052868,2026-09-12T22:55:48Z,42,ballast-8.bin,536870912,451.616,
1789253748.504554,2026-09-12T22:55:48Z,42,ballast-26.bin,536870912,454.777,
1789253748.959399,2026-09-12T22:55:48Z,42,ballast-27.bin,536870912,450.377,
1789253749.409854,2026-09-12T22:55:49Z,42,ballast-12.bin,536870912,451.428,
1789253749.861390,2026-09-12T22:55:49Z,42,ballast-22.bin,536870912,448.599,
1789253750.310064,2026-09-12T22:55:50Z,42,ballast-10.bin,536870912,452.969,
1789253750.763102,2026-09-12T22:55:50Z,42,ballast-17.bin,536870912,456.079,
1789253751.219250,2026-09-12T22:55:51Z,42,ballast-40.bin,536870912,454.239,
1789253751.673561,2026-09-12T22:55:51Z,42,ballast-11.bin,536870912,451.376,
1789253752.125007,2026-09-12T22:55:52Z,42,ballast-13.bin,536870912,453.762,
1789253752.578839,2026-09-12T22:55:52Z,42,ballast-9.bin,536870912,479.278,
1789253753.058187,2026-09-12T22:55:53Z,42,ballast-14.bin,536870912,456.844,
1789253753.515104,2026-09-12T22:55:53Z,42,ballast-35.bin,536870912,457.366,
1789253753.972539,2026-09-12T22:55:53Z,42,ballast-2.bin,536870912,451.530,
1789253754.424138,2026-09-12T22:55:54Z,42,ballast-21.bin,536870912,620.538,
1789253755.044746,2026-09-12T22:55:55Z,42,ballast-28.bin,536870912,452.490,
1789253755.497330,2026-09-12T22:55:55Z,42,ballast-16.bin,536870912,460.962,
1789253755.958389,2026-09-12T22:55:55Z,42,ballast-38.bin,536870912,449.893,
1789253756.408400,2026-09-12T22:55:56Z,43,ballast-40.bin,536870912,457.959,
1789253756.866429,2026-09-12T22:55:56Z,43,ballast-7.bin,536870912,460.954,
1789253757.327453,2026-09-12T22:55:57Z,43,ballast-11.bin,536870912,472.692,
1789253757.800214,2026-09-12T22:55:57Z,43,ballast-14.bin,536870912,466.022,
1789253758.266307,2026-09-12T22:55:58Z,43,ballast-6.bin,536870912,462.878,
1789253758.729256,2026-09-12T22:55:58Z,43,ballast-3.bin,536870912,556.474,
1789253759.285807,2026-09-12T22:55:59Z,43,ballast-28.bin,536870912,462.569,
1789253759.748451,2026-09-12T22:55:59Z,43,ballast-19.bin,536870912,451.778,
1789253760.200301,2026-09-12T22:56:00Z,43,ballast-26.bin,536870912,450.560,
1789253760.650930,2026-09-12T22:56:00Z,43,ballast-33.bin,536870912,449.686,
1789253761.100685,2026-09-12T22:56:01Z,43,ballast-13.bin,536870912,460.150,
1789253761.560910,2026-09-12T22:56:01Z,43,ballast-21.bin,536870912,465.671,
1789253762.026651,2026-09-12T22:56:02Z,43,ballast-39.bin,536870912,450.217,
1789253762.476936,2026-09-12T22:56:02Z,43,ballast-20.bin,536870912,455.675,
1789253762.932688,2026-09-12T22:56:02Z,43,ballast-5.bin,536870912,454.849,
1789253763.387607,2026-09-12T22:56:03Z,43,ballast-29.bin,536870912,467.237,
1789253763.854911,2026-09-12T22:56:03Z,43,ballast-17.bin,536870912,490.962,
1789253764.345945,2026-09-12T22:56:04Z,43,ballast-25.bin,536870912,587.513,
1789253764.933532,2026-09-12T22:56:04Z,43,ballast-8.bin,536870912,591.228,
1789253765.524848,2026-09-12T22:56:05Z,43,ballast-1.bin,536870912,591.001,
1789253766.115940,2026-09-12T22:56:06Z,43,ballast-24.bin,536870912,625.886,
1789253766.741898,2026-09-12T22:56:06Z,43,ballast-15.bin,536870912,601.836,
1789253767.343828,2026-09-12T22:56:07Z,43,ballast-4.bin,536870912,2151.764,
1789253769.495672,2026-09-12T22:56:09Z,43,ballast-31.bin,536870912,445.405,
1789253769.941149,2026-09-12T22:56:09Z,43,ballast-37.bin,536870912,954.136,
1789253770.895375,2026-09-12T22:56:10Z,43,ballast-36.bin,536870912,459.197,
1789253771.354638,2026-09-12T22:56:11Z,43,ballast-16.bin,536870912,452.960,
1789253771.807675,2026-09-12T22:56:11Z,43,ballast-34.bin,536870912,450.325,
1789253772.258071,2026-09-12T22:56:12Z,43,ballast-18.bin,536870912,455.598,
1789253772.713742,2026-09-12T22:56:12Z,43,ballast-12.bin,536870912,462.438,
1789253773.176248,2026-09-12T22:56:13Z,43,ballast-9.bin,536870912,456.217,
1789253773.632530,2026-09-12T22:56:13Z,43,ballast-30.bin,536870912,455.669,
1789253774.088267,2026-09-12T22:56:14Z,43,ballast-35.bin,536870912,491.868,
1789253774.580203,2026-09-12T22:56:14Z,43,ballast-38.bin,536870912,459.952,
1789253775.040227,2026-09-12T22:56:15Z,43,ballast-10.bin,536870912,543.118,
1789253775.583416,2026-09-12T22:56:15Z,43,ballast-23.bin,536870912,454.007,
1789253776.037492,2026-09-12T22:56:16Z,43,ballast-22.bin,536870912,618.115,
1789253776.655679,2026-09-12T22:56:16Z,43,ballast-32.bin,536870912,841.018,
1789253777.496772,2026-09-12T22:56:17Z,43,ballast-27.bin,536870912,455.325,
1789253777.952168,2026-09-12T22:56:17Z,43,ballast-2.bin,536870912,448.241,
1789253778.400518,2026-09-12T22:56:18Z,44,ballast-28.bin,536870912,463.164,
1789253778.863762,2026-09-12T22:56:18Z,44,ballast-10.bin,536870912,471.217,
1789253779.335058,2026-09-12T22:56:19Z,44,ballast-8.bin,536870912,509.520,
1789253779.844647,2026-09-12T22:56:19Z,44,ballast-20.bin,536870912,465.693,
1789253780.310422,2026-09-12T22:56:20Z,44,ballast-14.bin,536870912,461.183,
1789253780.771675,2026-09-12T22:56:20Z,44,ballast-5.bin,536870912,466.503,
1789253781.238248,2026-09-12T22:56:21Z,44,ballast-1.bin,536870912,462.548,
1789253781.700867,2026-09-12T22:56:21Z,44,ballast-27.bin,536870912,476.411,
1789253782.177373,2026-09-12T22:56:22Z,44,ballast-29.bin,536870912,457.890,
1789253782.635383,2026-09-12T22:56:22Z,44,ballast-15.bin,536870912,455.201,
1789253783.090662,2026-09-12T22:56:23Z,44,ballast-38.bin,536870912,467.334,
1789253783.558063,2026-09-12T22:56:23Z,44,ballast-26.bin,536870912,452.693,
1789253784.010826,2026-09-12T22:56:24Z,44,ballast-24.bin,536870912,462.748,
1789253784.473647,2026-09-12T22:56:24Z,44,ballast-11.bin,536870912,583.950,
1789253785.057666,2026-09-12T22:56:25Z,44,ballast-34.bin,536870912,453.915,
1789253785.511650,2026-09-12T22:56:25Z,44,ballast-40.bin,536870912,448.324,
1789253785.960044,2026-09-12T22:56:25Z,44,ballast-33.bin,536870912,452.599,
1789253786.412719,2026-09-12T22:56:26Z,44,ballast-22.bin,536870912,448.287,
1789253786.861076,2026-09-12T22:56:26Z,44,ballast-12.bin,536870912,449.608,
1789253787.310752,2026-09-12T22:56:27Z,44,ballast-30.bin,536870912,446.027,
1789253787.756848,2026-09-12T22:56:27Z,44,ballast-2.bin,536870912,447.263,
1789253788.204183,2026-09-12T22:56:28Z,44,ballast-18.bin,536870912,449.490,
1789253788.653748,2026-09-12T22:56:28Z,44,ballast-13.bin,536870912,455.856,
1789253789.109674,2026-09-12T22:56:29Z,44,ballast-19.bin,536870912,458.845,
1789253789.568588,2026-09-12T22:56:29Z,44,ballast-17.bin,536870912,455.380,
1789253790.024038,2026-09-12T22:56:30Z,44,ballast-37.bin,536870912,593.329,
1789253790.617439,2026-09-12T22:56:30Z,44,ballast-31.bin,536870912,607.644,
1789253791.225155,2026-09-12T22:56:31Z,44,ballast-32.bin,536870912,590.182,
1789253791.815417,2026-09-12T22:56:31Z,44,ballast-36.bin,536870912,621.384,
1789253792.436890,2026-09-12T22:56:32Z,44,ballast-16.bin,536870912,586.293,
1789253793.023256,2026-09-12T22:56:33Z,44,ballast-9.bin,536870912,594.978,
1789253793.618301,2026-09-12T22:56:33Z,44,ballast-23.bin,536870912,594.657,
1789253794.213041,2026-09-12T22:56:34Z,44,ballast-25.bin,536870912,627.759,
1789253794.840873,2026-09-12T22:56:34Z,44,ballast-3.bin,536870912,570.670,
1789253795.411636,2026-09-12T22:56:35Z,44,ballast-35.bin,536870912,513.326,
1789253795.925035,2026-09-12T22:56:35Z,44,ballast-21.bin,536870912,459.244,
1789253796.384393,2026-09-12T22:56:36Z,44,ballast-7.bin,536870912,448.986,
1789253796.833452,2026-09-12T22:56:36Z,44,ballast-6.bin,536870912,453.823,
1789253797.287363,2026-09-12T22:56:37Z,44,ballast-4.bin,536870912,461.473,
1789253797.748909,2026-09-12T22:56:37Z,44,ballast-39.bin,536870912,471.195,
1789253798.220201,2026-09-12T22:56:38Z,45,ballast-2.bin,536870912,1441.408,
1789253799.661679,2026-09-12T22:56:39Z,45,ballast-7.bin,536870912,458.711,
1789253800.120463,2026-09-12T22:56:40Z,45,ballast-27.bin,536870912,457.766,
1789253800.578298,2026-09-12T22:56:40Z,45,ballast-22.bin,536870912,457.431,
1789253801.035809,2026-09-12T22:56:41Z,45,ballast-10.bin,536870912,450.910,
1789253801.486791,2026-09-12T22:56:41Z,45,ballast-25.bin,536870912,459.336,
1789253801.946197,2026-09-12T22:56:41Z,45,ballast-4.bin,536870912,454.550,
1789253802.400817,2026-09-12T22:56:42Z,45,ballast-12.bin,536870912,524.986,
1789253802.925872,2026-09-12T22:56:42Z,45,ballast-29.bin,536870912,453.915,
1789253803.379861,2026-09-12T22:56:43Z,45,ballast-38.bin,536870912,970.757,
1789253804.350687,2026-09-12T22:56:44Z,45,ballast-26.bin,536870912,452.795,
1789253804.803560,2026-09-12T22:56:44Z,45,ballast-34.bin,536870912,469.990,
1789253805.273619,2026-09-12T22:56:45Z,45,ballast-20.bin,536870912,452.923,
1789253805.726618,2026-09-12T22:56:45Z,45,ballast-33.bin,536870912,454.030,
1789253806.180723,2026-09-12T22:56:46Z,45,ballast-30.bin,536870912,446.426,
1789253806.627216,2026-09-12T22:56:46Z,45,ballast-31.bin,536870912,454.841,
1789253807.082127,2026-09-12T22:56:47Z,45,ballast-28.bin,536870912,558.333,
1789253807.640529,2026-09-12T22:56:47Z,45,ballast-36.bin,536870912,458.154,
1789253808.098757,2026-09-12T22:56:48Z,45,ballast-23.bin,536870912,459.342,
1789253808.558173,2026-09-12T22:56:48Z,45,ballast-32.bin,536870912,456.716,
1789253809.014960,2026-09-12T22:56:49Z,45,ballast-6.bin,536870912,460.097,
1789253809.475128,2026-09-12T22:56:49Z,45,ballast-8.bin,536870912,493.011,
1789253809.968215,2026-09-12T22:56:49Z,45,ballast-14.bin,536870912,459.843,
1789253810.428127,2026-09-12T22:56:50Z,45,ballast-16.bin,536870912,474.402,
1789253810.902599,2026-09-12T22:56:50Z,45,ballast-37.bin,536870912,453.406,
1789253811.356085,2026-09-12T22:56:51Z,45,ballast-24.bin,536870912,452.518,
1789253811.808672,2026-09-12T22:56:51Z,45,ballast-18.bin,536870912,450.025,
1789253812.258769,2026-09-12T22:56:52Z,45,ballast-3.bin,536870912,537.853,
1789253812.796703,2026-09-12T22:56:52Z,45,ballast-39.bin,536870912,593.183,
1789253813.389966,2026-09-12T22:56:53Z,45,ballast-21.bin,536870912,612.493,
1789253814.002536,2026-09-12T22:56:54Z,45,ballast-5.bin,536870912,723.423,
1789253814.726028,2026-09-12T22:56:54Z,45,ballast-40.bin,536870912,449.654,
1789253815.175753,2026-09-12T22:56:55Z,45,ballast-11.bin,536870912,457.222,
1789253815.633045,2026-09-12T22:56:55Z,45,ballast-15.bin,536870912,447.185,
1789253816.080297,2026-09-12T22:56:56Z,45,ballast-17.bin,536870912,453.745,
1789253816.534118,2026-09-12T22:56:56Z,45,ballast-19.bin,536870912,455.252,
1789253816.989449,2026-09-12T22:56:56Z,45,ballast-1.bin,536870912,458.251,
1789253817.447768,2026-09-12T22:56:57Z,45,ballast-13.bin,536870912,450.579,
1789253817.898415,2026-09-12T22:56:57Z,45,ballast-35.bin,536870912,452.098,
1789253818.350582,2026-09-12T22:56:58Z,45,ballast-9.bin,536870912,448.648,
1789253818.799344,2026-09-12T22:56:58Z,46,ballast-15.bin,536870912,462.905,
1789253819.262337,2026-09-12T22:56:59Z,46,ballast-3.bin,536870912,519.201,
1789253819.781630,2026-09-12T22:56:59Z,46,ballast-32.bin,536870912,654.014,
1789253820.435718,2026-09-12T22:57:00Z,46,ballast-23.bin,536870912,666.227,
1789253821.102033,2026-09-12T22:57:01Z,46,ballast-12.bin,536870912,1213.058,
1789253822.315162,2026-09-12T22:57:02Z,46,ballast-30.bin,536870912,474.447,
1789253822.789680,2026-09-12T22:57:02Z,46,ballast-27.bin,536870912,485.237,
1789253823.275005,2026-09-12T22:57:03Z,46,ballast-34.bin,536870912,465.518,
1789253823.740594,2026-09-12T22:57:03Z,46,ballast-2.bin,536870912,454.149,
1789253824.194813,2026-09-12T22:57:04Z,46,ballast-1.bin,536870912,455.921,
1789253824.650805,2026-09-12T22:57:04Z,46,ballast-33.bin,536870912,449.946,
1789253825.100820,2026-09-12T22:57:05Z,46,ballast-21.bin,536870912,447.791,
1789253825.548689,2026-09-12T22:57:05Z,46,ballast-18.bin,536870912,465.452,
1789253826.014211,2026-09-12T22:57:06Z,46,ballast-6.bin,536870912,452.630,
1789253826.466912,2026-09-12T22:57:06Z,46,ballast-11.bin,536870912,455.947,
1789253826.922933,2026-09-12T22:57:06Z,46,ballast-37.bin,536870912,485.400,
1789253827.408410,2026-09-12T22:57:07Z,46,ballast-35.bin,536870912,591.239,
1789253827.999736,2026-09-12T22:57:07Z,46,ballast-24.bin,536870912,686.657,
1789253828.686464,2026-09-12T22:57:08Z,46,ballast-17.bin,536870912,466.739,
1789253829.153272,2026-09-12T22:57:09Z,46,ballast-22.bin,536870912,454.553,
1789253829.607897,2026-09-12T22:57:09Z,46,ballast-26.bin,536870912,450.598,
1789253830.058567,2026-09-12T22:57:10Z,46,ballast-5.bin,536870912,447.768,
1789253830.506404,2026-09-12T22:57:10Z,46,ballast-31.bin,536870912,1366.025,
1789253831.872508,2026-09-12T22:57:11Z,46,ballast-19.bin,536870912,449.161,
1789253832.321746,2026-09-12T22:57:12Z,46,ballast-9.bin,536870912,472.339,
1789253832.794157,2026-09-12T22:57:12Z,46,ballast-38.bin,536870912,861.494,
1789253833.655722,2026-09-12T22:57:13Z,46,ballast-14.bin,536870912,737.810,
1789253834.393603,2026-09-12T22:57:14Z,46,ballast-4.bin,536870912,486.011,
1789253834.879683,2026-09-12T22:57:14Z,46,ballast-16.bin,536870912,489.259,
1789253835.369014,2026-09-12T22:57:15Z,46,ballast-8.bin,536870912,738.556,
1789253836.107641,2026-09-12T22:57:16Z,46,ballast-40.bin,536870912,455.430,
1789253836.563140,2026-09-12T22:57:16Z,46,ballast-29.bin,536870912,463.950,
1789253837.027168,2026-09-12T22:57:17Z,46,ballast-7.bin,536870912,453.172,
1789253837.480410,2026-09-12T22:57:17Z,46,ballast-39.bin,536870912,455.255,
1789253837.935734,2026-09-12T22:57:17Z,46,ballast-25.bin,536870912,455.387,
1789253838.391188,2026-09-12T22:57:18Z,46,ballast-20.bin,536870912,452.988,
1789253838.844252,2026-09-12T22:57:18Z,46,ballast-13.bin,536870912,524.553,
1789253839.368876,2026-09-12T22:57:19Z,46,ballast-28.bin,536870912,1020.093,
1789253840.389041,2026-09-12T22:57:20Z,46,ballast-10.bin,536870912,563.584,
1789253840.952696,2026-09-12T22:57:20Z,46,ballast-36.bin,536870912,451.541,
1789253841.404416,2026-09-12T22:57:21Z,47,ballast-40.bin,536870912,458.886,
1789253841.863390,2026-09-12T22:57:21Z,47,ballast-2.bin,536870912,453.653,
1789253842.317112,2026-09-12T22:57:22Z,47,ballast-23.bin,536870912,451.391,
1789253842.768571,2026-09-12T22:57:22Z,47,ballast-30.bin,536870912,458.351,
1789253843.226991,2026-09-12T22:57:23Z,47,ballast-36.bin,536870912,465.421,
1789253843.692482,2026-09-12T22:57:23Z,47,ballast-16.bin,536870912,453.264,
1789253844.145823,2026-09-12T22:57:24Z,47,ballast-7.bin,536870912,457.655,
1789253844.603560,2026-09-12T22:57:24Z,47,ballast-21.bin,536870912,453.061,
1789253845.056687,2026-09-12T22:57:25Z,47,ballast-3.bin,536870912,452.533,
1789253845.509292,2026-09-12T22:57:25Z,47,ballast-22.bin,536870912,548.478,
1789253846.057854,2026-09-12T22:57:26Z,47,ballast-5.bin,536870912,621.827,
1789253846.679749,2026-09-12T22:57:26Z,47,ballast-6.bin,536870912,2039.210,
1789253848.719028,2026-09-12T22:57:28Z,47,ballast-26.bin,536870912,466.927,
1789253849.186025,2026-09-12T22:57:29Z,47,ballast-1.bin,536870912,464.930,
1789253849.651032,2026-09-12T22:57:29Z,47,ballast-39.bin,536870912,456.081,
1789253850.107185,2026-09-12T22:57:30Z,47,ballast-32.bin,536870912,448.309,
1789253850.555574,2026-09-12T22:57:30Z,47,ballast-10.bin,536870912,462.629,
1789253851.018272,2026-09-12T22:57:31Z,47,ballast-13.bin,536870912,449.735,
1789253851.468079,2026-09-12T22:57:31Z,47,ballast-28.bin,536870912,447.520,
1789253851.915668,2026-09-12T22:57:31Z,47,ballast-15.bin,536870912,452.409,
1789253852.368153,2026-09-12T22:57:32Z,47,ballast-9.bin,536870912,452.806,
1789253852.821028,2026-09-12T22:57:32Z,47,ballast-34.bin,536870912,454.408,
1789253853.275508,2026-09-12T22:57:33Z,47,ballast-24.bin,536870912,449.940,
1789253853.725518,2026-09-12T22:57:33Z,47,ballast-4.bin,536870912,636.645,
1789253854.362252,2026-09-12T22:57:34Z,47,ballast-35.bin,536870912,643.751,
1789253855.006097,2026-09-12T22:57:35Z,47,ballast-33.bin,536870912,588.568,
1789253855.594739,2026-09-12T22:57:35Z,47,ballast-8.bin,536870912,614.299,
1789253856.209132,2026-09-12T22:57:36Z,47,ballast-29.bin,536870912,591.572,
1789253856.800800,2026-09-12T22:57:36Z,47,ballast-25.bin,536870912,609.988,
1789253857.410866,2026-09-12T22:57:37Z,47,ballast-31.bin,536870912,575.470,
1789253857.986434,2026-09-12T22:57:37Z,47,ballast-17.bin,536870912,581.957,
1789253858.568487,2026-09-12T22:57:38Z,47,ballast-14.bin,536870912,596.764,
1789253859.165352,2026-09-12T22:57:39Z,47,ballast-37.bin,536870912,652.596,
1789253859.818022,2026-09-12T22:57:39Z,47,ballast-19.bin,536870912,712.347,
1789253860.530499,2026-09-12T22:57:40Z,47,ballast-11.bin,536870912,655.377,
1789253861.185957,2026-09-12T22:57:41Z,47,ballast-12.bin,536870912,1681.594,
1789253862.867630,2026-09-12T22:57:42Z,47,ballast-20.bin,536870912,470.172,
1789253863.337872,2026-09-12T22:57:43Z,47,ballast-38.bin,536870912,986.271,
1789253864.324219,2026-09-12T22:57:44Z,47,ballast-18.bin,536870912,490.556,
1789253864.814852,2026-09-12T22:57:44Z,47,ballast-27.bin,536870912,457.030,
1789253865.271987,2026-09-12T22:57:45Z,48,ballast-2.bin,536870912,919.671,
1789253866.191732,2026-09-12T22:57:46Z,48,ballast-13.bin,536870912,458.930,
1789253866.650736,2026-09-12T22:57:46Z,48,ballast-38.bin,536870912,460.244,
1789253867.111058,2026-09-12T22:57:47Z,48,ballast-8.bin,536870912,462.608,
1789253867.573737,2026-09-12T22:57:47Z,48,ballast-39.bin,536870912,454.144,
1789253868.027949,2026-09-12T22:57:48Z,48,ballast-6.bin,536870912,494.952,
1789253868.522972,2026-09-12T22:57:48Z,48,ballast-28.bin,536870912,554.098,
1789253869.077140,2026-09-12T22:57:49Z,48,ballast-4.bin,536870912,484.715,
1789253869.561926,2026-09-12T22:57:49Z,48,ballast-35.bin,536870912,450.244,
1789253870.012255,2026-09-12T22:57:50Z,48,ballast-26.bin,536870912,452.167,
1789253870.464492,2026-09-12T22:57:50Z,48,ballast-18.bin,536870912,465.688,
1789253870.930250,2026-09-12T22:57:50Z,48,ballast-16.bin,536870912,450.458,
1789253871.380775,2026-09-12T22:57:51Z,48,ballast-21.bin,536870912,452.232,
1789253871.833076,2026-09-12T22:57:51Z,48,ballast-36.bin,536870912,452.721,
1789253872.285876,2026-09-12T22:57:52Z,48,ballast-9.bin,536870912,770.964,
1789253873.056916,2026-09-12T22:57:53Z,48,ballast-37.bin,536870912,483.119,
1789253873.540106,2026-09-12T22:57:53Z,48,ballast-5.bin,536870912,471.962,
1789253874.012141,2026-09-12T22:57:54Z,48,ballast-1.bin,536870912,458.166,
1789253874.470395,2026-09-12T22:57:54Z,48,ballast-33.bin,536870912,464.264,
1789253874.934730,2026-09-12T22:57:54Z,48,ballast-30.bin,536870912,455.547,
1789253875.390361,2026-09-12T22:57:55Z,48,ballast-20.bin,536870912,458.508,
1789253875.848939,2026-09-12T22:57:55Z,48,ballast-31.bin,536870912,457.054,
1789253876.306065,2026-09-12T22:57:56Z,48,ballast-14.bin,536870912,456.265,
1789253876.762399,2026-09-12T22:57:56Z,48,ballast-10.bin,536870912,504.229,
1789253877.266702,2026-09-12T22:57:57Z,48,ballast-11.bin,536870912,454.801,
1789253877.721573,2026-09-12T22:57:57Z,48,ballast-15.bin,536870912,455.435,
1789253878.177077,2026-09-12T22:57:58Z,48,ballast-22.bin,536870912,705.422,
1789253878.882570,2026-09-12T22:57:58Z,48,ballast-25.bin,536870912,454.007,
1789253879.336645,2026-09-12T22:57:59Z,48,ballast-29.bin,536870912,456.121,
1789253879.792834,2026-09-12T22:57:59Z,48,ballast-27.bin,536870912,447.468,
1789253880.240397,2026-09-12T22:58:00Z,48,ballast-19.bin,536870912,449.636,
1789253880.690104,2026-09-12T22:58:00Z,48,ballast-3.bin,536870912,453.630,
1789253881.143803,2026-09-12T22:58:01Z,48,ballast-34.bin,536870912,450.682,
1789253881.594553,2026-09-12T22:58:01Z,48,ballast-7.bin,536870912,451.332,
1789253882.045955,2026-09-12T22:58:02Z,48,ballast-24.bin,536870912,485.707,
1789253882.531736,2026-09-12T22:58:02Z,48,ballast-40.bin,536870912,450.077,
1789253882.981882,2026-09-12T22:58:02Z,48,ballast-17.bin,536870912,448.619,
1789253883.430574,2026-09-12T22:58:03Z,48,ballast-12.bin,536870912,451.241,
1789253883.881882,2026-09-12T22:58:03Z,48,ballast-32.bin,536870912,451.787,
1789253884.333740,2026-09-12T22:58:04Z,48,ballast-23.bin,536870912,447.271,
1789253884.781103,2026-09-12T22:58:04Z,49,ballast-28.bin,536870912,451.868,
1789253885.233039,2026-09-12T22:58:05Z,49,ballast-21.bin,536870912,448.326,
1789253885.681436,2026-09-12T22:58:05Z,49,ballast-13.bin,536870912,465.240,
1789253886.146747,2026-09-12T22:58:06Z,49,ballast-36.bin,536870912,462.357,
1789253886.609175,2026-09-12T22:58:06Z,49,ballast-26.bin,536870912,455.502,
1789253887.064748,2026-09-12T22:58:07Z,49,ballast-34.bin,536870912,528.157,
1789253887.592993,2026-09-12T22:58:07Z,49,ballast-11.bin,536870912,632.901,
1789253888.225977,2026-09-12T22:58:08Z,49,ballast-32.bin,536870912,603.758,
1789253888.829823,2026-09-12T22:58:08Z,49,ballast-19.bin,536870912,642.574,
1789253889.472474,2026-09-12T22:58:09Z,49,ballast-33.bin,536870912,620.044,
1789253890.092593,2026-09-12T22:58:10Z,49,ballast-17.bin,536870912,575.831,
1789253890.668493,2026-09-12T22:58:10Z,49,ballast-16.bin,536870912,634.545,
1789253891.303108,2026-09-12T22:58:11Z,49,ballast-2.bin,536870912,589.337,
1789253891.892541,2026-09-12T22:58:11Z,49,ballast-6.bin,536870912,557.487,
1789253892.450101,2026-09-12T22:58:12Z,49,ballast-14.bin,536870912,594.773,
1789253893.044951,2026-09-12T22:58:13Z,49,ballast-1.bin,536870912,531.640,
1789253893.576661,2026-09-12T22:58:13Z,49,ballast-12.bin,536870912,453.439,
1789253894.030172,2026-09-12T22:58:14Z,49,ballast-40.bin,536870912,454.582,
1789253894.484823,2026-09-12T22:58:14Z,49,ballast-39.bin,536870912,455.408,
1789253894.940303,2026-09-12T22:58:14Z,49,ballast-37.bin,536870912,455.694,
1789253895.396070,2026-09-12T22:58:15Z,49,ballast-10.bin,536870912,1144.983,
1789253896.541125,2026-09-12T22:58:16Z,49,ballast-38.bin,536870912,459.421,
1789253897.000625,2026-09-12T22:58:17Z,49,ballast-3.bin,536870912,446.578,
1789253897.447270,2026-09-12T22:58:17Z,49,ballast-25.bin,536870912,610.390,
1789253898.057734,2026-09-12T22:58:18Z,49,ballast-24.bin,536870912,463.505,
1789253898.521309,2026-09-12T22:58:18Z,49,ballast-15.bin,536870912,485.070,
1789253899.006448,2026-09-12T22:58:19Z,49,ballast-29.bin,536870912,459.895,
1789253899.466413,2026-09-12T22:58:19Z,49,ballast-20.bin,536870912,457.249,
1789253899.923736,2026-09-12T22:58:19Z,49,ballast-9.bin,536870912,455.262,
1789253900.379068,2026-09-12T22:58:20Z,49,ballast-18.bin,536870912,611.417,
1789253900.990557,2026-09-12T22:58:20Z,49,ballast-23.bin,536870912,455.038,
1789253901.445666,2026-09-12T22:58:21Z,49,ballast-22.bin,536870912,568.623,
1789253902.014403,2026-09-12T22:58:22Z,49,ballast-8.bin,536870912,646.604,
1789253902.661085,2026-09-12T22:58:22Z,49,ballast-7.bin,536870912,724.658,
1789253903.385819,2026-09-12T22:58:23Z,49,ballast-5.bin,536870912,489.827,
1789253903.875720,2026-09-12T22:58:23Z,49,ballast-4.bin,536870912,456.228,
1789253904.332021,2026-09-12T22:58:24Z,49,ballast-31.bin,536870912,448.850,
1789253904.780944,2026-09-12T22:58:24Z,49,ballast-30.bin,536870912,454.252,
1789253905.235267,2026-09-12T22:58:25Z,49,ballast-27.bin,536870912,457.596,
1789253905.692934,2026-09-12T22:58:25Z,49,ballast-35.bin,536870912,448.554,
1789253906.141580,2026-09-12T22:58:26Z,50,ballast-13.bin,536870912,456.979,
1789253906.598628,2026-09-12T22:58:26Z,50,ballast-2.bin,536870912,447.771,
1789253907.046470,2026-09-12T22:58:27Z,50,ballast-14.bin,536870912,457.213,
1789253907.503753,2026-09-12T22:58:27Z,50,ballast-17.bin,536870912,461.940,
1789253907.965764,2026-09-12T22:58:27Z,50,ballast-39.bin,536870912,453.857,
1789253908.419690,2026-09-12T22:58:28Z,50,ballast-35.bin,536870912,484.854,
1789253908.904635,2026-09-12T22:58:28Z,50,ballast-40.bin,536870912,625.009,
1789253909.529732,2026-09-12T22:58:29Z,50,ballast-23.bin,536870912,626.258,
1789253910.156065,2026-09-12T22:58:30Z,50,ballast-19.bin,536870912,559.973,
1789253910.716125,2026-09-12T22:58:30Z,50,ballast-27.bin,536870912,655.743,
1789253911.371976,2026-09-12T22:58:31Z,50,ballast-36.bin,536870912,735.486,
1789253912.107543,2026-09-12T22:58:32Z,50,ballast-28.bin,536870912,515.712,
1789253912.623345,2026-09-12T22:58:32Z,50,ballast-20.bin,536870912,468.339,
1789253913.091754,2026-09-12T22:58:33Z,50,ballast-32.bin,536870912,514.933,
1789253913.606762,2026-09-12T22:58:33Z,50,ballast-11.bin,536870912,466.930,
1789253914.073763,2026-09-12T22:58:34Z,50,ballast-18.bin,536870912,462.412,
1789253914.536261,2026-09-12T22:58:34Z,50,ballast-24.bin,536870912,473.026,
1789253915.009379,2026-09-12T22:58:35Z,50,ballast-16.bin,536870912,617.559,
1789253915.627006,2026-09-12T22:58:35Z,50,ballast-22.bin,536870912,453.940,
1789253916.081013,2026-09-12T22:58:36Z,50,ballast-34.bin,536870912,447.973,
1789253916.529062,2026-09-12T22:58:36Z,50,ballast-5.bin,536870912,451.578,
1789253916.980715,2026-09-12T22:58:36Z,50,ballast-37.bin,536870912,457.046,
1789253917.437835,2026-09-12T22:58:37Z,50,ballast-33.bin,536870912,458.402,
1789253917.896337,2026-09-12T22:58:37Z,50,ballast-25.bin,536870912,448.754,
1789253918.345161,2026-09-12T22:58:38Z,50,ballast-1.bin,536870912,460.929,
1789253918.806158,2026-09-12T22:58:38Z,50,ballast-30.bin,536870912,452.999,
1789253919.259227,2026-09-12T22:58:39Z,50,ballast-29.bin,536870912,448.670,
1789253919.707969,2026-09-12T22:58:39Z,50,ballast-6.bin,536870912,445.597,
1789253920.153634,2026-09-12T22:58:40Z,50,ballast-26.bin,536870912,483.356,
1789253920.637059,2026-09-12T22:58:40Z,50,ballast-38.bin,536870912,517.330,
1789253921.154462,2026-09-12T22:58:41Z,50,ballast-9.bin,536870912,452.341,
1789253921.606874,2026-09-12T22:58:41Z,50,ballast-8.bin,536870912,452.173,
1789253922.059118,2026-09-12T22:58:42Z,50,ballast-15.bin,536870912,1009.786,
1789253923.068974,2026-09-12T22:58:43Z,50,ballast-7.bin,536870912,452.115,
1789253923.521163,2026-09-12T22:58:43Z,50,ballast-31.bin,536870912,445.677,
1789253923.966908,2026-09-12T22:58:43Z,50,ballast-4.bin,536870912,453.722,
1789253924.420699,2026-09-12T22:58:44Z,50,ballast-3.bin,536870912,449.133,
1789253924.869902,2026-09-12T22:58:44Z,50,ballast-10.bin,536870912,946.861,
1789253925.816832,2026-09-12T22:58:45Z,50,ballast-21.bin,536870912,451.679,
1789253926.268578,2026-09-12T22:58:46Z,50,ballast-12.bin,536870912,451.308,
1789253926.719987,2026-09-12T22:58:46Z,51,ballast-2.bin,536870912,459.507,
1789253927.179588,2026-09-12T22:58:47Z,51,ballast-18.bin,536870912,461.637,
1789253927.641291,2026-09-12T22:58:47Z,51,ballast-36.bin,536870912,468.692,
1789253928.110053,2026-09-12T22:58:48Z,51,ballast-28.bin,536870912,454.823,
